"ID","asset_PM_ID","asset_SiteID","asset_Name","asset_SerialNumber","asset_PartNumber","asset_PurchasingProject","asset_AcquiredDate","asset_CEHAssetNumber","asset_PurchaseOrderNumber","asset_PurchaseOrderDate","asset_POAttachments","asset_PurchasePrice","asset_ProjectManager","asset_RetiredDate","asset_CurrentCondition","asset_Obsolete","asset_Contract_Required","asset_Instrument_Type","asset_ContractorID","asset_Contractor","asset_Site","asset_Description","asset_Quantity","asset_Type","asset_Country_of_Origin","asset_Manufacturer","asset_Supplier","asset_Model","asset_Version","asset_Firmware","asset_Software","asset_Calibration_Interval","asset_Calibration_Requirements","asset_Manufacture_Date","asset_Height","asset_Depth","asset_Canopy_Height","asset_Test","asset_Alias","asset_Keywords","asset_Servicing_Requirement","asset_Comments","asset_Specialist_training_or_other_requirements","asset_Status","asset_Other_ID"
1,,32,"LI-COR LI-710","ET1-00298",,"FDRI",09/05/2024 00:00:00,,,,,,"Simon Teagle",,,,0,"Drone",,,"xx_UKCEH_Wallingford",,1,"Fixed",,,,,,,,,,,,,,,,,,,,,
2,,32,"DJI Matrice 350 RTK_Drone","1581F6GKB239L00400KX",,"09191",14/08/2024 00:00:00,"FDRI-M-DRO-0824-001","18918",,,9110.76,"Simon Teagle",,,,0,"UAV",,,"xx_UKCEH_Wallingford",,1,"Mobile",,"DJI Enterprise",,"Matrice 350 RTK",,,,,,,,,,,,,,,,,
3,,32,"DJI Matrice 350 RTK RC_RM700B","4LFCL9F006L33M",,"09191",14/08/2024 00:00:00,"FDRI-M-DRO-0824-002","18918",,,968.00,"Simon Teagle",,,,0,"Drone",,,"xx_UKCEH_Wallingford",,1,"Fixed",,"DJI Enterprise",,"Matrice 350 RTK",,,,,,,,,,,,,,,,,
4,,32,"Intelligent Flight Battery TB65","6JYPLBLDA00245",,"09191",14/08/2024 00:00:00,"FDRI-M-DRO-0824-003","18918",,,562.40,"Simon Teagle",,,,0,"Drone",,,"xx_UKCEH_Wallingford",,1,"Fixed",,"DJI Enterprise",,"Intelligent Flight Battery TB65",,,,,,,,,,,,,,,,,
5,,32,"Intelligent Flight Battery TB65","6JYPLBEDA002EG",,"FDRI",14/08/2024 00:00:00,"FDRI-M-DRO-0824-004","18918",,,562.40,"Simon Teagle",,,,0,"Drone",,,"xx_UKCEH_Wallingford",,1,"Fixed",,"DJI Enterprise",,"Intelligent Flight Battery TB65",,,,,,,,,,,,,,,,,
6,,32,"Intelligent Flight Battery TB65","6JYPLBEDA002EF",,"FDRI",14/08/2024 00:00:00,"FDRI-M-DRO-0824-005","18918",,,562.40,"Simon Teagle",,,,0,"Drone",,,"xx_UKCEH_Wallingford",,1,"Fixed",,"DJI Enterprise",,"Intelligent Flight Battery TB65",,,,,,,,,,,,,,,,,
7,,32,"Intelligent Flight Battery TB65","6JYPLBEDA002BZ",,"FDRI",14/08/2024 00:00:00,"FDRI-M-DRO-0824-006","18918",,,562.40,"Simon Teagle",,,,0,"Drone",,,"xx_UKCEH_Wallingford",,1,"Fixed",,"DJI Enterprise",,"Intelligent Flight Battery TB65",,,,,,,,,,,,,,,,,
8,,32,"Intelligent Flight Battery TB65","6JYPLBEDA002DH",,"FDRI",14/08/2024 00:00:00,"FDRI-M-DRO-0824-007","18918",,,562.40,"Simon Teagle",,,,0,"Drone",,,"xx_UKCEH_Wallingford",,1,"Fixed",,"DJI Enterprise",,"Intelligent Flight Battery TB65",,,,,,,,,,,,,,,,,
9,,32,"Intelligent Flight Battery TB65","6JYPLBEDA002CA",,"FDRI",14/08/2024 00:00:00,"FDRI-M-DRO-0824-008","18918",,,562.40,"Simon Teagle",,,,0,"Drone",,,"xx_UKCEH_Wallingford",,1,"Fixed",,"DJI Enterprise",,"Intelligent Flight Battery TB65",,,,,,,,,,,,,,,,,
10,,32,"Intelligent Flight Battery TB65","6JYPLBEDA002DK",,"FDRI",14/08/2024 00:00:00,"FDRI-M-DRO-0824-009","18918",,,562.40,"Simon Teagle",,,,0,"Drone",,,"xx_UKCEH_Wallingford",,1,"Fixed",,"DJI Enterprise",,"Intelligent Flight Battery TB65",,,,,,,,,,,,,,,,,
11,,32,"Intelligent Flight Battery TB65","6JYPLBEDA002EN",,"FDRI",14/08/2024 00:00:00,"FDRI-M-DRO-0824-010","18918",,,562.40,"Simon Teagle",,,,0,"Drone",,,"xx_UKCEH_Wallingford",,1,"Fixed",,"DJI Enterprise",,"Intelligent Flight Battery TB65",,,,,,,,,,,,,,,,,
12,,32,"Intelligent Flight Battery TB65","6JYPLBsdvDA002FN",,"FDRI",14/08/2024 00:00:00,"FDRI-M-DRO-0824-011","18918",,,562.40,"Simon Teagle",,,,0,"Drone",,,"xx_UKCEH_Wallingford",,1,"Fixed",,"DJI Enterprise",,"Intelligent Flight Battery TB65",,,,,,,,,,,,,,,,,
13,,32,"Intelligent Flight Battery TB65","6JYPLBLDA00222",,"FDRI",14/08/2024 00:00:00,"FDRI-M-DRO-0824-012","18918",,,562.40,"Simon Teagle",,,,0,"Drone",,,"xx_UKCEH_Wallingford",,1,"Fixed",,"DJI Enterprise",,"Intelligent Flight Battery TB65",,,,,,,,,,,,,,,,,
14,,32,"DJI WB37 Intelligent Battery","0DNAM5J83401LU",,"FDRI",14/08/2024 00:00:00,"FDRI-M-DRO-0824-013","18918",,,69.00,"Simon Teagle",,,,0,"Drone",,,"xx_UKCEH_Wallingford",,1,"Fixed",,"DJI Enterprise",,"WB37 Intelligent Battery",,,,,,,,,,,,,,,,,
15,,32,"DJI WB37 Intelligent Battery","0DNAM5J83401EQ",,"09191",14/08/2024 00:00:00,"FDRI-M-DRO-0824-014","18918",,,69.00,"Simon Teagle",,,,0,"Drone",,,"xx_UKCEH_Wallingford",,1,"Fixed",,"DJI Enterprise",,"WB37 Intelligent Battery",,,,,,,,,,,,,,,,,
16,,32,"DJI Zenmuse L2","6U3DM140047S34",,"FDRI",14/08/2024 00:00:00,"FDRI-M-DRO-0824-015","18918",,,10660.54,"Simon Teagle",,,,0,"Drone",,,"xx_UKCEH_Wallingford",,1,"Fixed",,"DJI Enterprise",,"Zenmuse L2",,,,,,,,,,,,,,,,,
17,,32,"Emlid Reach RS3 RTK Receiver","824313C34D62D5632412",,"FDRI",14/08/2024 00:00:00,"FDRI-M-DRO-0824-016","18918",,,5330.27,"Simon Teagle",,,,0,"Drone",,,"xx_UKCEH_Wallingford",,1,"Fixed",,,,"Reach RS3 RTK Receiver",,,,,,,,,,,,,,"Unlimited subscription for next 12 months starting 20th Oct 2025 (12 month unlimited excluding M2M SIM £820.00)
NTRIP ID: CEH-RTK
NTRIP Password: CEH-RTK
Hostname: rtkpremium.xyz
Port: 2101
Mountpoint: COMMO",,"In use",
18,,32,"Emlid Survey Pole with device holderSPL102","5999574730176",,"FDRI",14/08/2024 00:00:00,"FDRI-M-DRO-0824-017","18918",,,299.00,"Simon Teagle",,,,0,"Drone",,,"xx_UKCEH_Wallingford",,2,"Fixed",,"Emlid",,"Survey Pole with device holderSPL102",,,,,,,,,,,,,,,,,
19,,32,"D-RTK 2 Mobile Station","359BM4100100EB",,"FDRI",14/08/2024 00:00:00,"FDRI-M-DRO-0824-018","18918",,,2565.00,"Simon Teagle",,,,0,"Drone",,,"xx_UKCEH_Wallingford",,1,"Asset
Asset",,"DJI Enterprise",,"D-RTK 2 Mobile Station",,,,,,,,,,,,,,,,,
20,,32,"256GB SanDisk Extreme PRO micro SDXC CARD","NA",,"FDRI",14/08/2024 00:00:00,,"18918",,,320.00,"Simon Teagle",,,,0,"Drone",,,"xx_UKCEH_Wallingford",,8,"Consumable",,"SanDisk",,"256GB Extreme PRO micro SDXC CARD",,,,,,,,,,,,,,,,,
21,,32,"DJI D-RTK 2 Tripod","296BM1LR0100GS",,"FDRI",14/08/2024 00:00:00,"FDRI-M-DRO-0824-019","18918",,,249.00,"Simon Teagle",,,,0,"Drone",,,"xx_UKCEH_Wallingford",,1,"Fixed",,"DJI Enterprise",,"D-RTK 2 Tripod",,,,,,,,,,,,,,,,,
22,,32,"DJI Mavic 3 Multispectral_Drone","1581F5FKC242V00DB5P1",,"FDRI",14/08/2024 00:00:00,"FDRI-M-DRO-0824-020","18918",,,1718.06,"Simon Teagle",,,,0,"Drone",,,"xx_UKCEH_Wallingford",,1,"Fixed",,"DJI Enterprise",,"Mavic 3 Multispectral_Drone",,,,,,,,,,,,,,,,,
23,,32,"DJI Mavic 3 Multispectral RC","5YSZM6M0032159",,"FDRI",14/08/2024 00:00:00,"FDRI-M-DRO-0824-021","18918",,,1299.00,"Simon Teagle",,,,0,"Drone",,,"xx_UKCEH_Wallingford",,1,"Fixed",,"DJI Enterprise",,"Mavic 3 Multispectral_Drone",,,,,,,,,,,,,,,,,
24,,32,"DJI Mavic 3 Multispectral (RTK Module)(M3RTK)","5HLBM6E00100KT",,"FDRI",14/08/2024 00:00:00,"FDRI-M-DRO-0824-022","18918",,,570.00,"Simon Teagle",,,,0,"Drone",,,"xx_UKCEH_Wallingford",,1,"Fixed",,"DJI Enterprise",,"Mavic 3 Multispectral (RTK Module)(M3RTK)",,,,,,,,,,,,,,,,,
25,,32,"DJI Mavic 3 Enterprise Battery Kit","69DNM1C001012X",,"FDRI",14/08/2024 00:00:00,"FDRI-M-DRO-0824-023","18918",,,529.00,"Simon Teagle",,,,0,"Drone",,,"xx_UKCEH_Wallingford",,1,"Fixed",,"DJI Enterprise",,"Mavic 3 Enterprise Battery Kit",,,,,,,,,,,,,,,,,
26,,32,"DJI Mini 4 Pro_Drone","1581F6Z9C23B8003F2D1",,"FDRI",14/08/2024 00:00:00,"FDRI-M-DRO-0824-024","18918",,,659.96,"Simon Teagle",,,,0,"Drone",,,"xx_UKCEH_Wallingford",,1,"Fixed",,"DJI Enterprise",,"Mini 4 Pro_Drone",,,,,,,,,,,,,,,,,
27,,32,"DJI Mini 4 Pro Intelligent Flight Battery","7BVPLCSDA103UH",,"FDRI",14/08/2024 00:00:00,"FDRI-M-DRO-0824-025","18918",,,59.00,"Simon Teagle",,,,0,"Drone",,,"xx_UKCEH_Wallingford",,1,"Fixed",,"DJI Enterprise",,"Mini 4 Pro Intelligent Flight Battery",,,,,,,,,,,,,,,,,
28,,32,"DJI Mini 4 Pro Intelligent Flight Battery","7BVPLCSDA1057C",,"FDRI",14/08/2024 00:00:00,"FDRI-M-DRO-0824-026","18918",,,59.00,"Simon Teagle",,,,0,"Drone",,,"xx_UKCEH_Wallingford",,1,"Fixed",,"DJI Enterprise",,"Mini 4 Pro Intelligent Flight Battery",,,,,,,,,,,,,,,,,
29,,32,"DJI Mini 4 Pro Intelligent Flight Battery","7BVPLCSDA105UY",,"FDRI",14/08/2024 00:00:00,"FDRI-M-DRO-0824-027","18918",,,59.00,"Simon Teagle",,,,0,"Drone",,,"xx_UKCEH_Wallingford",,1,"Fixed",,"DJI Enterprise",,"Mini 4 Pro Intelligent Flight Battery",,,,,,,,,,,,,,,,,
30,,32,"DJI Mini 4 Pro Intelligent Flight Battery","7BVPLCSDA105NE",,"FDRI",14/08/2024 00:00:00,"FDRI-M-DRO-0824-028","18918",,,59.00,"Simon Teagle",,,,0,"Drone",,,"xx_UKCEH_Wallingford",,1,"Fixed",,"DJI Enterprise",,"Mini 4 Pro Intelligent Flight Battery",,,,,,,,,,,,,,,,,
31,,32,"DJI Mini 4 Pro Intelligent Flight Battery","7BVPLCSDA105NQ",,"FDRI",14/08/2024 00:00:00,"FDRI-M-DRO-0824-029","18918",,,59.00,"Simon Teagle",,,,0,"Drone",,,"xx_UKCEH_Wallingford",,1,"Fixed",,"DJI Enterprise",,"Mini 4 Pro Intelligent Flight Battery",,,,,,,,,,,,,,,,,
32,,32,"DJI Mini 4 Pro Intelligent Flight Battery","7BVPLCSDA1006B",,"FDRI",14/08/2024 00:00:00,"FDRI-M-DRO-0824-030","18918",,,59.00,"Simon Teagle",,,,0,"Drone",,,"xx_UKCEH_Wallingford",,1,"Fixed",,"DJI Enterprise",,"Mini 4 Pro Intelligent Flight Battery",,,,,,,,,,,,,,,,,
33,,32,"DJI Mini 4 Pro Intelligent Flight Battery","7BVPLCSDA105V0",,"FDRI",14/08/2024 00:00:00,"FDRI-M-DRO-0824-031","18918",,,59.00,"Simon Teagle",,,,0,"Drone",,,"xx_UKCEH_Wallingford",,1,"Fixed",,"DJI Enterprise",,"Mini 4 Pro Intelligent Flight Battery",,,,,,,,,,,,,,,,,
34,,32,"DJI Mini 4 Pro Intelligent Flight Battery","7BVPLCSDA1057H",,"FDRI",14/08/2024 00:00:00,"FDRI-M-DRO-0824-032","18918",,,59.00,"Simon Teagle",,,,0,"Drone",,,"xx_UKCEH_Wallingford",,1,"Fixed",,"DJI Enterprise",,"Mini 4 Pro Intelligent Flight Battery",,,,,,,,,,,,,,,,,
35,,32,"DJI Mini 3 Pro & Mini 4 Pro Two-Way Charging Hub","52WKM5F0120215",,"FDRI",14/08/2024 00:00:00,"FDRI-M-DRO-0824-033","18918",,,39.00,"Simon Teagle",,,,0,"Drone",,,"xx_UKCEH_Wallingford",,1,"Fixed",,"DJI Enterprise",,"Mini 3 Pro & Mini 4 Pro Two-Way Charging Hub",,,,,,,,,,,,,,,,,
36,,32,"DJI Mini 3 Pro & Mini 4 Pro Two-Way Charging Hub","52WKM5F012020V",,"FDRI",14/08/2024 00:00:00,"FDRI-M-DRO-0824-034","18918",,,39.00,"Simon Teagle",,,,0,"Drone",,,"xx_UKCEH_Wallingford",,1,"Fixed",,"DJI Enterprise",,"Mini 3 Pro & Mini 4 Pro Two-Way Charging Hub",,,,,,,,,,,,,,,,,
37,,32,"DJI Power 1000","7VPCL9DL2M002Q",,"FDRI",14/08/2024 00:00:00,"FDRI-M-DRO-0824-035","18918",,,878.99,"Simon Teagle",,,,0,"Drone",,,"xx_UKCEH_Wallingford",,1,"Fixed",,"DJI Enterprise",,"Power 1000",,,,,,,,,,,,,,,,,
38,,32,"DJI 65W Portable Charger","4ESLLBAJ205090",,"FDRI",14/08/2024 00:00:00,"FDRI-M-DRO-0824-036","18918",,,69.00,"Simon Teagle",,,,0,"Drone",,,"xx_UKCEH_Wallingford",,1,"Fixed",,"DJI Enterprise",,"65W Portable Charger",,,,,,,,,,,,,,,,,
39,,32,"DJI WB37 Battery Charging Hub","5ECDL54004JH8P",,"FDRI",14/08/2024 00:00:00,"FDRI-M-DRO-0824-037","18918",,,69.00,"Simon Teagle",,,,0,"Drone",,,"xx_UKCEH_Wallingford",,1,"Fixed",,"DJI Enterprise",,"WB37 Battery Charging Hub",,,,,,,,,,,,,,,,,
40,,32,"HPRC DJI Mini 4 Pro Fly More Combo Hard Case","NA",,"FDRI",14/08/2024 00:00:00,,"18918",,,298.00,"Simon Teagle",,,,0,"Drone",,,"xx_UKCEH_Wallingford",,2,"Consumable",,"DJI Enterprise",,"HPRC Mini 4 Pro Fly More Combo Hard Case",,,,,,,,,,,,,,,,,
41,,32,"DJI Mini 4 Pro (RC-N2) (RC151)","6V4ZLAX0024ERE",,"FDRI",14/08/2024 00:00:00,"FDRI-M-DRO-0824-038","18918",,,,"Simon Teagle",,,,0,"Drone",,,"xx_UKCEH_Wallingford",,1,"Fixed",,"DJI Enterprise",,"Mini 4 Pro (RC-N2) (RC151)",,,,,,,,,,,,,,,,,
42,,32,"DJI Mavic 3 Lithium Ion Polymer Recharegeable battery","4ERPM5JEA3K1GQ",,"FDRI",14/08/2024 00:00:00,"FDRI-M-DRO-0824-039","18918",,,,"Simon Teagle",,,,0,"Drone",,,"xx_UKCEH_Wallingford",,1,"Fixed",,"DJI Enterprise",,"Mavic 3 Lithium Ion Polymer Recharegeable battery",,,,,,,,,,,,,,,,,
43,,32,"DJI Power adapter","5T8LM2JJ0303X7",,"FDRI",14/08/2024 00:00:00,"FDRI-M-DRO-0824-040","18918",,,,"Simon Teagle",,,,0,"Drone",,,"xx_UKCEH_Wallingford",,1,"Fixed",,"DJI Enterprise",,"Power adapter",,,,,,,,,,,,,,,,,
44,,32,"Emlid Reach RS3 RTK Receiver","824362C9E44E80F12416",,"FDRI",16/08/2024 00:00:00,"FDRI-M-DRO-0824-041","18918",,,2618.03,"Simon Teagle",,,,0,"Drone",,,"xx_UKCEH_Wallingford",,1,"Fixed",,"Emlid",,"Reach RS3 RTK Receiver",,,,,,,,,,,,,,,,,
45,,32,"DJI Power Car Power Outlet to SDC Power Cable (12V/24V)","7TQDM6E001RPHW",,"FDRI",27/08/2024 00:00:00,"FDRI-M-DRO-0824-042","18918",,,50.00,"Simon Teagle",,,,0,"Drone",,,"xx_UKCEH_Wallingford",,1,"Fixed",,"DJI Enterprise",,"Power Car Power Outlet to SDC Power Cable (12V/24V)",,,,,,,,,,,,,,,,,
46,,32,"DJI Mini 4 Pro (RC-N2) (RC151)","6V4ZM7100204VC",,"FDRI",27/08/2024 00:00:00,"FDRI-M-DRO-0824-043","18918",,,,"Simon Teagle",,,,0,"Drone",,,"xx_UKCEH_Wallingford",,1,"Fixed",,"DJI Enterprise",,"Mini 4 Pro (RC-N2) (RC151)",,,,,,,,,,,,,,,,,
47,,32,"DJI Mini 4 Pro_Drone","1581F6Z9C247A003X37X",,"FDRI",27/08/2024 00:00:00,"FDRI-M-DRO-0824-044","18918",,,659.96,"Simon Teagle",,,,0,"Drone",,,"xx_UKCEH_Wallingford",,1,"Fixed",,"DJI Enterprise",,"Mini 4 Pro_Drone",,,,,,,,,,,,,,,,,
48,,32,"DJI Mavic 3 Fly More Kit","69DNKAJ00108BV",,"FDRI",27/08/2024 00:00:00,"FDRI-M-DRO-0824-045","18918",,,501.61,"Simon Teagle",,,,0,"Drone",,,"xx_UKCEH_Wallingford",,1,"Fixed",,"DJI Enterprise",,"Mavic 3 Fly More Kit",,,,,,,,,,,,,,,,,
49,,32,"DJI Mavic 3 Lithium Ion Polymer Recharegeable battery","4ERPKAREA12Z73",,"FDRI",27/08/2024 00:00:00,"FDRI-M-DRO-0824-046","18918",,,,"Simon Teagle",,,,0,"Drone",,,"xx_UKCEH_Wallingford",,1,"Fixed",,"DJI Enterprise",,"Mavic 3 Lithium Ion Polymer Recharegeable battery",,,,,,,,,,,,,,,,,
50,,32,"DJI Mavic 3 Lithium Ion Polymer Recharegeable battery","4ERPKAREA12ZBV",,"FDRI",27/08/2024 00:00:00,"FDRI-M-DRO-0824-047","18918",,,,"Simon Teagle",,,,0,"Drone",,,"xx_UKCEH_Wallingford",,1,"Fixed",,"DJI Enterprise",,"Mavic 3 Lithium Ion Polymer Recharegeable battery",,,,,,,,,,,,,,,,,
52,0,32,"RQPOD-MK2","540H245 TR/N (Please refer to the list of contents and accessories in the box)",,"09191",11/10/2024 00:00:00,"FDRI-M-ADC-1024-001","18645",,,7300.80,"Simon Teagle",,"Excellent",,0,,0,,"xx_UKCEH_Wallingford","Total- £7300.8 (including VAT) for RQPOD-MK2 Modular Remote control boat add on for
torrent board. Supplied with 2 thrusters, skid
guards, spare propellers, 2 batteries, battery
charger, Futaba TK6 remote, nav lights,
transportation case, fittings and tools.",1,"Fixed",,"YSI",,"RQPOD-MK2",,,,,,,,,,,,,,,,,
55,0,32,"RS5-MAX-PK5","789270171152",,"09191",11/10/2024 00:00:00,"FDRI-M-ADC-1024-002","18645",,,40384.80,"Simon Teagle",,"Excellent",,0,,0,,"xx_UKCEH_Wallingford","Total- £40384.8 (including VAT) for RS5-MAX-PK5 RS5 portable five-beam 3.0 MHz acoustic Doppler current profiling/discharge measurement system intended for use from moving boats and other platforms in shallow channels. System is provided in a 2 inch (5 cm) diameter Delrin housing and consists of 3.0 MHz velocity measurement transducers in a 4-beam Janus configuration, 3.0 MHz vertical acoustic beam for depth measurement, compass/2-axis tilt sensor, temperature sensor, internal Li-Ion rechargeable battery and Bluetooth telemetry link. Features bottom tracking, RSQ Windows software for real-time display of current profiles, water
depth, and computed discharge measurements. Includes a USB Bluetooth radio for connecting to customer-supplied computer, (2) Li-Ion rechargeable batteries and a USB battery charger, 2-ft (61-cm) radio antenna cable, GNSS smart antenna and 1-ft (30-cm) interface cable, and SonTek Hydroboard II-Micro and soft carrying case.",1,"Fixed",,"Sontek",,"RS5-MAX-PK5",,,,,,,,,,,,,,,,,
56,0,32,"Futuba T6K radio TX Remote Control","RQ0018-RM0157Y24M06A28056",,"09191",12/10/2024 00:00:00,"FDRI-M-ADC-1024-003","18645",,,7300.80,"Simon Teagle",,"Excellent",,0,,0,,"xx_UKCEH_Wallingford","Total- £7300.8 (including VAT) for RQPOD-MK2 Modular Remote control boat add on for
torrent board. Supplied with 2 thrusters, skid
guards, spare propellers, 2 batteries, battery
charger, Futaba TK6 remote, nav lights,
transportation case, fittings and tools.",1,"Fixed",,"YSI",,"Futuba T6K radio TX Remote Control",,,,,,,,,,,,,,,,,
57,0,32,"USB LCD Li-ion Battery Charger","VC20BCE19131",,"09191",11/10/2024 00:00:00,,"18645",,,,"Simon Teagle",,"Excellent",,0,,0,,"xx_UKCEH_Wallingford","Total- £40384.8 (including VAT) for RS5-MAX-PK5 RS5 portable five-beam 3.0 MHz acoustic Doppler current profiling/discharge measurement system intended for use from moving boats and other platforms in shallow channels. System is provided in a 2 inch (5 cm) diameter Delrin housing and consists of 3.0 MHz velocity measurement transducers in a 4-beam Janus configuration, 3.0 MHz vertical acoustic beam for depth measurement, compass/2-axis tilt sensor, temperature sensor, internal Li-Ion rechargeable battery and Bluetooth telemetry link. Features bottom tracking, RSQ Windows software for real-time display of current profiles, water
depth, and computed discharge measurements. Includes a USB Bluetooth radio for connecting to customer-supplied computer, (2) Li-Ion rechargeable batteries and a USB battery charger, 2-ft (61-cm) radio antenna cable, GNSS smart antenna and 1-ft (30-cm) interface cable, and SonTek Hydroboard II-Micro and soft carrying case.",1,"Consumable",,"Sontek",,"USB LCD Li-ion Battery Charger",,,,,,,,,,,,,,,,,
58,0,32,"Li-ion rechargeable Battery","30016-04",,"09191",11/10/2024 00:00:00,,"18645",,,,"Simon Teagle",,"Excellent",,0,,0,,"xx_UKCEH_Wallingford","Total- £40384.8 (including VAT) for RS5-MAX-PK5 RS5 portable five-beam 3.0 MHz acoustic Doppler current profiling/discharge measurement system intended for use from moving boats and other platforms in shallow channels. System is provided in a 2 inch (5 cm) diameter Delrin housing and consists of 3.0 MHz velocity measurement transducers in a 4-beam Janus configuration, 3.0 MHz vertical acoustic beam for depth measurement, compass/2-axis tilt sensor, temperature sensor, internal Li-Ion rechargeable battery and Bluetooth telemetry link. Features bottom tracking, RSQ Windows software for real-time display of current profiles, water
depth, and computed discharge measurements. Includes a USB Bluetooth radio for connecting to customer-supplied computer, (2) Li-Ion rechargeable batteries and a USB battery charger, 2-ft (61-cm) radio antenna cable, GNSS smart antenna and 1-ft (30-cm) interface cable, and SonTek Hydroboard II-Micro and soft carrying case.",2,"Consumable",,"Sontek",,"Li-ion rechargeable Battery",,,,,,,,,,,,,,,,,
59,0,32,"Radio Antenna","70-0054",,"09191",11/10/2024 00:00:00,"FDRI-M-ADC-1024-004","18645",,,40384.80,"Simon Teagle",,"Excellent",,0,,0,,"xx_UKCEH_Wallingford","Total- £40384.8 (including VAT) for RS5-MAX-PK5 RS5 portable five-beam 3.0 MHz acoustic Doppler current profiling/discharge measurement system intended for use from moving boats and other platforms in shallow channels. System is provided in a 2 inch (5 cm) diameter Delrin housing and consists of 3.0 MHz velocity measurement transducers in a 4-beam Janus configuration, 3.0 MHz vertical acoustic beam for depth measurement, compass/2-axis tilt sensor, temperature sensor, internal Li-Ion rechargeable battery and Bluetooth telemetry link. Features bottom tracking, RSQ Windows software for real-time display of current profiles, water
depth, and computed discharge measurements. Includes a USB Bluetooth radio for connecting to customer-supplied computer, (2) Li-Ion rechargeable batteries and a USB battery charger, 2-ft (61-cm) radio antenna cable, GNSS smart antenna and 1-ft (30-cm) interface cable, and SonTek Hydroboard II-Micro and soft carrying case.",2,"Fixed",,"Sontek",,"RS5 Radio Antenna",,,,,,,,,,,,,,,,,
60,0,32,"RS5","RS52435008 (P/N: RS5-1-6 RevB)",,"09191",11/10/2024 00:00:00,"FDRI-M-ADC-1024-005","18645",,,40384.80,"Simon Teagle",,"Excellent",,0,,0,,"xx_UKCEH_Wallingford","Total- £40384.8 (including VAT) for RS5-MAX-PK5 RS5 portable five-beam 3.0 MHz acoustic Doppler current profiling/discharge measurement system intended for use from moving boats and other platforms in shallow channels. System is provided in a 2 inch (5 cm) diameter Delrin housing and consists of 3.0 MHz velocity measurement transducers in a 4-beam Janus configuration, 3.0 MHz vertical acoustic beam for depth measurement, compass/2-axis tilt sensor, temperature sensor, internal Li-Ion rechargeable battery and Bluetooth telemetry link. Features bottom tracking, RSQ Windows software for real-time display of current profiles, water
depth, and computed discharge measurements. Includes a USB Bluetooth radio for connecting to customer-supplied computer, (2) Li-Ion rechargeable batteries and a USB battery charger, 2-ft (61-cm) radio antenna cable, GNSS smart antenna and 1-ft (30-cm) interface cable, and SonTek Hydroboard II-Micro and soft carrying case.",1,"Fixed",,"Sontek",,"RS5",,,,,,,,,,,,,"28/10/2025 RS5 was sent back to Xylem to repair a faulty pin. 01/12/2025 RS5 was returned after reapir from Sontek, repair report uploaded to SP","25/11/2025 DESCRIPTION OF PROBLEM:

RS52435008 - Damage to battery contacts. Sounds like a
loose component inside instrument. Powers up but fails
system tests.
FINDINGS: Defected Mother board
Instrument RS5 have been diagnosed and found the
following issue(s):
* The Mother board has voltage and communication
problems
* Upgrade battery contact
Incoming INI File Recovered: No
Power consumption test : Failed
Communication:Failed
Beam Check:
B1: Passed - Sontek tank required
B2: Passed - Sontek tank required
B3: Passed - Sontek tank required
B4: Passed - Sontek tank required
B5: Passed - Sontek tank required
ACTIONS REQUIRED:
Replace the Mother board and battery contact",,,
61,0,32,"Geoge (DGNSS)","360992 (P/N:GNS3M-CFG)",,"09191",11/10/2024 00:00:00,"FDRI-M-ADC-1024-006",,,,40384.80,"Simon Teagle",,"Excellent",,0,,0,,"xx_UKCEH_Wallingford","Total- £40384.8 (including VAT) for RS5-MAX-PK5 RS5 portable five-beam 3.0 MHz acoustic Doppler current profiling/discharge measurement system intended for use from moving boats and other platforms in shallow channels. System is provided in a 2 inch (5 cm) diameter Delrin housing and consists of 3.0 MHz velocity measurement transducers in a 4-beam Janus configuration, 3.0 MHz vertical acoustic beam for depth measurement, compass/2-axis tilt sensor, temperature sensor, internal Li-Ion rechargeable battery and Bluetooth telemetry link. Features bottom tracking, RSQ Windows software for real-time display of current profiles, water
depth, and computed discharge measurements. Includes a USB Bluetooth radio for connecting to customer-supplied computer, (2) Li-Ion rechargeable batteries and a USB battery charger, 2-ft (61-cm) radio antenna cable, GNSS smart antenna and 1-ft (30-cm) interface cable, and SonTek Hydroboard II-Micro and soft carrying case.",0,"Fixed",,"Sontek",,"Geoge (DGNSS)",,,,,,,,,,,,,,,,,
62,0,32,"Micro hydro board RS5","0824-0096 (Model 24-0426-A)",,,11/10/2024 00:00:00,"FDRI-M-ADC-1024-007","18645",,,40384.80,"Simon Teagle",,"Excellent",,0,,0,,"xx_UKCEH_Wallingford","Total- £40384.8 (including VAT) for RS5-MAX-PK5 RS5 portable five-beam 3.0 MHz acoustic Doppler current profiling/discharge measurement system intended for use from moving boats and other platforms in shallow channels. System is provided in a 2 inch (5 cm) diameter Delrin housing and consists of 3.0 MHz velocity measurement transducers in a 4-beam Janus configuration, 3.0 MHz vertical acoustic beam for depth measurement, compass/2-axis tilt sensor, temperature sensor, internal Li-Ion rechargeable battery and Bluetooth telemetry link. Features bottom tracking, RSQ Windows software for real-time display of current profiles, water
depth, and computed discharge measurements. Includes a USB Bluetooth radio for connecting to customer-supplied computer, (2) Li-Ion rechargeable batteries and a USB battery charger, 2-ft (61-cm) radio antenna cable, GNSS smart antenna and 1-ft (30-cm) interface cable, and SonTek Hydroboard II-Micro and soft carrying case.",0,"Fixed",,"Sontek",,"Micro hydro board RS5",,,,,,,,,,,,,,,,,
63,0,32,"Torrent Board V7 (TB9S-V7)","511846-5",,"09191",11/10/2024 00:00:00,"FDRI-M-ADC-1024-008","18645",,,3886.80,"Simon Teagle",,"Excellent",,0,,0,,"xx_UKCEH_Wallingford","£3886.8 (TB9S-V7)
(TB7-M9-standard Standard size Torrent Board V7 for use with Riversurveyor M9 - RqPOD ready, includes 1FCS fin key, 2 FCS fins, windsock, lanyards with shackle for tethered deployments and rucksack carry bag.)",1,"Fixed",,"Hoskin Scientific",,"TB9S-V7",,,,,,,,,,,,,,,,,
64,0,32,"TB7-RS5_M9_TB_KIT","TB7-RS5_M9_TB_Kit",,"09191",11/10/2024 00:00:00,,"18645",,,450.00,"Simon Teagle",,"Excellent",,0,,0,,"xx_UKCEH_Wallingford","TB7-RS5_M9_TB_KIT Kit to allow SonTek RS5 to be
used on M9 standard size torrent boards. Includes
mounting plate H mount for GPS mast and screws
20cm GPS mast Foam reducer for RS5",1,"Consumable",,"Sontek",,"TB7-RS5_M9_TB_KIT",,,,,,,,,,,,,,,,,
66,0,32,"Snyper-IOT Graphyte_Siretta","868510050051514",,"09191",04/11/2024 00:00:00,"FDRI-M-NST-1124-001","2154404",,,1096.08,"Simon Teagle",,"Excellent",,0,,0,,"xx_UKCEH_Wallingford","For Instrumentation and telemetry requirements",1,"Fixed",,"Siretta",,"Snyper-IOT Graphyte",,,,,,,,,,,,,,,,,
67,0,32,"Mountain Leader_First aid kit","5031863010504",,"09191",07/11/2024 00:00:00,,,,,200.30,"Simon Teagle",,"Excellent",,0,,0,,"xx_UKCEH_Wallingford","£200.6 (inclusive VAT) for 4 quantities of Mountain Leader_First aid kit",4,"Consumable",,"Mountain Leader",,"First aid kit",,,,,,,,,,,,,,,,,
68,0,32,"Wading Pole","Wading Pole-2 pc 170cm/102cm",,"09191",13/11/2024 00:00:00,,,,,400.96,"Simon Teagle",,"Excellent",,0,,0,,"xx_UKCEH_Wallingford",,6,"Consumable",,,,,,,,,,,,,,,,,,,,,
70,0,32,"CREWFIT 150N XD AUTOMATIC HARNESS RED 9245RA","T240619203",,"09191",18/11/2024 00:00:00,,"19771",,,137.50,"Simon Teagle",,"Excellent",23/01/2026 00:00:00,0,,0,,"xx_UKCEH_Wallingford","CREWFIT 150N XD AUTOMATIC HARNESS RED 9245RA-Assigned to Jasmine Hughes",1,"Consumable",,"Crewfit",,"150N XD AUTOMATIC HARNESS RED 9245RA",,,,"1",,,,,,,,,,"Lost in Transit during Servicing",,"Unserviceable",
71,0,32,"CREWFIT 150N XD AUTOMATIC HARNESS RED 9245RA","T240619204",,"09191",18/11/2024 00:00:00,,"19771",,,137.50,"Simon Teagle",,"Excellent",23/01/2026 00:00:00,0,,0,,"xx_UKCEH_Wallingford","CREWFIT 150N XD AUTOMATIC HARNESS RED 9245RA assignedd to Mark Simpson",1,"Consumable",,"Crewfit",,"150N XD AUTOMATIC HARNESS RED 9245RA",,,,"1",,,,,,,,,,"Lost in Transit during Servicing",,"Unserviceable",
72,0,32,"CREWFIT 150N XD AUTOMATIC HARNESS RED 9245RA","T240619205",,"09191",18/11/2024 00:00:00,,"19771",,,137.50,"Simon Teagle",,"Excellent",,0,,0,,"xx_UKCEH_Wallingford","CREWFIT 150N XD AUTOMATIC HARNESS RED 9245RA assigned to Tom Burton",1,"Consumable",,"Crewfit",,"150N XD AUTOMATIC HARNESS RED 9245RA",,,,,,,,,,,,,,,,,
73,0,32,"CREWFIT 150N XD AUTOMATIC HARNESS RED 9245RA","T240619206",,"09191",18/11/2024 00:00:00,,"19771",,,137.50,"Simon Teagle",,"Excellent",23/01/2026 00:00:00,0,,0,,"xx_UKCEH_Wallingford","CREWFIT 150N XD AUTOMATIC HARNESS RED 9245RA assigned to Azmol Ali",1,"Consumable",,"Crewfit",,"150N XD AUTOMATIC HARNESS RED 9245RA",,,,"1",,,,,,,,,,"Lost in Transit during Servicing",,"Unserviceable",
74,0,32,"CREWFIT 150N XD AUTOMATIC HARNESS RED 9245RA","T240619207",,"09191",18/11/2024 00:00:00,,"19771",,,137.50,"Simon Teagle",,"Excellent",,0,,0,,"xx_UKCEH_Wallingford","CREWFIT 150N XD AUTOMATIC HARNESS RED 9245RA Unassigned",0,"Consumable",,"Crewfit",,"150N XD AUTOMATIC HARNESS RED 9245RA",,,,,,,,,,,,,,,,,
75,0,32,"CREWFIT 150N XD AUTOMATIC HARNESS RED 9245RA","T240619208",,"09191",18/11/2024 00:00:00,,"19771",,,137.50,"Simon Teagle",,"Excellent",,0,,0,,"xx_UKCEH_Wallingford","CREWFIT 150N XD AUTOMATIC HARNESS RED 9245RA Unassigned",0,"Consumable",,"Crewfit",,"150N XD AUTOMATIC HARNESS RED 9245RA",,,,,,,,,,,,,,,,,
76,0,32,"CREWFIT 150N XD AUTOMATIC HARNESS RED 9245RA","T240619209",,"09191",18/11/2024 00:00:00,,"19771",,,137.50,"Simon Teagle",,"Excellent",23/01/2026 00:00:00,0,,0,,"xx_UKCEH_Wallingford","CREWFIT 150N XD AUTOMATIC HARNESS RED 9245RA Unassigned",0,"Consumable",,"Crewfit",,"150N XD AUTOMATIC HARNESS RED 9245RA",,,,"1",,,,,,,,,,"Lost in Transit during Servicing",,"Unserviceable",
78,0,32,"CREWFIT 150N XD AUTOMATIC HARNESS RED 9245RA","T240619210",,"09191",18/11/2024 00:00:00,,"19771",,,137.50,"Simon Teagle",,"Excellent",,0,,0,,"xx_UKCEH_Wallingford","CREWFIT 150N XD AUTOMATIC HARNESS RED 9245RA Unassigned",1,"Consumable",,"Crewfit",,"150N XD AUTOMATIC HARNESS RED 9245RA",,,,,,,,,,,,,,,,,
79,0,32,"38gm CYLINDER - WITHOUT SHRINK WRAP","J12415701CB",,"09191",18/11/2024 00:00:00,,"19771",,,15.00,"Simon Teagle",,"Excellent",,0,,0,,"xx_UKCEH_Wallingford","38gm CYLINDER - WITHOUT SHRINK WRAP",1,"Consumable",,"Crewfit",,"38gm CYLINDER - WITHOUT SHRINK WRAP",,,,,,,,,,,,,,,,,
80,0,32,"38gm CYLINDER - WITHOUT SHRINK WRAP","J12415700AE",,"09191",18/11/2024 00:00:00,,"19771",,,15.00,"Simon Teagle",,"Excellent",,0,,0,,"xx_UKCEH_Wallingford","38gm CYLINDER - WITHOUT SHRINK WRAP",1,"Consumable",,"Crewfit",,"38gm CYLINDER - WITHOUT SHRINK WRAP",,,,,,,,,,,,,,,,,
81,0,32,"38gm CYLINDER - WITHOUT SHRINK WRAP","J12415701X1",,"09191",18/11/2024 00:00:00,,"19771",,,15.00,"Simon Teagle",,"Excellent",,0,,0,,"xx_UKCEH_Wallingford","38gm CYLINDER - WITHOUT SHRINK WRAP",1,"Consumable",,"Crewfit",,"38gm CYLINDER - WITHOUT SHRINK WRAP",,,,,,,,,,,,,,,,,
82,0,32,"38gm CYLINDER - WITHOUT SHRINK WRAP","J1241570039",,"09191",18/11/2024 00:00:00,,"19771",,,15.00,"Simon Teagle",,"Excellent",,0,,0,,"xx_UKCEH_Wallingford","38gm CYLINDER - WITHOUT SHRINK WRAP",1,"Consumable",,"Crewfit",,"38gm CYLINDER - WITHOUT SHRINK WRAP",,,,,,,,,,,,,,,,,
84,0,32,"Tick Twister","X0022EXP8T",,"09191",22/11/2024 00:00:00,,,,,7.98,"Simon Teagle",,"Excellent",,0,,0,,"xx_UKCEH_Wallingford","Cost for 2 quantities",2,"Consumable",,,,,,,,,,,,,,,,,,,,,
85,0,32,"Off Road RecoveryTracks","A590877-0",,"09191",22/11/2024 00:00:00,,,,,141.48,"Simon Teagle",,"Excellent",,0,,0,,"xx_UKCEH_Wallingford","cost for 2 pairs (4 Off Road RecoveryTracks)",4,"Consumable",,,,,,,,,,,,,,,,,,,,,
86,0,32,"Retriever","BRIGJC 18-796330202053",,"09191",06/12/2024 00:00:00,,,,,45.44,"Simon Teagle",,"Excellent",,0,,0,,"xx_UKCEH_Wallingford",,1,"Consumable",,,,,,,,,,,,,,,,,,,,,
87,0,32,"Bipod","5217-04-YEL",,"09191",10/12/2024 00:00:00,"FDRI_M_DRO_1224-048",,,,169.02,"Simon Teagle",,"Excellent",,0,,0,,"xx_UKCEH_Wallingford","£169.02 inclusive of VAT
Ordered through credit card from South Survey ltd",1,"Fixed",,,,,,,,,,,,,,,,,,,,,
89,0,32,"30W USB-C Charger for DJI","X001FJPWC9",,"09191",10/12/2024 00:00:00,"FDRI_M_DRO_1224_049",,,,47.96,"Simon Teagle",,"Excellent",,0,,0,,"xx_UKCEH_Wallingford","Total cost for 4 chargers inclusive VAT is £47.96 (Purchased using credit card)",4,"Fixed",,"DJI Entersprise",,"30W USB-C Charger",,,,,,,,,,,,,,,,,
90,0,32,"1 GB M2M & IoT Data SIM card","8935302170721471949",,"09191",16/12/2024 00:00:00,"FDRI_M_DRO_1224_050",,,,15.60,"Simon Teagle",,"Excellent",,0,,0,,"xx_UKCEH_Wallingford","£ 15.6 inclusive of VAT",1,"Fixed",,,,,,,,,,,,,,,,,,,,,
91,0,32,"1 GB M2M & IoT Data SIM card","8935302170721471931",,"09191",16/12/2024 00:00:00,"FDRI_M_DRO_1224_051",,,,15.60,"Simon Teagle",,"Excellent",,0,,0,,"xx_UKCEH_Wallingford","£ 15.6 inclusive of VAT",1,"Fixed",,,,,,,,,,,,,,,,,,,,,
92,0,32,"Sky High Bull's-Eye Drone Ground Control Point GCP - UAV Aerial Target
Sky High Bull's-Eye Drone Ground Control Point GCP - UAV Aerial Target for Mapping & Surveying","B07PDK1M45",,"09191",16/12/2024 00:00:00,,,,,114.84,"Simon Teagle",,"Excellent",,0,,0,,"xx_UKCEH_Wallingford","£114.84 inclusive of VAT",10,"Consumable",,"Sky High Bull's-Eye",,"Drone Ground Control Point GCP - UAV Aerial Target",,,,,,,,,,,,,,,,,
93,0,32,"Tent Pegs","B0D72ZN3X9",,"09191",06/01/2025 00:00:00,,,,,15.85,"Simon Teagle",,"Excellent",,0,,0,,"xx_UKCEH_Wallingford","£15.85 inclusive VAT",40,"Consumable",,,,,,,,,,,,,,,,,,,,,
94,0,32,"Vaisala WXT533 Series 3A1B1A3D1A1B","W5218459",,"09191",06/01/2025 00:00:00,"FDRI_F_WXT_0125_001","20500",,,2505.60,"Simon Teagle",,"Excellent",,0,,0,,"xx_UKCEH_Wallingford","£2505.6 including VAT;  (WXT533 3A1B1A3D1A1B)",1,"Fixed",,"Vaisala",,"Weather Transmitter WXT533 Series 3A1B1A3D1A1B",,,,,,,,,,,,"WXT-Weather Transmitter",,,,,
95,0,32,"Vaisala WXT533 Series 3A1B1A3D2A1B","W5218458",,"09191",06/01/2025 00:00:00,"FDRI_F_WXT_0125_002","20500",,,2636.28,"Simon Teagle",,"Excellent",,0,,0,,"xx_UKCEH_Wallingford","£2636.28 inclusive VAT; (WXT533 3A2B1A3D1A1B)",1,"Fixed",,"Vaisala",,"Weather Transmitter WXT533 Series 3A1B1A3D1A1B",,,,,,,,,,,,"WXT-Weather Transmitter",,,,,
96,0,32,"Victron MPPT","HQ2412MWDJ3",,"09191",13/01/2025 00:00:00,"FDRI_F_SCC_0125_001",,,,42.98,"Simon Teagle",,"Excellent",,0,,0,,"xx_UKCEH_Wallingford","£ 42.98 inclusive VAT",1,"Fixed",,"SmartSolar",,"MPPT charge controller",,,,,,,,,,,,,,,,,
97,0,32,"Victron MPPT charge controller","HQ24127NKXA",,"09191",13/01/2025 00:00:00,"FDRI_M_SCC_0125_002",,,,42.98,"Simon Teagle",,"Excellent",,0,,0,,"xx_UKCEH_Wallingford","£ 42.98 inclusive VAT",1,"Fixed",,"SmartSolar",,"MPPT charge controller",,,,,,,,,,,,,,,,,
99,0,32,"Victron MPPT charge controller","HQ2412HFKH9",,"09191",13/01/2025 00:00:00,"FDRI_M_SCC_0125_003",,,,42.98,"Simon Teagle",,"Excellent",,0,,0,,"xx_UKCEH_Wallingford","£42.98 inclusive VAT",1,"Fixed",,"SmartSolar",,"MPPT charge controller",,,,,,,,,,,,,,,,,
100,0,32,"PENGLIN 2 Way RJ45 Ethernet Connector Breakout Board","X001UXTQNV",,"09191",13/01/2025 00:00:00,,,,,69.95,"Simon Teagle",,"Excellent",,0,,0,,"xx_UKCEH_Wallingford","£ 69.95 (For 5 quantities inclusive VAT)",5,"Consumable",,"PENGLIN",,"2 Way RJ45 Ethernet Connector Breakout Board",,,,,,,,,,,,,,,,,
101,0,32,"Leica Disto X4 Laser Distance Meter","1631660395",,"09191",14/01/2025 00:00:00,"FDRI_M_LDM_0125_001",,,,462.00,"Simon Teagle",,"Excellent",,0,,0,,"xx_UKCEH_Wallingford","Cost including Calibration Certificate and VAT inclusive",1,"Fixed",,"Leica Disto",,"X4 Laser Distance Meter",,,,,"Last Calibrated on 19th Dec 2025. yearly. Due next 19th Dec 2026.",,,,,,,,,,,,
104,0,32,"Juniper System Geode GNS3M","374724",,"09191",14/01/2025 00:00:00,"FDRI_M_GPS_0125_001",,,,2608.94,"Simon Teagle",,"Excellent",,0,,0,,"xx_UKCEH_Wallingford","£ 2608.944 inclusive VAT",1,"Fixed",,"Juniper",," Geode GNS3M",,,,,,,,,,,,,,,,,
105,0,32,"Juniper System Geode GNS3M","374325",,,13/01/2025 00:00:00,"FDRI_M_GPS_0125_002",,,,2608.94,"Simon Teagle",,"Excellent",,0,,0,,"xx_UKCEH_Wallingford","£ 2608.944 inclusive of VAT",1,"Fixed",,"Juniper",,"Geode GNS3M",,,,,,,,,,,,,,,,,
106,0,32,"Datalogger","70680","41842","09191",03/02/2025 00:00:00,"FDRI-F-DAT-0225-001","20746",,,1668.55,"Simon Teagle",,"Excellent",,0,,0,,"xx_UKCEH_Wallingford","PN: 41842

Price excluding VAT",1,"Fixed",,"Campbell Scientific US",,"CR1000Xe","1000Xe",,,,,,,,,,,,,,,,
107,0,32,"16 GB MicroSD Flash aMLC Memory Card",,,"09191",03/02/2025 00:00:00,,"20746",,,378.25,"Simon Teagle",,"Excellent",,0,,0,,"xx_UKCEH_Wallingford","37.83 IS UNIT PRICE EXCLUDING VAT",10,"Fixed",,"Campbell Scientific",,"16 GB MicroSD Flash aMLC Memory Card",,,,,,,,,,,,,,,,,
108,0,32,"LX60 Dual Ethernet LTE Router EMEA","7H4043504501B101","1104046","09191",03/02/2025 00:00:00,"FDRI-F-ROU-0225-001","20815",,,298.00,"Simon Teagle",,"Excellent",,0,"Modem",0,,"xx-UKCEH_Wallingford","AirLink LX60 Dual Ethernet LTE Router EMEA

IMEI: 356048090869149",1,"Field site infrastructure",,"Airlink",,"LX60 Dual Ethernet LTE Router EMEA",,,,,,,,,,,,,,,,"In use",
109,0,11,"LX60 Dual Ethernet LTE Router EMEA","7H4043516102B101","1104046","09191",03/02/2025 00:00:00,"FDRI-F-ROU-0225-002","20815",29/01/2025 00:00:00,,298.00,"Simon Teagle",,"Excellent",,0,"Modem",0,,"Hafren Forest - Severn Trap","AirLink LX60 Dual Ethernet LTE Router EMEA

IMEI: 356048090869222",1,"Field site infrastructure",,"Airlink",,"LX60 Dual Ethernet LTE Router EMEA",,,,,,,,,,,,,"Hardware Inspection: Recommended annual check of antennas and grounding terminals.",,,"In use",
110,0,32,"AirLink LX40 Compact LTE-M/NB-IOT Router Global"," XX91747013021004",,"09191",03/02/2025 00:00:00,"FDRI-F-ROU-0225-003","20815",,,225.00,"Simon Teagle",,"Excellent",,0,,0,,"xx_UKCEH_Wallingford","AirLink LX40 Compact LTE-M/NB-IOT Router Global
PART NO: 1104180

IMEI: 356050090110847",1,"Fixed",,"Airlink",,"LX40 Compact LTE-M/NB-IOT Router Global",,,,,,,,,,,,,,,,,
111,0,32,"AirLink LX40 Compact LTE Router EMEA","7G4481085002B101",,"09191",03/02/2025 00:00:00,"FDRI-F-ROU-0225-004","20815",,,248.00,"Simon Teagle",,"Excellent",,0,,0,,"xx_UKCEH_Wallingford","AirLink LX40 Compact LTE Router EMEA
PART NO: 1104181

IMEI: 356048090929687",0,"Fixed",,"Airlink",,"LX40 Compact LTE Router EMEA",,,,,,,,,,,,,,,,,
112,0,32,"AirLink LX40 Compact LTE Router EMEA","7G4481088401B101",,"09191",03/02/2025 00:00:00,"FDRI-F-ROU-0225-005","20815",,,248.00,"Simon Teagle",,"Excellent",,0,,0,,"xx_UKCEH_Wallingford","AirLink LX40 Compact LTE Router EMEA
PART NO: 1104181
SN: IMEI: 356048090929760",0,"Fixed",,"Airlink",,"LX40 Compact LTE Router EMEA",,,,,,,,,,,,,,,,,
113,0,32,"AirLink DIN Rail Mounting Bracket Kit - LX40",,,"09191",03/02/2025 00:00:00,,"20815",,,19.20,"Simon Teagle",,"Excellent",,0,,0,,"xx_UKCEH_Wallingford","PART NO 6001221",3,"Consumable",,"Airlink",,"DIN Rail Mounting Bracket Kit - LX40",,,,,,,,,,,,,,,,,
114,0,32,"Screw Mount Antenna, 2J6983Ba MIMO, 5G/4G/3G/2G, 3.0M LL100 SMA Plug",,,"09191",03/02/2025 00:00:00,,"20815",,,20.39,"Simon Teagle",,"Excellent",,0,,0,,"xx_UKCEH_Wallingford","Screw Mount Antenna, 2J6983Ba MIMO, 5G/4G/3G/2G, 3.0M LL100 SMA Plug",7,"Consumable",,"Airlink",,"Screw Mount Antenna, 2J6983Ba MIMO, 5G/4G/3G/2G, 3.0M LL100 SMA Plug",,,,,,,,,,,,,,,,,
115,0,32,"AirLink DIN Rail Mounting Bracket Kit - LX60",,,"09191",03/02/2025 00:00:00,,"20815",,,24.00,"Simon Teagle",,"Excellent",,0,,0,,"xx_UKCEH_Wallingford","AirLink DIN Rail Mounting Bracket Kit - LX60",4,"Consumable",,"Airlink",,"DIN Rail Mounting Bracket Kit - LX60",,,,,,,,,,,,,,,,,
116,0,32,"NivuFlow Stick","2449CSD2664",,"09191",03/02/2025 00:00:00,"FDRI-M-FLO-0225-001","20075",,,7788.00,"Simon Teagle",,"Excellent",,0,,0,,"xx_UKCEH_Wallingford","NivuFlow Stick NFS03T
Art Number: CSM-V1D0K3001P
NivuFlow Stick, complete mobile measurement system for
discharge measurement in watercourses:
Transmitter: Type NFS0MU.
Power supply: 8x rechargeable batteries type AA (included in delivery)",1,"Fixed",,"Nivus",,"Flow Stick",,,,,,,,,,,,,,,,,
117,0,32,"Flow Stick Carry Case",,,"09191",03/02/2025 00:00:00,"FDRI-M-FLO-0225-002","20075",,,690.80,"Simon Teagle",,"Excellent",,0,,0,,"xx_UKCEH_Wallingford","Carry case with wheels and foam insert for storage and transport
of the NivuFlow Stick, 3-section pole; Case without device;
Outer dimensions (LxWxH): 989x415x157 mm",1,"Fixed",,"Nivus",,,,,,,,,,,,,,,,,,,
118,0,32,"Flow Stick Telescopic Rod",,,"09191",03/02/2025 00:00:00,"FDRI-M-FLO-0225-003","20075",,,316.80,"Simon Teagle",,"Excellent",,0,,0,,"xx_UKCEH_Wallingford","ZUB0GST3900
Telescope rod with snap closure and sensor adapter CSM-D.
Rod extendable from 210 cm to 390 cm.",1,"Fixed",,,,,,,,,,,,,,,,,,,,,
119,0,32,"Flow Stick Clamp for Transmitter",,,"09191",03/02/2025 00:00:00,"FDRI-M-FLO-0225-004","20075",,,189.20,"Simon Teagle",,"Excellent",,0,,0,,"xx_UKCEH_Wallingford","NFS0ZMUHAL

Clamp for attaching the NFS transmitter to the rod type ZUB0GST",2,"Fixed",,"Nivus",,,,,,,,,,,,,,,,,,,
120,0,32,"Flowstick Smartphone Holder",,,"09191",03/02/2025 00:00:00,"FDRI-M-FLO-0225-005","20075",,,140.80,"Simon Teagle",,"Excellent",,0,,0,,"xx_UKCEH_Wallingford"," ZUB0SPHAL

Smartphone holder for attachment to the pole type ZUB0GST",1,"Fixed",,,,,,,,,,,,,,,,,,,,,
121,0,32,"Flow Stick Extension Cable",,,"09191",03/02/2025 00:00:00,"FDRI-M-FLO-0225-006","20075",,,193.60,"Simon Teagle",,"Excellent",,0,,0,,"xx_UKCEH_Wallingford","Sensor extension cable for usage of telescopic rod:
ZUB0KKPVER05

Cable extension with connectors on both sides for passive cross
correlation sensors type CSM, CSM-D and CSP for connection
to NFM-750 or NFS.
Cable length: 5m.
The maximum permissible total cable length (sensor cable +
cable extension) is 20m.",1,"Fixed",,"Nivus",,,,,,,,,,,,,,,,,,,
122,0,32,"Nivu Flow Stick Transmitter"," 2451NFS0307",,"09191",03/02/2025 00:00:00,"FDRI-M-FLO-0225-007","20075",,,,"Simon Teagle",,"Excellent",,0,,0,,"xx_UKCEH_Wallingford","Art Number: NFS03T",1,"Fixed",,"Nivus",,"Flow Stick Transmitter",,,,,,,,,,,,,,,,,
134,0,11,"CS451 PRESSURE SENSOR ST/ST C/W 100 METRE (328 FEET) CABLE 2.9 PSIG","20012922","010781-(2)-100","09191",11/03/2025 00:00:00,"FDRI-F-DAT-0225-011","20746",22/01/2025 00:00:00,,1463.70,"Simon Teagle",,"Excellent",,0,,0,,"Hafren Forest - Severn Trap","Price excluding VAT",1,"Field site infrastructure","USA","Campbell",,"CS451-2.9psig",,,,"2 years",,,,,,,,,,,,"In use",
143,0,11,"Datalogger","70679","41842","09191",03/02/2025 00:00:00,"FDRI-F-DAT-0225-002","20746",22/01/2025 00:00:00,,1668.55,"Simon Teagle",,"Excellent",,0,"Logger",0,,"Hafren Forest - Severn Trap","Price excluding VAT",1,"Field site infrastructure",,"Campbell Scientific US",,"CR1000Xe","1000Xe","OS 8.01",,"3 years of service",,,,,,,,,,,,"In use",
145,0,32,"Polycarbonate clear tube",,,"09191",13/03/2025 00:00:00,"FDRI-M-TUB-0325-001","40543",,,208.31,"Simon Teagle",,"Excellent",,0,,0,,"xx_UKCEH_Wallingford","Polycarbonate clear tube for testing pressure transducers",1,"Fixed",,,,,,,,,,,,,,,,,,,,,
147,0,32,"Pi Cam Module 3",,,"09191",,,,,,,"Simon Teagle",,,,0,,0,,"xx_UKCEH_Wallingford",,1,"Fixed",,,,,,,,,,,,,,,,,,,,,
148,0,32,"Pi Camera Module 3",,,"09191",10/03/2025 00:00:00,,,,,23.40,"Simon Teagle",,"Excellent",,0,,0,,"xx_UKCEH_Wallingford",,1,"Consumable",,,,,,,,,,,,,,,,,,,,,
149,0,32,"DJI Matrice 4 Thermal","1581F7K3C24C400A2K81",,"09191",13/03/2025 00:00:00,"FDRI-M-DRO-0325-001","21113",,,5530.55,"Simon Teagle",,"Excellent",,0,,0,,"xx_UKCEH_Wallingford","£5530.55 - Total cost of Drone including controller",1,"Fixed",,,,"DJI Matrice 4 Thermal",,,,,,,,,,,,,,,,,
150,0,32,"DJI Matrice 4 Thermal-Controller","9N9CN1C0011ZAT",,"09191",13/03/2025 00:00:00,"FDRI-M-DRO-0325-002","21113",,,5530.55,"Simon Teagle",,"Excellent",,0,,0,,"xx_UKCEH_Wallingford","£5530.55 - Total cost of Drone including controller",1,"Fixed",,,,"DJI Matrice 4 Thermal-Controller",,,,,,,,,,,,,,,,,
151,0,32,"H30T Standalone","6WHDM8Q002PP4H",,"09191",13/03/2025 00:00:00,"FDRI-M-DRO-0325-003","21113",,,10260.00,"Simon Teagle",,"Excellent",,0,,0,,"xx_UKCEH_Wallingford",,1,"Fixed",,,,"H30T Standalone",,,,,,,,,,,,,,,,,
152,0,32,"DJI Matrice 4 Series Battery",,,"09191",13/03/2025 00:00:00,,"21113",,,936.00,"Simon Teagle",,"Excellent",,0,,0,,"xx_UKCEH_Wallingford",,6,"Consumable",,,,,,,,,,,,,,,,,,,,,
158,0,32,"Datalogger","70677","41842","09191",03/02/2025 00:00:00,"FDRI-F-DAT-0225-003","20746",,,1668.55,"Simon Teagle",,"Excellent",,0,,0,,"xx_UKCEH_Wallingford","Price excluding VAT",1,"Fixed",,"Campbell Scientific US",,"CR1000Xe","1000Xe",,,,,,,,,,,,,,,,
159,0,32,"Datalogger","70681","41842","09191",03/02/2025 00:00:00,"FDRI-F-DAT-0225-004","20746",,,1668.55,"Simon Teagle",,"Excellent",,0,,0,,"xx_UKCEH_Wallingford",,1,"Fixed",,"Campbell Scientific US",,"CR1000Xe","1000Xe",,,,,,,,,,,,,"1st May 2025- Borrowed by WP2-Lewis",,,
160,0,32,"Datalogger","70682","41842","09191",03/02/2025 00:00:00,"FDRI-F-DAT-0225-005","20746",,,1668.55,"Simon Teagle",,"Excellent",,0,,0,,"xx_UKCEH_Wallingford",,1,"Fixed",,"Campbell Scientific US",,"CRX1000Xe","1000Xe",,,,,,,,,,,,,,,,
161,0,18,"Datalogger"," 70675","41842","09191",03/03/2025 00:00:00,"FDRI-F-DAT-0225-006","20746",,,1668.55,"Simon Teagle",,"Excellent",,0,,0,,"Foel Fadian",,1,"Fixed",,"Campbell Scientific US",,"CRX1000Xe","1000Xe",,,,,,,,,,,,,,,,
162,0,32,"Datalogger"," 70676","41842","09191",03/02/2025 00:00:00,"FDRI-F-DAT-0225-007","20746",,,1668.55,"Simon Teagle",,"Excellent",,0,,0,,"xx_UKCEH_Wallingford",,0,"Fixed",,"Campbell Scientific US",,"CRX1000Xe","1000Xe",,,,,,,,,,,,,,,,
163,0,32,"Datalogger"," 70678","41842","09191",03/02/2025 00:00:00,"FDRI-F-DAT-0225-008","20746",,,1668.55,"Simon Teagle",,"Excellent",,0,,0,,"xx_UKCEH_Wallingford",,1,"Fixed",,"Campbell Scientific US",,"CRX1000Xe","1000Xe",,,,,,,,,,,,,,,,
164,0,32,"Datalogger"," 70674","41842","09191",03/02/2025 00:00:00,"FDRI-F-DAT-0225-009","20746",,,1668.55,"Simon Teagle",,"Excellent",,0,,0,,"xx_UKCEH_Wallingford",,1,"Fixed",,"Campbell Scientific US",,"CRX1000Xe","1000Xe",,,,,,,,,,,,,,,,
165,0,12,"CR1000XE Datalogger","70683","41842","09191",03/02/2025 00:00:00,"FDRI-F-DAT-0225-010","20746",,,1668.55,"Simon Teagle",,"Excellent",,0,"Logger",0,,"Carreg Wen",,1,"Field site infrastructure",,"Campbell Scientific US",,"CRX1000Xe","1000Xe","OS 8.01",,"3 years of Service",,,,,,,,,,,,"In use",
166,0,32,"Surfbee Inflatable boat",,,"09191",27/03/2025 00:00:00,"FDRI-M-SUR-0325-001","20386",,,17500.00,"Simon Teagle",,"Excellent",,0,,0,,"xx_UKCEH_Wallingford",,1,"Fixed",,,,,,,,"0",,,,,,,,,,,,,
167,0,32,"Surfbee inflation pump",,,"09191",27/03/2025 00:00:00,"FDRI-M-SUR-0325-002","30286",,,,"Simon Teagle",,"Excellent",,0,,0,,"xx_UKCEH_Wallingford",,1,"Fixed",,,,,,,,"0",,,,,,,,,,,,,
168,0,32,"Surfbee controller","SFS-071",,"09191",27/03/2025 00:00:00,"FDRI-M-SUR-0325-003","20386",,,,"Simon Teagle",,"Excellent",,0,,0,,"xx_UKCEH_Wallingford","MK15 5"" screen 5Ghz controller with neck strap.",1,"Fixed",,,,,,,,"0",,,,,,,,,,,,,
169,0,32,"Surfbee 1080p FPV camera",,,"09191",27/03/2025 00:00:00,"FDRI-M-SUR-0325-004","20386",,,,"Simon Teagle",,"Excellent",,0,,0,,"xx_UKCEH_Wallingford",,1,"Fixed",,,,,,,,"0",,,,,,,,,,,,,
170,0,32,"Surfbee autopilot","SFS-071",,"09191",27/03/2025 00:00:00,"FDRI-M-SUR-0325-005","20386",,,,"Simon Teagle",,"Excellent",,0,,0,,"xx_UKCEH_Wallingford",,1,"Fixed",,,,,,,,"0",,,,,,,,,,,,,
171,0,32,"Surfbee External enclosure pod for batteries and autopilot",,,"09191",27/03/2025 00:00:00,"FDRI-M-SUR-0325-006","20386",,,,"Simon Teagle",,"Excellent",,0,,0,,"xx_UKCEH_Wallingford",,1,"Fixed",,,,,,,,"0",,,,,,,,,,,,,
172,0,32,"Surfbee mphard multiport plug",,,"09191",27/03/2025 00:00:00,"FDRI-M-SUR-0325-007","20386",,,1500.00,"Simon Teagle",,"Excellent",,0,,0,,"xx_UKCEH_Wallingford",,1,"Fixed",,,,,,,,"0",,,,,,,,,,,,,
173,0,32,"Surfbee Sontek M9 mount",,,"09191",27/03/2025 00:00:00,"FDRI-M-SUR-0325-008","20386",,,350.00,"Simon Teagle",,"Excellent",,0,,0,,"xx_UKCEH_Wallingford",,1,"Fixed",,,,,,,,"0",,,,,,,,,,,,,
174,0,32,"Surfbee Adapter Sontek PCM",,,"09191",27/03/2025 00:00:00,"FDRI-M-SUR-0325-009","20386",,,320.00,"Simon Teagle",,"Excellent",,0,,0,,"xx_UKCEH_Wallingford",,1,"Fixed",,,,,,,,"0",,,,,,,,,,,,,
175,0,32,"Surfbee Adapter M9 to RS5",,,"09191",27/03/2025 00:00:00,"FDRI-M-SUR-0325-010","20386",,,350.00,"Simon Teagle",,"Excellent",,0,,0,,"xx_UKCEH_Wallingford",,1,"Fixed",,,,,,,,"0",,,,,,,,,,,,,
176,0,32,"Surfbee multiport cable RS5",,,"09191",27/03/2025 00:00:00,"FDRI-M-SUR-0325-011","20386",,,350.00,"Simon Teagle",,"Excellent",,0,,0,,"xx_UKCEH_Wallingford","SURFBEE MPCRS5 PC 
 Multiport Cable- RS5 GPS ADCP (M8 threaded RS5 
 GPS plug)",0,"Fixed",,,,,,,,"0",,,,,,,,,,,,,
177,0,32,"Surfbee Splitter Cable for M9/GPS",,,"09191",27/03/2025 00:00:00,"FDRI-M-SUR-0325-012","20386",,,900.00,"Simon Teagle",,"Excellent",,0,,0,,"xx_UKCEH_Wallingford","Splitter Cable for M9/GPS with Surfbee Multiport 
 plug",1,"Fixed",,,,,,,,"0",,,,,,,,,,,,,
178,0,32,"Surfbee RDI riverpro mount",,,"09191",27/03/2025 00:00:00,"FDRI-M-SUR-0325-013","20386",,,350.00,"Simon Teagle",,"Excellent",,0,,0,,"xx_UKCEH_Wallingford",,1,"Fixed",,,,,,,,"0",,,,,,,,,,,,,
179,0,32,"Surfbee RSI RiverPro  Multiport Cable",,,"09191",27/03/2025 00:00:00,"FDRI-M-SUR-0325-014","20386",,,1500.00,"Simon Teagle",,"Excellent",,0,,0,,"xx_UKCEH_Wallingford","SURFBEE MPCRIVPRO PC 
 Multiport Cable - RSI RiverPro PMIL-8-FS-IM 
 Impulse 8 Conductor Female Low Profile Connector 
 Pigtail",1,"Fixed",,,,,,,,"0",,,,,,,,,,,,,
180,0,32,"Surfbee Flowsled",,,"09191",27/03/2025 00:00:00,"FDRI-M-SUR-0325-015","20386",,,2000.00,"Simon Teagle",,"Excellent",,0,,0,,"xx_UKCEH_Wallingford",,1,"Fixed",,,,,,,,"0",,,,,,,,,,,,,
181,0,32,"Surfbee T600 thrusters",,,"09191",27/03/2025 00:00:00,"FDRI-M-SUR-0325-016","20386",,,,"Simon Teagle",,"Excellent",,0,,0,,"xx_UKCEH_Wallingford",,2,"Fixed",,,,,,,,"0",,,,,,,,,,,,,
182,0,32,"Surfbee MPCR5LEMO - Multiport cable RS5 GPS ADCP Lemo Connector
connector",,,"09191",27/03/2025 00:00:00,"FDRI-M-SUR-0325-017","20386",,,380.00,"Simon Teagle",,"Excellent",,0,,0,,"xx_UKCEH_Wallingford",,1,"Fixed",,,,,,,,"0",,,,,,,,,,,,,
183,0,32,"Surfbee RQW1001 Whale assembly for YSI EXO",,,"09191",27/03/2025 00:00:00,"FDRI-M-SUR-0325-018","20386",,,1246.55,"Simon Teagle",,"Excellent",,0,,0,,"xx_UKCEH_Wallingford",,0,"Fixed",,,,,,,,"0",,,,,,,,,,,,,
184,0,32,"WindSonic Stand Mount",,,"09191",,,"10023002",20/03/2025 00:00:00,,70.04,"Simon Teagle",,"Excellent",,0,,,,"xx_UKCEH_Wallingford","WINDSONIC STAND MOUNT",5,"Fixed",,,,,,,,"0",,,,,,,,,,,,,
185,0,32,"WINDSONIC75 GILL ULTRASONIC ANE 10M","2510003",,"09191",,,"10023002",,,959.48,"Simon Teagle",,"Excellent",,0,,0,,"xx_UKCEH_Wallingford",,1,"Fixed",,,,,,,,"0",,,,,,,,,,,,,
186,0,18,"WINDSONIC75 GILL ULTRASONIC ANE 10M","25150004",,"09191",,,"10023002",,,959.48,"Simon Teagle",,"Excellent",,0,,0,,"Foel Fadian",,1,"Fixed",,,,,,,,"0",,,,,,,,,,,,,
187,0,32,"WINDSONIC75 GILL ULTRASONIC ANE 10M","251002",,"09191",,,"10023002",,,,"Simon Teagle",,"Excellent",,0,,0,,"xx_UKCEH_Wallingford",,1,"Fixed",,,,,,,,"0",,,,,,,,,,,,,
188,0,12,"WindSonic 75 Ultrasonic Anemometer","25150001",,"09191",,,"10023002",,,959.48,"Simon Teagle",,"Excellent",,0,"Other",0,,"Carreg Wen","Gill Wind Sonic 75 Ultrasonic Anemometer",1,"Field site infrastructure",,"Gill",,"WindSonic 75",,,,,,,"2m",,"20cm",,,,"Cleaning of ultrasonic sensor faces",,,"In use",
189,0,32,"WINDSONIC75 GILL ULTRASONIC ANE 10M","25150005",,"09191",,,"10023002",,,959.48,"Simon Teagle",,"Excellent",,0,,0,,"xx_UKCEH_Wallingford",,1,"Fixed",,,,,,,,"0",,,,,,,,,,,,,
190,0,32,"WindSonic Cable",,,"09191",,,,,,,"Simon Teagle",,,,0,,0,,"xx_UKCEH_Wallingford",,5,"Fixed",,,,,,,,"0",,,,,,,,,,,,,
191,0,32,"Collte with TNC Socket 5m",,,"09191",,,"10022777",,,,"Simon Teagle",,"Excellent",,0,,0,,"xx_UKCEH_Wallingford","Badland Antenna",2,"Fixed",,,,,,,,"0",,,,,,,,,,,,,
192,0,32,"Meter Teros 32",,,"09191",,,"10022998",,,480.00,"Simon Teagle",,"Excellent",,0,,0,,"xx_UKCEH_Wallingford",,2,"Fixed",,,,,,,,"0",,,,,,,,,,,,,
193,0,32,"ENC 16/18 Enclosure",,,"09191",,,"10022999",,,377.40,"Simon Teagle",,"Excellent",,0,,0,,"xx_UKCEH_Wallingford","campbell large enclosure",5,"Fixed",,,,,,,,"0",,,,,,,,,,,,,
194,0,32,"LM-ENC-MOUNT-16/18 ENCLOSURE LEG MNT KIT",,,"09191",,,"10022999",,,84.32,"Simon Teagle",,"Excellent",,0,,0,,"xx_UKCEH_Wallingford",,5,"Fixed",,,,,,,,"0",,,,,,,,,,,,,
195,0,32,"MM-ENC-MOUNT ENC MAST, MOUNTING KIT",,,"09191",,,"10022999",,,59.16,"Simon Teagle",,"Excellent",,0,,0,,"xx_UKCEH_Wallingford",,5,"Fixed",,,,,,,,"0",,,,,,,,,,,,,
196,0,32,"INSERT PUSH FIT for 3.5mm SCREW (100)",,,"09191",,,"10022999",,,12.78,"Simon Teagle",,"Excellent",,0,,0,,"xx_UKCEH_Wallingford",,100,"Fixed",,,,,,,,"0",,,,,,,,,,,,,
197,0,12,"12V VICTRON LITHIUM SUPERPACK LIFEPO4 12.8V100AH BATTERY WITH INTEGRATED BMS AND SAFETYSWITCH (HIGH CURRENT DISCHARGE VERSION)","HQ2415NZ7NF",,"09191",,,"10022299",,,388.40,"Simon Teagle",,"Excellent",,0,"Power system",0,,"Carreg Wen","Battery",1,"Field site infrastructure",,"Victron",,"Lithium Superpack",,,,"0",,,,,"20cm",,,,,,,,
198,0,32,"Victron MPPT",,,"09191",,,"10022299",,,37.20,"Simon Teagle",,"Excellent",,0,,0,,"xx_UKCEH_Wallingford",,5,"Fixed",,,,,,,,"0",,,,,,,,,,,,,
199,0,32,"VICTRON SOLAR PANEL 215W",,,"09191",,,"10022299",,,96.00,"Simon Teagle",,"Excellent",,0,,0,,"xx_UKCEH_Wallingford",,5,"Fixed",,,,,,,,"0",,,,,,,,,,,,,
200,0,32,"ADJUSTABLE ROOF MOUNT FOR BOATS OR FLAT ROOFSPACES",,,"09191",,,"10022299",,,23.56,"Simon Teagle",,"Excellent",,0,,0,,"xx_UKCEH_Wallingford",,5,"Fixed",,,,,,,,"0",,,,,,,,,,,,,
201,0,32,"PREMADE MC4 6MM SOLAR CABLE 10 METER - (CUT INHALF TO MAKE TWO MC4 TO BARE WIRE CABLES WHENUSED IN OUR BUNDLES) 10M LENGTH",,,"09191",,,,,,20.31,"Simon Teagle",,"Excellent",,0,,0,,"xx_UKCEH_Wallingford",,5,"Fixed",,,,,,,,"0",,,,,,,,,,,,,
202,0,32,"RSPro Battery Box",,,,,,,,,,,,,,0,,0,,"xx_UKCEH_Wallingford",,1,"Fixed",,,,,,,,"0",,,,,,,,,,,,,
203,0,32,"Surfbee dewalt batteries and charger",,,,,,,,,,,,,,0,,0,,"xx_UKCEH_Wallingford","2x batteries, 2x charger",1,"Fixed",,,,,,,,"0",,,,,,,,,,,,,
204,0,32,"D-Sub to Female Terminal Block Adapter","RS Stock No.283-5887",,"09191",30/04/2025 00:00:00,,,,,20.87,"Simon Teagle",,"Excellent",,0,,0,,"xx_UKCEH_Wallingford","RS Stock No.283-5887",1,"Fixed",,,,,,,,"0",,,,,,,,,,,,,
205,0,32,"Bosch Tyre Inflator","RS Stock No.220-1712",,"09191",07/05/2025 00:00:00,,,,,75.65,"Simon Teagle",,"Excellent",,0,,0,,"xx_UKCEH_Wallingford","RS Stock No.220-1712",0,"Fixed",,,,,,,,"0",,,,,,,,,,,,,
206,0,32,"Transcend 16 GB Industrial SDHC SD Card, Class 10","RS Stock No.124-9654",,"09191",07/05/2025 00:00:00,,,,,21.95,"Simon Teagle",,"Excellent",,0,,0,,"xx_UKCEH_Wallingford","RS Stock No.124-9654",10,"Fixed",,,,,,,,"0",,,,,,,,,,,,,
207,0,32,"RS PRO Triple Action Wire Stripper, 4.5mm Min, 29mm Max","RS Stock No.262-0151",,"09191",18/04/2025 00:00:00,,,,,29.89,"Simon Teagle",,"Excellent",,0,,0,,"xx_UKCEH_Wallingford","RS Stock No.262-0151",2,"Fixed",,,,,,,,"0",,,,,,,,,,,,,
208,0,32,"RS PRO Black Nylon Cable Gland, M20 Thread, 10mm min., 14mm max., IP68","RS Stock No.669-4673",,"09191",18/04/2025 00:00:00,,,,,4.05,"Simon Teagle",,"Excellent",,0,,0,,"xx_UKCEH_Wallingford","RS Stock No.669-4673",1,"Fixed",,,,,,,,"0",,,,,,,,,,,,,
209,0,32,"RS PRO Black Nylon Cable Gland, M20 Thread, 4mm min., 9mm max., IP68","RS Stock No.669-4660",,"09191",18/04/2025 00:00:00,,,,,5.41,"Simon Teagle",,"Excellent",,0,,0,,"xx_UKCEH_Wallingford","RS Stock No.669-4660",2,"Fixed",,,,,,,,"0",,,,,,,,,,,,,
210,0,32,"Amprobe LAN-1 Cable Tester BNC, RJ45","RS Stock No.668-0841",,"09191",18/04/2025 00:00:00,,,,,120.00,"Simon Teagle",,"Excellent",,0,,0,,"xx_UKCEH_Wallingford","RS Stock No.668-0841",1,"Fixed",,,,,,,,"0",,,,,,,,,,,,,
211,0,32,"RS PRO Disposable Respirator for General Purpose Protection, FFP3, Valved, Moulded 10 per Package","RS Stock No.246-1002",,"09191",18/04/2025 00:00:00,,,,,35.86,"Simon Teagle",,"Excellent",,0,,0,,"xx_UKCEH_Wallingford","RS Stock No.246-1002",1,"Fixed",,,,,,,,"0",,,,,,,,,,,,,
212,0,32,"Ideal Hand Crimp Tool for RJ11 Connectors, RJ45 Connectors","RS Stock No.294-6914",,"09191",18/04/2025 00:00:00,,,,,35.83,"Simon Teagle",,"Excellent",,0,,0,,"xx_UKCEH_Wallingford","RS Stock No.294-6914",1,"Fixed",,,,,,,,"0",,,,,,,,,,,,,
213,0,32,"Gill Research HS Anemometer","142002",,"09191",24/04/2025 00:00:00,,,,,,"Simon Teagle",,"Fair",,0,,0,,"xx_UKCEH_Wallingford",,1,"Fixed",,,,,,,,"0",,,,,,,,,,,,,
214,0,32,"Gill Research HS Anemometer","95",,"09191",24/04/2025 00:00:00,,,,,,"Simon Teagle",,"Fair",,0,,0,,"xx_UKCEH_Wallingford",,1,"Fixed",,,,,,,,"0",,,,,,,,,,,,,
215,0,32,"Onset Rain Gauge","10210070",,"09191",24/04/2025 00:00:00,,,,,,"Simon Teagle",,"Fair",,0,,0,,"xx_UKCEH_Wallingford",,1,"Fixed",,,,,,,,"0",,,,,,,,,,,,,
216,0,32,"Onset Rain Gauge","10210064",,"09191",24/04/2025 00:00:00,,,,,,"Simon Teagle",,"Fair",,0,,0,,"xx_UKCEH_Wallingford",,1,"Fixed",,,,,,,,"0",,,,,,,,,,,,,
217,0,32,"Onset Rain Gauge","10210062",,"09191",24/04/2025 00:00:00,,,,,,"Simon Teagle",,"Fair",,0,,0,,"xx_UKCEH_Wallingford",,1,"Fixed",,,,,,,,"0",,,,,,,,,,,,,
218,0,32,"Onset Rain Gauge","10210069",,"09191",24/04/2025 00:00:00,,,,,,"Simon Teagle",,"Fair",,0,,0,,"xx_UKCEH_Wallingford",,1,"Fixed",,,,,,,,"0",,,,,,,,,,,,,
219,0,32,"Onset Rain Gauge","10210060",,"09191",24/04/2025 00:00:00,,,,,,"Simon Teagle",,"Fair",,0,,0,,"xx_UKCEH_Wallingford",,1,"Fixed",,,,,,,,"0",,,,,,,,,,,,,
220,0,32,"AT Delta-T Devices Barometer type BS5","A23868-19555",,"09191",24/04/2025 00:00:00,,,,,,"Simon Teagle",,"Good",,0,,0,,"xx_UKCEH_Wallingford",,1,"Fixed",,,,,,,,"0",,,,,,,,,,,,,
221,0,32,"AT Delta-T Devices Barometer type BS5","20012663",,"09191",24/04/2025 00:00:00,,,,,,"Simon Teagle",,"Good",,0,,0,,"xx_UKCEH_Wallingford",,1,"Fixed",,,,,,,,"0",,,,,,,,,,,,,
222,0,32,"CPEC310","1204",,"08327",18/07/2022 00:00:00,,"09501",18/07/2022 00:00:00,,40000.00,"Alexander Cumming",,"Good",,0,,0,,"xx_UKCEH_Wallingford",,1,"Fixed",,"Campbell Scientific closed-path eddy covariance",,"CPEC310",,,,"0","- None",,,,,,,,"-","none",,,
223,0,12,"DPS8100 Barometric Pressure Sensor","13311272","DPS 810G-TB-A2-CC-H0-P12","09191",16/05/2025 00:00:00,,"20924-1",04/02/2025 00:00:00,,1763.75,"Simon Teagle",,"Excellent",,0,"Other",0,,"Carreg Wen",,1,"Field site infrastructure",,"Campbell Scientific US",,"DPS8100",,,,"0",,,,,,,,,,"serial 13236707 faulty sensor sent to CSL as a replacement sensor is received from them",,,
226,0,32,"NR01 radiometer (test)","12345",,,12/05/2025 00:00:00,,,,,,,,"Requires Calibration",,0,"Radiometer (4-component)",0,,"xx-UKCEH_Wallingford","4-component net radiometer",1,"Fixed",,"Hukseflux","NA","NR01",,"3.2.1",,"NA","3-yearly recalibration",15/05/2023 00:00:00,,,,,"CNR01","net radiation incoming outgoing long-wave short-wave","Test",,"Some variables require correction using calibration coefficients. See calibration certificate for details.","In use",
230,0,11,"VegaPULS C 21 Radar Sensor","73619835","RA - 222 2VZ","09191",08/04/2025 00:00:00,"FDRI-F-RAD-0425-001","PO-21433",19/03/2025 00:00:00,,1182.00,"Simon Teagle",,"Excellent",,0,,0,,"Hafren Forest - Severn Trap","Price including VAT",1,"Field site infrastructure",,"Vega",,"VegaPULS C 21",,,,,,,,,,,,,,,,"In use",
232,0,32,"VegaPULS C 21 Radar Sensor","73619836",,"09191",08/04/2025 00:00:00,"FDRI-F-0425-RAD-002","PO-21433",19/03/2025 00:00:00,,1182.00,"Simon Teagle",,"Excellent",,0,,0,,"xx_UKCEH_Wallingford","Bluetooth Access code: 979281     Bluetooth Unlock Code: 6479963407    Device Release code: 3387885748",1,"Fixed",,"Vega",,"VegaPULS C 21",,,,"0",,,,,,,,,,"Bluetooth Access code: 979281    
Bluetooth Unlock Code: 6479963407    
Device Release code: 3387885748",,,
592,,13,"AM16/32B 16/32 CHANNEL RELAY MULTIPLEXER C/W PLUGGABLE CONNECTORS","43554",,"09191",19/05/2025 00:00:00,,"20924-4",04/02/2025 00:00:00,,659.60,"Simon Teagle",,"Excellent",,0,,,,"Mill Farm, Chenies",,1,"Fixed","USA","Campbell Scientific",,,,,,,,,,,,,,,,,,"In test",
593,,32,"AM16/32B 16/32 CHANNEL RELAY MULTIPLEXER C/W PLUGGABLE CONNECTORS","43550","RJ1614HPL","09191",19/05/2025 00:00:00,,"20924-2",04/02/2025 00:00:00,,659.60,"Simon Teagle",,"Excellent",,0,,,,"xx_UKCEH_Wallingford","Item-010620
",1,"Fixed","USA","STAHLIN_Robroy Enclosures",,,,,,,,09/12/2024 00:00:00,,,,,,,,,,,
594,,32,"AM16/32B 16/32 CHANNEL RELAY MULTIPLEXER C/W PLUGGABLE CONNECTORS","43553","RJ1614HPL","09191",19/05/2025 00:00:00,,"20924-3",04/02/2025 00:00:00,,659.60,"Simon Teagle",,"Excellent",,0,,,,"xx_UKCEH_Wallingford","Item-010620",1,"Fixed","USA","STAHLIN_Robroy Enclosures",,,,,,,,09/12/2024 00:00:00,,,,,,,,,,,
595,,32,"AM-400 DOWNWARD MOUNTING ACCESSORY ",,,"09191",19/05/2025 00:00:00,,"20924-2",04/02/2025 00:00:00,,34.85,"Simon Teagle",,"Excellent",,0,,,,"xx_UKCEH_Wallingford","Item-009823",1,"Consumable","USA","Campbell Scientific",,,,,,,,03/03/2025 00:00:00,,,,,,,,,,,
596,,32,"AM-400 DOWNWARD MOUNTING ACCESSORY ",,,"09191",19/05/2025 00:00:00,,"20924-4",04/02/2025 00:00:00,,34.85,"Simon Teagle",,"Excellent",,0,,,,"xx_UKCEH_Wallingford","Item-009823",1,"Consumable","USA","Campbell Scientific",,,,,,,,03/03/2025 00:00:00,,,,,,,,,,,
597,,32,"AM-400 DOWNWARD MOUNTING ACCESSORY ",,,"09191",19/05/2025 00:00:00,,"20924-3",04/02/2025 00:00:00,,34.85,"Simon Teagle",,"Excellent",,0,,,,"xx_UKCEH_Wallingford","Item-009823",1,"Consumable","USA","Campbell Scientific",,,,,,,,03/03/2025 00:00:00,,,,,,,,,,,
598,,32,"ANTENNA 3 dBi MIMO WALL/POLE MOUNT C/W 3M CABLE & SMA CONNECTOR",,"11030","09191",19/05/2025 00:00:00,,"20924-2",04/02/2025 00:00:00,,47.60,"Simon Teagle",,"Excellent",,0,,,,"xx_UKCEH_Wallingford",,1,"Fixed","UK","Campbell Scientific",,,,,,,,,,,,,,,,,,,
599,,32,"ANTENNA 3 dBi MIMO WALL/POLE MOUNT C/W 3M CABLE & SMA CONNECTOR",,"11030","09191",19/05/2025 00:00:00,,"20924-4",04/02/2025 00:00:00,,47.60,"Simon Teagle",,"Excellent",,0,,,,"xx_UKCEH_Wallingford",,1,"Fixed","UK","Campbell Scientific",,,,,,,,,,,,,,,,,,,
600,,32,"ANTENNA 3 dBi MIMO WALL/POLE MOUNT C/W 3M CABLE & SMA CONNECTOR",,"11030","09191",19/05/2025 00:00:00,,"20924-3",04/02/2025 00:00:00,,47.60,"Simon Teagle",,"Excellent",,0,,,,"xx_UKCEH_Wallingford",,1,"Fixed","UK","Campbell Scientific",,,,,,,,,,,,,,,,,,,
601,,32,"CABLE4CBL-L 4 CONDUCTOR 22 AWG & DRAIN CABLE C/W 3 METRE CABLE",,,"09191",22/04/2025 00:00:00,,"20924-1",04/02/2025 00:00:00,,56.95,"Simon Teagle",,"Excellent",,0,,,,"xx_UKCEH_Wallingford","Item-010803-003",1,"Consumable","UK","Campbell Scientific",,,,,,,,,,,,,,,,,,,
602,,32,"CABLE4CBL-L 4 CONDUCTOR 22 AWG & DRAIN CABLE C/W 3 METRE CABLE",,,"09191",19/05/2025 00:00:00,,"20924-2",04/02/2025 00:00:00,,56.95,"Simon Teagle",,"Excellent",,0,,,,"xx_UKCEH_Wallingford","Item-010803-003",1,"Consumable","UK","Campbell Scientific",,,,,,,,,,,,,,,,,,,
603,,32,"CABLE4CBL-L 4 CONDUCTOR 22 AWG & DRAIN CABLE C/W 3 METRE CABLE",,,"09191",19/05/2025 00:00:00,,"20924-4",04/02/2025 00:00:00,,56.95,"Simon Teagle",,"Excellent",,0,,,,"xx_UKCEH_Wallingford","Item-010803-003",1,"Consumable","UK","Campbell Scientific",,,,,,,,,,,,,,,,,,,
604,,32,"CABLE4CBL-L 4 CONDUCTOR 22 AWG & DRAIN CABLE C/W 3 METRE CABLE",,,"09191",19/05/2025 00:00:00,,"20924-3",04/02/2025 00:00:00,,56.95,"Simon Teagle",,"Excellent",,0,,,,"xx_UKCEH_Wallingford","Item-010803-003",1,"Consumable","UK","Campbell Scientific",,,,,,,,,,,,,,,,,,,
605,,32,"CABLEPCBL-L 2 CONDUCTOR 16 AWG POWER CABLE C/W 3 METRE CABLE",,,"09191",22/04/2025 00:00:00,,"20924-1",04/02/2025 00:00:00,,52.70,"Simon Teagle",,"Excellent",,0,,,,"xx_UKCEH_Wallingford","Item-010800-003",1,"Consumable","UK","Campbell Scientific",,,,,,,,,,,,,,,,,,,
606,,32,"CABLEPCBL-L 2 CONDUCTOR 16 AWG POWER CABLE C/W 3 METRE CABLE",,,"09191",19/05/2025 00:00:00,,"20924-2",04/02/2025 00:00:00,,52.70,"Simon Teagle",,"Excellent",,0,,,,"xx_UKCEH_Wallingford","Item-010800-003",1,"Consumable","UK","Campbell Scientific",,,,,,,,,,,,,,,,,,,
607,,32,"CABLEPCBL-L 2 CONDUCTOR 16 AWG POWER CABLE C/W 3 METRE CABLE",,,"09191",19/05/2025 00:00:00,,"20924-4",04/02/2025 00:00:00,,52.70,"Simon Teagle",,"Excellent",,0,,,,"xx_UKCEH_Wallingford","Item-010800-003",1,"Consumable","UK","Campbell Scientific",,,,,,,,,,,,,,,,,,,
608,,32,"CABLEPCBL-L 2 CONDUCTOR 16 AWG POWER CABLE C/W 3 METRE CABLE",,,"09191",19/05/2025 00:00:00,,"20924-3",04/02/2025 00:00:00,,52.70,"Simon Teagle",,"Excellent",,0,,,,"xx_UKCEH_Wallingford","Item-010800-003",1,"Consumable","UK","Campbell Scientific",,,,,,,,,,,,,,,,,,,
609,,32,"CM202E 60cm SENSOR CROSS ARM & CM210E BRACKET KIT",,,"09191",22/04/2025 00:00:00,,"20924-1",04/02/2025 00:00:00,,88.83,"Simon Teagle",,"Excellent",,0,,,,"xx_UKCEH_Wallingford","Item-010717",1,"Consumable","UK","Campbell Scientific",,"CM202E & CM210E",,,,,,,,,,,,,,,,,
610,,32,"CM202E 60cm SENSOR CROSS ARM & CM210E BRACKET KIT",,,"09191",19/05/2025 00:00:00,,"20924-2",04/02/2025 00:00:00,,88.83,"Simon Teagle",,"Excellent",,0,,,,"xx_UKCEH_Wallingford","Item-010717",1,"Consumable","UK","Campbell Scientific",,"CM202E & CM210E",,,,,,,,,,,,,,,,,
611,,32,"CM202E 60cm SENSOR CROSS ARM & CM210E BRACKET KIT",,,"09191",19/05/2025 00:00:00,,"20924-4",04/02/2025 00:00:00,,88.83,"Simon Teagle",,"Excellent",,0,,,,"xx_UKCEH_Wallingford","Item-010717",1,"Consumable","UK","Campbell Scientific",,"CM202E & CM210E",,,,,,,,,,,,,,,,,
612,,32,"CM202E 60cm SENSOR CROSS ARM & CM210E BRACKET KIT",,,"09191",19/05/2025 00:00:00,,"20924-3",04/02/2025 00:00:00,,88.83,"Simon Teagle",,"Excellent",,0,,,,"xx_UKCEH_Wallingford","Item-010717",1,"Consumable","UK","Campbell Scientific",,"CM202E & CM210E",,,,,,,,,,,,,,,,,
613,,32,"CM206E 180cm SENSOR cross ar &CM210E Bracket Kit",,,"09191",19/05/2025 00:00:00,,"20924-2",04/02/2025 00:00:00,,103.70,"Simon Teagle",,"Excellent",,0,,,,"xx_UKCEH_Wallingford","Item-010719",1,"Consumable",,"UK",,"CM206E & CM210E",,,,,,,,,,,,,,,,,
614,,32,"CM206E 180cm SENSOR cross ar &CM210E Bracket Kit",,,"09191",19/05/2025 00:00:00,,"20924-3",04/02/2025 00:00:00,,103.70,"Simon Teagle",,"Excellent",,0,,,,"xx_UKCEH_Wallingford","Item-010719",1,"Consumable",,"UK",,"CM206E & CM210E",,,,,,,,,,,,,,,,,
615,,32,"CM206E 180cm SENSOR cross ar &CM210E Bracket Kit",,,"09191",19/05/2025 00:00:00,,"20924-4",04/02/2025 00:00:00,,103.70,"Simon Teagle",,"Excellent",,0,,,,"xx_UKCEH_Wallingford","Item-010719",1,"Consumable",,"UK",,"CM206E & CM210E",,,,,,,,,,,,,,,,,
616,,32,"CPEC200/300 CAL Gas tubing Assy C/W 10M",,,"09191",19/05/2025 00:00:00,,"20924-2",04/02/2025 00:00:00,,101.15,"Simon Teagle",,"Excellent",,0,,,,"xx_UKCEH_Wallingford","Item no- 010858",1,"Consumable",,"USA",,,,,,,,31/03/2025 00:00:00,,,,,,,,,,,
617,,32,"CPEC200/300 CAL Gas tubing Assy C/W 10M",,,"09191",19/05/2025 00:00:00,,"20924-3",04/02/2025 00:00:00,,101.15,"Simon Teagle",,"Excellent",,0,,,,"xx_UKCEH_Wallingford","Item no- 010858",1,"Consumable",,"USA",,,,,,,,31/03/2025 00:00:00,,,,,,,,,,,
618,,32,"CPEC200/300 CAL Gas tubing Assy C/W 10M",,,"09191",19/05/2025 00:00:00,,"20924-4",04/02/2025 00:00:00,,101.15,"Simon Teagle",,"Excellent",,0,,,,"xx_UKCEH_Wallingford","Item no- 010858",1,"Consumable",,"USA",,,,,,,,31/03/2025 00:00:00,,,,,,,,,,,
619,,32,"CPEC200/300 CAL Gas tubing Assy C/W 3M",,,"09191",19/05/2025 00:00:00,,"20924-2",04/02/2025 00:00:00,,51.85,"Simon Teagle",,"Excellent",,0,,,,"xx_UKCEH_Wallingford","Item no- 010858-003",1,"Consumable",,"USA",,,,,,,,31/03/2025 00:00:00,,,,,,,,,,,
620,,32,"CPEC200/300 CAL Gas tubing Assy C/W 3M",,,"09191",19/05/2025 00:00:00,,"20924-3",04/02/2025 00:00:00,,51.85,"Simon Teagle",,"Excellent",,0,,,,"xx_UKCEH_Wallingford","Item no- 010858-003",1,"Consumable",,"USA",,,,,,,,31/03/2025 00:00:00,,,,,,,,,,,
621,,32,"CPEC200/300 CAL Gas tubing Assy C/W 3M",,,"09191",19/05/2025 00:00:00,,"20924-4",04/02/2025 00:00:00,,51.85,"Simon Teagle",,"Excellent",,0,,,,"xx_UKCEH_Wallingford","Item no- 010858-003",1,"Consumable",,"USA",,,,,,,,31/03/2025 00:00:00,,,,,,,,,,,
622,,32,"CPEC200/300 Pump tubing Assy 0.375 OD C/W 5M",,,"09191",22/04/2025 00:00:00,,"20924-1",04/02/2025 00:00:00,,88.40,"Simon Teagle",,"Excellent",,0,,,,"xx_UKCEH_Wallingford","Item no- 010856-005",1,"Consumable",,"USA",,,,,,,,31/03/2025 00:00:00,,,,,,,,,,,
623,,32,"CPEC200/300 Pump tubing Assy 0.375 OD C/W 5M",,,"09191",19/05/2025 00:00:00,,"20924-2",04/02/2025 00:00:00,,88.40,"Simon Teagle",,"Excellent",,0,,,,"xx_UKCEH_Wallingford","Item no- 010856-005",1,"Consumable",,"USA",,,,,,,,31/03/2025 00:00:00,,,,,,,,,,,
624,,32,"CPEC200/300 Pump tubing Assy 0.375 OD C/W 5M",,,"09191",19/05/2025 00:00:00,,"20924-3",04/02/2025 00:00:00,,88.40,"Simon Teagle",,"Excellent",,0,,,,"xx_UKCEH_Wallingford","Item no- 010856-005",1,"Consumable",,"USA",,,,,,,,31/03/2025 00:00:00,,,,,,,,,,,
625,,32,"CPEC200/300 Pump tubing Assy 0.375 OD C/W 5M",,,"09191",19/05/2025 00:00:00,,"20924-4",04/02/2025 00:00:00,,88.40,"Simon Teagle",,"Excellent",,0,,,,"xx_UKCEH_Wallingford","Item no- 010856-005",1,"Consumable",,"USA",,,,,,,,31/03/2025 00:00:00,,,,,,,,,,,
626,,32,"CPEC200/310 ZERO SCRUB MODULE","1208","RJ1412HPL","09191",19/05/2025 00:00:00,,"20924-2",04/02/2025 00:00:00,,2193.43,"Simon Teagle",,"Excellent",,0,,,,"xx_UKCEH_Wallingford","Item-010797, Type 1,3R,4X,6P,12, IP66",1,"Fixed","USA","STAHLIN_Robroy Enclosures",,"CPEC200/310",,,,,,18/12/2024 00:00:00,,,,,,,,,,,
627,,13,"CPEC200/310 ZERO SCRUB MODULE","1209","RJ1412HPL","09191",19/05/2025 00:00:00,,"20924-3",04/02/2025 00:00:00,,2193.43,"Simon Teagle",,"Excellent",,0,,,,"Mill Farm, Chenies",,1,"Fixed","USA","STAHLIN_Robroy Enclosures",,,,,,,,18/12/2024 00:00:00,,,,,,,,,,"In test",
628,,32,"CPEC200/310 ZERO SCRUB MODULE","1214","RJ1412HPL","09191",19/05/2025 00:00:00,,"20924-4",04/02/2025 00:00:00,,2193.43,"Simon Teagle",,"Excellent",,0,,,,"xx_UKCEH_Wallingford","Item-010797, Type 1,3R,4X,6P,12, IP66",1,"Fixed","USA","STAHLIN_Robroy Enclosures",,"CPEC200/310",,,,,,15/01/2025 00:00:00,,,,,,,,,,,
629,,32,"CPEC310 CLOSE PATH EDDY COVARIANCE SYSTEM ","1358",,"09191",19/05/2025 00:00:00,,"20924-2",04/02/2025 00:00:00,,28826.05,"Simon Teagle",,"Excellent",,0,,,,"xx_UKCEH_Wallingford","CPEC310-6NA-NAM-NK-SS2-NC-NG-NM 
Including CR6 UN 3091 lithium metal batteries contained in equipment P1903
CR6 SN: 25623
CPEC310 three valve module SN: 1464
Category 6 patch cord PN:28899 made in vietnam
USB A - micro B cable PN: 4868
PN:30179- Cable
Pn:",1,"Fixed","USA","campbell scientific",,"CPEC310-6NA-NAM-NK-SS2-NC-NG-NM ",,,,,,,,,,,,,,,,,
630,,32,"CPEC310 Three valve module","1474",,"09191",19/05/2025 00:00:00,,"20924-3",04/02/2025 00:00:00,,,"Simon Teagle",,"Excellent",,0,,,,"xx_UKCEH_Wallingford","Part of Eddy covariance sys",1,"Fixed",,"USA",,"Campbell Scientific",,,,,,,,,,,,,,,,,
631,,32,"CPEC310 Three valve module","1466",,"09191",19/05/2025 00:00:00,,"20924-4",04/02/2025 00:00:00,,,"Simon Teagle",,"Excellent",,0,,,,"xx_UKCEH_Wallingford","Part of Eddy covariance sys",1,"Fixed",,"USA",,"Campbell Scientific",,,,,,,,,,,,,,,,,
632,,13,"CPEC310 Three Valve Module","1464",,"09191",19/05/2025 00:00:00,,"20924-2",04/02/2025 00:00:00,,,"Simon Teagle",,"Excellent",,0,"Gas analyser (CPEC)",,,"Mill Farm, Chenies",,1,"Fixed","USA","Campbell scientific",,,,,,,,,,,,,,,,,,"In test",
633,,32,"CPEC310 CLOSE PATH EDDY COVARIANCE SYSTEM","1359",,"09191",19/05/2025 00:00:00,,"20924-3",04/02/2025 00:00:00,,28826.05,"Simon Teagle",,"Excellent",,0,,,,"xx_UKCEH_Wallingford","Item-011057
P/N:4868 (USB Type A to Micro Type B)
Part: 28899-1 Qty
Pn:32203 (Vortex Filter replacement kit)
PN:30179- Cable
",1,"Fixed",,"USA",,"Campbell Scientific",,,,,,,,,,,,,,,,,
634,,32,"CPEC310 CLOSE PATH EDDY COVARIANCE SYSTEM","1357",,"09191",19/05/2025 00:00:00,,"20924-4",04/02/2025 00:00:00,,28826.05,"Simon Teagle",,"Excellent",,0,,,,"xx_UKCEH_Wallingford","Item-011057
P/N:4868 (USB Type A to Micro Type B)
Part: 28899-1 Qty
Pn:32203 (Vortex Filter replacement kit)
PN:30179- Cable
",1,"Fixed",,"USA",,"Campbell Scientific",,,,,,,,,,,,,,,,,
635,,32,"CR1000 KEYBOARD AND DISPLAY UNIT","14748",,"09191",19/05/2025 00:00:00,,"20924-2",04/02/2025 00:00:00,,270.30,"Simon Teagle",,"Excellent",,0,,,,"xx_UKCEH_Wallingford",,1,"Fixed","USA","campbell scientific",,"CR1000KD",,,,,,,,,,,,,,,,,
636,,32,"CR1000 KEYBOARD AND DISPLAY UNIT","14764",,"09191",19/05/2025 00:00:00,,"20924-4",04/02/2025 00:00:00,,270.30,"Simon Teagle",,"Excellent",,0,,,,"xx_UKCEH_Wallingford",,1,"Fixed","USA","campbell scientific",,"CR1000KD",,,,,,,,,,,,,,,,,
637,,32,"CR1000 KEYBOARD AND DISPLAY UNIT","14749",,"09191",19/05/2025 00:00:00,,"20924-3",04/02/2025 00:00:00,,270.30,"Simon Teagle",,"Excellent",,0,,,,"xx_UKCEH_Wallingford",,1,"Fixed","USA","campbell scientific",,"CR1000KD",,,,,,,,,,,,,,,,,
638,,32,"CR1000X / CR6 16 GB MicroSD Flash aMLC Memory Card",,,"09191",22/04/2025 00:00:00,,"20924-1",04/02/2025 00:00:00,,75.65,"Simon Teagle",,"Excellent",,0,,,,"xx_UKCEH_Wallingford","Item-009641",2,"Consumable",,"Taiwan",,,,,,,,,,,,,,,,,,,
639,,32,"CR1000X / CR6 16 GB MicroSD Flash aMLC Memory Card",,,"09191",19/05/2025 00:00:00,,"20924-4",04/02/2025 00:00:00,,75.65,"Simon Teagle",,"Excellent",,0,,,,"xx_UKCEH_Wallingford","Item-009641",2,"Consumable",,"Taiwan",,,,,,,,,,,,,,,,,,,
640,,32,"CR1000X / CR6 16 GB MicroSD Flash aMLC Memory Card",,,"09191",19/05/2025 00:00:00,,"20924-2",04/02/2025 00:00:00,,75.65,"Simon Teagle",,"Excellent",,0,,,,"xx_UKCEH_Wallingford","Item-009641",2,"Consumable",,"Taiwan",,,,,,,,,,,,,,,,,,,
641,,32,"CR1000X / CR6 16 GB MicroSD Flash aMLC Memory Card",,,"09191",19/05/2025 00:00:00,,"20924-3",04/02/2025 00:00:00,,75.65,"Simon Teagle",,"Excellent",,0,,,,"xx_UKCEH_Wallingford","Item-009641",2,"Consumable",,"Taiwan",,,,,,,,,,,,,,,,,,,
642,,24,"CR1000Xe","71178",,"09191",22/04/2025 00:00:00,,"20924-1",04/02/2025 00:00:00,,1668.55,"Simon Teagle",,"Excellent",,0,"Logger",,,"Tring Grange Farm",,1,"Fixed",,"Campbell Scientific",,,,,,,,,,,,,,,,,,"In test",
643,,32,"CR1000Xe","71329","41842","09191",19/05/2025 00:00:00,,"20924-4",04/02/2025 00:00:00,,1668.55,"Simon Teagle",,"Excellent",,0,,,,"xx_UKCEH_Wallingford","Item-011610",1,"Fixed","USA","Campbell Scientific",,,,,,,,,,,,,,,,,,,
644,,13,"CR1000Xe","71327","41842","09191",19/05/2025 00:00:00,,"20924-2",04/02/2025 00:00:00,,1668.55,"Simon Teagle",,"Excellent",,0,"Logger",,,"Mill Farm, Chenies","Item-011610
UID-NR6X-KEFT-A2DS",1,"Fixed",,"Campbell Scientific",,,,,,,,,,,,,,,,,,"In test",
645,,32,"CR1000Xe","71328","41842","09191",19/05/2025 00:00:00,,"20924-3",04/02/2025 00:00:00,,1668.55,"Simon Teagle",,"Excellent",,0,,,,"xx_UKCEH_Wallingford","Item-011610
UID-NR6X-KEFT-A2DS",1,"Fixed","USA","Campbell Scientific",,,,,,,,,,,,,,,,,,,
646,,32,"CR6 Datalogger",,,"09191",22/04/2025 00:00:00,,"20924-1",04/02/2025 00:00:00,,,"Simon Teagle",,"Excellent",,0,,,,"xx_UKCEH_Wallingford","price included in CPEC310 CLOSE PATH EDDY COVARIANCE SYSTEM ",1,"Fixed","USA","Campbell Scientific",,"CR6",,,,,,,,,,,,,,,,,
647,,32,"CR6 Datalogger","25624",,"09191",19/05/2025 00:00:00,,"20924-3",04/02/2025 00:00:00,,,"Simon Teagle",,"Excellent",,0,,,,"xx_UKCEH_Wallingford","price included in CPEC310 CLOSE PATH EDDY COVARIANCE SYSTEM ",1,"Fixed","USA","Campbell Scientific",,"CR6",,,,,,,,,,,,,,,,,
648,,32,"CR6 Datalogger","25620",,"09191",19/05/2025 00:00:00,,"20924-4",04/02/2025 00:00:00,,,"Simon Teagle",,"Excellent",,0,,,,"xx_UKCEH_Wallingford","price included in CPEC310 CLOSE PATH EDDY COVARIANCE SYSTEM ",1,"Fixed","USA","Campbell Scientific",,"CR6",,,,,,,,,,,,,,,,,
649,,13,"CR6 Datalogger","25623",,"09191",19/05/2025 00:00:00,,"20924-2",04/02/2025 00:00:00,,,"Simon Teagle",,"Excellent",,0,,,,"Mill Farm, Chenies",,1,"Fixed","USA","Campbell Scientific",,"CR6",,,,,,,,,,,,,,,,"In test",
650,,24,"CS310 (SQ-500-SS) QUANTUM SENSOR C/W 5 METRE CABLE","5475",,"09191",22/04/2025 00:00:00,,"20924-1",04/02/2025 00:00:00,,365.50,"Simon Teagle",,"Excellent",,0,,,,"Tring Grange Farm",,1,"Fixed",,"Apogee Instruments",,,,,,,,03/03/2025 00:00:00,,,,,,,,,,"In test",
651,,32,"CS310 (SQ-500-SS) QUANTUM SENSOR C/W 5 METRE CABLE","5689",,"09191",19/05/2025 00:00:00,,"20924-2",04/02/2025 00:00:00,,365.50,"Simon Teagle",,"Excellent",,0,,,,"xx_UKCEH_Wallingford","Item-009560-005",1,"Fixed","USA","Apogee Instruments",,,,,,,,03/03/2025 00:00:00,,,,,,,,,,,
652,,32,"CS310 (SQ-500-SS) QUANTUM SENSOR C/W 5 METRE CABLE","5691",,"09191",19/05/2025 00:00:00,,"20924-4",04/02/2025 00:00:00,,365.50,"Simon Teagle",,"Excellent",,0,,,,"xx_UKCEH_Wallingford","Item-009560-005",1,"Fixed","USA","Apogee Instruments",,,,,,,,03/03/2025 00:00:00,,,,,,,,,,,
653,,32,"CS310 (SQ-500-SS) QUANTUM SENSOR C/W 5 METRE CABLE","5690",,"09191",19/05/2025 00:00:00,,"20924-3",04/02/2025 00:00:00,,365.50,"Simon Teagle",,"Excellent",,0,,,,"xx_UKCEH_Wallingford","Item-009560-005",1,"Fixed","USA","Apogee Instruments",,,,,,,,03/03/2025 00:00:00,,,,,,,,,,,
654,,24,"CS655-DS 12CM WATER CONTENT REFLECTOMETER PLUS C/W 10 METRE CABLE","68184","CS655-33-DS-PT","09191",19/05/2025 00:00:00,,"20924-2",04/02/2025 00:00:00,,228.65,"Simon Teagle",,"Excellent",,0,,,,"Tring Grange Farm",,1,"Fixed",,"Campbell Scientific",,"CS655-33-DS-PT",,,,,,,,,,,,,,,,"In test",
655,,32,"CS655-DS 12CM WATER CONTENT REFLECTOMETER PLUS C/W 10 METRE CABLE","68173","CS655-33-DS-PT","09191",19/05/2025 00:00:00,,"20924-2",04/02/2025 00:00:00,,228.65,"Simon Teagle",,"Excellent",,0,,,,"xx_UKCEH_Wallingford","Item-009750-010",1,"Fixed",,"USA",,"CS655-33-DS-PT",,,,,,,,,,,,,,,,,
656,,32,"CS655-DS 12CM WATER CONTENT REFLECTOMETER PLUS C/W 10 METRE CABLE","68174","CS655-33-DS-PT","09191",19/05/2025 00:00:00,,"20924-2",04/02/2025 00:00:00,,228.65,"Simon Teagle",,"Excellent",,0,,,,"xx_UKCEH_Wallingford","Item-009750-010",1,"Fixed",,"USA",,"CS655-33-DS-PT",,,,,,,,,,,,,,,,,
657,,24,"CS655-DS 12CM WATER CONTENT REFLECTOMETER PLUS C/W 10 METRE CABLE","68178","CS655-33-DS-PT","09191",19/05/2025 00:00:00,,"20924-2",04/02/2025 00:00:00,,228.65,"Simon Teagle",,"Excellent",,0,,,,"Tring Grange Farm",,1,"Fixed",,"Campbell Scientific",,"CS655-33-DS-PT",,,,,,,,,,,,,,,,"In test",
658,,24,"CS655-DS 12CM WATER CONTENT REFLECTOMETER PLUS C/W 10 METRE CABLE","68180","CS655-33-DS-PT","09191",19/05/2025 00:00:00,,"20924-2",04/02/2025 00:00:00,,228.65,"Simon Teagle",,"Excellent",,0,,,,"Tring Grange Farm",,1,"Fixed",,"Campbell Scientific",,"CS655-33-DS-PT",,,,,,,,,,,,,,,,"In test",
659,,24,"CS655-DS 12CM WATER CONTENT REFLECTOMETER PLUS C/W 10 METRE CABLE","68181","CS655-33-DS-PT","09191",19/05/2025 00:00:00,,"20924-2",04/02/2025 00:00:00,,228.65,"Simon Teagle",,"Excellent",,0,,,,"Tring Grange Farm",,1,"Fixed",,"Campbell Scientific",,"CS655-33-DS-PT",,,,,,,,,,,,,,,,"In test",
660,,32,"CS655-DS 12CM WATER CONTENT REFLECTOMETER PLUS C/W 10 METRE CABLE","68183","CS655-33-DS-PT","09191",19/05/2025 00:00:00,,"20924-2",04/02/2025 00:00:00,,228.65,"Simon Teagle",,"Excellent",,0,,,,"xx_UKCEH_Wallingford","Item-009750-010",1,"Fixed",,"USA",,"CS655-33-DS-PT",,,,,,,,,,,,,,,,,
661,,32,"CS655-DS 12CM WATER CONTENT REFLECTOMETER PLUS C/W 10 METRE CABLE","68185","CS655-33-DS-PT","09191",19/05/2025 00:00:00,,"20924-2",04/02/2025 00:00:00,,228.65,"Simon Teagle",,"Excellent",,0,,,,"xx_UKCEH_Wallingford","Item-009750-010",1,"Fixed",,"USA",,"CS655-33-DS-PT",,,,,,,,,,,,,,,,,
662,,24,"CS655-DS 12CM WATER CONTENT REFLECTOMETER PLUS C/W 10 METRE CABLE","68515","CS655-33-DS-PT","09191",19/05/2025 00:00:00,,"20924-2",04/02/2025 00:00:00,,228.65,"Simon Teagle",,"Excellent",,0,,,,"Tring Grange Farm",,1,"Fixed",,"Campbell Scientific",,"CS655-33-DS-PT",,,,,,,,,,,,,,,,"In test",
663,,24,"CS655-DS 12CM WATER CONTENT REFLECTOMETER PLUS C/W 10 METRE CABLE","68516","CS655-33-DS-PT","09191",19/05/2025 00:00:00,,"20924-2",04/02/2025 00:00:00,,228.65,"Simon Teagle",,"Excellent",,0,,,,"Tring Grange Farm",,1,"Fixed",,"Campbell Scientific",,"CS655-33-DS-PT",,,,,,,,,,,,,,,,"In test",
664,,32,"CS655-DS 12CM WATER CONTENT REFLECTOMETER PLUS C/W 10 METRE CABLE","68553","CS655-33-DS-PT","09191",19/05/2025 00:00:00,,"20924-4",04/02/2025 00:00:00,,228.65,"Simon Teagle",,"Excellent",,0,,,,"xx_UKCEH_Wallingford","Item-009750-010",1,"Fixed",,"USA",,"CS655-33-DS-PT",,,,,,,,,,,,,,,,,
665,,13,"CS655-DS 12CM WATER CONTENT REFLECTOMETER PLUS C/W 10 METRE CABLE","68554","CS655-33-DS-PT","09191",19/05/2025 00:00:00,,"20924-4",04/02/2025 00:00:00,,228.65,"Simon Teagle",,"Excellent",,0,"Soil T VWC",,,"Mill Farm, Chenies",,1,"Fixed",,"Campbell",,"CS655-33-DS-PT",,,,,,,,,,,,,,,,"In test",
666,,32,"CS655-DS 12CM WATER CONTENT REFLECTOMETER PLUS C/W 10 METRE CABLE","68533","CS655-33-DS-PT","09191",19/05/2025 00:00:00,,"20924-4",04/02/2025 00:00:00,,228.65,"Simon Teagle",,"Excellent",,0,,,,"xx_UKCEH_Wallingford","Item-009750-010",1,"Fixed",,"USA",,"CS655-33-DS-PT",,,,,,,,,,,,,,,,,
667,,32,"CS655-DS 12CM WATER CONTENT REFLECTOMETER PLUS C/W 10 METRE CABLE","68535","CS655-33-DS-PT","09191",19/05/2025 00:00:00,,"20924-4",04/02/2025 00:00:00,,228.65,"Simon Teagle",,"Excellent",,0,,,,"xx_UKCEH_Wallingford","Item-009750-010",1,"Fixed",,"USA",,"CS655-33-DS-PT",,,,,,,,,,,,,,,,,
668,,32,"CS655-DS 12CM WATER CONTENT REFLECTOMETER PLUS C/W 10 METRE CABLE","68537","CS655-33-DS-PT","09191",19/05/2025 00:00:00,,"20924-4",04/02/2025 00:00:00,,228.65,"Simon Teagle",,"Excellent",,0,,,,"xx_UKCEH_Wallingford","Item-009750-010",1,"Fixed",,"USA",,"CS655-33-DS-PT",,,,,,,,,,,,,,,,,
669,,32,"CS655-DS 12CM WATER CONTENT REFLECTOMETER PLUS C/W 10 METRE CABLE","68542","CS655-33-DS-PT","09191",19/05/2025 00:00:00,,"20924-4",04/02/2025 00:00:00,,228.65,"Simon Teagle",,"Excellent",,0,,,,"xx_UKCEH_Wallingford","Item-009750-010",1,"Fixed",,"USA",,"CS655-33-DS-PT",,,,,,,,,,,,,,,,,
670,,32,"CS655-DS 12CM WATER CONTENT REFLECTOMETER PLUS C/W 10 METRE CABLE","68544","CS655-33-DS-PT","09191",19/05/2025 00:00:00,,"20924-4",04/02/2025 00:00:00,,228.65,"Simon Teagle",,"Excellent",,0,,,,"xx_UKCEH_Wallingford","Item-009750-010",1,"Fixed",,"USA",,"CS655-33-DS-PT",,,,,,,,,,,,,,,,,
671,,32,"CS655-DS 12CM WATER CONTENT REFLECTOMETER PLUS C/W 10 METRE CABLE","68545","CS655-33-DS-PT","09191",19/05/2025 00:00:00,,"20924-4",04/02/2025 00:00:00,,228.65,"Simon Teagle",,"Excellent",,0,,,,"xx_UKCEH_Wallingford","Item-009750-010",1,"Fixed",,"USA",,"CS655-33-DS-PT",,,,,,,,,,,,,,,,,
672,,32,"CS655-DS 12CM WATER CONTENT REFLECTOMETER PLUS C/W 10 METRE CABLE","68549","CS655-33-DS-PT","09191",19/05/2025 00:00:00,,"20924-4",04/02/2025 00:00:00,,228.65,"Simon Teagle",,"Excellent",,0,,,,"xx_UKCEH_Wallingford","Item-009750-010",1,"Fixed",,"USA",,"CS655-33-DS-PT",,,,,,,,,,,,,,,,,
673,,32,"CS655-DS 12CM WATER CONTENT REFLECTOMETER PLUS C/W 10 METRE CABLE","68552","CS655-33-DS-PT","09191",19/05/2025 00:00:00,,"20924-4",04/02/2025 00:00:00,,228.65,"Simon Teagle",,"Excellent",,0,,,,"xx_UKCEH_Wallingford","Item-009750-010",1,"Fixed",,"USA",,"CS655-33-DS-PT",,,,,,,,,,,,,,,,,
674,,13,"CS655-DS 12CM WATER CONTENT REFLECTOMETER PLUS C/W 10 METRE CABLE","68519","CS655-33-DS-PT","09191",19/05/2025 00:00:00,,"20924-3",04/02/2025 00:00:00,,228.65,"Simon Teagle",,"Excellent",,0,"Soil T VWC",,,"Mill Farm, Chenies",,1,"Fixed",,"Campbell Scientific",,"CS655-33-DS-PT",,,,,,,,,,,,,,,,"In test",
675,,32,"CS655-DS 12CM WATER CONTENT REFLECTOMETER PLUS C/W 10 METRE CABLE","68521","CS655-33-DS-PT","09191",19/05/2025 00:00:00,,"20924-3",04/02/2025 00:00:00,,228.65,"Simon Teagle",,"Excellent",,0,,,,"xx_UKCEH_Wallingford","Item-009750-010",1,"Fixed",,"USA",,"CS655-33-DS-PT",,,,,,,,,,,,,,,,,
676,,32,"CS655-DS 12CM WATER CONTENT REFLECTOMETER PLUS C/W 10 METRE CABLE","68522","CS655-33-DS-PT","09191",19/05/2025 00:00:00,,"20924-3",04/02/2025 00:00:00,,228.65,"Simon Teagle",,"Excellent",,0,,,,"xx_UKCEH_Wallingford","Item-009750-010",1,"Fixed",,"USA",,"CS655-33-DS-PT",,,,,,,,,,,,,,,,,
677,,18,"CS655-DS 12CM WATER CONTENT REFLECTOMETER PLUS C/W 10 METRE CABLE","68523","CS655-33-DS-PT","09191",19/05/2025 00:00:00,,"20924-3",04/02/2025 00:00:00,,228.65,"Simon Teagle",,"Excellent",,0,,,,"Foel Fadian","Item-009750-010",1,"Fixed",,"USA",,"CS655-33-DS-PT",,,,,,,,,,,,,,,,,
678,,13,"CS655-DS 12CM WATER CONTENT REFLECTOMETER PLUS C/W 10 METRE CABLE","68525","CS655-33-DS-PT","09191",19/05/2025 00:00:00,,"20924-3",04/02/2025 00:00:00,,228.65,"Simon Teagle",,"Excellent",,0,"Soil T VWC",,,"Mill Farm, Chenies",,1,"Fixed",,"Campbell Scientific",,"CS655-33-DS-PT",,,,,,,,,,,,,,,,"In test",
679,,32,"CS655-DS 12CM WATER CONTENT REFLECTOMETER PLUS C/W 10 METRE CABLE","68526","CS655-33-DS-PT","09191",19/05/2025 00:00:00,,"20924-3",04/02/2025 00:00:00,,228.65,"Simon Teagle",,"Excellent",,0,,,,"xx_UKCEH_Wallingford","Item-009750-010",1,"Fixed",,"USA",,"CS655-33-DS-PT",,,,,,,,,,,,,,,,,
680,,32,"CS655-DS 12CM WATER CONTENT REFLECTOMETER PLUS C/W 10 METRE CABLE","68527","CS655-33-DS-PT","09191",19/05/2025 00:00:00,,"20924-3",04/02/2025 00:00:00,,228.65,"Simon Teagle",,"Excellent",,0,,,,"xx_UKCEH_Wallingford","Item-009750-010",1,"Fixed",,"USA",,"CS655-33-DS-PT",,,,,,,,,,,,,,,,,
681,,32,"CS655-DS 12CM WATER CONTENT REFLECTOMETER PLUS C/W 10 METRE CABLE","68528","CS655-33-DS-PT","09191",19/05/2025 00:00:00,,"20924-3",04/02/2025 00:00:00,,228.65,"Simon Teagle",,"Excellent",,0,"Soil T VWC",,,"xx_UKCEH_Wallingford",,1,"Fixed",,"Campbell Scientifc",,"CS655-33-DS-PT",,,,,,,,,,,,,,,,"In test",
682,,32,"CS655-DS 12CM WATER CONTENT REFLECTOMETER PLUS C/W 10 METRE CABLE","68529","CS655-33-DS-PT","09191",19/05/2025 00:00:00,,"20924-3",04/02/2025 00:00:00,,228.65,"Simon Teagle",,"Excellent",,0,"Soil T VWC",,,"xx_UKCEH_Wallingford",,1,"Fixed",,"Campbell Scientific",,"CS655-33-DS-PT",,,,,,,,,,,,,,,,"In test",
683,,13,"CS655-DS 12CM WATER CONTENT REFLECTOMETER PLUS C/W 10 METRE CABLE","68531","CS655-33-DS-PT","09191",19/05/2025 00:00:00,,"20924-3",04/02/2025 00:00:00,,228.65,"Simon Teagle",,"Excellent",,0,"Soil T VWC",,,"Mill Farm, Chenies",,1,"Fixed",,"Campbell Scientific",,"CS655-33-DS-PT",,,,,,,,,,,,,,,,"In test",
684,,32,"DPS8100 BAROMETRIC PRESSURE SENSOR (500-1080mB) C/W RS232","13310999","DPS 813G-TB-A2-CC-H0-P12","09191",19/05/2025 00:00:00,,"20924-2",04/02/2025 00:00:00,,1763.75,"Simon Teagle",,"Excellent",,0,,,,"xx_UKCEH_Wallingford","Item-011474;",1,"Fixed",,"Finland",,"DPS800",,,,,,,,,,,,,,"serial no: 13252758 has been returned to CSL; as a replacement sensor has been sent.",,,
685,,32,"DPS8100 BAROMETRIC PRESSURE SENSOR (500-1080mB) C/W RS232","13310996","DPS 813G-TB-A2-CC-H0-P12","09191",19/05/2025 00:00:00,,"20924-3",04/02/2025 00:00:00,,1763.75,"Simon Teagle",,"Excellent",,0,,,,"xx_UKCEH_Wallingford","Item-011474",1,"Fixed",,"Finland",,"DPS800",,,,,,,,,,,,,,"serial no: 13252757 has been returned to CSL; as a replacement sensor has been sent.",,,
686,,24,"DPS8100 BAROMETRIC PRESSURE SENSOR (500-1080mB) C/W RS232","13310998","DPS 813G-TB-A2-CC-H0-P12","09191",19/05/2025 00:00:00,,"20924-4",04/02/2025 00:00:00,,1763.75,"Simon Teagle",,"Excellent",,0,,,,"Tring Grange Farm","Serial no 13252759 faulty sensor returned to CSL; as a replacement sensor has been sent.",1,"Fixed","Finland","Druck",,"DPS8100",,,,,,,,,,,,,,,,"In test",
687,,32,"EC100 Electronics Module for CO2 and H2O gas analyser w/ 3D sonic anemometer","3707",,"09191",19/05/2025 00:00:00,,"20924-3",04/02/2025 00:00:00,,,"Simon Teagle",,"Excellent",,0,,,,"xx_UKCEH_Wallingford","Part of Eddy covariance sys",1,"Fixed",,"USA",,"Campbell Scientific",,,,,,,,,,,,,,,,,
688,,32,"EC100 Electronics Module for CO2 and H2O gas analyser w/ 3D sonic anemometer","3808",,"09191",19/05/2025 00:00:00,,"20924-2",04/02/2025 00:00:00,,,"Simon Teagle",,"Excellent",,0,,,,"xx_UKCEH_Wallingford","price included in CPEC310 CLOSE PATH EDDY COVARIANCE SYSTEM ",1,"Fixed","USA","campbell scientific",,"EC100",,,,,,,,,,,,,,,,,
689,,32,"EC100 Electronics Module for CO2 and H2O gas analyser w/ 3D sonic anemometer","3803",,"09191",19/05/2025 00:00:00,,"20924-4",04/02/2025 00:00:00,,,"Simon Teagle",,"Excellent",,0,,,,"xx_UKCEH_Wallingford","price included in CPEC310 CLOSE PATH EDDY COVARIANCE SYSTEM ",1,"Fixed","USA","campbell scientific",,"EC100",,,,,,,,,,,,,,,,,
690,,32,"Enclosure mast mounting kit",,,"09191",22/04/2025 00:00:00,,"20924-1",04/02/2025 00:00:00,,290.72,"Simon Teagle",,"Excellent",,0,,,,"xx_UKCEH_Wallingford","Item- 010713",4,"Consumable","UK","Campbell Scientific",,,,,,,,,,,,,,,,,,,
691,,32,"Enclosure mast mounting kit",,,"09191",19/05/2025 00:00:00,,"20924-2",04/02/2025 00:00:00,,290.72,"Simon Teagle",,"Excellent",,0,,,,"xx_UKCEH_Wallingford","Item- 010713",4,"Consumable","UK","Campbell Scientific",,,,,,,,,,,,,,,,,,,
692,,32,"Enclosure mast mounting kit",,,"09191",19/05/2025 00:00:00,,"20924-3",04/02/2025 00:00:00,,290.72,"Simon Teagle",,"Excellent",,0,,,,"xx_UKCEH_Wallingford","Item- 010713",4,"Consumable","UK","Campbell Scientific",,,,,,,,,,,,,,,,,,,
693,,32,"Enclosure mast mounting kit",,,"09191",19/05/2025 00:00:00,,"20924-4",04/02/2025 00:00:00,,290.72,"Simon Teagle",,"Excellent",,0,,,,"xx_UKCEH_Wallingford","Item- 010713",4,"Consumable","UK","Campbell Scientific",,,,,,,,,,,,,,,,,,,
694,,32,"ETHERNET SWITCH INDUSTRIAL 5 PORT 100M/1000M (5-30VDC)",,,"09191",22/04/2025 00:00:00,,"20924-1",04/02/2025 00:00:00,,113.05,"Simon Teagle",,"Excellent",,0,,,,"xx_UKCEH_Wallingford","Item-11119",1,"Fixed",,"UK",,"Brainboxes",,,,,,,,,,,,,,,,,
695,,32,"ETHERNET SWITCH INDUSTRIAL 5 PORT 100M/1000M (5-30VDC)",,,"09191",19/05/2025 00:00:00,,"20924-2",04/02/2025 00:00:00,,113.05,"Simon Teagle",,"Excellent",,0,,,,"xx_UKCEH_Wallingford","Item-11119",1,"Fixed",,"UK",,"Brainboxes",,,,,,,,,,,,,,,,,
696,,32,"ETHERNET SWITCH INDUSTRIAL 5 PORT 100M/1000M (5-30VDC)",,,"09191",19/05/2025 00:00:00,,"20924-3",04/02/2025 00:00:00,,113.05,"Simon Teagle",,"Excellent",,0,,,,"xx_UKCEH_Wallingford","Item-11119",1,"Fixed",,"UK",,"Brainboxes",,,,,,,,,,,,,,,,,
697,,32,"ETHERNET SWITCH INDUSTRIAL 5 PORT 100M/1000M (5-30VDC)",,,"09191",19/05/2025 00:00:00,,"20924-4",04/02/2025 00:00:00,,113.05,"Simon Teagle",,"Excellent",,0,,,,"xx_UKCEH_Wallingford","Item-11119",1,"Fixed",,"UK",,"Brainboxes",,,,,,,,,,,,,,,,,
698,,32,"Finapp snow water equivalent and soil moisture system C/W DSI-12 Module","F3-0166/F3-0177","257 Probe","09191",19/05/2025 00:00:00,,"21118",04/02/2025 00:00:00,,,"Simon Teagle",,"Excellent",,0,,,,"xx_UKCEH_Wallingford",,1,"Fixed",,"Finapp",,"F3",,,,,,,,,,,,,,,,,
699,,18,"Finapp snow water equivalent and soil moisture system C/W DSI-12 Module","F3-0169/F3-0175","258 Probe","09191",19/05/2025 00:00:00,,"21118",04/02/2025 00:00:00,,,"Simon Teagle",,"Excellent",,0,,,,"Foel Fadian",,1,"Fixed",,"Finapp",,"F3",,,,,,,,,,,,,,,,,
700,,32,"Finapp snow water equivalent and soil moisture system C/W DSI-12 Module","F3-0167/F3-0176","259 Probe","09191",22/04/2025 00:00:00,,"21118",04/02/2025 00:00:00,,,"Simon Teagle",,"Excellent",,0,,,,"xx_UKCEH_Wallingford",,1,"Fixed",,"Finapp",,"F3",,,,,,,,,,,,,,,,,
701,,32,"HFP01SC HEAT FLUX SENSOR SELF CALIBRATING C/W 5M CABLE","8317",,"09191",22/04/2025 00:00:00,,"20924-1",04/02/2025 00:00:00,,749.16,"Simon Teagle",,"Excellent",,0,,,,"xx_UKCEH_Wallingford","Item 009625",1,"Fixed","Netherlands","Hukseflux",,"HFP01SC-05",,,,,,,,,,,,,,,,,
702,,32,"HFP01SC HEAT FLUX SENSOR SELF CALIBRATING C/W 5M CABLE","8318",,"09191",22/04/2025 00:00:00,,"20924-1",04/02/2025 00:00:00,,749.16,"Simon Teagle",,"Excellent",,0,,,,"xx_UKCEH_Wallingford","Item 009625",1,"Fixed","Netherlands","Hukseflux",,"HFP01SC-05",,,,,,,,,,,,,,,,,
703,,32,"HFP01SC HEAT FLUX SENSOR SELF CALIBRATING C/W 5M CABLE","8320",,"09191",19/05/2025 00:00:00,,"20924-2",04/02/2025 00:00:00,,749.16,"Simon Teagle",,"Excellent",,0,,,,"xx_UKCEH_Wallingford","Item 009625",1,"Fixed","Netherlands","Hukseflux",,"HFP01SC-05",,,,,,,,,,,,,,,,,
704,,32,"HFP01SC HEAT FLUX SENSOR SELF CALIBRATING C/W 5M CABLE","8319",,"09191",19/05/2025 00:00:00,,"20924-2",04/02/2025 00:00:00,,749.16,"Simon Teagle",,"Excellent",,0,,,,"xx_UKCEH_Wallingford","Item 009625",1,"Fixed","Netherlands","Hukseflux",,"HFP01SC-05",,,,,,,,,,,,,,,,,
705,,32,"HFP01SC HEAT FLUX SENSOR SELF CALIBRATING C/W 5M CABLE","8324",,"09191",19/05/2025 00:00:00,,"20924-4",04/02/2025 00:00:00,,749.16,"Simon Teagle",,"Excellent",,0,,,,"xx_UKCEH_Wallingford","Item 009625",1,"Fixed","Netherlands","Hukseflux",,"HFP01SC-05",,,,,,,,,,,,,,,,,
706,,32,"HFP01SC HEAT FLUX SENSOR SELF CALIBRATING C/W 5M CABLE","8323",,"09191",19/05/2025 00:00:00,,"20924-4",04/02/2025 00:00:00,,749.16,"Simon Teagle",,"Excellent",,0,,,,"xx_UKCEH_Wallingford","Item 009625",1,"Fixed","Netherlands","Hukseflux",,"HFP01SC-05",,,,,,,,,,,,,,,,,
707,,13,"HFP01SC HEAT FLUX SENSOR SELF CALIBRATING C/W 5M CABLE","8321",,"09191",19/05/2025 00:00:00,,"20924-3",04/02/2025 00:00:00,,749.16,"Simon Teagle",,"Excellent",,0,,,,"Mill Farm, Chenies",,1,"Fixed","Netherlands","Hukseflux",,"HFP01SC-05",,,,,,,,,,,,,,,,"In test",
708,,32,"HFP01SC HEAT FLUX SENSOR SELF CALIBRATING C/W 5M CABLE","8322",,"09191",19/05/2025 00:00:00,,"20924-3",04/02/2025 00:00:00,,749.16,"Simon Teagle",,"Excellent",,0,,,,"xx_UKCEH_Wallingford","Item 009625",1,"Fixed","Netherlands","Hukseflux",,"HFP01SC-05",,,,,,,,,,,,,,,,,
709,,32,"HMP155A TEMPERATURE & RELATIVE HUMIDITY PROBE C.W 3M cable","W2646826",,"09191",22/04/2025 00:00:00,,"20924-1",04/02/2025 00:00:00,,984.30,"Simon Teagle",,"Excellent",,0,,,,"xx_UKCEH_Wallingford","Item 010778",1,"Fixed","UK","Campbell Scientific",,"HMP155A",,,,,,,,,,,,,,,,,
710,,24,"HMP155A TEMPERATURE & RELATIVE HUMIDITY PROBE C.W 3M cable","X1148396",,"09191",19/05/2025 00:00:00,,"20924-2",04/02/2025 00:00:00,,984.30,"Simon Teagle",,"Excellent",,0,,,,"Tring Grange Farm",,1,"Fixed","UK","Campbell Scientific",,"HMP155A",,,,,,,,,,,,,,,,"In test",
711,,32,"HMP155A TEMPERATURE & RELATIVE HUMIDITY PROBE C.W 3M cable","X1148397",,"09191",19/05/2025 00:00:00,,"20924-4",04/02/2025 00:00:00,,984.30,"Simon Teagle",,"Excellent",,0,,,,"xx_UKCEH_Wallingford","Item 010778",1,"Fixed","Uk","Campbell Scientific",,"HMP155A",,,,,,,,,,,,,,,,"Do not use",
712,,18,"HMP155A TEMPERATURE & RELATIVE HUMIDITY PROBE C.W 3M cable","X1148395",,"09191",19/05/2025 00:00:00,,"20924-3",04/02/2025 00:00:00,,984.30,"Simon Teagle",,"Excellent",,0,,,,"Foel Fadian","Item 010778",1,"Fixed","UK","Campbell Scientific",,"HMP155A",,,,,"Certificate No: HEL251150311. Cal Date: 14/03/2025.",,,,,,,,,,,,
713,,32,"Industrial LoRaWAN Cellular Gateway","09270224030014","B092702","09191",23/05/2025 00:00:00,,"22019",07/05/2025 00:00:00,,424.80,"Simon Teagle",,"Excellent",,0,,,,"xx_UKCEH_Wallingford","IMEI:867929069305604, Series:LG5100",1,"Fixed","China","Robustel",,"LG5100-BAB-4L-A06GL",,,,,,,,,,,,,,,,,
714,,32,"Industrial LoRaWAN Cellular Gateway","09270224030015","B092702","09191",23/05/2025 00:00:00,,"22019",07/05/2025 00:00:00,,424.80,"Simon Teagle",,"Excellent",,0,,,,"xx_UKCEH_Wallingford","IMEI:867929069277384, Series:LG5100",1,"Fixed","China","Robustel",,"LG5100-BAB-4L-A06GL",,,,,,,,,,,,,,,,,
715,,32,"Industrial LoRaWAN Cellular Gateway","09270224030011","B092702","09191",23/05/2025 00:00:00,,"22019",07/05/2025 00:00:00,,424.80,"Simon Teagle",,"Excellent",,0,,,,"xx_UKCEH_Wallingford","IMEI:867929069309542, Series:LG5100",1,"Fixed","China","Robustel",,"LG5100-BAB-4L-A06GL",,,,,,,,,,,,,,,,,
716,,32,"LX60 4G/5G MODEM WITH DUAL ETHERNET","7H4043516101B101","1104046","09191",22/04/2025 00:00:00,,"20924-1",04/02/2025 00:00:00,,508.30,"Simon Teagle",,"Excellent",,0,,,,"xx_UKCEH_Wallingford","
item-011514",1,"Fixed","Vietnam","Sierra Wireless Airlink",,"LX60, AlEOS, EMEA",,,,,,,,,,,,,,,,,
717,,32,"LX60 4G/5G MODEM WITH DUAL ETHERNET","7H4043504520B101","1104046","09191",19/05/2025 00:00:00,,"20924-2",04/02/2025 00:00:00,,508.30,"Simon Teagle",,"Excellent",,0,,,,"xx_UKCEH_Wallingford","
item-011514",1,"Fixed","Vietnam","Sierra Wireless Airlink",,"LX60, AlEOS, EMEA",,,,,,,,,,,,,,,,,
718,,32,"LX60 4G/5G MODEM WITH DUAL ETHERNET","7H4043514701B101","1104046","09191",19/05/2025 00:00:00,,"20924-3",04/02/2025 00:00:00,,508.30,"Simon Teagle",,"Excellent",,0,,,,"xx_UKCEH_Wallingford","
item-011514",1,"Fixed","Vietnam","Sierra Wireless Airlink",,"LX60, AlEOS, EMEA",,,,,,,,,,,,,,,,,
719,,32,"LX60 4G/5G MODEM WITH DUAL ETHERNET","7H4043502001B101","1104046","09191",19/05/2025 00:00:00,,"20924-4",04/02/2025 00:00:00,,508.30,"Simon Teagle",,"Excellent",,0,,,,"xx_UKCEH_Wallingford","
item-011514",1,"Fixed","Vietnam","Sierra Wireless Airlink",,"LX60, AlEOS, EMEA",,,,,,,,,,,,,,,,,
720,,32,"Mains PSU Plug-Top","6508-03",,"09191",23/05/2025 00:00:00,,"22019",07/05/2025 00:00:00,,32.22,"Simon Teagle",,"Excellent",,0,,,,"xx_UKCEH_Wallingford",,3,"Fixed",,,,,,,,,,,,,,,,,,,,,
721,,24,"NR01 net rediation sensor","4897",,"09191",22/04/2025 00:00:00,,"20924-1",04/02/2025 00:00:00,,3191.75,"Simon Teagle",,"Excellent",,0,,,,"Tring Grange Farm",,1,"Fixed","Netherlands","Huskeflux",,"NR01",,,,,,,,,,,,,,,,"In test",
722,,32,"NR01 net rediation sensor","4889",,"09191",19/05/2025 00:00:00,,"20924-2",04/02/2025 00:00:00,,3191.75,"Simon Teagle",,"Excellent",,0,,,,"xx_UKCEH_Wallingford","Item 010504-005",1,"Fixed","Netherlands","Huskeflux",,"NR01",,,,,,,,,,,,,,,,,
723,,13,"NR01 net rediation sensor","4896",,"09191",19/05/2025 00:00:00,,"20924-4",04/02/2025 00:00:00,,3191.75,"Simon Teagle",,"Excellent",,0,,,,"Mill Farm, Chenies",,1,"Fixed","Netherlands","Huskeflux",,"NR01",,,,,,,"2m",,,,,,,,,"In test",
724,,12,"NR01","4888",,"09191",19/05/2025 00:00:00,,"20924-3",04/02/2025 00:00:00,,3191.75,"Simon Teagle",,"Excellent",,0,"Radiometer (4-component)",,,"Carreg Wen","Item 010504-005",1,"Field site infrastructure","Netherlands","Huskeflux",,"NR01",,,,,,,"2m",,"20cm",,"Radiometer",,"Cleaning of sensor faces",,,"In use",
725,,32,"Paddle Antenna","230008281","PWB-BC3G-38-RSMAP","09191",23/05/2025 00:00:00,,"22019",07/05/2025 00:00:00,,70.56,"Simon Teagle",,"Excellent",,0,,,,"xx_UKCEH_Wallingford","698-960/1710-3800Mhz TRM ANT RA SP",6,"Fixed","UK","Panorama Antennas Ltd",,,,,,,,,,,,,,,,," ",,
726,,32,"S2-411 NDVI UPWARD RADIOMETER C/W SDI-12 OUTPUT & 5M CABLE","1750",,"09191",19/05/2025 00:00:00,,"20924-2",04/02/2025 00:00:00,,623.90,"Simon Teagle",,"Excellent",,0,,,,"xx_UKCEH_Wallingford","Item 011455",1,"Fixed","USA","Apogee Instrument",,"S2-411",,,,,,,,,,,,,,,,,
727,,13,"S2-411 NDVI UPWARD RADIOMETER C/W SDI-12 OUTPUT & 5M CABLE","1707",,"09191",19/05/2025 00:00:00,,"20924-4",04/02/2025 00:00:00,,623.90,"Simon Teagle",,"Excellent",,0,"NDVI",,,"Mill Farm, Chenies",,1,"Fixed","USA","Apogee Instrument",,"S2-411",,,,,,,,,,,,,,,,"In test",
728,,24,"S2-411 NDVI UPWARD RADIOMETER C/W SDI-12 OUTPUT & 5M CABLE","1704",,"09191",22/04/2025 00:00:00,,"20924-1",04/02/2025 00:00:00,,623.90,"Simon Teagle",,"Excellent",,0,,,,"Tring Grange Farm",,1,"Fixed","USA","Apogee Instrument",,"S2-411",,,,,,,,,,,,,,,,"In test",
729,,32,"S2-411 NDVI UPWARD RADIOMETER C/W SDI-12 OUTPUT & 5M CABLE","1706",,"09191",19/05/2025 00:00:00,,"20924-3",04/02/2025 00:00:00,,623.90,"Simon Teagle",,"Excellent",,0,,,,"xx_UKCEH_Wallingford","Item 011455",1,"Fixed","USA","Apogee Instrument",,"S2-411",,,,,,,,,,,,,,,,,
730,,24,"S2-412 NDVI DOWNWARD RADIOMETER C/W SDI-12 OUTPUT & 5M CABLE","1931",,"09191",22/04/2025 00:00:00,,"20924-1",04/02/2025 00:00:00,,623.90,"Simon Teagle",,"Excellent",,0,,,,"Tring Grange Farm",,1,"Fixed","USA","Apogee Instrument",,"S2-412",,,,,,,,,,,,,,,,"In test",
731,,32,"S2-412 NDVI DOWNWARD RADIOMETER C/W SDI-12 OUTPUT & 5M CABLE","1932",,"09191",19/05/2025 00:00:00,,"20924-2",04/02/2025 00:00:00,,623.90,"Simon Teagle",,"Excellent",,0,,,,"xx_UKCEH_Wallingford","Item 011456",1,"Fixed","USA","Apogee Instrument",,"S2-412",,,,,,,,,,,,,,,,,
732,,32,"S2-412 NDVI DOWNWARD RADIOMETER C/W SDI-12 OUTPUT & 5M CABLE","1934",,"09191",19/05/2025 00:00:00,,"20924-4",04/02/2025 00:00:00,,623.90,"Simon Teagle",,"Excellent",,0,"NDVI",,,"xx_UKCEH_Wallingford",,1,"Fixed","USA","Apogee Instrument",,"S2-412",,,,,,,,,,,,,,,,"In test",
733,,32,"S2-412 NDVI DOWNWARD RADIOMETER C/W SDI-12 OUTPUT & 5M CABLE","1933",,"09191",19/05/2025 00:00:00,,"20924-3",04/02/2025 00:00:00,,623.90,"Simon Teagle",,"Excellent",,0,,,,"xx_UKCEH_Wallingford","Item 011456",1,"Fixed","USA","Apogee Instrument",,"S2-412",,,,,,,,,,,,,,,,,
734,,32,"SBS 500 Rain guage","251056",,"09191",22/05/2025 00:00:00,,"20924-1",04/02/2025 00:00:00,,784.98,"Simon Teagle",,"Excellent",,0,,,,"xx_UKCEH_Wallingford","Un-Heated C/W 6M cable
Item-010108",1,"Fixed",,"UK",,,,,,,,,,,,,,,,,,,
735,,32,"SBS 500 Rain guage","251057",,"09191",19/05/2025 00:00:00,,"20924-2",04/02/2025 00:00:00,,784.98,"Simon Teagle",,"Excellent",,0,,,,"xx_UKCEH_Wallingford","Un-Heated C/W 6M cable
Item-010108",1,"Fixed",,"UK",,,,,,,,,,,,,,,,,,,
736,,32,"SBS 500 Rain guage","251055",,"09191",19/05/2025 00:00:00,,"20924-3",04/02/2025 00:00:00,,784.98,"Simon Teagle",,"Excellent",,0,,,,"xx_UKCEH_Wallingford","Un-Heated C/W 6M cable
Item-010108",1,"Fixed",,"UK",,,,,,,,,,,,,,,,,,,
737,,32,"SBS 500 Rain guage","251058",,"09191",19/05/2025 00:00:00,,"20924-4",04/02/2025 00:00:00,,784.98,"Simon Teagle",,"Excellent",,0,,,,"xx_UKCEH_Wallingford","Un-Heated C/W 6M cable
Item-010108",1,"Fixed",,"UK",,,,,,,,,,,,,,,,,,,
738,,32,"Screw Mount Antenna","4981-01","2J7615B-868-100LL100-C20GGST","09191",23/05/2025 00:00:00,,"22019",07/05/2025 00:00:00,,32.22,"Simon Teagle",,"Excellent",,0,,,,"xx_UKCEH_Wallingford",,3,"Fixed",,,,,,,,,,,,,,,,,,,,,
739,,32,"SDM-CD16S DC control module ","1954",,"09191",19/05/2025 00:00:00,,"20924-3",04/02/2025 00:00:00,,,"Simon Teagle",,"Excellent",,0,,,,"xx_UKCEH_Wallingford","Part of Eddy covariance sys",1,"Fixed",,"USA",,"Campbell Scientific",,,,,,,,,,,,,,,,"Packed",
740,,32,"SDM-CD16S DC control module ","1953",,"09191",19/05/2025 00:00:00,,"20924-4",04/02/2025 00:00:00,,,"Simon Teagle",,"Excellent",,0,,,,"xx_UKCEH_Wallingford","Part of Eddy covariance sys",1,"Fixed",,"USA",,"Campbell Scientific",,,,,,,,,,,,,,,,,
741,,13,"SDM-CD16S DC control module ","1964",,"09191",19/05/2025 00:00:00,,"20924-2",04/02/2025 00:00:00,,,"Simon Teagle",,"Excellent",,0,,,,"Mill Farm, Chenies",,1,"Fixed",,"Campbell Scientific",,"SDM-CD16S",,,,,,,,,,,,,,,,"In test",
742,,24,"SI-411 Digital STD FOV Radiometer","10381","010977","09191",22/05/2025 00:00:00,,"20924-1",04/02/2025 00:00:00,,708.90,"Simon Teagle",,"Excellent",,0,,,,"Tring Grange Farm",,1,"Fixed","USA","Apogee Instrument",,"SI-411_SS",,,,,,05/03/2025 00:00:00,,,,,,,,,,"In test",
743,,32,"SI-411 Digital STD FOV Radiometer","10382","010977","09191",19/05/2025 00:00:00,,"20924-2",04/02/2025 00:00:00,,708.90,"Simon Teagle",,"Excellent",,0,,,,"xx_UKCEH_Wallingford","Item 010978",1,"Fixed","USA","Apogee Instrument",,"SI-411_SS",,,,,,05/03/2025 00:00:00,,,,,,,,,,,
744,,32,"SI-411 Digital STD FOV Radiometer","10384","010977","09191",19/05/2025 00:00:00,,"20924-4",04/02/2025 00:00:00,,708.90,"Simon Teagle",,"Excellent",,0,,,,"xx_UKCEH_Wallingford","Item 010979",1,"Fixed","USA","Apogee Instrument",,"SI-411_SS",,,,,,05/03/2025 00:00:00,,,,,,,,,,,
745,,32,"SI-411 Digital STD FOV Radiometer","10383","010977","09191",19/05/2025 00:00:00,,"20924-3",04/02/2025 00:00:00,,708.90,"Simon Teagle",,"Excellent",,0,,,,"xx_UKCEH_Wallingford","Item 010980",1,"Fixed","USA","Apogee Instrument",,"SI-411_SS",,,,,,05/03/2025 00:00:00,,,,,,,,,,,
746,,13,"SoilVUE10 Soil Moist0.5M 6 SENS 10M CAB","39470-002899",,"09191",22/05/2025 00:00:00,,"20924-1",04/02/2025 00:00:00,,1311.98,"Simon Teagle",,"Excellent",,0,,,,"Mill Farm, Chenies",,1,"Fixed",,"Campbell Scientific",,"Soilvue10 0.5M",,,,,,,,,,,,,,,,"In test",
747,,32,"SoilVUE10 Soil Moist0.5M 6 SENS 10M CAB","4214","33250","09191",19/05/2025 00:00:00,,"20924-2",04/02/2025 00:00:00,,1311.98,"Simon Teagle",,"Excellent",,0,,,,"xx_UKCEH_Wallingford","Item-009665-0101",1,"Fixed","USA","Campbell Scientific",,"Soilvue10 0.5M",,,,,,,,,,,,,,,,,
748,,32,"SoilVUE10 Soil Moist0.5M 6 SENS 10M CAB","4218","33250","09191",19/05/2025 00:00:00,,"20924-4",04/02/2025 00:00:00,,1311.98,"Simon Teagle",,"Excellent",,0,,,,"xx_UKCEH_Wallingford","Item-009665-0101",1,"Fixed","USA","Campbell Scientific",,"Soilvue10 0.5M",,,,,,,,,,,,,,,,,
749,,24,"SoilVUE10 Soil Moist0.5M 6 SENS 10M CAB","4216","33250","09191",19/05/2025 00:00:00,,"20924-3",04/02/2025 00:00:00,,1311.98,"Simon Teagle",,"Excellent",,0,,,,"Tring Grange Farm",,1,"Fixed",,"Campbell Scientific",,"Soilvue10 0.5M",,,,,,,,,,,,,,,,"In test",
750,,32,"Sonic Anemometer","2630",,"09191",19/05/2025 00:00:00,,"20924-3",04/02/2025 00:00:00,,,"Simon Teagle",,"Excellent",,0,,,,"xx_UKCEH_Wallingford","Part of Eddy covariance sys",1,"Fixed","USA","Campbell Scientific",,"Campbell Scientific",,,,,,,,,,,,,,,,,
751,,32,"Sonic Anemometer Head","2623",,"09191",19/05/2025 00:00:00,,"20924-2",04/02/2025 00:00:00,,,"Simon Teagle",,"Excellent",,0,,,,"xx_UKCEH_Wallingford","price included in CPEC310 CLOSE PATH EDDY COVARIANCE SYSTEM ",1,"Fixed","USA","Campbell Scientific",,,,,,,,,,,,,,,,,,,
752,,32,"Sonic Anemometer Head","2629",,"09191",19/05/2025 00:00:00,,"20924-4",04/02/2025 00:00:00,,,"Simon Teagle",,"Excellent",,0,,,,"xx_UKCEH_Wallingford","price included in CPEC310 CLOSE PATH EDDY COVARIANCE SYSTEM ",1,"Fixed","USA","Campbell Scientific",,,,,,,,,,,,,,,,,,,
753,,32,"Sub EC155 Heated Vortex Filter ",,"32203","09191",22/05/2025 00:00:00,,"20924-1",04/02/2025 00:00:00,,,"Simon Teagle",,"Excellent",,0,,,,"xx_UKCEH_Wallingford","price included in CPEC310 CLOSE PATH EDDY COVARIANCE SYSTEM ",2,"Fixed","USA","Campbell Scientific",,,,,,,,,,,,,,,,,,,
754,,32,"Sub EC155 Heated Vortex Filter ",,"32203","09191",19/05/2025 00:00:00,,"20924-2",04/02/2025 00:00:00,,,"Simon Teagle",,"Excellent",,0,,,,"xx_UKCEH_Wallingford","price included in CPEC310 CLOSE PATH EDDY COVARIANCE SYSTEM ",2,"Fixed","USA","Campbell Scientific",,,,,,,,,,,,,,,,,,,
755,,32,"Sub EC155 Heated Vortex Filter ",,"32203","09191",19/05/2025 00:00:00,,"20924-4",04/02/2025 00:00:00,,,"Simon Teagle",,"Excellent",,0,,,,"xx_UKCEH_Wallingford","price included in CPEC310 CLOSE PATH EDDY COVARIANCE SYSTEM ",2,"Fixed","USA","Campbell Scientific",,,,,,,,,,,,,,,,,,,
756,,32,"Sub EC155 Heated Vortex Filter ",,"32203","09191",19/05/2025 00:00:00,,"20924-3",04/02/2025 00:00:00,,,"Simon Teagle",,"Excellent",,0,,,,"xx_UKCEH_Wallingford","price included in CPEC310 CLOSE PATH EDDY COVARIANCE SYSTEM ",2,"Fixed","USA","Campbell Scientific",,,,,,,,,,,,,,,,,,,
757,,13,"TEROS 22 WATER POTENTIAL & TEMPERATURE PROBE C/W 10 METRE CABLE","T22-000002328",,"09191",,,,,,,"Simon Teagle",,"Excellent",,0,,,,"Mill Farm, Chenies",,1,"Fixed",,"Campbell Scientific",,,,,,,,,,,,,,,,,,"In test",
758,,13,"TEROS 22 WATER POTENTIAL & TEMPERATURE PROBE C/W 10 METRE CABLE","T22-000002319",,"09191",,,,,,,"Simon Teagle",,"Excellent",,0,,,,"Mill Farm, Chenies",,1,"Fixed",,"Campbell Scientific",,,,,,,,,,,,,,,,,,"In test",
759,,13,"TEROS 22 WATER POTENTIAL & TEMPERATURE PROBE C/W 10 METRE CABLE","T22-000002458",,"09191",,,,,,,"Simon Teagle",,"Excellent",,0,"Tensiometer",,,"Mill Farm, Chenies",,1,"Fixed",,"Campbell Scientific",,,,,,,,,,,,,,,,,,"In test",
760,,13,"TEROS 22 WATER POTENTIAL & TEMPERATURE PROBE C/W 10 METRE CABLE","T22-000002320",,"09191",,,,,,,"Simon Teagle",,"Excellent",,0,"Tensiometer",,,"Mill Farm, Chenies",,1,"Fixed",,"Campbell Scientific",,,,,,,,,,,,,,,,,,"In test",
761,,32,"TS-100 PORT ADAPTER & TA-001",,,"09191",22/05/2025 00:00:00,,"20924-1",04/02/2025 00:00:00,,28.90,"Simon Teagle",,"Excellent",,0,,,,"xx_UKCEH_Wallingford","Item-009024-001",1,"Fixed","Apogee Instruments","USA",,,,,,,,26/03/2025 00:00:00,,,,,,,,,,,
762,,32,"TS-100 PORT ADAPTER & TA-001",,,"09191",19/05/2025 00:00:00,,"20924-2",04/02/2025 00:00:00,,28.90,"Simon Teagle",,"Excellent",,0,,,,"xx_UKCEH_Wallingford","Item-009024-001",1,"Fixed","Apogee Instruments","USA",,,,,,,,26/03/2025 00:00:00,,,,,,,,,,,
763,,32,"TS-100 PORT ADAPTER & TA-001",,,"09191",19/05/2025 00:00:00,,"20924-4",04/02/2025 00:00:00,,28.90,"Simon Teagle",,"Excellent",,0,,,,"xx_UKCEH_Wallingford","Item-009024-001",1,"Fixed","Apogee Instruments","USA",,,,,,,,26/03/2025 00:00:00,,,,,,,,,,,
764,,32,"TS-100 PORT ADAPTER & TA-001",,,"09191",19/05/2025 00:00:00,,"20924-3",04/02/2025 00:00:00,,28.90,"Simon Teagle",,"Excellent",,0,,,,"xx_UKCEH_Wallingford","Item-009024-001",1,"Fixed","Apogee Instruments","USA",,,,,,,,26/03/2025 00:00:00,,,,,,,,,,,
765,,24,"TS-100-SS APOGEE ASPIRATED RADIATION SHIELD C/W 5 M CABLE","2915",,"09191",22/05/2025 00:00:00,,"20924-1",04/02/2025 00:00:00,,284.75,"Simon Teagle",,"Excellent",,0,,,,"Tring Grange Farm",,1,"Fixed","Apogee Instruments",,,,,,,,,28/11/2022 00:00:00,,,,,,,,,,"In test",
766,,18,"TS-100-SS APOGEE ASPIRATED RADIATION SHIELD C/W 5 M CABLE","2922",,"09191",19/05/2025 00:00:00,,"20924-2",04/02/2025 00:00:00,,284.75,"Simon Teagle",,"Excellent",,0,,,,"Foel Fadian","Item-009840",1,"Fixed","Apogee Instruments","USA",,,,,,,,28/11/2022 00:00:00,,,,,,,,,,,
767,,32,"TS-100-SS APOGEE ASPIRATED RADIATION SHIELD C/W 5 M CABLE","2925",,"09191",19/05/2025 00:00:00,,"20924-4",04/02/2025 00:00:00,,284.75,"Simon Teagle",,"Excellent",,0,,,,"xx_UKCEH_Wallingford","Item-009840",1,"Fixed","Apogee Instruments","USA",,,,,,,,28/11/2022 00:00:00,,,,,,,,,,,
768,,32,"TS-100-SS APOGEE ASPIRATED RADIATION SHIELD C/W 5 M CABLE","3508",,"09191",19/05/2025 00:00:00,,"20924-3",04/02/2025 00:00:00,,284.75,"Simon Teagle",,"Excellent",,0,,,,"xx_UKCEH_Wallingford","Item-009840",1,"Fixed","Apogee Instruments","USA",,,,,,,,28/11/2022 00:00:00,,,,,,,,,,,
769,,32,"UK Magnetic Sticker & Headlamp Converters Pack",,,"09191",27/05/2025 00:00:00,,,,,8.99,"Simon Teagle",,"Excellent",,0,,,,"xx_UKCEH_Wallingford",,1,"Consumable","UK","Halfords",,,,,,,,,,,,,,,,,,,
770,,32,"Warning Triangle",,,"09191",27/05/2025 00:00:00,,,,,8.00,"Simon Teagle",,"Excellent",,0,,,,"xx_UKCEH_Wallingford",,1,"Consumable","UK","Halfords",,,,,,,,,,,,,,,,,,,
771,0,32,"Super Watchdog HAT with UPS Battery Backupfor Raspberry Pi- Li-Ion",,"SM-I-003","09191",10/06/2025 00:00:00,,,,,37.86,"Simon Teagle",,"Excellent",,0,"Other",0,,"xx_UKCEH_Wallingford","Super Watchdog HAT with UPS Battery Backupfor Raspberry Pi- Li-Ion",5,,,"China",,,,,,"0",,,,,,,,,,,,,
773,0,11,"10A VICTRON SMARTSOLAR MPPT75-10 - 75VOC, PVCHARGE CONTROLLER - 12V, 24V BATTERY","HQ2341C4WDZ",,"09191",31/01/2025 00:00:00,"FDRI-F-REG-0125-001","10022299",,,37.20,"Simon Teagle",,"Excellent",,0,"Regulator",0,,"Hafren Forest - Severn Trap",,1,"Field site infrastructure",,"Victron",,"MPPT 75 10",,,,,,,,,,,,,,,,"In use",
774,0,11,"VICTRON SOLAR PANEL 215W-24V MONO1580X705X35MM SERIES 4B","24202430442185611100","SPM042152402","09191",31/01/2025 00:00:00,"FDRI-F-SOL-0125-001","10022299",,,96.00,"Simon Teagle",31/01/2025 00:00:00,"Excellent",,0,,0,,"Hafren Forest - Severn Trap",,1,"Field site infrastructure",,"Victron",,"215V Solar Panel",,,,"0",,,,,,,"Solar Panel",,,,,"In use",
775,0,11,"12V VICTRON LITHIUM SUPERPACK LIFEPO4 12.8V100AH BATTERY WITH INTEGRATED BMS AND SAFETYSWITCH (HIGH CURRENT DISCHARGE VERSION)","HQ2415DDVCJ",,"09191",31/01/2025 00:00:00,"FDRI-F-BAT-0125-001","10022299",,,388.40,"Simon Teagle",,"Excellent",,0,,0,,"Hafren Forest - Severn Trap",,1,"Field site infrastructure",,"Victron",,"LITHIUM SUPERPACK LIFEPO4 12.8V100AH",,,,,,,,,,,"Battery",,,,,"In use",
776,0,32,"Surfbee RTK BASE station (GPS only)",,,"09191",16/06/2025 00:00:00,"FDRI-M-SUR-0625-001","20386",06/12/2024 00:00:00,,2640.00,"Simon Teagle",,"Excellent",,0,"Antenna",0,,"xx_UKCEH_Wallingford",,1,"Mobile",,,,"BY610",,,,"0",,,,,,,"GMOUSE GNSS Antenna",,,"Requires MPHARD to get RTK to ADCP",,,
777,0,32,"MPCR5LEMO - Multiport cable RS5 GPS
ADCP Lemo
MPCR5LEMO - Multiport cable RS5 GPS ADCP Lemo connector","RS5L155",,"09191",16/06/2025 00:00:00,"FDRI-M-SUR-0625-002","20386",06/12/2024 00:00:00,,456.00,"Simon Teagle",,"Excellent",,0,"Other",0,,"xx_UKCEH_Wallingford",,1,"Mobile",,,,"MPCRS5LEMO",,,,"0",,20/02/2025 00:00:00,,,,,,,,"price including VAT",,,
778,0,32,"Fluke 376FC Clamp Meter","67790723WS",,"09191",13/05/2025 00:00:00,"FDRI-M-CLA-0525-001",,,,384.95,"Simon Teagle",,"Excellent",,0,,0,,"xx_UKCEH_Wallingford",,1,"Mobile",,,,,,,,"0",,,,,,,,,,,,,
779,0,32,"Fluke 115 / TLK-225 Multimeter","64712276WS",,"09191",06/06/2024 00:00:00,"FDRI-M-MUL-0624-001",,,,,"Simon Teagle",,"Excellent",,0,,0,,"xx_UKCEH_Wallingford",,1,"Mobile",,,,,,,,"0",,,,,,,,,,,,,
780,0,32,"SOLINST WATER LEVEL METER DIPTONE REEL MODEL 101 P7 100m","556946",,"09191",29/05/2025 00:00:00,"FDRI-M-DIP-0525-001",,,,596.00,"Simon Teagle",,"Excellent",,0,,0,,"xx_UKCEH_Wallingford",,1,"Fixed",,,,,,,,"0",,,,,,,,,,,,,
781,0,32,"Soil smart series_Soil VWC-EC_Temp Sensor","19009015","TDR-305N.10","09191",20/06/2025 00:00:00,"FDRI_F_TDR-0625-001","22456",25/06/2025 00:00:00,,212.00,"Simon Teagle",,"Excellent",,0,"Other",0,,"xx_UKCEH_Wallingford",,1,"Field site infrastructure",,"US",,,,,,"0",,,,,,,,,,,,,
782,0,32,"Soil smart series_Soil VWC-EC_Temp Sensor","19009072","TDR-305N.10","09191",20/06/2025 00:00:00,"FDRI_F_TDR-0625-002","22456",25/06/2025 00:00:00,"",212.00,"Simon Teagle",,"Excellent",,0,"Other",0,"","xx_UKCEH_Wallingford","",1,"Field site infrastructure",,"US",,"","","","","0","",,"","","","","","","","","",,
783,0,32,"Soil smart series_Soil VWC-EC_Temp Sensor","19009016","TDR-305N.10","09191",20/06/2025 00:00:00,"FDRI_F_TDR-0625-003","22456",25/06/2025 00:00:00,"",212.00,"Simon Teagle",,"Excellent",,0,"Other",0,"","xx_UKCEH_Wallingford","",1,"Field site infrastructure",,"US",,"","","","","0","",,"","","","","","","","","",,
784,0,32,"Soil smart series_Soil VWC-EC_Temp Sensor","19008900","TDR-305N.10","09191",20/06/2025 00:00:00,"FDRI_F_TDR-0625-004","22456",25/06/2025 00:00:00,"",212.00,"Simon Teagle",,"Excellent",,0,"Other",0,"","xx_UKCEH_Wallingford","",1,"Field site infrastructure",,"US",,"","","","","0","",,"","","","","","","","","",,
785,0,32,"Soil smart series_Soil VWC-EC_Temp Sensor","19009074","TDR-305N.10","09191",20/06/2025 00:00:00,"FDRI_F_TDR-0625-005","22456",25/06/2025 00:00:00,"",212.00,"Simon Teagle",,"Excellent",,0,"Other",0,"","xx_UKCEH_Wallingford","",1,"Field site infrastructure",,"US",,"","","","","0","",,"","","","","","","","","",,
786,0,32,"Soil smart series_Soil VWC-EC_Temp Sensor","19008719","TDR-305N.10","09191",20/06/2025 00:00:00,"FDRI_F_TDR-0625-006","22456",25/06/2025 00:00:00,"",212.00,"Simon Teagle",,"Excellent",,0,"Other",0,"","xx_UKCEH_Wallingford","",1,"Field site infrastructure",,"US",,"","","","","0","",,"","","","","","","","","",,
787,0,32,"Soil smart series_Soil VWC-EC_Temp Sensor","19008718","TDR-305N.10","09191",20/06/2025 00:00:00,"FDRI_F_TDR-0625-007","22456",25/06/2025 00:00:00,"",212.00,"Simon Teagle",,"Excellent",,0,"Other",0,"","xx_UKCEH_Wallingford","",1,"Field site infrastructure",,"US",,"","","","","0","",,"","","","","","","","","",,
788,0,32,"Soil smart series_Soil VWC-EC_Temp Sensor","19008813","TDR-305N.10","09191",20/06/2025 00:00:00,"FDRI_F_TDR-0625-008","22456",25/06/2025 00:00:00,"",212.00,"Simon Teagle",,"Excellent",,0,"Other",0,"","xx_UKCEH_Wallingford","",1,"Field site infrastructure",,"US",,"","","","","0","",,"","","","","","","","","",,
789,0,32,"Soil smart series_Soil VWC-EC_Temp Sensor","19008790","TDR-305N.10","09191",20/06/2025 00:00:00,"FDRI_F_TDR-0625-009","22456",25/06/2025 00:00:00,"",212.00,"Simon Teagle",,"Excellent",,0,"Other",0,"","xx_UKCEH_Wallingford","",1,"Field site infrastructure",,"US",,"","","","","0","",,"","","","","","","","","",,
790,0,32,"Soil smart series_Soil VWC-EC_Temp Sensor","19008788","TDR-305N.10","09191",20/06/2025 00:00:00,"FDRI_F_TDR-0625-010","22456",25/06/2025 00:00:00,"",212.00,"Simon Teagle",,"Excellent",,0,"Other",0,"","xx_UKCEH_Wallingford","",1,"Field site infrastructure",,"US",,"","","","","0","",,"","","","","","","","","",,
791,0,12,"RainE LP","H2234B.0001",,"09191",01/05/2025 00:00:00,,,,,1239.75,"Simon Teagle",,"Excellent",,0,"Rain gauge",0,,"Carreg Wen",,1,"Field site infrastructure",,"Lambrecht",,"RainE LP",,,,"0",,,,,,,"RainE",,"Cleaning of filter",,,,
792,0,12,"HMP155","X1323793",,"09191",,,,,,,"Simon Teagle",,"Excellent",,0,"RH TA",0,,"Carreg Wen",,1,"Field site infrastructure",,"Vaisala",,"HMP155",,,,"0",,,,,,,,,,,,,
793,0,12,"10A VICTRON SMARTSOLAR MPPT75-10 - 75VOC, PVCHARGE CONTROLLER - 12V, 24V BATTERY","HQ2341C2ZCH",,"09191",,,,,,,"Simon Teagle",,"Excellent",,0,"Regulator",0,,"Carreg Wen",,1,"Field site infrastructure",,"Victron",,"MPPT 75 10",,,,"0",,,,,,,,,,,,,
794,0,12,"TS100 Aspiration Radiation Shield W/ 5m Cable","3602",,"09191",,,,,,,"Simon Teagle",,"Excellent",,0,"Other",0,,"Carreg Wen",,1,"Field site infrastructure",,"Apogee",,"TS100SS",,,,"0",,,,,,,"Fan Aspirated Screen",,,,,,
795,0,,"CR1000XE","70683",,"09191",,,,,,,"Simon Teagle",,"Excellent",,0,"Logger",0,,"Bangor",,1,,,,,,,,,"0",,,,,,,,,,,,,
797,0,12,"VICTRON SOLAR PANEL  MONO1580X705X35MM SERIES 4B",,,"09191",,,,,,,"Simon Teagle",,"Excellent",,0,"Power system",0,,"Carreg Wen","Solar panel mounted on A frame",1,"Field site infrastructure",,"Victron",,"215v Solar Panel",,,,"0",,,,,,,"Solar Panel",,,,,,
798,0,12,"Antenna",,,"09191",,,,,,,"Simon Teagle",,"Excellent",,0,"Antenna",0,,"Carreg Wen",,1,"Field site infrastructure",,,,,,,,"0",,,"1.5m",,,,,,,,,,
799,0,12,"Conexa Sim Card","89444611503504499490",,"09191",,,,,,,"Simon Teagle",,"Excellent",,0,"Other",0,,"Carreg Wen",,1,"Field site infrastructure",,"Wireless Logic",,"Conexa Sim Card",,,,"0",,,,,,,"Sim Card",,,"ICCID: 89444611503504499490",,,
800,0,12,"Raspberry PI Camera East",,,"09191",01/06/2025 00:00:00,,,,,500.00,"Simon Teagle",,"Excellent",,0,"PhenoCam",0,,"Carreg Wen","East Camera at site, facing west",1,"Field site infrastructure",,"Raspberry Pi",,"4B",,,,"0",,,"1.2m",,,,"Pi Camera",,,,,,
801,0,12,"Raspberry PI Camera West",,,"09191",,,,,,500.00,"Simon Teagle",,"Excellent",,0,"PhenoCam",0,,"Carreg Wen","West camera at site, facing east",1,"Field site infrastructure",,"Raspberry Pi",,"4B",,,,"0",,,"1.2m",,"20cm",,"Pi Camera",,,,,,
802,0,32,"Saleae Logic Pro 8",,,"09191",28/07/2025 00:00:00,,,17/07/2025 00:00:00,,493.00,"Simon Teagle",,"Excellent",,0,"Other",0,,"xx_UKCEH_Wallingford",,1,,,,,,,,,"0",,,,,,,,,,,,,
803,0,32,"PRIME AOB V2 NO IO 19"" RXWith PRIME UC V2 C/W PANEL ASY","PRIME2015:6E",,"09191",04/08/2025 00:00:00,,"21908",16/04/2025 00:00:00,,7118.00,"Simon Teagle",,"Excellent",,0,,0,,"xx_UKCEH_Wallingford",,1,,,,,,,,,"0",,,,,,,,,,,,,
804,0,32,"PRIME AOB V2 NO IO 19"" RXWith PRIME UC V2 C/W PANEL ASY","PRIME2015:6F",,"09191",04/08/2025 00:00:00,,"21908",16/04/2025 00:00:00,,7118.00,"Simon Teagle",,"Excellent",,0,,0,,"xx_UKCEH_Wallingford",,1,,,,,,,,,"0",,,,,,,,,,,,,
805,0,32,"PRIME IO V2 ASSY",,,"09191",04/08/2025 00:00:00,,"21908",16/04/2025 00:00:00,,759.30,"Simon Teagle",,"Excellent",,0,,0,,"xx_UKCEH_Wallingford",,36,,,,,,,,,"0",,,,,,,,,,,,,
807,0,32,"Solar power meter","2024060239","296-880","09191",07/08/2025 00:00:00,,"PO-23097",05/08/2025 00:00:00,,144.67,"Simon Teagle",,"Excellent",,0,"Other",0,,"xx_UKCEH_Wallingford",,1,,,"Taiwan",,"Sefram9858",,,,"0",,,,,,,,,,,,,
808,0,32,"Styx Neutronica CRNS-Datalogger (inc GSM/LTE modem)","Z003-0097","-","09191",22/09/2025 00:00:00,,"22891",19/07/2025 00:00:00,,,"Simon Teagle",,"Excellent",,0,,0,,"xx_UKCEH_Wallingford",,1,,,,,,,,,"0",,,,,,,,,,"Part of Cosmic-Ray Neutron Detector System
S1+ (stationary)",,"In test",
809,0,32,"Kisters HyQuant V",,,"09191",16/05/2025 00:00:00,,,,,3000.00,"Simon Teagle",,"Excellent",,0,"Other",0,,"xx_UKCEH_Wallingford","Kisters HyQuant V velocity sensor",1,,,,,,,,,"0",,,,,,,,,,,,,
812,0,32,"Zarges Box 550x350x380",,,,,,,,,,,,"Excellent",,0,,0,,"xx_UKCEH_Wallingford",,0,,,,,,,,,"0",,,,,,,,,,,,,
813,0,32,"Zarges Box 550x350x380",,,,,,,,,,,,"Excellent",,0,,0,,"xx_UKCEH_Wallingford",,1,,,,,,,,,"0",,,,,,,,,,,,,
814,0,32,"Zarges Box 550x350x380",,,,,,,,,,,,"Excellent",,0,,0,,"xx_UKCEH_Wallingford",,1,,,,,,,,,"0",,,,,,,,,,,,,
815,0,32,"Zarges Box 550x350x380",,,,,,,,,,,,"Excellent",,0,,0,,"xx_UKCEH_Wallingford",,1,,,,,,,,,"0",,,,,,,,,,,,,
816,0,32,"Zarges Box 550x350x380",,,,,,,,,,,,"Excellent",,0,,0,,"xx_UKCEH_Wallingford",,1,,,,,,,,,"0",,,,,,,,,,,,,
817,0,32,"Zarges Box 550x350x380",,,,,,,,,,,,"Excellent",,0,,0,,"xx_UKCEH_Wallingford",,1,,,,,,,,,"0",,,,,,,,,,,,,
818,0,32,"Zarges Box 550x350x380",,,,,,,,,,,,"Excellent",,0,,0,,"xx_UKCEH_Wallingford",,1,,,,,,,,,"0",,,,,,,,,,,,,
819,0,32,"Zarges Box 550x350x380",,,,,,,,,,,,"Excellent",,0,,0,,"xx_UKCEH_Wallingford",,1,,,,,,,,,"0",,,,,,,,,,,,,
820,0,32,"Zarges Box 550x350x380",,,,,,,,,,,,"Excellent",,0,,0,,"xx_UKCEH_Wallingford",,1,,,,,,,,,"0",,,,,,,,,,,,,
821,0,32,"Zarges Box 550x350x380",,,,,,,,,,,,"Excellent",,0,,0,,"xx_UKCEH_Wallingford",,1,,,,,,,,,"0",,,,,,,,,,,,,
822,0,32,"Zarges Box 550x350x380",,,,,,,,,,,,"Excellent",,0,,0,,"xx_UKCEH_Wallingford",,1,,,,,,,,,"0",,,,,,,,,,,,,
823,0,32,"Zarges Box 550x350x380",,,,,,,,,,,,"Excellent",,0,,0,,"xx_UKCEH_Wallingford",,1,,,,,,,,,"0",,,,,,,,,,,,,
824,0,32,"Zarges Box 550x350x380",,,,,,,,,,,,"Excellent",,0,,0,,"xx_UKCEH_Wallingford",,1,,,,,,,,,"0",,,,,,,,,,,,,
825,0,32,"Gas Cage",,,"09191",,,,,,,"Simon Teagle",,"Excellent",,0,,0,,"xx_UKCEH_Wallingford",,1,,,,,,,,,"0",,,,,,,,,,,,,
826,0,32,"Gas Cage",,,"09191",,,,,,,"Simon Teagle",,"Excellent",,0,,0,,"xx_UKCEH_Wallingford",,1,,,,,,,,,"0",,,,,,,,,,,,,
827,0,32,"Zarges Box 550x350x380",,,,,,,,,,,,"Excellent",,0,,0,,"xx_UKCEH_Wallingford",,1,,,,,,,,,"0",,,,,,,,,,,,,
828,0,32,"Gas Cage",,,"09191",,,,,,,"Simon Teagle",,"Excellent",,0,,0,,"xx_UKCEH_Wallingford",,1,,,,,,,,,"0",,,,,,,,,,,,,
829,0,32,"Zarges Box 550x350x380",,,,,,,,,,,,"Excellent",,0,,0,,"xx_UKCEH_Wallingford",,1,,,,,,,,,"0",,,,,,,,,,,,,
830,0,32,"Gas Cage",,,"09191",,,,,,,"Simon Teagle",,"Excellent",,0,,0,,"xx_UKCEH_Wallingford",,1,,,,,,,,,"0",,,,,,,,,,,,,
831,0,32,"Zarges Box 550x350x380",,,,,,,,,,,,"Excellent",,0,,0,,"xx_UKCEH_Wallingford",,1,,,,,,,,,"0",,,,,,,,,,,,,
832,0,32,"Gas Cage",,,"09191",,,,,,,"Simon Teagle",,"Excellent",,0,,0,,"xx_UKCEH_Wallingford",,1,,,,,,,,,"0",,,,,,,,,,,,,
833,0,32,"Zarges Box 550x350x380",,,,,,,,,,,,"Excellent",,0,,0,,"xx_UKCEH_Wallingford",,1,,,,,,,,,"0",,,,,,,,,,,,,
834,0,32,"Gas Cage",,,,,,,,,,,,"Excellent",,0,,0,,"xx_UKCEH_Wallingford",,0,,,,,,,,,"0",,,,,,,,,,,,,
835,0,32,"Zarges Box 550x350x380",,,,,,,,,,,,"Excellent",,0,,0,,"xx_UKCEH_Wallingford",,1,,,,,,,,,"0",,,,,,,,,,,,,
836,0,32,"Gas Cage",,,"09191",,,,,,,"Simon Teagle",,"Excellent",,0,,0,,"xx_UKCEH_Wallingford",,1,,,,,,,,,"0",,,,,,,,,,,,,
837,0,32,"Zarges Box 550x350x380",,,,,,,,,,,,"Excellent",,0,,0,,"xx_UKCEH_Wallingford",,1,,,,,,,,,"0",,,,,,,,,,,,,
838,0,32,"Zarges Box 550x350x380",,,,,,,,,,,,"Excellent",,0,,0,,"xx_UKCEH_Wallingford",,1,,,,,,,,,"0",,,,,,,,,,,,,
839,0,32,"Gas Cage",,,"09191",,,,,,,"Simon Teagle",,"Excellent",,0,,0,,"xx_UKCEH_Wallingford",,1,,,,,,,,,"0",,,,,,,,,,,,,
840,0,32,"Zarges Box 550x350x380",,,,,,,,,,,,"Excellent",,0,,0,,"xx_UKCEH_Wallingford",,1,,,,,,,,,"0",,,,,,,,,,,,,
841,0,32,"Gas Cage",,,"09191",,,,,,,"Simon Teagle",,"Excellent",,0,,0,,"xx_UKCEH_Wallingford",,1,,,,,,,,,"0",,,,,,,,,,,,,
842,0,32,"Zarges Box 550x350x380",,,,,,,,,,,,"Excellent",,0,,0,,"xx_UKCEH_Wallingford",,1,,,,,,,,,"0",,,,,,,,,,,,,
843,0,32,"Gas Cage",,,,,,,,,,,,"Excellent",,0,,0,,"xx_UKCEH_Wallingford",,0,,,,,,,,,"0",,,,,,,,,,,,,
844,0,32,"Zarges Box 550x350x380",,,,,,,,,,,,"Excellent",,0,,0,,"xx_UKCEH_Wallingford",,1,,,,,,,,,"0",,,,,,,,,,,,,
845,0,32,"Gas Cage",,,"09191",,,,,,,"Simon Teagle",,"Excellent",,0,,0,,"xx_UKCEH_Wallingford",,1,,,,,,,,,"0",,,,,,,,,,,,,
846,0,32,"Zarges Box 550x350x380",,,,,,,,,,,,"Excellent",,0,,0,,"xx_UKCEH_Wallingford",,1,,,,,,,,,"0",,,,,,,,,,,,,
847,0,32,"Gas Cage",,,"09191",,,,,,,"Simon Teagle",,"Excellent",,0,,0,,"xx_UKCEH_Wallingford",,1,,,,,,,,,"0",,,,,,,,,,,,,
848,0,32,"Zarges Box 550x350x380",,,,,,,,,,,,"Excellent",,0,,0,,"xx_UKCEH_Wallingford",,1,,,,,,,,,"0",,,,,,,,,,,,,
849,0,32,"Gas Cage",,,"09191",,,,,,,"Simon Teagle",,"Excellent",,0,,0,,"xx_UKCEH_Wallingford",,1,,,,,,,,,"0",,,,,,,,,,,,,
850,0,32,"Gas Cage",,,,,,,,,,,,"Excellent",,0,,0,,"xx_UKCEH_Wallingford",,0,,,,,,,,,"0",,,,,,,,,,,,,
851,0,32,"Zarges Box 550x350x380",,,,,,,,,,,,"Excellent",,0,,0,,"xx_UKCEH_Wallingford",,1,,,,,,,,,"0",,,,,,,,,,,,,
852,0,32,"Zarges Box 550x350x380",,,,,,,,,,,,"Excellent",,0,,0,,"xx_UKCEH_Wallingford",,1,,,,,,,,,"0",,,,,,,,,,,,,
853,0,32,"Zarges Box 550x350x380",,,,,,,,,,,,"Excellent",,0,,0,,"xx_UKCEH_Wallingford",,1,,,,,,,,,"0",,,,,,,,,,,,,
854,0,32,"Zarges Box 550x350x380",,,,,,,,,,,,"Excellent",,0,,0,,"xx_UKCEH_Wallingford",,1,,,,,,,,,"0",,,,,,,,,,,,,
855,0,32,"Gas Cage",,,,,,,,,,,,"Excellent",,0,,0,,"xx_UKCEH_Wallingford",,0,,,,,,,,,"0",,,,,,,,,,,,,
856,0,32,"Zarges Box 550x350x380",,,,,,,,,,,,"Excellent",,0,,0,,"xx_UKCEH_Wallingford",,1,,,,,,,,,"0",,,,,,,,,,,,,
857,0,32,"Barometric Pressure Transfer Standard","X3140159",,"09191",,,,,,,"Simon Teagle",,"Excellent",,0,,0,,"xx_UKCEH_Wallingford",,1,,,,,,,,,"0",,,,,,,,,,,,,
858,0,32,"Zarges Box 550x350x380",,,,,,,,,,,,"Excellent",,0,,0,,"xx_UKCEH_Wallingford",,1,,,,,,,,,"0",,,,,,,,,,,,,
859,0,32,"Zarges Box 550x350x380",,,,,,,,,,,,"Excellent",,0,,0,,"xx_UKCEH_Wallingford",,1,,,,,,,,,"0",,,,,,,,,,,,,
860,0,32,"Zarges Box 550x350x380",,,,,,,,,,,,"Excellent",,0,,0,,"xx_UKCEH_Wallingford",,1,,,,,,,,,"0",,,,,,,,,,,,,
861,0,32,"Zarges Box 550x350x380",,,,,,,,,,,,"Excellent",,0,,0,,"xx_UKCEH_Wallingford",,1,,,,,,,,,"0",,,,,,,,,,,,,
862,0,32,"Zarges Box 550x350x380",,,,,,,,,,,,"Excellent",,0,,0,,"xx_UKCEH_Wallingford",,1,,,,,,,,,"0",,,,,,,,,,,,,
863,0,32,"Zarges Box 550x350x380",,,,,,,,,,,,"Excellent",,0,,0,,"xx_UKCEH_Wallingford",,1,,,,,,,,,"0",,,,,,,,,,,,,
864,0,32,"Zarges Box 550x350x380",,,,,,,,,,,,"Excellent",,0,,0,,"xx_UKCEH_Wallingford",,1,,,,,,,,,"0",,,,,,,,,,,,,
865,0,32,"Zarges Box 550x350x380",,,,,,,,,,,,"Excellent",,0,,0,,"xx_UKCEH_Wallingford",,1,,,,,,,,,"0",,,,,,,,,,,,,
866,0,32,"Zarges Box 550x350x380",,,,,,,,,,,,"Excellent",,0,,0,,"xx_UKCEH_Wallingford",,1,,,,,,,,,"0",,,,,,,,,,,,,
867,0,32,"AM-250 Apogee Mounting Arm",,,"09191",,,"CCSL030278",,,,"Simon Teagle",,"Excellent",,0,,0,,"xx_UKCEH_Wallingford",,1,,,,,,,,,"0",,,,,,,,,,,,,
868,0,32,"AM-250 Apogee Mounting Arm",,,"09191",,,"CCSL030278",,,,"Simon Teagle",,"Excellent",,0,,0,,"xx_UKCEH_Wallingford",,1,,,,,,,,,"0",,,,,,,,,,,,,
869,0,32,"AM-250 Apogee Mounting Arm",,,"09191",,,"CCSL030278",,,,"Simon Teagle",,"Excellent",,0,,0,,"xx_UKCEH_Wallingford",,1,,,,,,,,,"0",,,,,,,,,,,,,
870,0,32,"AM-250 Apogee Mounting Arm",,,"09191",,,"CCSL030278",,,,"Simon Teagle",,"Excellent",,0,,0,,"xx_UKCEH_Wallingford",,1,,,,,,,,,"0",,,,,,,,,,,,,
871,0,32,"AM-250 Apogee Mounting Arm",,,"09191",,,"CCSL030278",,,,"Simon Teagle",,"Excellent",,0,,0,,"xx_UKCEH_Wallingford",,1,,,,,,,,,"0",,,,,,,,,,,,,
872,0,32,"AM-250 Apogee Mounting Arm",,,"09191",,,"CCSL030278",,,,"Simon Teagle",,"Excellent",,0,,0,,"xx_UKCEH_Wallingford",,1,,,,,,,,,"0",,,,,,,,,,,,,
873,0,32,"Karcher Hoover",,,"09191",,,,,,,"Simon Teagle",,"Excellent",,0,,0,,"xx_UKCEH_Wallingford",,1,,,,,,,,,"0",,,,,,,,,,,,,
874,0,32,"Campbell Enclosure Large",,,"09191",,,,,,,"Simon Teagle",,,,0,,0,,"xx_UKCEH_Wallingford",,1,,,,,,,,,"0",,,,,,,,,,,,,
875,0,32,"Campbell Enclosure Large",,,"09191",,,,,,,"Simon Teagle",,"Excellent",,0,,0,,"xx_UKCEH_Wallingford",,1,,,,,,,,,"0",,,,,,,,,,,,,
876,0,32,"Campbell Enclosure Medium",,,"09191",,,,,,,"Simon Teagle",,"Excellent",,0,,0,,"xx_UKCEH_Wallingford",,1,,,,,,,,,"0",,,,,,,,,,,,,
877,0,32,"Campbell Enclosure Large",,,,,,,,,,,,"Excellent",,0,,0,,"xx_UKCEH_Wallingford",,1,,,,,,,,,"0",,,,,,,,,,,,,
878,0,32,"Campbel Enclosure Small",,,"09191",,,,,,,"Simon Teagle",,"Excellent",,0,,0,,"xx_UKCEH_Wallingford",,1,,,,,,,,,"0",,,,,,,,,,,,,
879,0,32,"Campbell Enclosure Medium",,,"09191",,,,,,,"Simon Teagle",,"Excellent",,0,,0,,"xx_UKCEH_Wallingford",,1,,,,,,,,,"0",,,,,,,,,,,,,
880,0,32,"Campbell Enclosure Small",,,"09191",,,,,,,"Simon Teagle",,"Excellent",,0,,0,,"xx_UKCEH_Wallingford",,1,,,,,,,,,"0",,,,,,,,,,,,,
881,0,32,"Campbell Enclosure Medium",,,"09191",,,,,,,"Simon Teagle",,"Excellent",,0,,0,,"xx_UKCEH_Wallingford",,1,,,,,,,,,"0",,,,,,,,,,,,,
882,0,32,"Campbell Enclosure Small",,,"09191",,,,,,,"Simon Teagle",,"Excellent",,0,,0,,"xx_UKCEH_Wallingford",,1,,,,,,,,,"0",,,,,,,,,,,,,
883,0,32,"Campbell Enclosure Medium",,,"09191",,,,,,,"Simon Teagle",,"Excellent",,0,,0,,"xx_UKCEH_Wallingford",,1,,,,,,,,,"0",,,,,,,,,,,,,
884,0,32,"Campbell Enclosure Small",,,"09191",,,,,,,"Simon Teagle",,"Excellent",,0,,0,,"xx_UKCEH_Wallingford",,1,,,,,,,,,"0",,,,,,,,,,,,,
885,0,32,"Campbell Enclosure Medium",,,"09191",,,,,,,"Simon Teagle",,"Excellent",,0,,0,,"xx_UKCEH_Wallingford",,1,,,,,,,,,"0",,,,,,,,,,,,,
886,0,32,"Campbell Enclosure Small",,,"09191",,,,,,,"Simon Teagle",,"Excellent",,0,,0,,"xx_UKCEH_Wallingford",,1,,,,,,,,,"0",,,,,,,,,,,,,
887,0,32,"Campbell Enclosure Medium",,,"09191",,,,,,,"Simon Teagle",,"Excellent",,0,,0,,"xx_UKCEH_Wallingford",,1,,,,,,,,,"0",,,,,,,,,,,,,
888,0,32,"Campbell Enclosure Small",,,"09191",,,,,,,"Simon Teagle",,"Excellent",,0,,0,,"xx_UKCEH_Wallingford",,1,,,,,,,,,"0",,,,,,,,,,,,,
889,0,32,"Campbell Enclosure Medium",,,"09191",,,,,,,"Simon Teagle",,"Excellent",,0,,0,,"xx_UKCEH_Wallingford",,1,,,,,,,,,"0",,,,,,,,,,,,,
890,0,32,"Campbell Enclosure Small",,,"09191",,,,,,,"Simon Teagle",,"Excellent",,0,,0,,"xx_UKCEH_Wallingford",,1,,,,,,,,,"0",,,,,,,,,,,,,
891,0,32,"Campbell Enclosure Medium",,,"09191",,,,,,,"Simon Teagle",,"Excellent",,0,,0,,"xx_UKCEH_Wallingford",,1,,,,,,,,,"0",,,,,,,,,,,,,
892,0,32,"Meter Teros 32","T32 05845",,"09191",,,,,,,"Simon Teagle",,"Excellent",,0,,0,,"xx_UKCEH_Wallingford",,1,,,,,,,,,"0",,,,,,,,,,,,,
893,0,32,"Campbell Enclosure Medium",,,"09191",,,,,,,"Simon Teagle",,"Excellent",,0,,0,,"xx_UKCEH_Wallingford",,1,,,,,,,,,"0",,,,,,,,,,,,,
894,0,32,"Campbell Enclosure Medium",,,"09191",,,,,,,"Simon Teagle",,"Excellent",,0,,0,,"xx_UKCEH_Wallingford",,1,,,,,,,,,"0",,,,,,,,,,,,,
895,0,32,"Campbell Enclosure Medium",,,"09191",,,,,,,"Simon Teagle",,"Excellent",,0,,0,,"xx_UKCEH_Wallingford",,1,,,,,,,,,"0",,,,,,,,,,,,,
896,0,32,"Meter Teros 32",,,"09191",,,,,,,"Simon Teagle",,"Excellent",,0,,0,,"xx_UKCEH_Wallingford",,1,,,,,,,,,"0",,,,,,,,,,,,,
897,0,32,"Kisters Hyquant Cable",,,"09191",,,,,,,"Simon Teagle",,"Excellent",,0,,0,,"xx_UKCEH_Wallingford",,1,,,,,,,,,"0",,,,,,,,,,,,,
898,0,32,"Kisters Hyqaunt Cable",,,"09191",,,,,,,"Simon Teagle",,"Excellent",,0,,0,,"xx_UKCEH_Wallingford",,1,,,,,,,,,"0",,,,,,,,,,,,,
899,0,32,"Planet PoE Injector","AH800325300377",,"09191",,,,,,,"Simon Teagle",,"Excellent",,0,,0,,"xx_UKCEH_Wallingford",,1,,,,,,,,,"0",,,,,,,,,,,,,
900,0,32,"Planet PoE Injector","AH80032500347",,"09191",,,,,,,"Simon Teagle",,"Excellent",,0,,0,,"xx_UKCEH_Wallingford",,1,,,,,,,,,"0",,,,,,,,,,,,,
901,0,32,"Planet PoE Injector","AH80032500236",,"09191",,,,,,,"Simon Teagle",,"Excellent",,0,,0,,"xx_UKCEH_Wallingford",,1,,,,,,,,,"0",,,,,,,,,,,,,
902,0,32,"Planet PoE Injector","AH800325300225",,"09191",,,,,,,"Simon Teagle",,"Excellent",,0,,0,,"xx_UKCEH_Wallingford",,1,,,,,,,,,"0",,,,,,,,,,,,,
903,0,32,"Planet PoE Injector","AH80032500229",,"09191",,,,,,,"Simon Teagle",,"Excellent",,0,,0,,"xx_UKCEH_Wallingford",,1,,,,,,,,,"0",,,,,,,,,,,,,
904,0,32,"Planet PoE injector","AH800325300233",,"09191",,,,,,,"Simon Teagle",,"Excellent",,0,,0,,"xx_UKCEH_Wallingford",,1,,,,,,,,,"0",,,,,,,,,,,,,
905,0,32,"Planet PoE injector","AH800325300226",,"09191",,,,,,,"Simon Teagle",,"Excellent",,0,,0,,"xx_UKCEH_Wallingford",,1,,,,,,,,,"0",,,,,,,,,,,,,
906,0,32,"Planet PoE Injector","AH80032500221",,"09191",,,,,,,"Simon Teagle",,"Excellent",,0,,0,,"xx_UKCEH_Wallingford",,1,,,,,,,,,"0",,,,,,,,,,,,,
907,0,32,"Victron MPPT 75 15","HQ2435EH3YX",,"09191",,,,,,,"Simon Teagle",,"Excellent",,0,,0,,"xx_UKCEH_Wallingford","PIN:863328",1,,,,,,,,,"0",,,,,,,,,,,,,
908,0,32,"Planet PoE","AH80032500222",,"09191",,,,,,,"Simon Teagle",,"Excellent",,0,,0,,"xx_UKCEH_Wallingford",,1,,,,,,,,,"0",,,,,,,,,,,,,
909,0,32,"Victron MPPT 75 15","HQ2450WVCTY",,"09191",,,,,,,"Simon Teagle",,"Excellent",,0,,0,,"xx_UKCEH_Wallingford","Pin: 768651",1,,,,,,,,,"0",,,,,,,,,,,,,
910,0,32,"Victron MPPT 75 10","HQ2450RE7ED",,"09191",,,,,,,"Simon Teagle",,"Excellent",,0,,0,,"xx_UKCEH_Wallingford","Pin:288062",1,,,,,,,,,"0",,,,,,,,,,,,,
911,0,32,"Victron MPPT 75 10","HQ2524CFF4N",,"09191",,,,,,,"Simon Teagle",,"Excellent",,0,,0,,"xx_UKCEH_Wallingford","PIN: 544541",1,,,,,,,,,"0",,,,,,,,,,,,,
912,0,32,"Victron MPPT 75 10","HQ2524GDFHH",,"09191",,,,,,,"Simon Teagle",,"Excellent",,0,,0,,"xx_UKCEH_Wallingford","PIN:719347",1,,,,,,,,,"0",,,,,,,,,,,,,
913,0,32,"Victron MPPT 75 15","HQ2524N7773",,"09191",,,,,,,"Simon Teagle",,"Excellent",,0,,0,,"xx_UKCEH_Wallingford","PIN: 324452",1,,,,,,,,,"0",,,,,,,,,,,,,
914,0,32,"Victron MPPT 75 10","HQ2524F9P3P",,"09191",,,,,,,"Simon Teagle",,"Excellent",,0,,0,,"xx_UKCEH_Wallingford","PIN: 252968",1,,,,,,,,,"0",,,,,,,,,,,,,
915,0,32,"Victron MPPT 75 15","HQ2524F2ENF",,"09191",,,,,,,"Simon Teagle",,"Excellent",,0,,0,,"xx_UKCEH_Wallingford","PIN: 253816",1,,,,,,,,,"0",,,,,,,,,,,,,
916,0,32,"Victron MPPT 75 10","HQ2524HQHTR",,"09191",,,,,,,"Simon Teagle",,"Excellent",,0,,0,,"xx_UKCEH_Wallingford","Pin: 733647",1,,,,,,,,,"0",,,,,,,,,,,,,
917,0,32,"Victron MPPT 75 15","HQ2524T7E2V",,"09191",,,,,,,"Simon Teagle",,"Excellent",,0,,0,,"xx_UKCEH_Wallingford","Pin: 631443",1,,,,,,,,,"0",,,,,,,,,,,,,
918,0,32,"Victron MPPT 75 10","HQ725245WK6V",,"09191",,,,,,,"Simon Teagle",,"Excellent",,0,,0,,"xx_UKCEH_Wallingford","PIN:722123",1,,,,,,,,,"0",,,,,,,,,,,,,
919,0,32,"Victron MPPT 75 10","HQ2524QJJX3",,"09191",,,,,,,"Simon Teagle",,"Excellent",,0,,0,,"xx_UKCEH_Wallingford","PIN: 823221",1,,,,,,,,,"0",,,,,,,,,,,,,
920,0,32,"Victron MPPT 75 10","HQ2524KGRGY",,"09191",,,,,,,"Simon Teagle",,"Excellent",,0,,0,,"xx_UKCEH_Wallingford","PIN: 113293",1,,,,,,,,,"0",,,,,,,,,,,,,
921,0,32,"Victron MPPT","HQ25249Z3G3",,"09191",,,,,,,"Simon Teagle",,"Excellent",,0,,0,,"xx_UKCEH_Wallingford","PIN: 954575",1,,,,,,,,,"0",,,,,,,,,,,,,
922,0,32,"Victron MPPT","HQ2524KEFUZ",,"09191",,,,,,,"Simon Teagle",,"Excellent",,0,,0,,"xx_UKCEH_Wallingford","Pin: 732206",1,,,,,,,,,"0",,,,,,,,,,,,,
923,0,32,"Victron MPPT 75 10","HQ2524GJYFM",,"09191",,,,,,,"Simon Teagle",,"Excellent",,0,,0,,"xx_UKCEH_Wallingford","PIN: 786051",1,,,,,,,,,"0",,,,,,,,,,,,,
924,0,32,"Victron MPPT 75 10","HQ2524C6VE7",,"09191",,,,,,,"Simon Teagle",,"Excellent",,0,,0,,"xx_UKCEH_Wallingford","Pin: 339361",1,,,,,,,,,"0",,,,,,,,,,,,,
925,0,32,"Victron MPPT 75 10","HQ2524NFT69",,"09191",,,,,,,"Simon Teagle",,"Excellent",,0,,0,,"xx_UKCEH_Wallingford","Pin: 636812",1,,,,,,,,,"0",,,,,,,,,,,,,
926,0,32,"Victron MPPT 75 10","HQ2524ZF32Y",,"09191",,,,,,,"Simon Teagle",,"Excellent",,0,,0,,"xx_UKCEH_Wallingford","Pin: 715555",1,,,,,,,,,"0",,,,,,,,,,,,,
927,0,32,"Victron MPPT 75 10","HQ2524ZPGPX",,"09191",,,,,,,"Simon Teagle",,"Excellent",,0,,0,,"xx_UKCEH_Wallingford","Pin: 594155",1,,,,,,,,,"0",,,,,,,,,,,,,
928,0,32,"Victron MPPT 75 10","HQ2524MR4R7",,"09191",,,,,,,"Simon Teagle",,"Excellent",,0,,0,,"xx_UKCEH_Wallingford","Pin: 215194",1,,,,,,,,,"0",,,,,,,,,,,,,
929,0,32,"Victron MPPT 75 10","HQ2524TJM9E",,"09191",,,,,,,"Simon Teagle",,"Excellent",,0,,0,,"xx_UKCEH_Wallingford","Pin: 468533",1,,,,,,,,,"0",,,,,,,,,,,,,
930,0,32,"Victron MPPT 75 10","HQ2450XYQZD",,"09191",,,,,,,"Simon Teagle",,"Excellent",,0,,0,,"xx_UKCEH_Wallingford","PIN: 465674",1,,,,,,,,,"0",,,,,,,,,,,,,
931,0,32,"Victron MPPT 75 10","HQ2450U6P6D",,"09191",,,,,,,"Simon Teagle",,"Excellent",,0,,0,,"xx_UKCEH_Wallingford","PIN: 251686",1,,,,,,,,,"0",,,,,,,,,,,,,
932,0,32,"Victron MPPT 75 10","HQ2524VPEWF",,"09191",,,,,,,"Simon Teagle",,"Excellent",,0,,0,,"xx_UKCEH_Wallingford","PIN: 538641",1,,,,,,,,,"0",,,,,,,,,,,,,
933,0,32,"Victron MPPT 75 10","HQ2524RQXYU",,"09191",,,,,,,"Simon Teagle",,"Excellent",,0,,0,,"xx_UKCEH_Wallingford","PIN: 534731",1,,,,,,,,,"0",,,,,,,,,,,,,
934,0,32,"Victron MPPT 75 10","HQ2450YJXAD",,"09191",,,,,,,"Simon Teagle",,"Excellent",,0,,0,,"xx_UKCEH_Wallingford","PIN: 765118",1,,,,,,,,,"0",,,,,,,,,,,,,
935,0,32,"Victron MPPT 75 10","HQ2524P3XC",,"09191",,,,,,,"Simon Teagle",,"Excellent",,0,,0,,"xx_UKCEH_Wallingford","PIN: 988884",1,,,,,,,,,"0",,,,,,,,,,,,,
936,0,32,"Victron MPPT 75 10","HQ2524A46NY",,"09191",,,,,,,"Simon Teagle",,"Excellent",,0,,0,,"xx_UKCEH_Wallingford","Pin: 814860",1,,,,,,,,,"0",,,,,,,,,,,,,
937,0,32,"Victron MPPT 75 10","HQ2524V9AZT",,"09191",,,,,,,"Simon Teagle",,"Excellent",,0,,0,,"xx_UKCEH_Wallingford","PIN:576474",1,,,,,,,,,"0",,,,,,,,,,,,,
938,0,32,"Victron MPPT 75 10","HQ2524EG4EQ",,"09191",,,,,,,"Simon Teagle",,"Excellent",,0,,0,,"xx_UKCEH_Wallingford","PIN: 449202",1,,,,,,,,,"0",,,,,,,,,,,,,
939,0,32,"Victron MPPT 75 10","HQ2524FHQU9",,"09191",,,,,,,"Simon Teagle",,"Excellent",,0,,0,,"xx_UKCEH_Wallingford","PIN:598326",1,,,,,,,,,"0",,,,,,,,,,,,,
940,0,32,"Victron MPPT 75 10","HQ25247CARU",,"09191",,,,,,,"Simon Teagle",,"Excellent",,0,,0,,"xx_UKCEH_Wallingford","Pin: 436466",1,,,,,,,,,"0",,,,,,,,,,,,,
941,0,32,"Victron MPPT 75 10","HQ2524G39EX",,"09191",,,,,,,"Simon Teagle",,"Excellent",,0,,0,,"xx_UKCEH_Wallingford","PIN: 518634",1,,,,,,,,,"0",,,,,,,,,,,,,
942,0,32,"Victron MPPT 75 10","HQ2524HXFXR",,"09191",,,,,,,"Simon Teagle",,"Excellent",,0,,0,,"xx_UKCEH_Wallingford","Pin: 229666",1,,,,,,,,,"0",,,,,,,,,,,,,
943,0,32,"Victron MPPT 75 10","HQ2524TXWWD",,"09191",,,,,,,"Simon Teagle",,"Excellent",,0,,0,,"xx_UKCEH_Wallingford","PIN:176116",1,,,,,,,,,"0",,,,,,,,,,,,,
944,0,32,"Victron MPPT 75 10","HQ2524D9DEG",,"09191",,,,,,,"Simon Teagle",,"Excellent",,0,,0,,"xx_UKCEH_Wallingford","PIN: 358675",1,,,,,,,,,"0",,,,,,,,,,,,,
945,0,32,"Victron MPT 75 10","HQ2524AR6VU",,"09191",,,,,,,"Simon Teagle",,"Excellent",,0,,0,,"xx_UKCEH_Wallingford","PIN:504558",1,,,,,,,,,"0",,,,,,,,,,,,,
946,0,32,"Victron MPPT 75 10","HQ2524K6CYA",,"09191",,,,,,,"Simon Teagle",,"Excellent",,0,,0,,"xx_UKCEH_Wallingford","PIN: 733936",1,,,,,,,,,"0",,,,,,,,,,,,,
947,0,32,"Victron MPPT 75 10","HQ2524GPTY9",,"09191",,,,,,,"Simon Teagle",,"Excellent",,0,,0,,"xx_UKCEH_Wallingford","PIN:466727",1,,,,,,,,,"0",,,,,,,,,,,,,
948,0,32,"Victron MPPT 75 10","HQ2524JV9UT",,"09191",,,,,,,"Simon Teagle",,"Excellent",,0,,0,,"xx_UKCEH_Wallingford","PIN: 412935",1,,,,,,,,,"0",,,,,,,,,,,,,
949,0,32,"Victron MPPT 75 10","HQ2524HX4A7",,"09191",,,,,,,"Simon Teagle",,"Excellent",,0,,0,,"xx_UKCEH_Wallingford","PIN: 535253",1,,,,,,,,,"0",,,,,,,,,,,,,
950,0,32,"Victron MPPT 75 10","HQ2524D64U9",,"09191",,,,,,,"Simon Teagle",,"Excellent",,0,,0,,"xx_UKCEH_Wallingford","PIN: 666715",1,,,,,,,,,"0",,,,,,,,,,,,,
951,0,32,"Victron MPPT 75 10","HQ2524CGZHG",,"09191",,,,,,,"Simon Teagle",,"Excellent",,0,,0,,"xx_UKCEH_Wallingford","PIN: 922376",1,,,,,,,,,"0",,,,,,,,,,,,,
952,0,32,"Victron MPPT 75 10","HQ2524V2UXG",,"09191",,,,,,,"Simon Teagle",,"Excellent",,0,,0,,"xx_UKCEH_Wallingford","PIN: 486345",1,,,,,,,,,"0",,,,,,,,,,,,,
953,0,32,"Victron MPPT 75 10","HQ2524NER44",,"09191",,,,,,,"Simon Teagle",,"Excellent",,0,,0,,"xx_UKCEH_Wallingford","PIN: 414137",1,,,,,,,,,"0",,,,,,,,,,,,,
954,0,32,"HMP155A TEMPERATURE & RELATIVE HUMIDITY PROBE C.W 5M cable","X1323796",,"09191",,,,,,,"Simon Teagle",,"Excellent",,0,,0,,"xx_UKCEH_Wallingford",,1,,,,,,,,,"0",,,,,,,,,,,,,
955,0,32,"HMP155A TEMPERATURE & RELATIVE HUMIDITY PROBE C.W 5M cable","X1323792",,"09191",,,,,,,"Simon Teagle",,"Excellent",,0,,0,,"xx_UKCEH_Wallingford",,1,,,,,,,,,"0",,,,,,,,,,,,,
956,0,32,"HMP155A TEMPERATURE & RELATIVE HUMIDITY PROBE C.W 5M cable","X1323795",,"09191",,,,,,,"Simon Teagle",,"Excellent",,0,,0,,"xx_UKCEH_Wallingford",,1,,,,,,,,,"0",,,,,,,,,,,,,
957,0,32,"HMP155A TEMPERATURE & RELATIVE HUMIDITY PROBE C.W 5M cable","X1323794",,"09191",,,,,,,"Simon Teagle",,"Excellent",,0,,0,,"xx_UKCEH_Wallingford",,1,,,,,,,,,"0",,,,,,,,,,,,,
958,0,32,"TS100 Aspiration Radiation Shield W/5m Cable","3596",,"09191",,,,,,,"Simon Teagle",,"Excellent",,0,,0,,"xx_UKCEH_Wallingford",,1,,,,,,,,,"0",,,,,,,,,,,,,
959,0,32,"TS100 Aspiration Radiation Shield W/ 5m Cable","3601",,"09191",,,,,,,"Simon Teagle",,"Excellent",,0,,0,,"xx_UKCEH_Wallingford",,1,,,,,,,,,"0",,,,,,,,,,,,,
960,0,32,"TS100 Aspiration Radiation Shield W/ 5m Cable","3600",,"09191",,,,,,,"Simon Teagle",,"Excellent",,0,,0,,"xx_UKCEH_Wallingford",,1,,,,,,,,,"0",,,,,,,,,,,,,
961,0,32,"TS100 Aspiration Radiation Shield W/5m Cable","3597",,"09191",,,,,,,"Simon Teagle",,"Excellent",,0,,0,,"xx_UKCEH_Wallingford",,1,,,,,,,,,"0",,,,,,,,,,,,,
962,0,32,"TS100 Adapter And TA001 HMP155",,,"09191",,,,,,,"Simon Teagle",,"Excellent",,0,,0,,"xx_UKCEH_Wallingford",,1,,,,,,,,,"0",,,,,,,,,,,,,
963,0,32,"TS100 Adapter And TA001 HMP155",,,"09191",,,,,,,"Simon Teagle",,"Excellent",,0,,0,,"xx_UKCEH_Wallingford",,1,,,,,,,,,"0",,,,,,,,,,,,,
964,0,32,"TS100 Adapter And TA001 HMP155",,,"09191",,,,,,,"Simon Teagle",,"Excellent",,0,,0,,"xx_UKCEH_Wallingford",,1,,,,,,,,,"0",,,,,,,,,,,,,
965,0,32,"TS100 Adapter And TA001 HMP155",,,"09191",,,,,,,"Simon Teagle",,"Excellent",,0,,0,,"xx_UKCEH_Wallingford",,1,,,,,,,,,"0",,,,,,,,,,,,,
967,0,32,"Handheld humdiity and temperature (HM40)","X3140164 / X311632",,"09191",,,,,,,"Simon Teagle",,"Excellent",,0,,0,,"xx_UKCEH_Wallingford","Vaisala HM40",,,,,,,,,,"0","28/07/2025",,,,,,,,,,,,
968,0,32,"CR310","23826",,"09191",,,,,,,"Simon Teagle",,"Excellent",,0,,0,,"xx_UKCEH_Wallingford",,1,,,,,,,,,"0",,,,,,,,,,,,,
969,0,32,"CR310","23823",,"09191",,,,,,,"Simon Teagle",,"Excellent",,0,,0,,"xx_UKCEH_Wallingford",,1,,,,,,,,,"0",,,,,,,,,,,,,
970,0,32,"CR310","23822",,"09191",,,,,,,"Simon Teagle",,"Excellent",,0,,0,,"xx_UKCEH_Wallingford",,1,,,,,,,,,"0",,,,,,,,,,,,,
971,0,32,"CR310","23824",,"09191",,,,,,,"Simon Teagle",,"Excellent",,0,,0,,"xx_UKCEH_Wallingford",,1,,,,,,,,,"0",,,,,,,,,,,,,
972,0,32,"CR100XE","74367",,"09191",,,,,,,"Simon Teagle",,"Excellent",,0,,0,,"xx_UKCEH_Wallingford",,1,,,,,,,,,"0",,,,,,,,,,,,,
973,0,32,"CR1000XE","77030",,"09191",,,,,,,"Simon Teagle",,"Excellent",,0,,0,,"xx_UKCEH_Wallingford",,1,,,,,,,,,"0",,,,,,,,,,,,,
974,0,32,"CR1000XE","77019",,"09191",,,,,,,"Simon Teagle",,"Excellent",,0,,0,,"xx_UKCEH_Wallingford",,1,,,,,,,,,"0",,,,,,,,,,,,,
975,0,32,"CR1000XE","77028",,"09191",,,,,,,"Simon Teagle",,"Excellent",,0,,0,,"xx_UKCEH_Wallingford",,1,,,,,,,,,"0",,,,,,,,,,,,,
976,0,32,"CR1000XE","77023",,"09191",,,,,,,"Simon Teagle",,"Excellent",,0,,0,,"xx_UKCEH_Wallingford",,1,,,,,,,,,"0",,,,,,,,,,,,,
977,0,32,"CR1000XE","77026",,"09191",,,,,,,"Simon Teagle",,"Excellent",,0,,0,,"xx_UKCEH_Wallingford",,1,,,,,,,,,"0",,,,,,,,,,,,,
978,0,32,"CR1000XE","77025",,"09191",,,,,,,"Simon Teagle",,"Excellent",,0,,0,,"xx_UKCEH_Wallingford",,1,,,,,,,,,"0",,,,,,,,,,,,,
979,0,32,"CR1000XE","74368",,"09191",,,,,,,"Simon Teagle",,"Excellent",,0,,0,,"xx_UKCEH_Wallingford",,1,,,,,,,,,"0",,,,,,,,,,,,,
980,0,32,"CR1000XE","77014",,"09191",,,,,,,"Simon Teagle",,"Excellent",,0,,0,,"xx_UKCEH_Wallingford",,1,,,,,,,,,"0",,,,,,,,,,,,,
981,0,32,"CR1000XE","77020",,"09191",,,,,,,"Simon Teagle",,"Excellent",,0,,0,,"xx_UKCEH_Wallingford",,1,,,,,,,,,"0",,,,,,,,,,,,,
982,0,32,"CR1000XE","77018",,"09191",,,,,,,"Simon Teagle",,"Excellent",,0,,0,,"xx_UKCEH_Wallingford",,1,,,,,,,,,"0",,,,,,,,,,,,,
983,0,32,"CR1000XE","77022",,"09191",,,,,,,"Simon Teagle",,"Excellent",,0,,0,,"xx_UKCEH_Wallingford",,1,,,,,,,,,"0",,,,,,,,,,,,,
984,0,32,"CR1000XE","77017",,"09191",,,,,,,"Simon Teagle",,"Excellent",,0,,0,,"xx_UKCEH_Wallingford",,1,,,,,,,,,"0",,,,,,,,,,,,,
985,0,32,"CR1000XE","77024",,"09191",,,,,,,"Simon Teagle",,"Excellent",,0,,0,,"xx_UKCEH_Wallingford",,1,,,,,,,,,"0",,,,,,,,,,,,,
986,0,32,"CR1000XE","77031",,"09191",,,,,,,"Simon Teagle",,"Excellent",,0,,0,,"xx_UKCEH_Wallingford",,1,,,,,,,,,"0",,,,,,,,,,,,,
987,0,32,"CR1000XE","77016",,"09191",,,,,,,"Simon Teagle",,"Excellent",,0,,0,,"xx_UKCEH_Wallingford",,1,,,,,,,,,"0",,,,,,,,,,,,,
988,0,32,"CR1000XE","77012",,"09191",,,,,,,"Simon Teagle",,"Excellent",,0,,0,,"xx_UKCEH_Wallingford",,1,,,,,,,,,"0",,,,,,,,,,,,,
989,0,32,"CR1000XE","77021",,"09191",,,,,,,"Simon Teagle",,"Excellent",,0,,0,,"xx_UKCEH_Wallingford",,1,,,,,,,,,"0",,,,,,,,,,,,,
990,0,32,"CR1000XE","77029",,"09191",,,,,,,"Simon Teagle",,"Excellent",,0,,0,,"xx_UKCEH_Wallingford",,1,,,,,,,,,"0",,,,,,,,,,,,,
991,0,32,"CR1000XE","77027",,"09191",,,,,,,"Simon Teagle",,"Excellent",,0,,0,,"xx_UKCEH_Wallingford",,1,,,,,,,,,"0",,,,,,,,,,,,,
992,0,32,"CR1000XE","74369",,"09191",,,,,,,"Simon Teagle",,"Excellent",,0,,0,,"xx_UKCEH_Wallingford",,1,,,,,,,,,"0",,,,,,,,,,,,,
993,0,32,"CR1000XE","74370",,"09191",,,,,,,"Simon Teagle",,"Excellent",,0,,0,,"xx_UKCEH_Wallingford",,1,,,,,,,,,"0",,,,,,,,,,,,,
994,0,32,"Mimo Cone Antenna W/ 10m Cable",,,"09191",,,,,,,"Simon Teagle",,"Excellent",,0,,0,,"xx_UKCEH_Wallingford",,1,,,,,,,,,"0",,,,,,,,,,,,,
995,0,32,"Mimo Cone Antenna W/10m Cable",,,"09191",,,,,,,"Simon Teagle",,"Excellent",,0,,0,,"xx_UKCEH_Wallingford",,1,,,,,,,,,"0",,,,,,,,,,,,,
996,0,32,"Mimo Cone Antenna W/10m Cable",,,"09191",,,,,,,"Simon Teagle",,"Excellent",,0,,0,,"xx_UKCEH_Wallingford",,1,,,,,,,,,"0",,,,,,,,,,,,,
997,0,32,"Mimo Cone Antenna W/10m Cable",,,"09191",,,,,,,"Simon Teagle",,"Excellent",,0,,0,,"xx_UKCEH_Wallingford",,1,,,,,,,,,"0",,,,,,,,,,,,,
998,0,32,"Mimo Cone Antenna W/10m Cable",,,"09191",,,,,,,"Simon Teagle",,"Excellent",,0,,0,,"xx_UKCEH_Wallingford",,1,,,,,,,,,"0",,,,,,,,,,,,,
999,0,32,"AirLink LX40 Compact LTE Router EMEA","7G5024138202B101",,"09191",,,,,,,"Simon Teagle",,"Excellent",,0,,0,,"xx_UKCEH_Wallingford",,1,,,,,,,,,"0",,,,,,,,,,,,,
1000,0,32,"Mimo Cone Antenna W/10m Cable",,,"09191",,,,,,,"Simon Teagle",,"Excellent",,0,,0,,"xx_UKCEH_Wallingford",,1,,,,,,,,,"0",,,,,,,,,,,,,
1001,0,32,"AirLink LX40 Compact LTE Router EMEA","7G5024136301B101",,"09191",,,,,,,"Simon Teagle",,"Excellent",,0,,0,,"xx_UKCEH_Wallingford",,1,,,,,,,,,"0",,,,,,,,,,,,,
1002,0,32,"Mimo Cone Antenna W/10m Cable",,,"09191",,,,,,,"Simon Teagle",,"Excellent",,0,,0,,"xx_UKCEH_Wallingford",,1,,,,,,,,,"0",,,,,,,,,,,,,
1003,0,32,"AirLink LX40 Compact LTE Router EMEA","SG5024143002B101",,"09191",,,,,,,"Simon Teagle",,"Excellent",,0,,0,,"xx_UKCEH_Wallingford",,1,,,,,,,,,"0",,,,,,,,,,,,,
1004,0,18,"Mimo Cone Antenna W/10m Cable",,,"09191",,,,,,,"Simon Teagle",,"Excellent",,0,,0,,"Foel Fadian",,1,,,,,,,,,"0",,,,,,,,,,,,,
1005,0,32,"AirLink LX40 Compact LTE Router EMEA","7G5024143901B101",,"09191",,,,,,,"Simon Teagle",,"Excellent",,0,,0,,"xx_UKCEH_Wallingford",,1,,,,,,,,,"0",,,,,,,,,,,,,
1006,0,32,"Mimo Cone Antenna W/10m Cable",,,"09191",,,,,,,"Simon Teagle",,"Excellent",,0,,0,,"xx_UKCEH_Wallingford",,1,,,,,,,,,"0",,,,,,,,,,,,,
1007,0,32,"AirLink LX40 Compact LTE Router EMEA","7G5024135002B101",,"09191",,,,,,,"Simon Teagle",,"Excellent",,0,,0,,"xx_UKCEH_Wallingford",,1,,,,,,,,,"0",,,,,,,,,,,,,
1008,0,32,"Mimo Cone Antenna W/10m Cable",,,"09191",,,,,,,"Simon Teagle",,"Excellent",,0,,0,,"xx_UKCEH_Wallingford",,1,,,,,,,,,"0",,,,,,,,,,,,,
1009,0,32,"Mimo Cone Antenna W/10m Cable",,,"09191",,,,,,,"Simon Teagle",,"Excellent",,0,,0,,"xx_UKCEH_Wallingford",,1,,,,,,,,,"0",,,,,,,,,,,,,
1010,0,32,"AirLink LX40 Compact LTE Router EMEA","7G5024141101B101",,"09191",,,,,,,"Simon Teagle",,"Excellent",,0,,0,,"xx_UKCEH_Wallingford",,1,,,,,,,,,"0",,,,,,,,,,,,,
1011,0,32,"Mimo Cone Antenna W/10m Cable",,,"09191",,,,,,,"Simon Teagle",,"Excellent",,0,,0,,"xx_UKCEH_Wallingford",,1,,,,,,,,,"0",,,,,,,,,,,,,
1012,0,32,"Mimo Cone Antenna W/10m Cable",,,"09191",,,,,,,"Simon Teagle",,"Excellent",,0,,0,,"xx_UKCEH_Wallingford",,1,,,,,,,,,"0",,,,,,,,,,,,,
1013,0,32,"AirLink LX40 Compact LTE Router EMEA","7G4481085002B101",,"09191",,,,,,,"Simon Teagle",,"Excellent",,0,,0,,"xx_UKCEH_Wallingford",,1,,,,,,,,,"0",,,,,,,,,,,,,
1014,0,32,"Mimo Cone Antenna W/10m Cable",,,"09191",,,,,,,"Simon Teagle",,"Excellent",,0,,0,,"xx_UKCEH_Wallingford",,1,,,,,,,,,"0",,,,,,,,,,,,,
1015,0,32,"Mimo Cone Antenna W/10m Cable",,,"09191",,,,,,,"Simon Teagle",,"Excellent",,0,,0,,"xx_UKCEH_Wallingford",,1,,,,,,,,,"0",,,,,,,,,,,,,
1016,0,32,"LX40 Bracket",,,"09191",,,,,,,"Simon Teagle",,"Excellent",,0,,0,,"xx_UKCEH_Wallingford",,1,,,,,,,,,"0",,,,,,,,,,,,,
1017,0,32,"Mimo Cone Antenna W/10m Cable",,,"09191",,,,,,,"Simon Teagle",,"Excellent",,0,,0,,"xx_UKCEH_Wallingford",,1,,,,,,,,,"0",,,,,,,,,,,,,
1018,0,32,"LX40 Bracket",,,"09191",,,,,,,"Simon Teagle",,"Excellent",,0,,0,,"xx_UKCEH_Wallingford",,1,,,,,,,,,"0",,,,,,,,,,,,,
1019,0,32,"Mimo Cone Antenna W/10m Cable",,,"09191",,,,,,,"Simon Teagle",,"Excellent",,0,,0,,"xx_UKCEH_Wallingford",,1,,,,,,,,,"0",,,,,,,,,,,,,
1020,0,32,"LX40 Bracket",,,"09191",,,,,,,"Simon Teagle",,"Excellent",,0,,0,,"xx_UKCEH_Wallingford",,1,,,,,,,,,"0",,,,,,,,,,,,,
1021,0,32,"LX40 Bracket",,,"09191",,,,,,,"Simon Teagle",,"Excellent",,0,,0,,"xx_UKCEH_Wallingford",,1,,,,,,,,,"0",,,,,,,,,,,,,
1022,0,32,"LX40 Bracket",,,"09191",,,,,,,"Simon Teagle",,"Excellent",,0,,0,,"xx_UKCEH_Wallingford",,1,,,,,,,,,"0",,,,,,,,,,,,,
1023,0,32,"LX40 Bracket",,,"09191",,,,,,,"Simon Teagle",,"Excellent",,0,,0,,"xx_UKCEH_Wallingford",,1,,,,,,,,,"0",,,,,,,,,,,,,
1024,0,32,"LX40 Bracket",,,"09191",,,,,,,"Simon Teagle",,"Excellent",,0,,0,,"xx_UKCEH_Wallingford",,1,,,,,,,,,"0",,,,,,,,,,,,,
1025,0,32,"LX40 Bracket",,,"09191",,,,,,,"Simon Teagle",,"Excellent",,0,,0,,"xx_UKCEH_Wallingford",,1,,,,,,,,,"0",,,,,,,,,,,,,
1026,0,32,"LX40 Bracket",,,"09191",,,,,,,"Simon Teagle",,"Excellent",,0,,0,,"xx_UKCEH_Wallingford",,1,,,,,,,,,"0",,,,,,,,,,,,,
1027,0,32,"LX40 Bracket",,,"09191",,,,,,,"Simon Teagle",,"Excellent",,0,,0,,"xx_UKCEH_Wallingford",,1,,,,,,,,,"0",,,,,,,,,,,,,
1028,0,32,"LX40 Bracket",,,"09191",,,,,,,"Simon Teagle",,"Excellent",,0,,0,,"xx_UKCEH_Wallingford",,1,,,,,,,,,"0",,,,,,,,,,,,,
1029,0,32,"LX60 Bracket",,,"09191",,,,,,,"Simon Teagle",,"Excellent",,0,,0,,"xx_UKCEH_Wallingford",,1,,,,,,,,,"0",,,,,,,,,,,,,
1030,0,32,"Victron 215W Sloar Panel","24462409264185605277",,"09191",,,,,,,"Simon Teagle",,"Excellent",,0,,0,,"xx_UKCEH_Wallingford",,1,,,,,,,,,"0",,,,,,,,,,,,,
1031,0,32,"Victron 215W Solar Panel","24462409264185605280",,"09191",,,,,,,"Simon Teagle",,"Excellent",,0,,0,,"xx_UKCEH_Wallingford",,1,,,,,,,,,"0",,,,,,,,,,,,,
1032,0,32,"Victron 215W Solar Panel","24462409264185605284",,"09191",,,,,,,"Simon Teagle",,"Excellent",,0,,0,,"xx_UKCEH_Wallingford",,1,,,,,,,,,"0",,,,,,,,,,,,,
1033,0,32,"Victron 215W Solar Panel","24462409264185605274",,"09191",,,,,,,"Simon Teagle",,"Excellent",,0,,0,,"xx_UKCEH_Wallingford",,1,,,,,,,,,"0",,,,,,,,,,,,,
1034,0,32,"Victron 215W SolarPanel","24462409264185605283",,"09191",,,,,,,"Simon Teagle",,"Excellent",,0,,0,,"xx_UKCEH_Wallingford",,1,,,,,,,,,"0",,,,,,,,,,,,,
1035,0,32,"Victron 215W Solar Panel","24462409264185605279",,"09191",,,,,,,"Simon Teagle",,"Excellent",,0,,0,,"xx_UKCEH_Wallingford",,1,,,,,,,,,"0",,,,,,,,,,,,,
1036,0,32,"Victron 215W Solar Panel","24462409264185604962",,"09191",,,,,,,"Simon Teagle",,"Excellent",,0,,0,,"xx_UKCEH_Wallingford",,1,,,,,,,,,"0",,,,,,,,,,,,,
1037,0,32,"Victron 215W Solar Panel","24462409264185604884",,"09191",,,,,,,"Simon Teagle",,"Excellent",,0,,0,,"xx_UKCEH_Wallingford",,1,,,,,,,,,"0",,,,,,,,,,,,,
1038,0,32,"Victron 215W Solar Panel","24462409264185604962",,"09191",,,,,,,"Simon Teagle",,"Excellent",,0,,0,,"xx_UKCEH_Wallingford",,1,,,,,,,,,"0",,,,,,,,,,,,,
1039,0,32,"Victron 215W Solar Panel","24462409264185604964",,"09191",,,,,,,"Simon Teagle",,"Excellent",,0,,0,,"xx_UKCEH_Wallingford",,1,,,,,,,,,"0",,,,,,,,,,,,,
1040,0,32,"Victron 90W Solar Panel","24242440204095609440",,"09191",,,,,,,"Simon Teagle",,"Excellent",,0,,0,,"xx_UKCEH_Wallingford",,1,,,,,,,,,"0",,,,,,,,,,,,,
1041,0,32,"Phaesun Sun Plus 50 Solar Panel","0112402180180238",,"09191",,,,,,,"Simon Teagle",,"Excellent",,0,,0,,"xx_UKCEH_Wallingford",,1,,,,,,,,,"0",,,,,,,,,,,,,
1042,0,32,"Victron 90W Solar Panel","24242440204095609420",,"09191",,,,,,,"Simon Teagle",,"Excellent",,0,,0,,"xx_UKCEH_Wallingford",,1,,,,,,,,,"0",,,,,,,,,,,,,
1043,0,32,"Phaesun Sun Plus 50 Solar Panel","0112402180180241",,"09191",,,,,,,"Simon Teagle",,"Good",,0,,0,,"xx_UKCEH_Wallingford",,1,,,,,,,,,"0",,,,,,,,,,,,,
1044,0,32,"Victron 90W Solar Panel","24242440204095609158",,"09191",,,,,,,"Simon Teagle",,"Excellent",,0,,0,,"xx_UKCEH_Wallingford",,1,,,,,,,,,"0",,,,,,,,,,,,,
1045,0,32,"Victron 90W Solar Panel","24242440204095609158",,"09191",,,,,,,"Simon Teagle",,"Excellent",,0,,0,,"xx_UKCEH_Wallingford",,1,,,,,,,,,"0",,,,,,,,,,,,,
1046,0,32,"Victron 90W Solar Panel","24242440204095608917",,"09191",,,,,,,"Simon Teagle",,"Excellent",,0,,0,,"xx_UKCEH_Wallingford",,1,,,,,,,,,"0",,,,,,,,,,,,,
1047,0,32,"Phaesun Sun Plus 50 Solar Panel","0112402180180314",,"09191",,,,,,,"Simon Teagle",,"Good",,0,,0,,"xx_UKCEH_Wallingford","FDRI Mobile System",1,,,,,,,,,"0",,,,,,,,,,,,,
1048,0,32,"Victron 90W Solar Panel","24242440204095609433",,"09191",,,,,,,"Simon Teagle",,"Excellent",,0,,0,,"xx_UKCEH_Wallingford",,1,,,,,,,,,"0",,,,,,,,,,,,,
1049,0,32,"Victron 90W Solar Panel","24242440204095609433",,"09191",,,,,,,"Simon Teagle",,"Excellent",,0,,0,,"xx_UKCEH_Wallingford",,1,,,,,,,,,"0",,,,,,,,,,,,,
1050,0,32,"Victron 90W Solar Panel","24242440204095609432",,"09191",,,,,,,"Simon Teagle",,"Excellent",,0,,0,,"xx_UKCEH_Wallingford",,1,,,,,,,,,"0",,,,,,,,,,,,,
1052,0,32,"Guy Kit - HD10 3 Way",,,"09191",,,,,,,"Simon Teagle",,"Excellent",,0,,0,,"xx_UKCEH_Wallingford",,1,,,,,,,,,"0",,,,,,,,,,,,,
1053,0,32,"Solar Bracket",,,"09191",,,,,,,"Simon Teagle",,"Excellent",,0,,0,,"xx_UKCEH_Wallingford",,1,,,,,,,,,"0",,,,,,,,,,,,,
1054,0,32,"Guy Kit - HD10 3 Way",,,"09191",,,,,,,"Simon Teagle",,"Excellent",,0,,0,,"xx_UKCEH_Wallingford",,1,,,,,,,,,"0",,,,,,,,,,,,,
1055,0,32,"Guy Kit - HD10 3 Way",,,"09191",,,,,,,"Simon Teagle",,"Excellent",,0,,0,,"xx_UKCEH_Wallingford",,1,,,,,,,,,"0",,,,,,,,,,,,,
1056,0,32,"Guy Kit - HD10 3 Way",,,"09191",,,,,,,"Simon Teagle",,"Excellent",,0,,0,,"xx_UKCEH_Wallingford",,1,,,,,,,,,"0",,,,,,,,,,,,,
1057,0,32,"Victron 90W Solar Panel","24242440204095609439",,"09191",,,,,,,"Simon Teagle",,"Excellent",,0,,0,,"xx_UKCEH_Wallingford",,1,,,,,,,,,"0",,,,,,,,,,,,,
1058,0,32,"Solar Bracket",,,"09191",,,,,,,"Simon Teagle",,"Excellent",,0,,0,,"xx_UKCEH_Wallingford",,1,,,,,,,,,"0",,,,,,,,,,,,,
1059,0,32,"Solar Bracket",,,"09191",,,,,,,"Simon Teagle",,"Excellent",,0,,0,,"xx_UKCEH_Wallingford",,1,,,,,,,,,"0",,,,,,,,,,,,,
1060,0,32,"Victron 90W Solar Panel","24242440204095609436",,"09191",,,,,,,"Simon Teagle",,"Excellent",,0,,0,,"xx_UKCEH_Wallingford",,1,,,,,,,,,"0",,,,,,,,,,,,,
1061,0,32,"Solar Bracket",,,"09191",,,,,,,"Simon Teagle",,"Excellent",,0,,0,,"xx_UKCEH_Wallingford",,1,,,,,,,,,"0",,,,,,,,,,,,,
1062,0,32,"Solar Bracket",,,"09191",,,,,,,"Simon Teagle",,"Excellent",,0,,0,,"xx_UKCEH_Wallingford",,1,,,,,,,,,"0",,,,,,,,,,,,,
1063,0,32,"CR1000XE","70678",,"09191",,,,,,,"Simon Teagle",,"Excellent",,0,,0,,"xx_UKCEH_Wallingford",,1,,,,,,,,,"0",,,,,,,,,,,,,
1064,0,32,"Solar Bracket",,,"09191",,,,,,,"Simon Teagle",,"Excellent",,0,,0,,"xx_UKCEH_Wallingford",,1,,,,,,,,,"0",,,,,,,,,,,,,
1065,0,32,"Solar Bracket",,,"09191",,,,,,,"Simon Teagle",,"Excellent",,0,,0,,"xx_UKCEH_Wallingford",,1,,,,,,,,,"0",,,,,,,,,,,,,
1066,0,32,"Victron 215W Solar Panel","24462409264185605276",,"09191",,,,,,,"Simon Teagle",,"Excellent",,0,,0,,"xx_UKCEH_Wallingford",,1,,,,,,,,,"0",,,,,,,,,,,,,
1067,0,32,"Solar Bracket",,,"09191",,,,,,,"Simon Teagle",,"Excellent",,0,,0,,"xx_UKCEH_Wallingford",,1,,,,,,,,,"0",,,,,,,,,,,,,
1068,0,32,"Solar Bracket",,,"09191",,,,,,,"Simon Teagle",,"Excellent",,0,,0,,"xx_UKCEH_Wallingford",,1,,,,,,,,,"0",,,,,,,,,,,,,
1069,0,32,"Solar Bracket",,,"09191",,,,,,,"Simon Teagle",,"Excellent",,0,,0,,"xx_UKCEH_Wallingford",,1,,,,,,,,,"0",,,,,,,,,,,,,
1070,0,32,"Eco Tree Lithium Battery 7.5ah",,,"09191",,,,,,,"Simon Teagle",,"Excellent",,0,,0,,"xx_UKCEH_Wallingford",,1,,,,,,,,,"0",,,,,,,,,,,,,
1071,0,32,"Planet PoE Splitter","AF003524B00111",,"09191",,,,,,,"Simon Teagle",,"Excellent",,0,,0,,"xx_UKCEH_Wallingford",,1,,,,,,,,,"0",,,,,,,,,,,,,
1072,0,32,"Eco Tree Lithium Battery 7.5ah",,,"09191",,,,,,,"Simon Teagle",,"Excellent",,0,,0,,"xx_UKCEH_Wallingford",,1,,,,,,,,,"0",,,,,,,,,,,,,
1073,0,32,"Eco Tree Lithium Battery 7.5ah",,,"09191",,,,,,,"Simon Teagle",,"Excellent",,0,,0,,"xx_UKCEH_Wallingford",,1,,,,,,,,,"0",,,,,,,,,,,,,
1074,0,32,"Eco Tree Lithium Battery 7.5ah",,,"09191",,,,,,,"Simon Teagle",,"Excellent",,0,,0,,"xx_UKCEH_Wallingford",,1,,,,,,,,,"0",,,,,,,,,,,,,
1075,0,32,"Planet PoE Splitter","AF003524B00107",,"09191",,,,,,,"Simon Teagle",,"Excellent",,0,,0,,"xx_UKCEH_Wallingford",,1,,,,,,,,,"0",,,,,,,,,,,,,
1076,0,32,"Eco Tree Lithium Battery 7.5ah",,,"09191",,,,,,,"Simon Teagle",,"Excellent",,0,,0,,"xx_UKCEH_Wallingford",,1,,,,,,,,,"0",,,,,,,,,,,,,
1077,0,32,"Eco Tree Lithium Battery 7.5ah",,,"09191",,,,,,,"Simon Teagle",,"Excellent",,0,,0,,"xx_UKCEH_Wallingford",,1,,,,,,,,,"0",,,,,,,,,,,,,
1078,0,18,"Planet PoE Splitter","AF003524900587",,"09191",,,,,,,"Simon Teagle",,"Excellent",,0,,0,,"Foel Fadian",,1,,,,,,,,,"0",,,,,,,,,,,,,
1079,0,12,"Eco Tree Lithium Battery 7.5ah",,,"09191",,,,,,,"Simon Teagle",,"Good",,0,,0,,"Carreg Wen",,1,,,,,,,,,"0",,,,,,,,,,,,,
1080,0,12,"Eco Tree Lithium Battery 7.5ah",,,"09191",,,,,,,"Simon Teagle",,"Excellent",,0,,0,,"Carreg Wen",,1,,,,,,,,,"0",,,,,,,,,,,,,
1081,0,12,"Phaesun Sun Plus 50 Solar Panel",,,"09191",,,,,,,"Simon Teagle",,"Excellent",,0,,0,,"Carreg Wen",,1,,,,,,,,,"0",,,,,,,,,,,,,
1082,0,32,"Planet PoE Splitter","AF003524900588",,"09191",,,,,,,"Simon Teagle",,"Excellent",,0,,0,,"xx_UKCEH_Wallingford",,1,,,,,,,,,"0",,,,,,,,,,,,,
1083,0,12,"Phaesun Sun Plus 50 Solar Panel",,,"09191",,,,,,,"Simon Teagle",,"Excellent",,0,,0,,"Carreg Wen",,1,,,,,,,,,"0",,,,,,,,,,,,,
1084,0,32,"Planet PoE Splitter","AF003524900586",,"09191",,,,,,,"Simon Teagle",,"Excellent",,0,,0,,"xx_UKCEH_Wallingford",,1,,,,,,,,,"0",,,,,,,,,,,,,
1085,0,32,"Planet PoE Splitter","AF003524900589",,"09191",,,,,,,"Simon Teagle",,"Excellent",,0,,0,,"xx_UKCEH_Wallingford",,1,,,,,,,,,"0",,,,,,,,,,,,,
1086,0,32,"Planet PoE Splitter","AF003524901011",,"09191",,,,,,,"Simon Teagle",,"Excellent",,0,,0,,"xx_UKCEH_Wallingford",,1,,,,,,,,,"0",,,,,,,,,,,,,
1087,0,12,"Raspberry Pi 4b East Camera",,,"09191",,,,,,,"Simon Teagle",,"Good",,0,,0,,"Carreg Wen",,1,,,,,,,,,"0",,,,,,,,,,,,,
1088,0,12,"Raspberry Pi 4b West Camera",,,"09191",,,,,,,"Simon Teagle",,"Good",,0,,0,,"Carreg Wen",,1,,,,,,,,,"0",,,,,,,,,,,,,
1089,0,32,"Planet PoE Splitter","AF003524900591",,"09191",,,,,,,"Simon Teagle",,"Excellent",,0,,0,,"xx_UKCEH_Wallingford",,1,,,,,,,,,"0",,,,,,,,,,,,,
1090,0,32,"Brainbox SW-514",,,"09191",,,,,,,"Simon Teagle",,"Excellent",,0,,0,,"xx_UKCEH_Wallingford",,1,,,,,,,,,"0",,,,,,,,,,,,,
1091,0,32,"Raspberry Pi 4b",,,"09191",,,,,,,"Simon Teagle",,"Excellent",,0,,0,,"xx_UKCEH_Wallingford",,1,,,,,,,,,"0",,,,,,,,,,,,,
1092,0,32,"Raspberry Pi 4b",,,"09191",,,,,,,"Simon Teagle",,"Excellent",,0,,0,,"xx_UKCEH_Wallingford",,1,,,,,,,,,"0",,,,,,,,,,,,,
1093,0,32,"Raspberry Pi 4b",,,"09191",,,,,,,"Simon Teagle",,"Excellent",,0,,0,,"xx_UKCEH_Wallingford",,1,,,,,,,,,"0",,,,,,,,,,,,,
1094,0,32,"Raspberry Pi 4b",,,"09191",,,,,,,"Simon Teagle",,"Excellent",,0,,0,,"xx_UKCEH_Wallingford",,1,,,,,,,,,"0",,,,,,,,,,,,,
1095,0,32,"Raspberry Pi 4b",,,"09191",,,,,,,"Simon Teagle",,"Excellent",,0,,0,,"xx_UKCEH_Wallingford",,1,,,,,,,,,"0",,,,,,,,,,,,,
1096,0,32,"Raspberry Pi 4b",,,"09191",,,,,,,"Simon Teagle",,"Excellent",,0,,0,,"xx_UKCEH_Wallingford",,1,,,,,,,,,"0",,,,,,,,,,,,,
1097,0,32,"Raspberry Pi 4b",,,"09191",,,,,,,"Simon Teagle",,"Excellent",,0,,0,,"xx_UKCEH_Wallingford",,1,,,,,,,,,"0",,,,,,,,,,,,,
1098,0,32,"Raspberry Pi 4b",,,"09191",,,,,,,"Simon Teagle",,"Excellent",,0,,0,,"xx_UKCEH_Wallingford",,1,,,,,,,,,"0",,,,,,,,,,,,,
1099,0,32,"Brainbox SW-514",,,"09191",,,,,,,"Simon Teagle",,"Excellent",,0,,0,,"xx_UKCEH_Wallingford",,1,,,,,,,,,"0",,,,,,,,,,,,,
1100,0,12,"Sequent Watch Dog",,,"09191",,,,,,,"Simon Teagle",,"Good",,0,,0,,"Carreg Wen",,1,,,,,,,,,"0",,,,,,,,,,,,,
1101,0,32,"Brainbox SW-514",,,"09191",,,,,,,"Simon Teagle",,"Excellent",,0,,0,,"xx_UKCEH_Wallingford",,1,,,,,,,,,"0",,,,,,,,,,,,,
1102,0,32,"Brainbox SW-514",,,"09191",,,,,,,"Simon Teagle",,"Excellent",,0,,0,,"xx_UKCEH_Wallingford",,1,,,,,,,,,"0",,,,,,,,,,,,,
1103,0,12,"Sequent Watch Dog",,,"09191",,,,,,,"Simon Teagle",,"Good",,0,,0,,"Carreg Wen",,1,,,,,,,,,"0",,,,,,,,,,,,,
1104,0,32,"Sequent Watch Dog",,,"09191",,,,,,,"Simon Teagle",,"Excellent",,0,,0,,"xx_UKCEH_Wallingford",,1,,,,,,,,,"0",,,,,,,,,,,,,
1105,0,32,"Brainbox SW-514",,,"09191",,,,,,,"Simon Teagle",,"Excellent",,0,,0,,"xx_UKCEH_Wallingford",,1,,,,,,,,,"0",,,,,,,,,,,,,
1106,0,32,"Brainbox SW-514",,,"09191",,,,,,,"Simon Teagle",,"Excellent",,0,,0,,"xx_UKCEH_Wallingford",,1,,,,,,,,,"0",,,,,,,,,,,,,
1107,0,32,"Sequent Watch Dog",,,"09191",,,,,,,"Simon Teagle",,"Excellent",,0,,0,,"xx_UKCEH_Wallingford",,1,,,,,,,,,"0",,,,,,,,,,,,,
1108,0,32,"Brainbox SW-514",,,"09191",,,,,,,"Simon Teagle",,"Excellent",,0,,0,,"xx_UKCEH_Wallingford",,1,,,,,,,,,"0",,,,,,,,,,,,,
1109,0,32,"Brainbox SW-514",,,"09191",,,,,,,"Simon Teagle",,"Excellent",,0,,0,,"xx_UKCEH_Wallingford",,1,,,,,,,,,"0",,,,,,,,,,,,,
1110,0,32,"Sequent Watch Dog",,,"09191",,,,,,,"Simon Teagle",,"Excellent",,0,,0,,"xx_UKCEH_Wallingford",,1,,,,,,,,,"0",,,,,,,,,,,,,
1111,0,32,"Brainbox SW-514",,,"09191",,,,,,,"Simon Teagle",,"Excellent",,0,,0,,"xx_UKCEH_Wallingford",,1,,,,,,,,,"0",,,,,,,,,,,,,
1112,0,32,"Sequent Watch Dog",,,"09191",,,,,,,"Simon Teagle",,"Excellent",,0,,0,,"xx_UKCEH_Wallingford",,1,,,,,,,,,"0",,,,,,,,,,,,,
1113,0,32,"Brainbox SW-514",,,"09191",,,,,,,"Simon Teagle",,"Excellent",,0,,0,,"xx_UKCEH_Wallingford",,1,,,,,,,,,"0",,,,,,,,,,,,,
1114,0,32,"Sequent Watch Dog",,,"09191",,,,,,,"Simon Teagle",,"Excellent",,0,,0,,"xx_UKCEH_Wallingford",,1,,,,,,,,,"0",,,,,,,,,,,,,
1115,0,32,"Brainbox SW-514",,,"09191",,,,,,,"Simon Teagle",,"Excellent",,0,,0,,"xx_UKCEH_Wallingford",,1,,,,,,,,,"0",,,,,,,,,,,,,
1116,0,32,"Brainbox SW-514",,,"09191",,,,,,,"Simon Teagle",,"Excellent",,0,,0,,"xx_UKCEH_Wallingford",,1,,,,,,,,,"0",,,,,,,,,,,,,
1117,0,32,"Sequent Watch Dog",,,"09191",,,,,,,"Simon Teagle",,"Excellent",,0,,0,,"xx_UKCEH_Wallingford",,1,,,,,,,,,"0",,,,,,,,,,,,,
1118,0,32,"Sequent Watch Dog",,,"09191",,,,,,,"Simon Teagle",,"Excellent",,0,,0,,"xx_UKCEH_Wallingford",,1,,,,,,,,,"0",,,,,,,,,,,,,
1119,0,32,"Sequent Watch Dog",,,"09191",,,,,,,"Simon Teagle",,"Excellent",,0,,0,,"xx_UKCEH_Wallingford",,1,,,,,,,,,"0",,,,,,,,,,,,,
1120,0,32,"Sequent Watch Dog",,,"09191",,,,,,,"Simon Teagle",,"Excellent",,0,,0,,"xx_UKCEH_Wallingford",,1,,,,,,,,,"0",,,,,,,,,,,,,
1121,0,32,"Brainbox SW-514",,,"09191",,,,,,,"Simon Teagle",,"Excellent",,0,,0,,"xx_UKCEH_Wallingford",,1,,,,,,,,,"0",,,,,,,,,,,,,
1122,0,12,"18650 LIFEPO4 Battery",,,"09191",,,,,,,"Simon Teagle",,"Excellent",,0,,0,,"Carreg Wen",,1,,,,,,,,,"0",,,,,,,,,,,,,
1123,0,12,"SanDisk Ultra 32GB",,,"09191",,,,,,,"Simon Teagle",,"Good",,0,,0,,"Carreg Wen",,1,,,,,,,,,"0",,,,,,,,,,,,,
1124,0,12,"18650 LIFEPO4 Battery",,,"09191",,,,,,,"Simon Teagle",,"Excellent",,0,,0,,"Carreg Wen",,1,,,,,,,,,"0",,,,,,,,,,,,,
1125,0,32,"18650 LIFEPO4 Battery",,,"09191",,,,,,,"Simon Teagle",,"Excellent",,0,,0,,"xx_UKCEH_Wallingford",,1,,,,,,,,,"0",,,,,,,,,,,,,
1126,0,32,"18650 LIFEPO4 Battery",,,"09191",,,,,,,"Simon Teagle",,"Excellent",,0,,0,,"xx_UKCEH_Wallingford",,1,,,,,,,,,"0",,,,,,,,,,,,,
1127,0,32,"18650 LIFEPO4 Battery",,,"09191",,,,,,,"Simon Teagle",,"Excellent",,0,,0,,"xx_UKCEH_Wallingford",,1,,,,,,,,,"0",,,,,,,,,,,,,
1128,0,12,"SanDisk Ultra 32GB",,,"09191",,,,,,,"Simon Teagle",,"Good",,0,,0,,"Carreg Wen",,1,,,,,,,,,"0",,,,,,,,,,,,,
1129,0,32,"18650 LIFEPO4 Battery",,,"09191",,,,,,,"Simon Teagle",,"Excellent",,0,,0,,"xx_UKCEH_Wallingford",,1,,,,,,,,,"0",,,,,,,,,,,,,
1130,0,32,"SanDisk Ultra 32GB",,,"09191",,,,,,,"Simon Teagle",,"Excellent",,0,,0,,"xx_UKCEH_Wallingford",,1,,,,,,,,,"0",,,,,,,,,,,,,
1131,0,32,"18650 LIFEPO4 Battery",,,"09191",,,,,,,"Simon Teagle",,"Excellent",,0,,0,,"xx_UKCEH_Wallingford",,1,,,,,,,,,"0",,,,,,,,,,,,,
1132,0,32,"Raspberry Pi HQ Camera Module",,,"09191",,,,,,,"Simon Teagle",,"Excellent",,0,,0,,"xx_UKCEH_Wallingford",,1,,,,,,,,,"0",,,,,,,,,,,,,
1133,0,32,"SanDisk Ultra 32GB",,,"09191",,,,,,,"Simon Teagle",,"Excellent",,0,,0,,"xx_UKCEH_Wallingford",,1,,,,,,,,,"0",,,,,,,,,,,,,
1134,0,32,"18650 LIFEPO4 Battery",,,"09191",,,,,,,"Simon Teagle",,"Excellent",,0,,0,,"xx_UKCEH_Wallingford",,1,,,,,,,,,"0",,,,,,,,,,,,,
1135,0,32,"18650 LIFEPO4 Battery",,,"09191",,,,,,,"Simon Teagle",,"Excellent",,0,,0,,"xx_UKCEH_Wallingford",,1,,,,,,,,,"0",,,,,,,,,,,,,
1136,0,32,"SanDisk Ultra 32GB",,,"09191",,,,,,,"Simon Teagle",,"Excellent",,0,,0,,"xx_UKCEH_Wallingford",,1,,,,,,,,,"0",,,,,,,,,,,,,
1137,0,32,"18650 LIFEPO4 Battery",,,"09191",,,,,,,"Simon Teagle",,"Excellent",,0,,0,,"xx_UKCEH_Wallingford",,1,,,,,,,,,"0",,,,,,,,,,,,,
1138,0,32,"Raspberry Pi HQ Camera Module",,,"09191",,,,,,,"Simon Teagle",,"Excellent",,0,,0,,"xx_UKCEH_Wallingford",,1,,,,,,,,,"0",,,,,,,,,,,,,
1139,0,32,"SanDisk Ultra 32GB",,,"09191",,,,,,,"Simon Teagle",,"Excellent",,0,,0,,"xx_UKCEH_Wallingford",,1,,,,,,,,,"0",,,,,,,,,,,,,
1140,0,32,"18650 LIFEPO4 Battery",,,"09191",,,,,,,"Simon Teagle",,"Excellent",,0,,0,,"xx_UKCEH_Wallingford",,1,,,,,,,,,"0",,,,,,,,,,,,,
1141,0,32,"Raspberry Pi HQ Camera Module",,,"09191",,,,,,,"Simon Teagle",,"Excellent",,0,,0,,"xx_UKCEH_Wallingford",,1,,,,,,,,,"0",,,,,,,,,,,,,
1142,0,32,"18650 LIFEPO4 Battery",,,"09191",,,,,,,"Simon Teagle",,"Excellent",,0,,0,,"xx_UKCEH_Wallingford",,1,,,,,,,,,"0",,,,,,,,,,,,,
1143,0,32,"SanDisk Ultra 32GB",,,"09191",,,,,,,"Simon Teagle",,"Excellent",,0,,0,,"xx_UKCEH_Wallingford",,1,,,,,,,,,"0",,,,,,,,,,,,,
1144,0,32,"Raspberry Pi HQ Camera Module",,,"09191",,,,,,,"Simon Teagle",,"Excellent",,0,,0,,"xx_UKCEH_Wallingford",,1,,,,,,,,,"0",,,,,,,,,,,,,
1145,0,32,"18650 LIFEPO4 Battery",,,"09191",,,,,,,"Simon Teagle",,"Excellent",,0,,0,,"xx_UKCEH_Wallingford",,1,,,,,,,,,"0",,,,,,,,,,,,,
1146,0,32,"SanDisk Ultra 32GB",,,"09191",,,,,,,"Simon Teagle",,"Excellent",,0,,0,,"xx_UKCEH_Wallingford",,1,,,,,,,,,"0",,,,,,,,,,,,,
1147,0,32,"Raspberry Pi HQ Camera Module",,,"09191",,,,,,,"Simon Teagle",,"Excellent",,0,,0,,"xx_UKCEH_Wallingford",,1,,,,,,,,,"0",,,,,,,,,,,,,
1148,0,32,"18650 LIFEPO4 Battery",,,"09191",,,,,,,"Simon Teagle",,"Excellent",,0,,0,,"xx_UKCEH_Wallingford",,1,,,,,,,,,"0",,,,,,,,,,,,,
1149,0,32,"SanDisk Ultra 32GB",,,"09191",,,,,,,"Simon Teagle",,"Excellent",,0,,0,,"xx_UKCEH_Wallingford",,1,,,,,,,,,"0",,,,,,,,,,,,,
1150,0,32,"18650 LIFEPO4 Battery",,,"09191",,,,,,,"Simon Teagle",,"Excellent",,0,,0,,"xx_UKCEH_Wallingford",,1,,,,,,,,,"0",,,,,,,,,,,,,
1151,0,32,"Raspberry Pi HQ Camera Module",,,"09191",,,,,,,"Simon Teagle",,"Excellent",,0,,0,,"xx_UKCEH_Wallingford",,1,,,,,,,,,"0",,,,,,,,,,,,,
1152,0,32,"SanDisk Ultra 32GB",,,"09191",,,,,,,"Simon Teagle",,"Excellent",,0,,0,,"xx_UKCEH_Wallingford",,1,,,,,,,,,"0",,,,,,,,,,,,,
1153,0,32,"18650 LIFEPO4 Battery",,,"09191",,,,,,,"Simon Teagle",,"Excellent",,0,,0,,"xx_UKCEH_Wallingford",,1,,,,,,,,,"0",,,,,,,,,,,,,
1154,0,32,"SanDisk Ultra 32GB",,,"09191",,,,,,,"Simon Teagle",,"Excellent",,0,,0,,"xx_UKCEH_Wallingford",,1,,,,,,,,,"0",,,,,,,,,,,,,
1155,0,32,"Raspberry Pi HQ Camera Module",,,"09191",,,,,,,"Simon Teagle",,"Excellent",,0,,0,,"xx_UKCEH_Wallingford",,1,,,,,,,,,"0",,,,,,,,,,,,,
1156,0,32,"18650 LIFEPO4 Battery",,,"09191",,,,,,,"Simon Teagle",,"Excellent",,0,,0,,"xx_UKCEH_Wallingford",,1,,,,,,,,,"0",,,,,,,,,,,,,
1157,0,32,"SanDisk Ultra 32GB",,,"09191",,,,,,,"Simon Teagle",,"Excellent",,0,,0,,"xx_UKCEH_Wallingford",,1,,,,,,,,,"0",,,,,,,,,,,,,
1158,0,32,"18650 LIFEPO4 Battery",,,"09191",,,,,,,"Simon Teagle",,"Excellent",,0,,0,,"xx_UKCEH_Wallingford",,1,,,,,,,,,"0",,,,,,,,,,,,,
1159,0,32,"Raspberry Pi HQ Camera Module",,,"09191",,,,,,,"Simon Teagle",,"Excellent",,0,,0,,"xx_UKCEH_Wallingford",,1,,,,,,,,,"0",,,,,,,,,,,,,
1160,0,32,"Raspberry Pi HQ Camera Module",,,"09191",,,,,,,"Simon Teagle",,"Excellent",,0,,0,,"xx_UKCEH_Wallingford",,1,,,,,,,,,"0",,,,,,,,,,,,,
1161,0,32,"ArduCam Lens",,,"09191",,,,,,,"Simon Teagle",,"Excellent",,0,,0,,"xx_UKCEH_Wallingford",,1,,,,,,,,,"0",,,,,,,,,,,,,
1162,0,12,"ArduCam Lens",,,"09191",,,,,,,"Simon Teagle",,"Excellent",,0,,0,,"Carreg Wen",,1,,,,,,,,,"0",,,,,,,,,,,,,
1163,0,12,"ArduCam Lens",,,"09191",,,,,,,"Simon Teagle",,"Excellent",,0,,0,,"Carreg Wen",,1,,,,,,,,,"0",,,,,,,,,,,,,
1164,0,32,"ArduCam Lens",,,"09191",,,,,,,"Simon Teagle",,"Excellent",,0,,0,,"xx_UKCEH_Wallingford",,1,,,,,,,,,"0",,,,,,,,,,,,,
1165,0,32,"ArduCam Lens",,,"09191",,,,,,,"Simon Teagle",,"Excellent",,0,,0,,"xx_UKCEH_Wallingford",,1,,,,,,,,,"0",,,,,,,,,,,,,
1166,0,32,"ArduCam Lens",,,"09191",,,,,,,"Simon Teagle",,"Excellent",,0,,0,,"xx_UKCEH_Wallingford",,1,,,,,,,,,"0",,,,,,,,,,,,,
1167,0,32,"Aducam Lens",,,"09191",,,,,,,"Simon Teagle",,"Excellent",,0,,0,,"xx_UKCEH_Wallingford",,1,,,,,,,,,"0",,,,,,,,,,,,,
1168,0,32,"ArduCam Lens",,,"09191",,,,,,,"Simon Teagle",,"Excellent",,0,,0,,"xx_UKCEH_Wallingford",,1,,,,,,,,,"0",,,,,,,,,,,,,
1169,0,32,"ArduCam Lens",,,"09191",,,,,,,"Simon Teagle",,"Excellent",,0,,0,,"xx_UKCEH_Wallingford",,1,,,,,,,,,"0",,,,,,,,,,,,,
1170,0,32,"ArduCam Lens",,,"09191",,,,,,,"Simon Teagle",,"Excellent",,0,,0,,"xx_UKCEH_Wallingford",,1,,,,,,,,,"0",,,,,,,,,,,,,
1171,0,32,"ArduCam Lens",,,"09191",,,,,,,"Simon Teagle",,"Excellent",,0,,0,,"xx_UKCEH_Wallingford",,1,,,,,,,,,"0",,,,,,,,,,,,,
1172,0,32,"Arducam Lens",,,"09191",,,,,,,"Simon Teagle",,"Excellent",,0,,0,,"xx_UKCEH_Wallingford",,1,,,,,,,,,"0",,,,,,,,,,,,,
1173,0,12,"Eco Tree Lithium Battery 7.5ah",,,"09191",,,,,,,"Simon Teagle",,"Good",,0,,0,,"Carreg Wen",,1,,,,,,,,,"0",,,,,,,,,,,,,
1174,0,32,"Arducam Lens",,,"09191",,,,,,,"Simon Teagle",,"Excellent",,0,,0,,"xx_UKCEH_Wallingford",,1,,,,,,,,,"0",,,,,,,,,,,,,
1175,0,12,"Eco Tree Lithium Battery 7.5ah",,,"09191",,,,,,,"Simon Teagle",,"Excellent",,0,,0,,"Carreg Wen",,1,,,,,,,,,"0",,,,,,,,,,,,,
1176,0,32,"Arducam Lens",,,"09191",,,,,,,"Simon Teagle",,"Excellent",,0,,0,,"xx_UKCEH_Wallingford",,1,,,,,,,,,"0",,,,,,,,,,,,,
1177,0,32,"Radiodetection CAT and GENNY",,,"09191",,,,,,,"Simon Teagle",,"Excellent",,0,,0,,"xx_UKCEH_Wallingford",,1,,,,,,,,,"0",,,,,,,,,,,,,
1178,0,32,"Solinst Water Level Meter Model 101 P7","609125",,"09191",,,,,,,"Simon Teagle",,"Excellent",,0,,0,,"xx_UKCEH_Wallingford",,1,,,,,,,,,"0",,,,,,,,,,,,,
1179,0,32,"Solinist Well Casing and Depth Indicator 100m","624315",,"09191",,,,,,,"Simon Teagle",,"Excellent",,0,,0,,"xx_UKCEH_Wallingford",,1,,,,,,,,,"0",,,,,,,,,,,,,
1180,0,32,"Solinst Water Level Meter Model 101 P7 30m","556946",,"09191",,,,,,,"Simon Teagle",,"Excellent",,0,,0,,"xx_UKCEH_Wallingford",,1,,,,,,,,,"0",,,,,,,,,,,,,
1181,0,32,"Zarges Box 550x350x380",,,"09191",,,,,,,"Simon Teagle",,"Excellent",,0,,0,,"xx_UKCEH_Wallingford",,1,,,,,,,,,"0",,,,,,,,,,,,,
1182,0,32,"Zarges Box 550x350x380",,,"09191",,,,,,,"Simon Teagle",,"Excellent",,0,,0,,"xx_UKCEH_Wallingford",,1,,,,,,,,,"0",,,,,,,,,,,,,
1183,0,32,"Zarges Box 550x350x380",,,"09191",,,,,,,"Simon Teagle",,"Excellent",,0,,0,,"xx_UKCEH_Wallingford",,1,,,,,,,,,"0",,,,,,,,,,,,,
1184,0,32,"Zarges Box 550x350x380",,,"09191",,,,,,,"Simon Teagle",,"Excellent",,0,,0,,"xx_UKCEH_Wallingford",,1,,,,,,,,,"0",,,,,,,,,,,,,
1185,0,32,"Zarges Box 550x350x380",,,"09191",,,,,,,"Simon Teagle",,"Excellent",,0,,0,,"xx_UKCEH_Wallingford",,1,,,,,,,,,"0",,,,,,,,,,,,,
1186,0,32,"Zarges Box 550x350x380",,,"09191",,,,,,,"Simon Teagle",,"Excellent",,0,,0,,"xx_UKCEH_Wallingford",,1,,,,,,,,,"0",,,,,,,,,,,,,
1187,0,32,"Zarges Box 550x350x380",,,"09191",,,,,,,"Simon Teagle",,"Excellent",,0,,0,,"xx_UKCEH_Wallingford",,1,,,,,,,,,"0",,,,,,,,,,,,,
1188,0,32,"Zarges Box 550x350x380",,,"09191",,,,,,,"Simon Teagle",,"Excellent",,0,,0,,"xx_UKCEH_Wallingford",,1,,,,,,,,,"0",,,,,,,,,,,,,
1189,0,32,"Zarges Box 550x350x380",,,"09191",,,,,,,"Simon Teagle",,"Excellent",,0,,0,,"xx_UKCEH_Wallingford",,1,,,,,,,,,"0",,,,,,,,,,,,,
1190,0,32,"Zarges Box 550x350x380",,,"09191",,,,,,,"Simon Teagle",,"Excellent",,0,,0,,"xx_UKCEH_Wallingford",,1,,,,,,,,,"0",,,,,,,,,,,,,
1191,0,32,"Zarges Box 550x350x380",,,"09191",,,,,,,"Simon Teagle",,"Excellent",,0,,0,,"xx_UKCEH_Wallingford",,1,,,,,,,,,"0",,,,,,,,,,,,,
1192,0,32,"Zarges Box 550x350x380",,,"09191",,,,,,,"Simon Teagle",,"Excellent",,0,,0,,"xx_UKCEH_Wallingford",,1,,,,,,,,,"0",,,,,,,,,,,,,
1193,0,32,"Zarges Box 550x350x380",,,"09191",,,,,,,"Simon Teagle",,"Excellent",,0,,0,,"xx_UKCEH_Wallingford",,1,,,,,,,,,"0",,,,,,,,,,,,,
1194,0,32,"Zarges Box 550x350x380",,,"09191",,,,,,,"Simon Teagle",,"Excellent",,0,,0,,"xx_UKCEH_Wallingford",,1,,,,,,,,,"0",,,,,,,,,,,,,
1195,0,32,"Zarges Box 550x350x380",,,"09191",,,,,,,"Simon Teagle",,"Excellent",,0,,0,,"xx_UKCEH_Wallingford",,1,,,,,,,,,"0",,,,,,,,,,,,,
1196,0,32,"Zarges Box 550x350x380",,,"09191",,,,,,,"Simon Teagle",,"Excellent",,0,,0,,"xx_UKCEH_Wallingford",,1,,,,,,,,,"0",,,,,,,,,,,,,
1197,0,32,"Zarges Box 550x350x380",,,"09191",,,,,,,"Simon Teagle",,"Excellent",,0,,0,,"xx_UKCEH_Wallingford",,1,,,,,,,,,"0",,,,,,,,,,,,,
1198,0,32,"Zarges Box 550x350x380",,,"09191",,,,,,,"Simon Teagle",,"Excellent",,0,,0,,"xx_UKCEH_Wallingford",,1,,,,,,,,,"0",,,,,,,,,,,,,
1199,0,32,"Zarges Box 550x350x380",,,"09191",,,,,,,"Simon Teagle",,"Excellent",,0,,0,,"xx_UKCEH_Wallingford",,1,,,,,,,,,"0",,,,,,,,,,,,,
1200,0,32,"Zarges Box 550x350x380",,,"09191",,,,,,,"Simon Teagle",,"Excellent",,0,,0,,"xx_UKCEH_Wallingford",,1,,,,,,,,,"0",,,,,,,,,,,,,
1201,0,32,"Zarges Box 550x350x380",,,"09191",,,,,,,"Simon Teagle",,"Excellent",,0,,0,,"xx_UKCEH_Wallingford",,1,,,,,,,,,"0",,,,,,,,,,,,,
1202,0,32,"Zarges Box 550x350x380",,,"09191",,,,,,,"Simon Teagle",,"Excellent",,0,,0,,"xx_UKCEH_Wallingford",,1,,,,,,,,,"0",,,,,,,,,,,,,
1203,0,32,"Zarges Box 550x350x380",,,"09191",,,,,,,"Simon Teagle",,"Excellent",,0,,0,,"xx_UKCEH_Wallingford",,1,,,,,,,,,"0",,,,,,,,,,,,,
1204,0,32,"Zarges Box 550x350x380",,,"09191",,,,,,,"Simon Teagle",,"Excellent",,0,,0,,"xx_UKCEH_Wallingford",,1,,,,,,,,,"0",,,,,,,,,,,,,
1205,0,32,"Zarges Box 550x350x380",,,"09191",,,,,,,"Simon Teagle",,"Excellent",,0,,0,,"xx_UKCEH_Wallingford",,1,,,,,,,,,"0",,,,,,,,,,,,,
1206,0,32,"Victron 90W Solar Panel","24242440204095609431","SPM040901200","09191",,,,,,,"Simon Teagle",,"Excellent",,0,,0,,"xx_UKCEH_Wallingford",,1,,,,,,,,,"0",,,,,,,,,,,,,
1207,0,32,"Victron 90W Solar Panel","24242440204095609435","SPM040901200","09191",,,,,,,"Simon Teagle",,"Excellent",,0,,0,,"xx_UKCEH_Wallingford",,1,,,,,,,,,"0",,,,,,,,,,,,,
1208,0,32,"Campbell Enclosure Small",,"RJ1412HPL","09191",,,,,,,"Simon Teagle",,"Excellent",,0,,0,,"xx_UKCEH_Wallingford",,1,,,,,,,,,"0",,,,,,,,,,,,,
1209,0,32,"Campbell Enclosure Small",,"RJ1412HPL","09191",,,,,,,"Simon Teagle",,"Excellent",,0,,0,,"xx_UKCEH_Wallingford",,1,,,,,,,,,"0",,,,,,,,,,,,,
1211,0,32,"12V VICTRON LITHIUM SUPERPACK LIFEPO4 12.8V100AH BATTERY WITH INTEGRATED BMS AND SAFETYSWITCH (HIGH CURRENT DISCHARGE VERSION)","HQ2428NJ3KY",,"09191",,,,,,388.40,"Simon Teagle",,"Excellent",,0,"Power system",0,,"xx_UKCEH_Wallingford",,0,"Field site infrastructure",,"Victron",,"LITHIUM SUPERPACK LIFEPO4 12.8V 100AH",,,,"0",,,,,,,"Battery",,,,,,
1212,0,32,"12V VICTRON LITHIUM SUPERPACK LIFEPO4 12.8V100AH BATTERY WITH INTEGRATED BMS AND SAFETYSWITCH (HIGH CURRENT DISCHARGE VERSION)","SO2024022100200480",,"09191",,,,,,,"Simon Teagle",,"Excellent",,0,"Power system",0,,"xx_UKCEH_Wallingford",,1,"Field site infrastructure",,"Victron",,"LITHIUM SUPERPACK LIFEPO4 12.8V 100AH",,,,"0",,,,,,,"Battery",,,,,,
1214,0,18,"LX60 4G/5G MODEM WITH DUAL ETHERNET","7H4043503402B101",,"09191",,,,,,,"Simon Teagle",,"Excellent",,0,,0,,"Foel Fadian",,1,,,,,,,,,"0",,,,,,,,,,,,,
1215,0,18,"Rain[e]","615611. 0050",,"09191",,,,,,,"Simon Teagle",,"Excellent",,0,"Rain gauge",0,,"Foel Fadian",,1,,,,,,,,,"0",,,,,,,,,,,,,
1216,0,18,"Rain[e]","615611. 0049",,"09191",,,,,,,"Simon Teagle",,"Excellent",,0,,0,,"Foel Fadian",,1,,,,,,,,,"0",,,,,,,,,,,,,
1217,0,32,"Victron smartsolar MPPT 75I10","HQ2341VTHZX",,"09191",,,,,,,"Simon Teagle",,"Excellent",,0,"Regulator",0,,"xx_UKCEH_Wallingford",,1,,,,,,,,,"0",,,,,,,,,,,,,
1218,0,32,"Brainbox SW-514",,,"09191",,,,,,,"Simon Teagle",,"Excellent",,0,,0,,"xx_UKCEH_Wallingford",,0,,,,,,,,,"0",,,,,,,,,,,,,
1219,0,18,"Planet POE Injector","AH800324C00345",,"09191",,,,,,,"Simon Teagle",,"Excellent",,0,,0,,"Foel Fadian",,1,,,,,,,,,"0",,,,,,,,,,,,,
1220,0,32,"Planet POE Splitter","AF003524900581",,"09191",,,,,,,"Simon Teagle",,"Excellent",,0,,0,,"xx_UKCEH_Wallingford",,1,,,,,,,,,"0",,,,,,,,,,,,,
1221,0,32,"Planet POE Splitter","AF003524901015",,"09191",,,,,,,"Simon Teagle",,"Excellent",,0,,0,,"xx_UKCEH_Wallingford",,1,,,,,,,,,"0",,,,,,,,,,,,,
1223,0,18,"CS655-DS 12CM WATER CONTENT REFLECTOMETER PLUS C/W 10 METRE CABLE","68123","CS655-33-DS-PT","09191",,,,,,228.65,"Simon Teagle",,"Excellent",,0,,0,,"Foel Fadian",,1,,,,,,,,,"0",,,,,,,,,,,,,
1224,0,18,"CS655-DS 12CM WATER CONTENT REFLECTOMETER PLUS C/W 10 METRE CABLE","68128","CS655-33-DS-PT","09191",,,,,,228.65,"Simon Teagle",,"Excellent",,0,,0,,"Foel Fadian",,1,,,,,,,,,"0",,,,,,,,,,,,,
1225,0,18,"CS655-DS 12CM WATER CONTENT REFLECTOMETER PLUS C/W 10 METRE CABLE","67567","CS655-33-DS-PT","09191",,,,,,228.65,"Simon Teagle",,"Excellent",,0,,0,,"Foel Fadian",,1,,,,,,,,,"0",,,,,,,,,,,,,
1226,0,18,"CS655-DS 12CM WATER CONTENT REFLECTOMETER PLUS C/W 10 METRE CABLE","68141","CS655-33-DS-PT","09191",,,,,,228.65,"Simon Teagle",,"Excellent",,0,,0,,"Foel Fadian",,1,,,,,,,,,"0",,,,,,,,,,,,,
1227,0,32,"LX60 4G/5G MODEM WITH DUAL ETHERNET","7H4043507001B101",,"09191",,,,,,,"Simon Teagle",,"Excellent",,0,"Modem",0,,"xx_UKCEH_Wallingford","7H4043507001B101",1,,,,,,,,,"0",,,,,,,,,,,,,
1228,0,32,"Planet POE Injector","AH800325300238",,"09191",,,,,,,"Simon Teagle",,"Excellent",,0,,0,,"xx_UKCEH_Wallingford",,1,,,,,,,,,"0",,,,,,,,,,,,,
1229,0,18,"Victron smartsolar MPPT 75I10","HQ2450RUXT4",,"09191",,,,,,,"Simon Teagle",,"Excellent",,0,,0,,"Foel Fadian",,1,,,,,,,,,"0",,,,,,,,,,,,,
1230,0,32,"StyX Neutronica Cosmic Ray Neutron Detector System (S1+)","C004-0045",,"09191",22/09/2025 00:00:00,,"22891",18/07/2025 00:00:00,,8425.00,"Simon Teagle",,"Excellent",,0,,0,,"xx_UKCEH_Wallingford","Contains: Neutron Catcher SN C004-0045. Neutron Detector SN UP-0054. Datalogger (inc GSM/LTE modem) SN Z003-0097. IP66 Casing SN SKIT-0050. Charger. Pole. Groundscrew. Battery (22Ah). PV Panel",1,,,,,,,,,"0",,,,,,,,,,,,,
1231,0,32,"StyX Neutronica TPRh Sensor (Temp, Pressure, Relative Humidity)",,,"09191",22/09/2025 00:00:00,,"22891",18/07/2025 00:00:00,,680.00,"Simon Teagle",,"Excellent",,0,,0,,"xx_UKCEH_Wallingford",,1,,,,,,,,,"0",,,,,,,,,,,,,
1232,0,32,"Field Scout - TDR350 Soil Moisture Meter","T35017407",,"09191",13/10/2025 00:00:00,,"23993",10/10/2025 00:00:00,,1647.99,"Simon Teagle",,"Excellent",,0,"Other",0,,"xx_UKCEH_Wallingford",,1,"Mobile",,"USA, Spectrum Technologies",,"TDR350",,,,"0",,,,,,,"Field Scout",,,,,,
1233,0,32,"Field Scout - TDR350 Soil Moisture Meter","T35017427",,"09191",13/10/2025 00:00:00,,"23993",10/10/2025 00:00:00,,1647.99,"Simon Teagle",,"Excellent",,0,"Other",0,,"xx_UKCEH_Wallingford",,1,"Mobile",,"USA-Spctrum Technologies",,"TDR350",,,,"0",,,,,,,"Field Sciut",,,,,,
1234,0,32,"TDR Rods, 1.5""",,,"09191",13/10/2025 00:00:00,,"23993",10/10/2025 00:00:00,,79.24,"Simon Teagle",,"Excellent",,0,"Other",0,,"xx_UKCEH_Wallingford","2 rods (comes in pairs)",1,,,,,,,,,"0",,,,,,,,,,,,,
1235,0,32,"TDR Rods, 3""",,,"09191",13/10/2025 00:00:00,,"23993",17/10/2025 00:00:00,,84.97,"Simon Teagle",,"Excellent",,0,"Other",0,,"xx_UKCEH_Wallingford","2 rods (comes in pairs)",1,,,,,,,,,"0",,,,,,,,,,,,,
1236,0,32,"TDR Rods, 4.8""",,,"09191",13/10/2025 00:00:00,,"23993",10/10/2025 00:00:00,,84.97,"Simon Teagle",,"Excellent",,0,"Other",0,,"xx_UKCEH_Wallingford","2 rods (comes in pairs)",1,,,,,,,,,"0",,,,,,,,,,,,,
1237,0,32,"TDR Rods, 8""",,,"09191",13/10/2025 00:00:00,,"23993",10/10/2025 00:00:00,,96.46,"Simon Teagle",,"Excellent",,0,"Other",0,,"xx_UKCEH_Wallingford","2 rods (comes in pairs)",1,,,,,,,,,"0",,,,,,,,,,,,,
1238,0,32,"Gas Regulators",," 3960060794","09191",29/08/2025 00:00:00,,"23246",21/08/2025 00:00:00,,4084.73,"Simon Teagle",,"Excellent",,0,"Regulator",0,,"xx_UKCEH_Wallingford","Air Products Reference No:- 250811-001998, MO: 0055064239
SPEC MASTER 6 PORT TWO STAGE
CYLINDER REGULATOR FKM SEAL - INLET <=300 bar BS 341 No.3 - OUTLET
0-1.5 bar 1/4 STAINLESS STEEL COMPRESSION-OPTIONS A-GAS ARC Brand",13,,,,,"HPT601-04-02-01-01-010-02-A_GA",,,,"0",,,,,,,,,,"GASARC-An ESAB Brand",,"Packed",
1240,0,32,"D1D07 Solid State Relay",,,"09191",,,,,,56.09,"Simon Teagle",,"Excellent",,0,,0,,"xx_UKCEH_Wallingford",,18,,,,,,,,,"0",,,,,,,,,,,,,
1241,0,32,"D1D20 Solid State Relay",,,"09191",,,,,,71.56,"Simon Teagle",,"Excellent",,0,,0,,"xx_UKCEH_Wallingford",,3,,,,,,,,,"0",,,,,,,,,,,,,
1242,0,32,"Conexa SIM Card","89444611503507313417",,"09191",,,,,,,"Simon Teagle",,,,0,,0,,"xx_UKCEH_Wallingford","Installed in Styx Neutronica",1,,,,,,,,,"0",,,,,,,,,,,,,
1243,0,32,"SIP Portable Dehumidifier",,,"09191",27/10/2025 00:00:00,,,,,233.33,"Simon Teagle",,"Excellent",,0,,0,,"xx_UKCEH_Wallingford","SIP Portable Dehumidifier, 6.5L water tank, 20L/day extraction rate",1,,,,,,,,,"0",,,,,,,,,,,,,
1244,0,32,"Garden Trowel",,"4090SFD-FSC","09191",27/10/2025 00:00:00,,,,,54.80,"Simon Teagle",,"Excellent",,0,"Other",0,,"xx_UKCEH_Wallingford",,4,,,,,,,,,"0",,,,,,,,,,,,,
1245,0,32,"WeatherWriter A3 Landscape",,,"09191",27/10/2025 00:00:00,,,,,124.95,"Simon Teagle",,"Excellent",,0,"Other",0,,"xx_UKCEH_Wallingford",,5,,,,,,,,,"0",,,,,,,,,,,,,
1246,0,32,"WeatherWriter A4 Portrait ECO in",,,"09191",27/10/2025 00:00:00,,,,,79.96,"Simon Teagle",,"Excellent",,0,"Other",0,,"xx_UKCEH_Wallingford",,4,,,,,,,,,"0",,,,,,,,,,,,,
1247,0,32,"WeatherWriter A4 Landscape",,,"09191",27/10/2025 00:00:00,,,,,79.96,"Simon Teagle",,"Excellent",,0,"Other",0,,"xx_UKCEH_Wallingford",,4,,,,,,,,,"0",,,,,,,,,,,,,
1248,0,32,"VICTRON 12.8V 100AH LIFEPO4 BATTERY",,,"09191",,,"74493",30/09/2025 00:00:00,,315.00,"Simon Teagle",,"Excellent",,0,,0,,"xx_UKCEH_Wallingford","Victron Energy LiFePO4 12.8V 100Ah battery",25,,,,,,,,,"0",,,,,,,,,,,,,
1249,0,32,"Rain[e]LP","H2234B.0050",,"09191",13/11/2025 00:00:00,,"PO24315",,,,"Simon Teagle",,"Excellent",,0,"Rain gauge",0,,"xx_UKCEH_Wallingford",,1,,,,,,,,,"0",,,,,,,,,,,,,
1250,0,32,"Calibration kit for raine",,,"09191",13/11/2025 00:00:00,,"PO24315",,,,"Simon Teagle",,"Excellent",,0,"Calibrator",0,,"xx_UKCEH_Wallingford",,1,,,,,,,,,"0",,,,,,,,,,,,,
1251,0,32,"Calibration kit for Raine",,,"09191",,,"PO24315",,,,"Simon Teagle",,"Excellent",,0,"Calibrator",0,,"xx_UKCEH_Wallingford",,1,,,,,,,,,"0",,,,,,,,,,,,,
1252,0,32,"Calibration kit for Raine",,,"09191",13/11/2025 00:00:00,,"PO24315",,,,"Simon Teagle",,,,0,"Calibrator",0,,"xx_UKCEH_Wallingford",,1,,,,,,,,,"0",,,,,,,,,,,,,
1253,0,32,"Calibration kit for Raine",,,"09191",,,"PO24315",,,,"Simon Teagle",,"Excellent",,0,"Calibrator",0,,"xx_UKCEH_Wallingford",,1,,,,,,,,,"0",,,,,,,,,,,,,
1254,0,32,"Calibration kit for Raine",,,"09191",,,"PO24315",,,,"Simon Teagle",,"Excellent",,0,,0,,"xx_UKCEH_Wallingford",,1,,,,,,,,,"0",,,,,,,,,,,,,
1255,0,32,"Raine 10m Cable",,,"09191",13/11/2025 00:00:00,,"PO24315",,,,"Simon Teagle",,"Excellent",,0,"Other",0,,"xx_UKCEH_Wallingford",,1,,,,,,,,,"0",,,,,,,,,,,,,
1256,0,32,"Raine LP","H4EAA4.0004",,"09191",13/11/2025 00:00:00,,"PO24315",,,,"Simon Teagle",,"Excellent",,0,"Rain gauge",0,,"xx_UKCEH_Wallingford",,1,,,,,,,,,"0",,,,,,,,,,,,,
1257,0,32,"Raine LP","H4EAA4.0008",,"09191",13/11/2025 00:00:00,,"PO24315",,,,"Simon Teagle",,"Excellent",,0,"Rain gauge",0,,"xx_UKCEH_Wallingford",,1,,,,,,,,,"0",,,,,,,,,,,,,
1258,0,32,"Raine LP","H4EAA4.0002",,"09191",13/11/2025 00:00:00,,"PO24315",,,,"Simon Teagle",,"Excellent",,0,"Rain gauge",0,,"xx_UKCEH_Wallingford",,1,,,,,,,,,"0",,,,,,,,,,,,,
1259,0,32,"Raine LP","H4EAA4.0007",,"09191",13/11/2025 00:00:00,,"PO24315",,,,"Simon Teagle",,"Excellent",,0,"Rain gauge",0,,"xx_UKCEH_Wallingford",,1,,,,,,,,,"0",,,,,,,,,,,,,
1260,0,32,"Raine 10m Cable",,,"09191",13/11/2025 00:00:00,,"PO24315",,,,"Simon Teagle",,"Excellent",,0,"Other",0,,"xx_UKCEH_Wallingford",,1,,,,,,,,,"0",,,,,,,,,,,,,
1261,0,32,"Raine 10m Cable",,,"09191",13/11/2025 00:00:00,,"PO24315",,,,"Simon Teagle",,"Excellent",,0,"Other",0,,"xx_UKCEH_Wallingford",,1,,,,,,,,,"0",,,,,,,,,,,,,
1262,0,32,"Raine 10m Cable",,,"09191",13/11/2025 00:00:00,,"PO24315",,,,"Simon Teagle",,"Excellent",,0,"Other",0,,"xx_UKCEH_Wallingford",,1,,,,,,,,,"0",,,,,,,,,,,,,
1263,0,32,"Raine 10m Cable",,,"09191",13/11/2025 00:00:00,,"PO24315",,,,"Simon Teagle",,"Excellent",,0,"Other",0,,"xx_UKCEH_Wallingford",,1,,,,,,,,,"0",,,,,,,,,,,,,
1264,0,32,"Raine 10m Cable",,,"09191",13/11/2025 00:00:00,,"PO24315",,,,"Simon Teagle",,"Excellent",,0,"Other",0,,"xx_UKCEH_Wallingford",,1,,,,,,,,,"0",,,,,,,,,,,,,
1265,0,32,"Raine LP","H4EAA4.0003",,"09191",13/11/2025 00:00:00,,"PO24315",,,,"Simon Teagle",,"Excellent",,0,"Rain gauge",0,,"xx_UKCEH_Wallingford",,1,,,,,,,,,"0",,,,,,,,,,,,,
1266,0,32,"Raine 10m Cable",,,"09191",13/11/2025 00:00:00,,"PO24315",,,,"Simon Teagle",,"Excellent",,0,"Other",0,,"xx_UKCEH_Wallingford",,1,,,,,,,,,"0",,,,,,,,,,,,,
1267,0,32,"Raine 10m Cable",,,"09191",13/11/2025 00:00:00,,"PO24315",,,,"Simon Teagle",,"Excellent",,0,"Other",0,,"xx_UKCEH_Wallingford",,1,,,,,,,,,"0",,,,,,,,,,,,,
1268,0,32,"Raine 10m Cable",,,"09191",13/11/2025 00:00:00,,"PO24315",,,,"Simon Teagle",,"Excellent",,0,"Other",0,,"xx_UKCEH_Wallingford",,1,,,,,,,,,"0",,,,,,,,,,,,,
1269,0,32,"Raine LP","H4EAA4.0005",,"09191",13/11/2025 00:00:00,,"PO24315",,,,"Simon Teagle",,"Excellent",,0,"Rain gauge",0,,"xx_UKCEH_Wallingford",,1,,,,,,,,,"0",,,,,,,,,,,,,
1270,0,32,"Raine LP","H4EAA4.0001",,"09191",13/11/2025 00:00:00,,"PO24315",,,,"Simon Teagle",,"Excellent",,0,"Rain gauge",0,,"xx_UKCEH_Wallingford",,1,,,,,,,,,"0",,,,,,,,,,,,,
1271,0,32,"Raine LP","H4EAA4.0006",,"09191",13/11/2025 00:00:00,,"PO24315",,,,"Simon Teagle",,"Excellent",,0,"Rain gauge",0,,"xx_UKCEH_Wallingford",,1,,,,,,,,,"0",,,,,,,,,,,,,
1272,0,32,"Raine 10m Cable",,,"09191",13/11/2025 00:00:00,,"PO24315",,,,"Simon Teagle",,"Excellent",,0,"Other",0,,"xx_UKCEH_Wallingford",,1,,,,,,,,,"0",,,,,,,,,,,,,
1273,0,32,"Raine 10m Cable",,,"09191",13/11/2025 00:00:00,,"PO24315",,,,"Simon Teagle",,"Excellent",,0,,0,,"xx_UKCEH_Wallingford",,1,,,,,,,,,"0",,,,,,,,,,,,,
1274,0,32,"Raine 10m Cable",,,"09191",13/11/2025 00:00:00,,"PO24315",,,,"Simon Teagle",,"Excellent",,0,"Other",0,,"xx_UKCEH_Wallingford",,1,,,,,,,,,"0",,,,,,,,,,,,,
1275,0,32,"Raine 10m Cable",,,"09191",13/11/2025 00:00:00,,"PO24315",,,,"Simon Teagle",,"Excellent",,0,"Other",0,,"xx_UKCEH_Wallingford",,1,,,,,,,,,"0",,,,,,,,,,,,,
1276,0,32,"Raine LP","H2234B.0045",,"09191",13/11/2025 00:00:00,,"PO24315",13/11/2025 00:00:00,,,"Simon Teagle",,"Excellent",,0,"Rain gauge",0,,"xx_UKCEH_Wallingford",,1,,,,,,,,,"0",,,,,,,,,,,,,
1277,0,32,"Raine LP","H2234B.0044",,"09191",13/11/2025 00:00:00,,"PO24315",,,,"Simon Teagle",,"Excellent",,0,"Rain gauge",0,,"xx_UKCEH_Wallingford",,1,,,,,,,,,"0",,,,,,,,,,,,,
1278,0,32,"Raine LP","H2234B.0042",,"09191",13/11/2025 00:00:00,,"PO24315",,,,"Simon Teagle",,"Excellent",,0,"Rain gauge",0,,"xx_UKCEH_Wallingford",,1,,,,,,,,,"0",,,,,,,,,,,,,
1279,0,32,"Raine LP","H2234B.0043",,"09191",13/11/2025 00:00:00,,"PO24315",,,,"Simon Teagle",,"Excellent",,0,"Rain gauge",0,,"xx_UKCEH_Wallingford",,1,,,,,,,,,"0",,,,,,,,,,,,,
1280,0,32,"Raine 10m Cable",,,"09191",13/11/2025 00:00:00,,"PO24315",,,,"Simon Teagle",,"Excellent",,0,"Other",0,,"xx_UKCEH_Wallingford",,1,,,,,,,,,"0",,,,,,,,,,,,,
1281,0,32,"Raine 10m Cable",,,"09191",13/11/2025 00:00:00,,"PO24315",,,,"Simon Teagle",,"Excellent",,0,"Other",0,,"xx_UKCEH_Wallingford",,1,,,,,,,,,"0",,,,,,,,,,,,,
1282,0,32,"Raine 10m Cable",,,"09191",13/11/2025 00:00:00,,"PO24315",,,,"Simon Teagle",,"Excellent",,0,"Other",0,,"xx_UKCEH_Wallingford",,1,,,,,,,,,"0",,,,,,,,,,,,,
1283,0,32,"Raine LP",,,"09191",13/11/2025 00:00:00,,"PO24315",,,,"Simon Teagle",,"Excellent",,0,"Rain gauge",0,,"xx_UKCEH_Wallingford",,1,,,,,,,,,"0",,,,,,,,,,,,,
1284,0,32,"H2234B.0049",,,"09191",13/11/2025 00:00:00,,"PO24315",,,,"Simon Teagle",,"Excellent",,0,"Rain gauge",0,,"xx_UKCEH_Wallingford",,1,,,,,,,,,"0",,,,,,,,,,,,,
1285,0,32,"Raine LP","H2234B.0047",,"09191",13/11/2025 00:00:00,,"PO24315",,,,"Simon Teagle",,"Excellent",,0,"Rain gauge",0,,"xx_UKCEH_Wallingford",,1,,,,,,,,,"0",,,,,,,,,,,,,
1286,0,32,"Raine LP","H2234B.0046",,"09191",13/11/2025 00:00:00,,"PO24315",,,,"Simon Teagle",,"Excellent",,0,"Rain gauge",0,,"xx_UKCEH_Wallingford",,1,,,,,,,,,"0",,,,,,,,,,,,,
1287,0,32,"Raine LP","H2234B.0048",,"09191",13/11/2025 00:00:00,,"PO24315",,,,"Simon Teagle",,"Excellent",,0,"Rain gauge",0,,"xx_UKCEH_Wallingford",,1,,,,,,,,,"0",,,,,,,,,,,,,
1288,0,32,"ReNu 60 Santoprene PFPE pumphead 7bar 100psi",,,"09191",13/11/2025 00:00:00,,,,,,"Simon Teagle",,"Excellent",,0,"Other",0,,"xx_UKCEH_Wallingford",,1,,,,,,,,,"0",,,,,,,,,,,,,
1289,0,32,"Planet PoE Splitter","AF003525400268",,"09191",,,,,,,"Simon Teagle",,"Excellent",,0,"Other",0,,"xx_UKCEH_Wallingford",,1,,,,,,,,,"0",,,,,,,,,,,,,
1290,0,32,"Planet PoE splitter","AF003525400169","IPOE-162S","09191",,,,,,,"Simon Teagle",,"Excellent",,0,"Other",0,,"xx_UKCEH_Wallingford",,1,,,,,,,,,"0",,,,,,,,,,,,,
1291,0,32,"Planet PoE splitter","AF003525400277","IPOE-162S","09191",,,,,,,"Simon Teagle",,"Excellent",,0,"Other",0,,"xx_UKCEH_Wallingford",,1,,,,,,,,,"0",,,,,,,,,,,,,
1292,0,32,"Planet PoE splitter","AF003525400280","IPOE-162S","09191",,,,,,,"Simon Teagle",,"Excellent",,0,"Other",0,,"xx_UKCEH_Wallingford",,1,,,,,,,,,"0",,,,,,,,,,,,,
1293,0,32,"Planet PoE splitter","AF003525400536","IPOE-162S","09191",,,,,,,"Simon Teagle",,"Excellent",,0,"Other",0,,"xx_UKCEH_Wallingford",,1,,,,,,,,,"0",,,,,,,,,,,,,
1294,0,32,"Planet PoE","AF003525400524","IPOE-162S","09191",,,,,,,"Simon Teagle",,"Excellent",,0,"Other",0,,"xx_UKCEH_Wallingford",,1,,,,,,,,,"0",,,,,,,,,,,,,
1295,0,32,"Planet PoE","AF003525400535","IPOE-162S","09191",,,,,,,"Simon Teagle",,"Excellent",,0,"Other",0,,"xx_UKCEH_Wallingford",,1,,,,,,,,,"0",,,,,,,,,,,,,
1296,0,32,"Planet PoE splitter","AF003525A0005","IPOE-162S","09191",,,,,,,"Simon Teagle",,"Excellent",,0,"Other",0,,"xx_UKCEH_Wallingford",,1,,,,,,,,,"0",,,,,,,,,,,,,
1297,0,32,"Planet PoE splitter","AF003525A00531","IPOE-162S","09191",,,,,,,"Simon Teagle",,"Excellent",,0,"Other",0,,"xx_UKCEH_Wallingford",,1,,,,,,,,,"0",,,,,,,,,,,,,
1298,0,32,"Planet PoE splitter","AF003525400265","IPOE-162S","09191",,,,,,,"Simon Teagle",,"Excellent",,0,"Other",0,,"xx_UKCEH_Wallingford",,1,,,,,,,,,"0",,,,,,,,,,,,,
1299,0,32,"Planet PoE splitter","AF003525400175","IPOE-162S","09191",13/11/2025 00:00:00,,,,,,"Simon Teagle",,"Excellent",,0,"Other",0,,"xx_UKCEH_Wallingford",,1,,,,,,,,,"0",,,,,,,,,,,,,
1300,0,32,"Planet PoE splitter","AF003525A00534","IPOE-162S","09191",,,,,,,"Simon Teagle",,"Excellent",,0,"Other",0,,"xx_UKCEH_Wallingford",,1,,,,,,,,,"0",,,,,,,,,,,,,
1301,0,32,"Planet PoE splitter","AF003525400264","IPOE-162S","09191",,,,,,,"Simon Teagle",,"Excellent",,0,"Other",0,,"xx_UKCEH_Wallingford",,1,,,,,,,,,"0",,,,,,,,,,,,,
1302,0,32,"Planet PoE splitter","AF003525400261","IPOE-162S","09191",,,,,,,"Simon Teagle",,"Excellent",,0,"Other",0,,"xx_UKCEH_Wallingford",,1,,,,,,,,,"0",,,,,,,,,,,,,
1303,0,32,"Planet PoE splitter","AF003525A00532","IPOE-162S","09191",,,,,,,"Simon Teagle",,"Excellent",,0,"Other",0,,"xx_UKCEH_Wallingford",,1,,,,,,,,,"0",,,,,,,,,,,,,
1304,0,32,"Planet PoE splitter","AF003525400278","IPOE-162S","09191",,,,,,,"Simon Teagle",,"Excellent",,0,"Other",0,,"xx_UKCEH_Wallingford",,1,,,,,,,,,"0",,,,,,,,,,,,,
1305,0,32,"Planet PoE splitter","AF003525400263","IPOE-162S","09191",,,,,,,"Simon Teagle",,"Excellent",,0,"Other",0,,"xx_UKCEH_Wallingford",,1,,,,,,,,,"0",,,,,,,,,,,,,
1306,0,32,"Planet PoE splitter","AF003525400266","IPOE-162S","09191",,,,,,,"Simon Teagle",,"Excellent",,0,"Other",0,,"xx_UKCEH_Wallingford",,1,,,,,,,,,"0",,,,,,,,,,,,,
1307,0,32,"Planet PoE splitter","AF003525400262","IPOE-162S","09191",,,,,,,"Simon Teagle",,"Excellent",,0,"Other",0,,"xx_UKCEH_Wallingford",,1,,,,,,,,,"0",,,,,,,,,,,,,
1388,,32,"AM16/32B 16/32 CHANNEL RELAY MULTIPLEXER C/W PLUGGABLE CONNECTORS","44806","RJ1614HPL","09191",27/10/2025 00:00:00,,"PO-22866",,,702.10,"Simon Teagle",,,,0,,,,"xx_UKCEH_Wallingford","Item-010620",1,"Fixed","STAHLIN_Robroy Enclosures","USA",,,,,,,,07/06/2025 00:00:00,,,,,,,,,,,
1389,,32,"AM16/32B 16/32 CHANNEL RELAY MULTIPLEXER C/W PLUGGABLE CONNECTORS","44808","RJ1614HPL","09191",27/10/2025 00:00:00,,"PO-22866",,,702.10,"Simon Teagle",,,,0,,,,"xx_UKCEH_Wallingford","Item-010620",1,"Fixed","STAHLIN_Robroy Enclosures","USA",,,,,,,,07/06/2025 00:00:00,,,,,,,,,,,
1390,,32,"AM16/32B 16/32 CHANNEL RELAY MULTIPLEXER C/W PLUGGABLE CONNECTORS","44807","RJ1614HPL","09191",27/10/2025 00:00:00,,"PO-22866",,,702.10,"Simon Teagle",,,,0,,,,"xx_UKCEH_Wallingford","Item-010620",1,"Fixed","STAHLIN_Robroy Enclosures","USA",,,,,,,,07/06/2025 00:00:00,,,,,,,,,,,
1391,,32,"Mounting kit","10713",,"09191",27/10/2025 00:00:00,,"PO-22866",,,443.70,"Simon Teagle",,,,0,,,,"xx_UKCEH_Wallingford",,6,,,,,,,,,,,,,,,,,,,,,,
1392,,32,"CPEC310 CLOSE PATH EDDY COVARIANCE SYSTEM","1380",,"09191",27/10/2025 00:00:00,,"PO-22866",,,31013.00,"Simon Teagle",,,,0,,,,"xx_UKCEH_Wallingford","CPEC310-6NA-NAM-NK-SS2-NC-NG-NM 
Including CR6 UN 3091 lithium metal batteries contained in equipment P1903
CR6 SN: 26483
CPEC310 three valve module SN: 1487
SDM-CD16S SN: 2006
Category 6 patch cord PN:28899 made in vietnam
USB A - micro B cable PN: 5458
Sub AP200 enclosurePN: 29236
Item-011057
CM250 Levelling mounting kit PN: 26559
SUB EC155 Heated vortex filter replacement kit PN: 32203
EC155 cable 3547
2657",1,"Fixed",,"USA",,,,,,,,,,,,,,,,,,,
1393,,32,"CPEC310 CLOSE PATH EDDY COVARIANCE SYSTEM","1376",,"09191",27/10/2025 00:00:00,,"PO-22866",,,31013.00,"Simon Teagle",,,,0,,,,"xx_UKCEH_Wallingford","CPEC310-6NA-NAM-NK-SS2-NC-NG-NM 
Including CR6 UN 3091 lithium metal batteries contained in equipment P1903
CR6 SN: 26434
CPEC310 three valve module SN: 1488
SDM-CD16S SN: 2008
Category 6 patch cord PN:28899 made in vietnam
USB A - micro B cable PN: 5458
Sub AP200 enclosurePN: 29236
Item-011057
CM250 Levelling mounting kit PN: 26559
SUB EC155 Heated vortex filter replacement kit PN: 32203
EC155 cable 3545
box 3 calibration cert not available.",1,"Fixed",,"USA",,,,,,,,,,,,,,,,,,,
1394,,32,"CPEC310 CLOSE PATH EDDY COVARIANCE SYSTEM","1377",,"09191",27/10/2025 00:00:00,,"PO-22866",,,31013.00,"Simon Teagle",,,,0,,,,"xx_UKCEH_Wallingford","CPEC310-6NA-NAM-NK-SS2-NC-NG-NM 
Including CR6 UN 3091 lithium metal batteries contained in equipment P1903
CR6 SN: 26432
CPEC310 three valve module SN: 1484
SDM-CD16S SN: 2007
Category 6 patch cord PN:28899 made in vietnam
USB A - micro B cable PN: 5458
Sub AP200 enclosurePN: 29236
Item-011057
CM250 Levelling mounting kit PN: 26559
SUB EC155 Heated vortex filter replacement kit PN: 32203
EC155 cable 3547
2653",1,"Fixed",,"USA",,,,,,,,,,,,,,,,,,,
1395,,32,"CR1000Xe MEASUREMENT & CONTROL DATALOGGER","77239","41842","09191",27/10/2025 00:00:00,,"PO-22866",,,1879.35,"Simon Teagle",,,,0,,,,"xx_UKCEH_Wallingford","UN 3091 Lithium Metal Batteries Contained In Equipment PI903
charge cable PN:38315
PX0834/B PN:51-4318 (x3)",1,"Fixed",,"USA",,,,,,,,,,,,,,,,,,,
1396,,32,"CR1000Xe MEASUREMENT & CONTROL DATALOGGER","77238","41842","09191",27/10/2025 00:00:00,,"PO-22866",,,1879.35,"Simon Teagle",,,,0,,,,"xx_UKCEH_Wallingford","UN 3091 Lithium Metal Batteries Contained In Equipment PI903
charge cable PN:38315
PX0834/B PN:51-4318 (x3)",,,,,,,,,,,,,,,,,,,,,,,
1397,,32,"CR1000Xe MEASUREMENT & CONTROL DATALOGGER","77237","41842","09191",27/10/2025 00:00:00,,"PO-22866",,,,"Simon Teagle",,,,0,,,,"xx_UKCEH_Wallingford",,,,,,,,,,,,,,,,,,,,,,,,
1398,,32,"LX60 4G/5G MODEM WITH DUAL ETHERNET","7H4043502402B101","1104046","09191",27/10/2025 00:00:00,,"PO-22866",,,508.30,"Simon Teagle",,,,0,,,,"xx_UKCEH_Wallingford","IMEI: 356048090869321",1,,,"Vietnam",,,,,,,,,,,,,,,,,,,
1399,,32,"LX60 4G/5G MODEM WITH DUAL ETHERNET","7H4043512701B101","1104046","09191",27/10/2025 00:00:00,,"PO-22866",,,508.30,"Simon Teagle",,,,0,,,,"xx_UKCEH_Wallingford","IMEI: 356048090868687",1,,,"Vietnam",,,,,,,,,,,,,,,,,,,
1400,,32,"LX60 4G/5G MODEM WITH DUAL ETHERNET","7H4043505702B101","1104046","09191",27/10/2025 00:00:00,,"PO-22866",,,508.30,"Simon Teagle",,,,0,,,,"xx_UKCEH_Wallingford","IMEI:356048290870014",1,,,"Vietnam",,,,,,,,,,,,,,,,,,"Packed",
1401,,32,"DPS8100 Barometric Pressure sensor","13385065",,"09191",27/10/2025 00:00:00,,"PO-22866",,,508.30,"Simon Teagle",,,,0,,,,"xx_UKCEH_Wallingford",,1,,,,,,,,,,,,,,,,,,,,,,
1402,,32,"DPS8100 Barometric Pressure sensor","13385064",,"09191",27/10/2025 00:00:00,,"PO-22866",,,1883.60,"Simon Teagle",,,,0,,,,"xx_UKCEH_Wallingford",,1,,,,,,,,,,,,,,,,,,,,,,
1403,,32,"DPS8100 Barometric Pressure sensor","13385066",,"09191",27/10/2025 00:00:00,,"PO-22866",,,1883.60,"Simon Teagle",,,,0,,,,"xx_UKCEH_Wallingford",,1,,,,,,,,,,,,,,,,,,,,,,
1404,,,"CM206E 180cm SENSOR CROSS ARM & CM210E BRACKET KIT",,"10719","09191",27/10/2025 00:00:00,,"PO-22866",,,316.20,"Simon Teagle",,,,0,,,,,,3,,,,,,,,,,,,,,,,,,,,,,
1405,,,"HMP155A TEMP & RH Probe C/W 3 metres","X3138561",,"09191",27/10/2025 00:00:00,,"23034",,,,,,,,0,,,,,,1,,,"Finland",,,,,,,,,,,,,,,,,,,
1406,,,"TS-100 Aspirated radiation shield","3814","9840","09191",27/10/2025 00:00:00,,"23034",,,,,,,,0,,,,,,1,,,,,,,,,,,,,,,,,,,,,,
1407,,,"TS-100 adapter & TA-001 for HMP155",,"009024-001","09191",27/10/2025 00:00:00,,"23034",,,,,,,,0,,,,,,1,,,,,,,,,,,,,,,,,,,,,,
1408,,,"ANTENNA 3 dBi MIMO WALL/POLE MOUNT C/W 3M CABLE & SMA CONNECTOR for 3G/4G",,"11030","09191",27/10/2025 00:00:00,,"PO-22866",,,47.60,,,,,0,,,,,,,,,,,,,,,,,,,,,,,,,,,,
1409,,,"CPEC200/300 PUMP TUBING ASSEMBLY 0.375 OD C/W 5 METRE TUBE",,"010856-005","09191",27/10/2025 00:00:00,,"PO-22866",,,91.80,,,,,0,,,,,,1,,,"USA",,,,,,,,,,,,,,,,,,,
1410,,,"CPEC200/300 CALIBRATION GAS TUBING ASSEMBLY C/W 10 METRE TUBE",,"10858","09191",27/10/2025 00:00:00,,"PO-22866",,,107.95,,,,,0,,,,,,1,,,"USA",,,,,,,,,,,,,,,,,,,
1411,,,"CABLE4CBL-L 4 CONDUCTOR 22 AWG & DRAIN CABLE C/W 3 METRE CABLE",,"010803-003","09191",27/10/2025 00:00:00,,"PO-22866",,,63.75,,,,,0,,,,,,1,,,"UK",,,,,,,,,,,,,,,,,,,
1412,,,"AM-400 DOWNWARD MOUNTING ACCESSORY for INVERTED SENSORS",,"9823","09191",27/10/2025 00:00:00,,"PO-22866",,,175.95,,,,,0,,,,,,3,,,"USA",,,,,,,,,,,,,,,,,,,
1413,,,"AL-120 METER LEVELLING PLATE / MOUNTING BRACKET for APOGEE SENSORS",,"9428","09191",27/10/2025 00:00:00,,"PO-22866",,,449.10,,,,,0,,,,,,6,,,"USA",,,,,,,,,,,,,,,,,,,
1414,,,"CPEC200/300 CALIBRATION GAS TUBING ASSEMBLY C/W 3 METRE TUBE",,"010858-003","09191",27/10/2025 00:00:00,,"PO-22866",,,53.55,,,,,0,,,,,,1,,,"USA",,,,,,,,,,,,,,,,,,,
1415,,,"ETHERNET SWITCH INDUSTRIAL 5 PORT 100M/1000M (5-30VDC)",,"11119","09191",27/10/2025 00:00:00,,"PO-22866",,,124.10,,,,,0,,,,,,1,,,"UK",,,,,,,,,,,,,,,,"Brainbox",,,
1416,,,"CABLEPCBL-L 2 CONDUCTOR 16 AWG POWER CABLE C/W 3 METRE CABLE",,"010800-003","09191",27/10/2025 00:00:00,,"PO-22866",,,58.65,,,,,0,,,,,,1,,,"UK",,,,,,,,,,,,,,,,,,,
1417,,,"CM202E 60cm SENSOR CROSS ARM & CM210E BRACKET KIT",,"10717","09191",27/10/2025 00:00:00,,"PO-22866",,,270.30,,,,,0,,,,,,3,,,"UK",,,,,,,,,,,,,,,,,,,
1418,,,"HFP01SC HEAT FLUX SENSOR SELF CALIBRATING C/W 5M CABLE","8075","8094","09191",27/10/2025 00:00:00,,"PO-22866",,,912.90,,,,,0,,,,,,1,,,"Netherlands",,"HFP01SC-05",,,,,,,,,,,,,,,,,
1419,,,"HFP01SC HEAT FLUX SENSOR SELF CALIBRATING C/W 5M CABLE","8378","8094","09191",27/10/2025 00:00:00,,"PO-22866",,,912.90,,,,,0,,,,,,1,,,"Netherlands",,"HFP01SC-05",,,,,,,,,,,,,,,,,
1420,,,"TEROS 22 WATER POTENTIAL & TEMPERATURE PROBE C/W 10 METRE CABLE",,"011588-010","09191",27/10/2025 00:00:00,,"PO-22866",,,2533.00,,,,,0,,,,,,10,,,"UK",,,,,,,,,,,,,,,,,,,
1421,,,"NR01 FOUR COMPONENT NET RADIATION SENSOR C/W 5 METRE CABLE","4933","010504-005","09191",27/10/2025 00:00:00,,"PO-22866",,,3111.85,,,,,0,,,,,,1,,,"Netherlands",,"NR01",,,,,,,,,,,,,,,,,
1422,,,"CPEC200/310 ZERO SCRUB MODULE","1226","10797","09191",27/10/2025 00:00:00,,"PO-22866",,,2334.95,,,,,0,,,,,,1,,,"USA",,,,,,,,,,,,,,,,,,,
1423,,,"CS310 (SQ-500-SS) QUANTUM SENSOR C/W 5 METRE CABLE","5997","009560-005","09191",27/10/2025 00:00:00,,"PO-22866",,,388.45,,,,,0,,,,,,1,,,"USA",,,,,,,,,,,,,,,,,,,
1424,,,"S2-411 NDVI UPWARD RADIOMETER C/W SDI-12 OUTPUT & 5M CABLE","1761","11455","09191",27/10/2025 00:00:00,,"PO-22866",,,623.90,,,,,0,,,,,,1,,,"USA",,,,,,,,,,,,,,,,,,,
1425,,,"S2-412 NDVI DOWNWARD RADIOMETER C/W SDI-12 OUTPUT & 5M CABLE","2057","11456","09191",27/10/2025 00:00:00,,"PO-22866",,,623.90,,,,,0,,,,,,1,,,"USA",,,,,,,,,,,,,,,,,,,
1426,,,"SI-411 DIGITAL STANDARD FOVI INFARED RADIOMETER C/W SDI-12 OUTPUT & 5M CABLE","10634","10977","09191",27/10/2025 00:00:00,,"PO-22866",,,974.75,,,,,0,,,,,,1,,,"USA",,,,,,,,,,,,,,,,,,,
1427,,,"CR1000KD CR1000 KEYBOARD AND DISPLAY UNIT","15040","10302","09191",27/10/2025 00:00:00,,"PO-22866",,,293.25,,,,,0,,,,,,1,,,"USA",,,,,,,,,,,,,,,,,,,
1428,,,"HMP155A TEMP & RH Probe C/W 3 metres","X2021924",,"09191",27/10/2025 00:00:00,,"23034",,,,,,,,0,,,,,,1,,,"Finland",,,,,,,,,,,,,,,,,,,
1429,,,"TS-100 Aspirated radiation shield","3828","9840","09191",27/10/2025 00:00:00,,"23034",,,,,,,,0,,,,,,1,,,,,,,,,,,,,,,,,,,,,,
1430,,,"TS-100 adapter & TA-001 for HMP155",,"009024-001","09191",27/10/2025 00:00:00,,"23034",,,,,,,,0,,,,,,1,,,,,,,,,,,,,,,,,,,,,,
1431,,,"ANTENNA 3 dBi MIMO WALL/POLE MOUNT C/W 3M CABLE & SMA CONNECTOR for 3G/4G",,"11030","09191",27/10/2025 00:00:00,,"PO-22866",,,47.60,,,,,0,,,,,,,,,,,,,,,,,,,,,,,,,,,,
1432,,,"CPEC200/300 PUMP TUBING ASSEMBLY 0.375 OD C/W 5 METRE TUBE",,"010856-005","09191",27/10/2025 00:00:00,,"PO-22866",,,91.80,,,,,0,,,,,,1,,,"USA",,,,,,,,,,,,,,,,,,,
1433,,,"CPEC200/300 CALIBRATION GAS TUBING ASSEMBLY C/W 10 METRE TUBE",,"10858","09191",27/10/2025 00:00:00,,"PO-22866",,,107.95,,,,,0,,,,,,1,,,"USA",,,,,,,,,,,,,,,,,,,
1434,,,"CABLE4CBL-L 4 CONDUCTOR 22 AWG & DRAIN CABLE C/W 3 METRE CABLE",,"010803-003","09191",27/10/2025 00:00:00,,"PO-22866",,,63.75,,,,,0,,,,,,1,,,"UK",,,,,,,,,,,,,,,,,,,
1435,,,"CPEC200/300 CALIBRATION GAS TUBING ASSEMBLY C/W 3 METRE TUBE",,"010858-003","09191",27/10/2025 00:00:00,,"PO-22866",,,53.55,,,,,0,,,,,,1,,,"USA",,,,,,,,,,,,,,,,,,,
1436,,,"ETHERNET SWITCH INDUSTRIAL 5 PORT 100M/1000M (5-30VDC)",,"11119","09191",27/10/2025 00:00:00,,"PO-22866",,,124.10,,,,,0,,,,,,1,,,"UK",,,,,,,,,,,,,,,,"Brainbox",,,
1437,,,"CABLEPCBL-L 2 CONDUCTOR 16 AWG POWER CABLE C/W 3 METRE CABLE",,"010800-003","09191",27/10/2025 00:00:00,,"PO-22866",,,58.65,,,,,0,,,,,,1,,,"UK",,,,,,,,,,,,,,,,,,,
1438,,,"HFP01SC HEAT FLUX SENSOR SELF CALIBRATING C/W 5M CABLE","7923","8094","09191",27/10/2025 00:00:00,,"PO-22866",,,912.90,,,,,0,,,,,,1,,,"Netherlands",,"HFP01SC-05",,,,,,,,,,,,,,,,,
1439,,,"HFP01SC HEAT FLUX SENSOR SELF CALIBRATING C/W 5M CABLE","8267","8094","09191",27/10/2025 00:00:00,,"PO-22866",,,912.90,,,,,0,,,,,,1,,,"Netherlands",,"HFP01SC-05",,,,,,,,,,,,,,,,,
1440,,,"TEROS 22 WATER POTENTIAL & TEMPERATURE PROBE C/W 10 METRE CABLE",,"011588-010","09191",27/10/2025 00:00:00,,"PO-22866",,,2533.00,,,,,0,,,,,,10,,,"UK",,,,,,,,,,,,,,,,,,,
1441,,,"NR01 FOUR COMPONENT NET RADIATION SENSOR C/W 5 METRE CABLE","4895","010504-005","09191",27/10/2025 00:00:00,,"PO-22866",,,3111.85,,,,,0,,,,,,1,,,"Netherlands",,"NR01",,,,,,,,,,,,,,,,,
1442,,,"CPEC200/310 ZERO SCRUB MODULE","1226","10797","09191",27/10/2025 00:00:00,,"PO-22866",,,2334.95,,,,,0,,,,,,1,,,"USA",,,,,,,,,,,,,,,,,,,
1443,,,"CS310 (SQ-500-SS) QUANTUM SENSOR C/W 5 METRE CABLE","5997","009560-005","09191",27/10/2025 00:00:00,,"PO-22866",,,388.45,,,,,0,,,,,,1,,,"USA",,,,,,,,,,,,,,,,,,,
1444,,,"S2-411 NDVI UPWARD RADIOMETER C/W SDI-12 OUTPUT & 5M CABLE","1763","11455","09191",27/10/2025 00:00:00,,"PO-22866",,,623.90,,,,,0,,,,,,1,,,"USA",,,,,,,,,,,,,,,,,,,
1445,,,"S2-412 NDVI DOWNWARD RADIOMETER C/W SDI-12 OUTPUT & 5M CABLE","2056","11456","09191",27/10/2025 00:00:00,,"PO-22866",,,623.90,,,,,0,,,,,,1,,,"USA",,,,,,,,,,,,,,,,,,,
1446,,,"SI-411 DIGITAL STANDARD FOVI INFARED RADIOMETER C/W SDI-12 OUTPUT & 5M CABLE","10722","10977","09191",27/10/2025 00:00:00,,"PO-22866",,,974.75,,,,,0,,,,,,1,,,"USA",,,,,,,,,,,,,,,,,,,
1447,,,"CR1000KD CR1000 KEYBOARD AND DISPLAY UNIT","15043","10302","09191",27/10/2025 00:00:00,,"PO-22866",,,293.25,,,,,0,,,,,,1,,,"USA",,,,,,,,,,,,,,,,,,,
1448,,,"HMP155A TEMP & RH Probe C/W 3 metres","X3138560",,"09191",27/10/2025 00:00:00,,"23034",,,,,,,,0,,,,,,1,,,"Finland",,,,,,,,,,,,,,,,,,,
1449,,,"TS-100 Aspirated radiation shield","3813","9840","09191",27/10/2025 00:00:00,,"23034",,,,,,,,0,,,,,,1,,,,,,,,,,,,,,,,,,,,,,
1450,,,"TS-100 adapter & TA-001 for HMP155",,"009024-001","09191",27/10/2025 00:00:00,,"23034",,,,,,,,0,,,,,,1,,,,,,,,,,,,,,,,,,,,,,
1451,,,"ANTENNA 3 dBi MIMO WALL/POLE MOUNT C/W 3M CABLE & SMA CONNECTOR for 3G/4G",,"11030","09191",27/10/2025 00:00:00,,"PO-22866",,,47.60,,,,,0,,,,,,,,,,,,,,,,,,,,,,,,,,,,
1452,,,"CPEC200/300 PUMP TUBING ASSEMBLY 0.375 OD C/W 5 METRE TUBE",,"010856-005","09191",27/10/2025 00:00:00,,"PO-22866",,,91.80,,,,,0,,,,,,1,,,"USA",,,,,,,,,,,,,,,,,,,
1453,,,"CPEC200/300 CALIBRATION GAS TUBING ASSEMBLY C/W 10 METRE TUBE",,"10858","09191",27/10/2025 00:00:00,,"PO-22866",,,107.95,,,,,0,,,,,,1,,,"USA",,,,,,,,,,,,,,,,,,,
1454,,,"CABLE4CBL-L 4 CONDUCTOR 22 AWG & DRAIN CABLE C/W 3 METRE CABLE",,"010803-003","09191",27/10/2025 00:00:00,,"PO-22866",,,63.75,,,,,0,,,,,,1,,,"UK",,,,,,,,,,,,,,,,,,,
1455,,,"CPEC200/300 CALIBRATION GAS TUBING ASSEMBLY C/W 3 METRE TUBE",,"010858-003","09191",27/10/2025 00:00:00,,"PO-22866",,,53.55,,,,,0,,,,,,1,,,"USA",,,,,,,,,,,,,,,,,,,
1456,,,"ETHERNET SWITCH INDUSTRIAL 5 PORT 100M/1000M (5-30VDC)",,"11119","09191",27/10/2025 00:00:00,,"PO-22866",,,124.10,,,,,0,,,,,,1,,,"UK",,,,,,,,,,,,,,,,"Brainbox",,,
1457,,,"CABLEPCBL-L 2 CONDUCTOR 16 AWG POWER CABLE C/W 3 METRE CABLE",,"010800-003","09191",27/10/2025 00:00:00,,"PO-22866",,,58.65,,,,,0,,,,,,1,,,"UK",,,,,,,,,,,,,,,,,,,
1458,,,"HFP01SC HEAT FLUX SENSOR SELF CALIBRATING C/W 5M CABLE","8376","8094","09191",27/10/2025 00:00:00,,"PO-22866",,,912.90,,,,,0,,,,,,1,,,"Netherlands",,"HFP01SC-05",,,,,,,,,,,,,,,,,
1459,,,"HFP01SC HEAT FLUX SENSOR SELF CALIBRATING C/W 5M CABLE","8377","8094","09191",27/10/2025 00:00:00,,"PO-22866",,,912.90,,,,,0,,,,,,1,,,"Netherlands",,"HFP01SC-05",,,,,,,,,,,,,,,,,
1460,,,"TEROS 22 WATER POTENTIAL & TEMPERATURE PROBE C/W 10 METRE CABLE",,"011588-010","09191",27/10/2025 00:00:00,,"PO-22866",,,2533.00,,,,,0,,,,,,10,,,"UK",,,,,,,,,,,,,,,,,,,
1461,,,"NR01 FOUR COMPONENT NET RADIATION SENSOR C/W 5 METRE CABLE","4934","010504-005","09191",27/10/2025 00:00:00,,"PO-22866",,,3111.85,,,,,0,,,,,,1,,,"Netherlands",,"NR01",,,,,,,,,,,,,,,,,
1462,,,"CPEC200/310 ZERO SCRUB MODULE","1220","10797","09191",27/10/2025 00:00:00,,"PO-22866",,,2334.95,,,,,0,,,,,,1,,,"USA",,,,,,,,,,,,,,,,,,,
1463,,,"CS310 (SQ-500-SS) QUANTUM SENSOR C/W 5 METRE CABLE","5999","009560-005","09191",27/10/2025 00:00:00,,"PO-22866",,,388.45,,,,,0,,,,,,1,,,"USA",,,,,,,,,,,,,,,,,,,
1464,,,"S2-411 NDVI UPWARD RADIOMETER C/W SDI-12 OUTPUT & 5M CABLE","1762","11455","09191",27/10/2025 00:00:00,,"PO-22866",,,623.90,,,,,0,,,,,,1,,,"USA",,,,,,,,,,,,,,,,,,,
1465,,,"S2-412 NDVI DOWNWARD RADIOMETER C/W SDI-12 OUTPUT & 5M CABLE","2055","11456","09191",27/10/2025 00:00:00,,"PO-22866",,,623.90,,,,,0,,,,,,1,,,"USA",,,,,,,,,,,,,,,,,,,
1466,,,"SI-411 DIGITAL STANDARD FOVI INFARED RADIOMETER C/W SDI-12 OUTPUT & 5M CABLE","10623","10977","09191",27/10/2025 00:00:00,,"PO-22866",,,974.75,,,,,0,,,,,,1,,,"USA",,,,,,,,,,,,,,,,,,,
1467,,,"CR1000KD CR1000 KEYBOARD AND DISPLAY UNIT","15085","10302","09191",27/10/2025 00:00:00,,"PO-22866",,,293.25,,,,,0,,,,,,1,,,"USA",,,,,,,,,,,,,,,,,,,
1468,0,32,"4 Rung Multi Combi Ladder",,,"09191",,,,,,,"Simon Teagle",,"Excellent",,0,"Other",0,,"xx_UKCEH_Wallingford",,1,,,,,,,,,"0",,,,,,,,,,,,,
1469,0,32,"StyX Neutronica Cosmic Ray Neutron Detector (S1+) SDI12","C004-0044",,"09191",24/11/2025 00:00:00,,"22891",18/07/2025 00:00:00,,6225.00,"Simon Teagle",,"Excellent",,0,,0,,"xx_UKCEH_Wallingford","Neutron detector (1500 cph at s.l.)
S/N: nCatcher C004-0044, 
S/N: tube T002-0159, 
S/N: detector UP-0060, 
Hydrological Measurement Device",1,,,,,,,,,"0",,,,,,,,,,,,,
1470,0,32,"StyX Neutronica Cosmic Ray Neutron Detector (S1+) SDI12","C004-0046",,"09191",24/11/2025 00:00:00,,"22891",18/07/2025 00:00:00,,6225.00,"Simon Teagle",,"Excellent",,0,,0,,"xx_UKCEH_Wallingford","Neutron detector (1500 cph at s.l.)
S/N: nCatcher  C004-0046
S/N: tube  T002-158
S/N: detector UP-0061
Hydrological Measurement Device",1,,,,,,,,,"0",,,,,,,,,,,,,
1472,0,32,"EC155","1576",,"09191",,,,,,,"Simon Teagle",,"Excellent",,0,"Gas analyser (CPEC)",0,,"xx_UKCEH_Wallingford",,1,,,,,,,,,"0",,,,,,,,,,,,,
1473,0,32,"HSR-10 Handheld Surface Radar Bundle","46240016","SOM-22350","09191",03/12/2025 00:00:00,,"24727",26/11/2025 00:00:00,,2850.00,"Simon Teagle",,"Excellent",,0,"Other",0,,"xx_UKCEH_Wallingford",,1,"Mobile",,"Sommer",,"HSR-10",,,,"0",,,,,,,,,,,,,
1474,0,32,"HSR-10 Handheld Surface Radar Bundle","46240013","SOM-22350","09191",03/12/2025 00:00:00,,"24727",26/11/2025 00:00:00,,2850.00,"Simon Teagle",,"Excellent",,0,"Other",0,,"xx_UKCEH_Wallingford",,1,"Mobile",,"Sommer",,"HSR-10",,,,"0",,,,,,,,,,,,,
1475,0,32,"Makita 18V battery 5Ah",,"MAK-BAT","09191",03/12/2025 00:00:00,,"24727",26/11/2025 00:00:00,,95.00,"Simon Teagle",,"Excellent",,0,"Other",0,,"xx_UKCEH_Wallingford",,2,,,,,,,,,"0",,,,,,,,,,,,,
1476,0,32,"SDM-CD16S","1964",,"09191",,,,,,,"Simon Teagle",,"Excellent",,0,"Other",0,,"xx_UKCEH_Wallingford",,1,,,,,,,,,"0",,,,,,,,,,,,,
1477,0,32,"EL12-7.2 Eco Tree Lithium Iron Phosphate Battery",,,"09191",03/12/2025 00:00:00,,,,,392.00,"Simon Teagle",,"Excellent",,0,"Other",0,,"xx_UKCEH_Wallingford",,8,,,,,,,,,"0",,,,,,,,,,,,,
1478,0,32,"70A Victron Smartsolar MPPT150-70","HQ2506T4GMP","SCC115070411","09191",03/12/2025 00:00:00,,,,,,"Simon Teagle",,"Excellent",,0,"Other",0,,"xx_UKCEH_Wallingford",,1,,,,,,,,,"0",,,,,,,,,,,,,
1479,0,32,"70a Victron SmartSolar MPPT 150-70","HQ25067HH3Y","SCC115070411","09191",03/12/2025 00:00:00,,,,,,"Simon Teagle",,"Excellent",,0,"Other",0,,"xx_UKCEH_Wallingford",,1,,,,,,,,,"0",,,,,,,,,,,,,
1480,0,32,"K470 Aluminium case740x690x460mm",,"7811589","09191",03/12/2025 00:00:00,,"PO-24719",25/11/2025 00:00:00,,,"Simon Teagle",,"Excellent",,0,"Other",0,,"xx_UKCEH_Wallingford",,1,,,,,,,,,"0",,,,,,,,,,,,,
1481,0,32,"Rewireable Flex Connector RJ45",,"CN09645 Y","09191",03/12/2025 00:00:00,,"PO-24525",13/11/2025 00:00:00,,,"Simon Teagle",,"Excellent",,0,"Other",0,,"xx_UKCEH_Wallingford",,20,,,,,,,,,"0",,,,,,,,,,,,,
1483,0,13,"Druke Pressure Sensor","13310996",,"09191",,,,,,,"Simon Teagle",,"Excellent",,0,"Barometer",0,,"Mill Farm, Chenies",,1,,,"Druke",,,,,,"0",,,,,,,,,,,,"In test",
1484,0,13,"SI-411","10384",,"09191",,,,,,,"Simon Teagle",,"Excellent",,0,"Other",0,,"Mill Farm, Chenies",,1,,,,,,,,,"0",,,,,,,,,,,,"In test",
1485,0,32,"Garmin inreach mini 2","78V092616","010-02602-02","09191",03/12/2025 00:00:00,,"PO-24829",02/12/2025 00:00:00,,222.49,"Simon Teagle",,"Excellent",,0,"Other",0,,"xx_UKCEH_Wallingford",,1,"Mobile",,"Taiwan",,,,,,"0",,,,,,,,,,,,,
1486,0,13,"TS100SS","3542",,"09191",,,,,,,"Simon Teagle",,"Excellent",,0,"Other",0,,"Mill Farm, Chenies",,1,,,,,,,,,"0",,,,,,,,,,,,"In test",
1487,0,13,"HMP155","X1148397",,"09191",,,,,,,"Simon Teagle",,"Excellent",,0,"RH TA (aspirated)",0,,"Mill Farm, Chenies",,1,,,,,,,,,"0",,,,,,,,,,,,"In test",
1488,0,13,"CS310","5691",,"09191",,,,,,,"Simon Teagle",,"Excellent",,0,"PAR",0,,"Mill Farm, Chenies",,1,,,,,,,,,"0",,,,,,,,,,,,"In test",
1489,0,32,"PR: 371028 20.9 % OXYGEN, 450 PPM CARBON DIOXIDE, IN NITROGEN. ALUMINIUM CYLINDER",,,"09191",11/09/2025 00:00:00,,"23308",19/08/2025 00:00:00,,1318.22,"Simon Teagle",,,,0,"Other",0,,"xx_UKCEH_Wallingford",,2,,,"Air Products",,,,,,"0",,,,,,,,,,"MIXTURE OF GASES, X10A_ 20.9 % OXYGEN, 450 PPM CARBON DIOXIDE, IN NITROGEN. ALUMINIUM CYLINDER.
2 X 2.4 KG",,,
1490,0,32,"NivuFlow Stick","2548NFS0351","NFS03T","09191",12/12/2025 00:00:00,,"23850",30/09/2025 00:00:00,,8189.28,"Simon Teagle",,,,0,"Other",0,,"xx_UKCEH_Wallingford","NivuFlow Stick, complete mobile measurement system for discharge measurement in watercourses:
Transmitter: Type NFS0MU.
Power supply: 8x rechargeable batteries type AA (included in
delivery) or battery.
Measuring rod: 3-piece rod of Aluminium, 1.60m total length; incl. smartphone holder and spirit level for alignment.
Wedge sensor: Type CSM-V1D0K3001P. Flow velocity sensor with pressure cell for discharge measurement using cross correlation technology.
Transport case: Type NFS0ZCASE3T.
Device is delivered disassembled in the case.",1,,,"Germany",,,,,,"0",,,,,,,,,,"SSID: 2548NFS0351
PW: cc33c6e5a4edd",,,
1491,0,32,"Batteries",,"Type AA","09191",13/12/2025 00:00:00,,"20428",30/09/2025 00:00:00,,,"Simon Teagle",,,,0,"Other",0,,"xx_UKCEH_Wallingford","Included in VFS03T",8,"Consumable",,,,,,,,"0",,,,,,,,,,,,,
1492,0,32,"Wedge Sensor","2545CSD3105",,"09191",12/12/2025 00:00:00,,"23850",30/09/2025 00:00:00,,,"Simon Teagle",,,,0,"Other",0,,"xx_UKCEH_Wallingford","Part of NFS03T",1,,,,,,,,,"0",,,,,,,,,,,,,
1493,0,32,"NivuFlow Stick","2548NFS0352","NFS03T","09191",12/12/2025 00:00:00,,"23850",30/09/2025 00:00:00,,8189.28,"Simon Teagle",,,,0,"Other",0,,"xx_UKCEH_Wallingford","NivuFlow Stick, complete mobile measurement system for discharge measurement in watercourses:
Transmitter: Type NFS0MU.
Power supply: 8x rechargeable batteries type AA (included in delivery) or battery.
Measuring rod: 3-piece rod of Aluminium, 1.60m total length; incl. smartphone holder and spirit level for alignment.
Wedge sensor: Type CSM-V1D0K3001P. Flow velocity sensor with pressure cell for discharge measurement using cross correlation technology.
Transport case: Type NFS0ZCASE3T.
Device is delivered disassembled in the case.",1,,,,,,,,,"0",,,,,,,,,,,"SSID: 2548NFS0352
PW:35b13c5151e85",,
1494,0,32,"Wedge sensor","2545CSD3109","Type CSM-V1D0K3001P","09191",12/12/2025 00:00:00,,"23850",30/09/2025 00:00:00,,,"Simon Teagle",,,,0,"Other",0,,"xx_UKCEH_Wallingford","Part of NFS03T",1,,,,,,,,,"0",,,,,,,,,,,,,
1495,0,32,"Clamp-NFS0ZMUHAL",,"NFS0ZMUHAL","09191",12/12/2025 00:00:00,,"23850",30/09/2025 00:00:00,,355.70,"Simon Teagle",,,,0,"Other",0,,"xx_UKCEH_Wallingford","Clamp for attaching the NFS transmitter to the rod type
ZUB0GST",2,,,,,,,,,"0",,,,,,,,,,,,,
1496,0,32,"Smartphone holder-ZUB0SPHAL",,"ZUB0SPHAL","09191",12/12/2025 00:00:00,,"23850",30/09/2025 00:00:00,,264.70,"Simon Teagle",,,,0,"Other",0,,"xx_UKCEH_Wallingford","Smartphone holder for attachment to the pole type ZUB0GST",2,,,,,,,,,"0",,,,,,,,,,,,,
1497,0,32,"Cable extension-ZUB0KKPVER05",,"ZUB0KKPVER05","09191",12/12/2025 00:00:00,,"23850",30/09/2025 00:00:00,,363.97,"Simon Teagle",,,,0,"Other",0,,"xx_UKCEH_Wallingford","Cable extension with connectors on both sides for passive cross
correlation sensors type CSM, CSM-D and CSP for connection
to NFM-750 or NFS.
Cable length: 5m.
The maximum permissible total cable length (sensor cable +
cable extension) is 20m.",2,,,,,,,,,"0",,,,,,,,,,,,,
1498,0,18,"Victron 215W Solar Panel","24202430442185610907",,"09191",,,,,,,"Simon Teagle",,,,0,,0,,"Foel Fadian",,1,,,,,,,,,"0",,,,,,,,,,,,,
1499,0,18,"12V VICTRON LITHIUM SUPERPACK LIFEPO4 12.8V100AH BATTERY WITH INTEGRATED BMS AND SAFETYSWITCH (HIGH CURRENT DISCHARGE VERSION)","HQ24120M3ZW",,"09191",,,,,,388.40,"Simon Teagle",,,,0,,0,,"Foel Fadian",,1,,,,,,,,,"0",,,,,,,,,,,,,
1500,0,18,"12V VICTRON LITHIUM SUPERPACK LIFEPO4 12.8V100AH BATTERY WITH INTEGRATED BMS AND SAFETYSWITCH (HIGH CURRENT DISCHARGE VERSION)","HQ2420EM3ZU",,"09191",,,,,,388.40,"Simon Teagle",,,,0,,0,,"Foel Fadian",,1,,,,,,,,,"0",,,,,,,,,,,,,
1502,0,32,"OTT PLS-500 (15m, 0-10m range)","PS5-007140","6303900190-S-M-1-15-0-0-I","09191",05/01/2026 00:00:00,,"PO-24684",24/11/2025 00:00:00,,1073.50,"Simon Teagle",,"Excellent",,0,"Pressure transducer",0,,"xx_UKCEH_Wallingford","15m cable length, 0-10m range.",0,,,"OTT",,"PLS-500",,,,"0",,,,,,,,,,,,,
1503,0,32,"OTT PLS-500 (25m, 0-20m range)","PS5-007141","6303900190-S-M-2-25-0-0-I","09191",05/01/2026 00:00:00,,"PO-24684",24/11/2025 00:00:00,,1126.50,"Simon Teagle",,"Excellent",,0,"Pressure transducer",0,,"xx_UKCEH_Wallingford","25m cable length, 0-20 range",1,,,"OTT",,"PLS-500",,,,"0",,,,,,,,,,,,,
1506,0,32,"Poly ventedd rugged/FL 33ft/10.1 m","1292013",,"09191",05/01/2026 00:00:00,,"PO-24901",05/12/2025 00:00:00,,244.00,"Simon Teagle",,,,0,,0,,"xx_UKCEH_Wallingford","Failure to install desiccant properly may negatively affect instrument accuracy and/or void the warrenty. catalogue no:02416001. dia range 230""- 310"".",1,,,"In-situ",,,,,,"0",,,,,,,,,,"0051860-Desiccant P/N",,"Packed",
1507,0,32,"Poly ventedd rugged/FL 66ft/20.1 m","1293066",,"09191",05/01/2026 00:00:00,,"PO-24901",05/12/2025 00:00:00,,353.00,"Simon Teagle",,,,0,,0,,"xx_UKCEH_Wallingford","Failure to install desiccant properly may negatively affect instrument accuracy and/or void the warrenty. catalogue no:02416001. dia range 230""- 310""",1,,,"In-situ",,,,,,"0",,,,,,,,,,,,"Packed",
1508,0,32,"Direct connect adapter",,"1025500","09191",05/01/2026 00:00:00,,"PO-20491",04/12/2025 00:00:00,,120.00,"Simon Teagle",,,,0,,0,,"xx_UKCEH_Wallingford",,1,,,"In-situ",,,,,,"0",,,,,,,,,,,,"Packed",
1509,0,32,"Desiccant",,,"09191",05/01/2026 00:00:00,,"PO-24901",04/12/2025 00:00:00,,287.00,"Simon Teagle",,,,0,,0,,"xx_UKCEH_Wallingford",,3,"Consumable",,"In-situ",,,,,,"0",,,,,,,,,,,,"Packed",
1510,0,32,"Troll Com Plus","1282666",,"09191",05/01/2026 00:00:00,,"PO-24901",04/12/2025 00:00:00,,465.00,"Simon Teagle",,,,0,,0,,"xx_UKCEH_Wallingford",,1,,,"In-situ",,,,,,"0",,,,,,,,,,,,,
1511,0,32,"Aqua troll 200 30 psig","1282865",,"09191",06/01/2026 00:00:00,,"PO-24901",04/12/2025 00:00:00,,1665.00,"Simon Teagle",,,,0,,0,,"xx_UKCEH_Wallingford","AT200 21m V",1,,,"In-situ",,,,,,"0",,,,,,,,,,,,,
1512,0,32,"Aqua troll 200 15 psig","1281246",,"09191",05/01/2026 00:00:00,,"PO-24901",04/12/2025 00:00:00,,1665.00,"Simon Teagle",,,,0,,0,,"xx_UKCEH_Wallingford",,1,,,"In-situ",,,,,,"0",,,,,,,,,,,,,
1514,0,32,"PCM3-DGPS","PCM2539003","PCM-I-14 Rev:F","09191",06/01/2025 00:00:00,,"PO-24968",09/12/2025 00:00:00,,10517.00,"Simon Teagle",,"Excellent",,0,"GPS",0,,"xx_UKCEH_Wallingford",,1,,"USA","Sontek","Xylem",,,,,"0",,,,,,,,,,"FCC ID: S4GEM35XB",,"Packed",
1515,0,32,"PCM3-DGPS","PCM2539004","PCM-I-14 Rev:F","09191",06/01/2026 00:00:00,,"PO-24968",09/12/2025 00:00:00,,10517.00,"Simon Teagle",,"Excellent",,0,"GPS",0,,"xx_UKCEH_Wallingford",,1,,"USA","Sontek","Xylem",,,,,"0",,,,,,,,,,"FCC ID: S4GEM35XB",,"Packed",
1516,0,32,"RiverSurveyor M9","M908401","RSM9-I-40 Rev:C","09191",06/01/2026 00:00:00,,"PO-24968",09/12/2025 00:00:00,,33577.00,"Simon Teagle",,"Excellent",,0,"Other",0,,"xx_UKCEH_Wallingford",,1,,"USA","Sontek","Xylem",,,,,"0",,,,,,,,,,,,"Packed",
1517,0,32,"RiverSurveyor M9","M908402","RSM9-I-40 Rev:C","09191",06/01/2026 00:00:00,,"PO-24968",09/12/2025 00:00:00,,33577.00,"Simon Teagle",,"Excellent",,0,"Other",0,,"xx_UKCEH_Wallingford",,1,,"USA","Sontek","Xylem",,,,,"0",,,,,,,,,,,,"Packed",
1518,0,32,"SonTek Hydroboard 2 Max","1025-0224","24-0423-C","09191",06/01/2026 00:00:00,,"PO-24968",09/12/2025 00:00:00,,3496.00,"Simon Teagle",,"Excellent",,0,"Other",0,,"xx_UKCEH_Wallingford",,1,,,,,,,,,"0",,,,,,,,,,,,,
1519,0,32,"SonTek Hydroboard 2 Max","1025-0223","24-0423-C","09191",06/01/2026 00:00:00,,"PO-24968",09/12/2025 00:00:00,,3496.00,"Simon Teagle",,"Excellent",,0,"Other",0,,"xx_UKCEH_Wallingford",,1,,,,,,,,,"0",,,,,,,,,,,,,
1520,0,32,"Robustel LG5100 LoRaWAN Gateway","09270224030015","B092702","09191",,,"PO-22019",07/05/2025 00:00:00,,354.00,"Simon Teagle",,"Excellent",,0,"Modem",0,,"xx_UKCEH_Wallingford",,1,,,,,,,,,"0",,,,,,,,,,,,,
1521,0,32,"Robustel LG5100 LoRaWAN Gateway","09270224030011","B092702","09191",,,"PO-22019",07/05/2025 00:00:00,,354.00,"Simon Teagle",,"Excellent",,0,"Modem",0,,"xx_UKCEH_Wallingford",,1,,,,,,,,,"0",,,,,,,,,,,,,
1523,0,32,"Robustel LG5100 LoRaWAN Gateway","09270225050002","B092702","09191",,,"PO-24726",26/11/2025 00:00:00,,354.00,"Simon Teagle",,"Excellent",,0,"Modem",0,,"xx_UKCEH_Wallingford",,1,,,,,,,,,"0",,,,,,,,,,,,,
1524,0,32,"Robustel LG5100 LoRaWAN Gateway","09270225050005","B092702","09191",,,"PO24726",26/11/2025 00:00:00,,354.00,"Simon Teagle",,"Excellent",,0,"Modem",0,,"xx_UKCEH_Wallingford",,1,,,,,,,,,"0",,,,,,,,,,,,,
1526,0,32,"Qi Quac Kit Classic M5.0","QM5.112",,,07/01/2026 00:00:00,,"PO-25083",17/12/2025 00:00:00,,5510.00,,,,,0,,0,,"xx_UKCEH_Wallingford","Ch0:TM7.631, Ch1:TM7633. Digital kitchen scale; model:Zk21-B. QiQuac M5.0 Salt Dilution Flow Measurement
Calculator and Datalogger with 1xT-HRECS
Temperature/Conductivity Probe-RS232 interface(5m
cable), 1xT-HRECS Remote Temperature/Conductivity
Probe with radio interface(5m cable), 1xDuckBox with
1xQuick Flask, 2xScales, Pipettor, & Charge Cables.
3-Year Limited Warranty, Basic Licence Online Salt
Portal, BlueTooth Radio Link and QQMobile App.",1,,,,,,,,,"0",,,,,,,,,,,,"Packed",
1527,0,32,"Qi Quac Kit Classic M5.0","QM5.111",,"09191",07/01/2026 00:00:00,,"PO-25083",17/12/2025 00:00:00,,5510.00,"Simon Teagle",,,,0,,0,,"xx_UKCEH_Wallingford","CH0:TM7.630, CH1:TM7.620. Digital kitchen scale; model:Zk21-B. QiQuac M5.0 Salt Dilution Flow Measurement
Calculator and Datalogger with 1xT-HRECS
Temperature/Conductivity Probe-RS232 interface(5m
cable), 1xT-HRECS Remote Temperature/Conductivity
Probe",1,,,,,,,,,"0",,,,,,,,,,"Fathom Scientific",,"Packed",
1528,0,32,"EXO2s Sonde No Battery No Depth",,,"09191",,,,,,,"Simon Teagle",,,,0,"Other",0,,"xx_UKCEH_Wallingford",,1,,,,,,,,,"0",,,,,,,,,,,,"In use",
1530,0,13,"X10a - 10L Aluminium Cylinder","GC34NAV,E313680",,"09191",,,,,,,"Simon Teagle",,,27/08/2030 00:00:00,0,"Other",0,,"Mill Farm, Chenies",,1,,,,,,,,,"0","CO2 Span Actual value: 449.6",,,,,,,,,,,"In test",
1531,0,32,"Exo Conductivity/Temperature Sensor",,,"09191",22/12/2025 00:00:00,,,,,,"Simon Teagle",,"Excellent",,0,"Other",0,,"xx_UKCEH_Wallingford",,1,,,,,,,,,"0",,,,,,,,,,,,"In use",
1532,0,32,"EXO pH/ORP sensor",,,"09191",,,,,,,"Simon Teagle",,"Excellent",,0,"Other",0,,"xx_UKCEH_Wallingford",,1,,,,,,,,,"0",,,,,,,,,,,,"In use",
1533,0,32,"Exo turbidity sensor",,,"09191",22/12/2025 00:00:00,,,,,,"Simon Teagle",,"Excellent",,0,"Other",0,,"xx_UKCEH_Wallingford",,0,,,,,,,,,"0",,,,,,,,,,,,,
1534,0,32,"Exo Optical DO sensor",,,"09191",22/12/2025 00:00:00,,,,,,"Simon Teagle",,"Excellent",,0,"Other",0,,"xx_UKCEH_Wallingford",,1,,,,,,,,,"0",,,,,,,,,,,,,
1535,0,32,"Exo 2m Field cable",,,"09191",22/12/2025 00:00:00,,,,,,"Simon Teagle",,"Excellent",,0,"Other",0,,"xx_UKCEH_Wallingford",,1,,,,,,,,,"0",,,,,,,,,,,,,
1536,0,32,"Exo v2 Handheld Display",,,"09191",22/12/2025 00:00:00,,,,,,"Simon Teagle",,"Excellent",,0,"Other",0,,"xx_UKCEH_Wallingford",,1,,,,,,,,,"0",,,,,,,,,,,,,
1537,0,32,"Surfbee Adapter for Geode",,,"09191",22/12/2025 00:00:00,,,,,,"Simon Teagle",,"Excellent",,0,"Other",0,,"xx_UKCEH_Wallingford",,1,,,,,,,,,"0",,,,,,,,,,,,,
1538,0,32,"ZUB0GST3900_Nivus Telescopic rod",,,"09191",26/01/2026 00:00:00,,"23850",31/10/2025 00:00:00,,633.60,"Simon Teagle",,"Good",,0,,0,,"xx_UKCEH_Wallingford","Telescope rod with snap closure and sensor adapter CSM-D. 
Rod extendable from 210 cm to 390 cm.",2,,,,,,,,,"0",,,,,,,,,,,,,
1539,0,32,"TBX mini torrent board for RS5 PC","TBX 537219-2",,"09191",21/01/2026 00:00:00,,"24772",27/11/2025 00:00:00,,3375.00,"Simon Teagle",,,,0,"Other",0,,"xx_UKCEH_Wallingford","TB7-TBX Mini torrent board for RS5, rQPOD ready.
Includes mounting plate, GPS antenna rod and fins.",1,,,,,,,,,"0",,,,,,,,,,,,,
1540,0,32,"MODULAR REMOTE CONTROL BOAT AD PC
MK3 EU",,,"09191",21/01/2026 00:00:00,,"24772",21/01/2026 00:00:00,,6633.00,"Simon Teagle",,,,0,,0,,"xx_UKCEH_Wallingford","Modular Remote control boat ad MK3 EU
ENVBOM00MK3EU. AC DC Adapter model: A16-2-174003300. Magnetic pickup tool SF1 -178459",1,,,,,"TX16S",,,,"0",,,,,,,,,,,,,
1541,0,32,"Rolls Heated Battery S12-100LFP",,,,,,,,,,,,,,0,,0,,"xx-UKCEH_Wallingford",,0,,,,,,,,,"0",,,,,,,,,,,,,
1543,0,13,"EC155","1228",,"09191",,,,,,,"Simon Teagle",,"Excellent",,0,"Gas analyser (CPEC)",0,,"Mill Farm, Chenies",,1,"Gas analyser (OPEC)",,"Campbell",,"EC155",,,,"0",,,"3m",,"0.1m",,,,,,,"In test",
1544,0,13,"Sample Cell Flow Module","3414",,"09191",,,,,,,"Simon Teagle",,,,0,"Gas analyser (CPEC)",0,,"Mill Farm, Chenies",,1,,,,,,,,,"0",,,,,,,,,,,,"In test",
1546,0,13,"CSAT3","2623",,"09191",,,,,,,"Simon Teagle",,,,0,"Anemometer",0,,"Mill Farm, Chenies",,1,,,"Campbell Scientific",,,,,,"0",,,"3m",,"0.1m",,,,,,,"In test",
1547,0,13,"EC100",,,"09191",,,,,,,"Simon Teagle",,,,0,,0,,"Mill Farm, Chenies",,1,,,"Campbell Scientific",,,,,,"0",,,,,,,,,,,,"In test",
1548,0,13,"Pump Module","1431",,"09191",,,,,,,"Simon Teagle",,,,0,"Gas analyser (CPEC)",0,,"Mill Farm, Chenies",,1,,,"Campbell Scientific",,,,,,"0",,,,,,,,,,,,"In test",
1549,0,13,"Volt155",,,"09191",,,,,,,"Simon Teagle",,,,0,,0,,"Mill Farm, Chenies",,1,,,,,,,,,"0",,,,,,,,,,,,"In test",
1550,0,13,"TEROS 22 WATER POTENTIAL & TEMPERATURE PROBE C/W 10 METRE CABLE","T22-000002320",,"09191",,,,,,,"Simon Teagle",,,,0,"Tensiometer",0,,"Mill Farm, Chenies",,1,,,,,,,,,"0",,,,,,,,,,,,"In test",
1551,0,13,"TEROS 22 WATER POTENTIAL & TEMPERATURE PROBE C/W 10 METRE CABLE","T22-000002323",,"09191",,,,,,,"Simon Teagle",,,,0,"Tensiometer",0,,"Mill Farm, Chenies",,1,,,,,,,,,"0",,,,,,,,,,,,"In test",
1552,0,13,"Gas Regulator","0055064239-3",,"09191",,,,,,,"Simon Teagle",,,,0,"Other",0,,"Mill Farm, Chenies",,1,,,,,,,,,"0",,,,,,,,,,,,"In test",
1553,0,32,"Life Jacket","R1147226",,"09191",13/02/2026 00:00:00,,,,,,"Simon Teagle",,,,0,,0,,"xx-UKCEH_Wallingford","Supplier: The Marine warehouse",1,,,"Mullion",,"275N",,,,"1",,,,,,,,,"yearly",,,"Packed",
1554,0,32,"Life Jacket","R1147227",,"09191",12/02/2026 00:00:00,,,,,,"Simon Teagle",,,,0,,0,,"xx-UKCEH_Wallingford","Supplier: The Marine warehouse",1,,,"Mullion",,"275N",,,,"1",,,,,,,,,"Yearly",,,"Packed",
1555,0,32,"Life Jacket","R1147228",,"09191",12/02/2026 00:00:00,,,,,,"Simon Teagle",,,,0,,0,,"xx-UKCEH_Wallingford","Supplier: The Marine warehouse",1,,,"Mullion",,"275N",,,,"1",,,,,,,,,"Yearly",,,"Packed",
1556,0,32,"Life Jacket","1650708",,"09191",12/02/2026 00:00:00,,,,,,"Simon Teagle",,,,0,,,,"xx-UKCEH_Wallingford","Supplier: The Marine warehouse",1,,,"Harveys",,"150N",,,,"1",,,,,,,,,"Yearly",,,"Packed",
1557,0,24,"EC155","1586",,"09191",,,,,,,"Simon Teagle",,,,0,"Gas analyser (CPEC)",0,,"Tring Grange Farm",,1,,,"Campbell Scientific",,"EC155",,,,"0",,,,,,,,,,,,"In test",
1558,0,24,"Sample Cel Flow Module","3579",,"09191",,,,,,,"Simon Teagle",,,,0,"Gas analyser (CPEC)",0,,"Tring Grange Farm",,1,,,"Campbell Scientific",,,,,,"0",,,,,,,,,,,,"In test",
1559,0,24,"CSAT3","2657",,"09191",,,,,,,"Simon Teagle",,,,0,"Anemometer",0,,"Tring Grange Farm",,1,,,"Campbell Scientific",,,,,,"0",,,,,,,,,,,,"In test",
1560,0,24,"EC100","3936",,"09191",,,,,,,"Simon Teagle",,,,0,"Other",0,,"Tring Grange Farm",,1,,,"Campbell Scientific",,,,,,"0",,,,,,,,,,,,"In test",
1561,0,24,"SDM-CD16S DC control module","1960",,"09191",,,,,,,"Simon Teagle",,,,0,"Other",0,,"Tring Grange Farm",,1,,,"Campbell Scientific",,,,,,"0",,,,,,,,,,,,"In test",
1562,0,24,"Pump Module","1469",,"09191",,,,,,,"Simon Teagle",,,,0,"Gas analyser (CPEC)",0,,"Tring Grange Farm",,1,,,"Campbell Scientific",,,,,,"0",,,,,,,,,,,,"In test",
1563,0,24,"CR6","25619",,"09191",,,,,,,"Simon Teagle",,,,0,"Logger",0,,"Tring Grange Farm",,1,,,"Campbell Scientific",,"CR6",,,,"0",,,,,,,,,,,,"In test",
1564,0,24,"Volt115",,,"09191",,,,,,,"Simon Teagle",,,,0,"Other",0,,"Tring Grange Farm",,1,,,"Campbell Scientific",,"Volt115",,,,"0",,,,,,,,,,,,"In test",
1565,0,24,"CPEC310 Three Valve Module","1438",,"09191",,,,,,,"Simon Teagle",,,,0,"Gas analyser (CPEC)",,,"Tring Grange Farm",,1,,,"Campbell Scientific",,,,,,"0",,,,,,,,,,,,"In test",
1566,0,24,"CPEC200/310 ZERO SCRUB MODULE","1213",,"09191",,,,,,,"Simon Teagle",,,,0,"Gas analyser (CPEC)",0,,"Tring Grange Farm",,1,,,"Campbell Scientific",,,,,,"0",,,,,,,,,,,,"In test",
1567,0,24,"AM16/32B 16/32 CHANNEL RELAY MULTIPLEXER C/W PLUGGABLE CONNECTORS","43505",,"09191",,,,,,,"Simon Teagle",,,,0,"Other",0,,"Tring Grange Farm",,1,,,,,,,,,"0",,,,,,,,,,,,"In test",
1568,0,24,"TEROS 22 WATER POTENTIAL & TEMPERATURE PROBE C/W 10 METRE CABLE","T22-000002462",,"09191",,,,,,,"Simon Teagle",,,,0,"Tensiometer",0,,"Tring Grange Farm",,1,,,,,,,,,"0",,,,,,,,,,,,"In test",
1569,0,24,"TEROS 22 WATER POTENTIAL & TEMPERATURE PROBE C/W 10 METRE CABLE","T22-000002315",,"09191",,,,,,,"Simon Teagle",,,,0,"Tensiometer",0,,"Tring Grange Farm",,1,,,,,,,,,"0",,,,,,,,,,,,"In test",
1570,0,24,"TEROS 22 WATER POTENTIAL & TEMPERATURE PROBE C/W 10 METRE CABLE","T22-000002467",,"09191",,,,,,,"Simon Teagle",,,,0,"Tensiometer",0,,"Tring Grange Farm",,1,,,,,,,,,"0",,,,,,,,,,,,"In test",
1571,0,24,"TEROS 22 WATER POTENTIAL & TEMPERATURE PROBE C/W 10 METRE CABLE","T22-000002350",,"09191",,,,,,,"Simon Teagle",,,,0,"Tensiometer",0,,"Tring Grange Farm",,1,,,,,,,,,"0",,,,,,,,,,,,"In test",
1572,0,24,"TEROS 22 WATER POTENTIAL & TEMPERATURE PROBE C/W 10 METRE CABLE","T22-000002324",,"09191",,,,,,,"Simon Teagle",,,,0,"Tensiometer",0,,"Tring Grange Farm",,1,,,,,,,,,"0",,,,,,,,,,,,"In test",
1573,0,24,"TEROS 22 WATER POTENTIAL & TEMPERATURE PROBE C/W 10 METRE CABLE","T22-000002460",,"09191",,,,,,,"Simon Teagle",,,,0,"Tensiometer",0,,"Tring Grange Farm",,1,,,,,,,,,"0",,,,,,,,,,,,"In test",
1574,0,24,"X10a - 10L Aluminium Cylinder","M61NR7E1030361",,"09191",,,,,,,"Simon Teagle",,,,0,"Other",0,,"Tring Grange Farm",,1,,,,,,,,,"0",,,,,,,,,,,,"In test",
1575,0,24,"Gas Regulator",,,"09191",,,,,,,"Simon Teagle",,,,0,"Other",0,,"Tring Grange Farm",,1,,,,,,,,,"0",,,,,,,,,,,,"In test",
1576,0,24,"LX60 4G/5G MODEM WITH DUAL ETHERNET","7H5461680301B102",,"09191",,,,,,,"Simon Teagle",,,,0,"Modem",0,,"Tring Grange Farm",,1,,,"Sierra Wireless",,"LX60",,,,"0",,,,,,,,,,,,"In test",
1577,0,32,"GNSS Antenna","250523031","YH-901","09191",29/01/2026 00:00:00,,"PO-24774",27/11/2025 00:00:00,,,"Simon Teagle",,,,0,"Antenna",0,,"xx-UKCEH_Wallingford",,1,,,"Surfbee","Xylem",,,,,,,,,,,,,,,"Part of Surfbee Flow Seeker with Multiport Hardware",,"Packed",
1578,0,32,"GNSS Antenna","250523032","YH-901","09191",29/01/2026 00:00:00,,"PO-24744",27/11/2025 00:00:00,,,"Simon Teagle",,,,0,"Antenna",0,,"xx-UKCEH_Wallingford",,1,,,"Surfbee","Xylem",,,,,,,,,,,,,,,"Part of Surfbee Flow Seeker with Multiport Hardware",,"Packed",
1579,0,32,"RTK Base Station","NA","BY610","09191",29/01/2026 00:00:00,,"PO-24774",27/11/2025 00:00:00,,2250.00,"Simon Teagle",,,,0,"Antenna",0,,"xx-UKCEH_Wallingford",,1,,,"Surfbee","Xylem",,,,,,,,,,,,"GMOUSE GNSS Antenna",,,"2025110050",,"Packed",
1582,0,32,"TEST asset EC155","129632",,,24/02/2026 00:00:00,,,,,40000.00,,,,,0,"Gas analyser (CPEC)",0,,"xx-UKCEH_Wallingford","Closed path CSL EC155 (gas analyser)",0,,,"Campbell",,"EC155",,,,"Quarterly (self-) calibration required",,,,,,,,,,,"Gas cylinder training required for full operation","Unserviceable",
1583,0,12,"LX60 4G/5G MODEM WITH DUAL ETHERNET","7H5461683501B102",,"09191",,,,,,,"Simon Teagle",,,,0,"Modem",0,,"Carreg Wen",,1,,,"Sierra Wireless",,"LX60",,,,,,,,,,,,,,,,"In use",
1605,0,32,"AC Power Adapter","U85222500562",,"09191",06/01/2026 00:00:00,,"PO-24968",09/12/2025 00:00:00,,,"Simon Teagle",,,,0,"Other",0,,"xx-UKCEH_Wallingford",,1,,"China","Phihong","Xylem",,,,,"NA",,,,,,,,,,,,"Packed",
1606,0,32,"AC Power Adapter","U85222500733",,"09191",06/01/2026 00:00:00,,"PO-24968",09/12/2025 00:00:00,,,"Simon Teagle",,,,0,"Other",0,,"xx-UKCEH_Wallingford",,1,,"China","Phihong","Xylem",,,,,"NA",,,,,,,,,,,,"Packed",
1608,0,32,"Alkaline Batteries","NA","623861","09191",06/01/2026 00:00:00,,"PO-24968",09/12/2025 00:00:00,,,"Simon Teagle",,,,0,"Consumables",0,,"xx-UKCEH_Wallingford",,16,,,"Energizer","Xylem","AA4",,,,"NA",,,,,,,,,,,,"Packed",
1609,0,32,"Alkaline Batteries","NA","623861","09191",06/01/2026 00:00:00,,"PO-24968",09/12/2025 00:00:00,,,"Simon Teagle",,,,0,"Consumables",0,,"xx-UKCEH_Wallingford",,16,,,"Energizer","Xylem","AA4",,,,"NA",,,,,,,,,,,,"Packed",
1610,0,32,"Wired radar sensor","78873822",,"09191",19/02/2026 00:00:00,,"PO-25883",06/03/2026 00:00:00,,905.40,"Simon Teagle",,,,0,"Flow meter",0,,"xx-UKCEH_Wallingford",,1,,"Germany","Vega","Vega","RA-222 2VZ/PSC21.XXXXXGBSB",,"1.02.00.00","1.03.01.03",,,,,,,,,,,,,"Packed",
1580,0,32,"Surfbee Flow Seeker","20260114SS143R","NA","09191",29/01/2026 00:00:00,,"PO-24774",27/11/2025 00:00:00,,20735.00,"Simon Teagle",,,,0,"Other",0,,"xx-UKCEH_Wallingford",,1,,,"Surfbee","Xylem","Flow Seeker",,,,,,,,,,,,,,,,"Packed",
1581,0,32,"Transmitter-Flow Seeker","20260115RC045R","NA","09191",29/01/2026 00:00:00,,"PO-24774",27/11/2025 00:00:00,,,"Simon Teagle",,,,0,,0,,"xx-UKCEH_Wallingford",,1,,"China","Surfbee","Xylem","SB-RTK",,,,,,,,,,,,,,"NWID: SRTK-N-EU-045",,"Packed",
