"ID","asset_Name","asset_SerialNumber","asset_PartNumber","asset_PurchasingProject","asset_AcquiredDate","asset_CEHAssetNumber","asset_PurchaseOrderNumber","asset_PurchaseOrderDate","asset_POAttachments","asset_PurchasePrice","asset_ProjectManager","asset_RetiredDate","asset_CurrentCondition","asset_Obsolete","asset_Contract_Required","asset_Instrument_Type","asset_ContractorID","asset_Contractor","asset_Site","asset_PM_ID","asset_Description","asset_Quantity","asset_Type","asset_Make","asset_Model","asset_Version","asset_Firmware","asset_Software","asset_Calibration_Interval","asset_Calibration_Requirements","asset_Manufacture","asset_Manufacture_Date","asset_Height","asset_Depth","asset_Canopy_Height","asset_Test","asset_Alias","asset_Keywords","asset_Routine_Maintenance","asset_Comments","asset_Specialist_training_or_other_requirements"
1,LI-COR LI-710,ET1-00298,,FDRI,2024-05-09 00:00:00.000,,,,,,,,,,false,Drone,,,Wallingford,,,1,Fixed,,,,,,,,,,,,,,,,,,
2,DJI Matrice 350 RTK_Drone,"1581F6GKB239L00400KX",,"09191",2024-08-14 00:00:00.000,FDRI-M-DRO-0824-001,"18918",,,9110.76,,,,,false,Drone,,,Wallingford,,,1,Fixed,DJI Enterprise,Matrice 350 RTK,,,,,,,,,,,,,,,,
3,DJI Matrice 350 RTK RC_RM700B,"4LFCL9F006L33M",,"09191",2024-08-14 00:00:00.000,FDRI-M-DRO-0824-002,"18918",,,968.0,,,,,false,Drone,,,Wallingford,,,1,Fixed,DJI Enterprise,Matrice 350 RTK,,,,,,,,,,,,,,,,
4,Intelligent Flight Battery TB65,"6JYPLBLDA00245",,"09191",2024-08-14 00:00:00.000,FDRI-M-DRO-0824-003,"18918",,,562.4,,,,,false,Drone,,,Wallingford,,,1,Fixed,DJI Enterprise,Intelligent Flight Battery TB65,,,,,,,,,,,,,,,,
5,Intelligent Flight Battery TB65,"6JYPLBEDA002EG",,FDRI,2024-08-14 00:00:00.000,FDRI-M-DRO-0824-004,"18918",,,562.4,,,,,false,Drone,,,Wallingford,,,1,Fixed,DJI Enterprise,Intelligent Flight Battery TB65,,,,,,,,,,,,,,,,
6,Intelligent Flight Battery TB65,"6JYPLBEDA002EF",,FDRI,2024-08-14 00:00:00.000,FDRI-M-DRO-0824-005,"18918",,,562.4,,,,,false,Drone,,,Wallingford,,,1,Fixed,DJI Enterprise,Intelligent Flight Battery TB65,,,,,,,,,,,,,,,,
7,Intelligent Flight Battery TB65,"6JYPLBEDA002BZ",,FDRI,2024-08-14 00:00:00.000,FDRI-M-DRO-0824-006,"18918",,,562.4,,,,,false,Drone,,,Wallingford,,,1,Fixed,DJI Enterprise,Intelligent Flight Battery TB65,,,,,,,,,,,,,,,,
8,Intelligent Flight Battery TB65,"6JYPLBEDA002DH",,FDRI,2024-08-14 00:00:00.000,FDRI-M-DRO-0824-007,"18918",,,562.4,,,,,false,Drone,,,Wallingford,,,1,Fixed,DJI Enterprise,Intelligent Flight Battery TB65,,,,,,,,,,,,,,,,
9,Intelligent Flight Battery TB65,"6JYPLBEDA002CA",,FDRI,2024-08-14 00:00:00.000,FDRI-M-DRO-0824-008,"18918",,,562.4,,,,,false,Drone,,,Wallingford,,,1,Fixed,DJI Enterprise,Intelligent Flight Battery TB65,,,,,,,,,,,,,,,,
10,Intelligent Flight Battery TB65,"6JYPLBEDA002DK",,FDRI,2024-08-14 00:00:00.000,FDRI-M-DRO-0824-009,"18918",,,562.4,,,,,false,Drone,,,Wallingford,,,1,Fixed,DJI Enterprise,Intelligent Flight Battery TB65,,,,,,,,,,,,,,,,
11,Intelligent Flight Battery TB65,"6JYPLBEDA002EN",,FDRI,2024-08-14 00:00:00.000,FDRI-M-DRO-0824-010,"18918",,,562.4,,,,,false,Drone,,,Wallingford,,,1,Fixed,DJI Enterprise,Intelligent Flight Battery TB65,,,,,,,,,,,,,,,,
12,Intelligent Flight Battery TB65,"6JYPLBsdvDA002FN",,FDRI,2024-08-14 00:00:00.000,FDRI-M-DRO-0824-011,"18918",,,562.4,,,,,false,Drone,,,Wallingford,,,1,Fixed,DJI Enterprise,Intelligent Flight Battery TB65,,,,,,,,,,,,,,,,
13,Intelligent Flight Battery TB65,"6JYPLBLDA00222",,FDRI,2024-08-14 00:00:00.000,FDRI-M-DRO-0824-012,"18918",,,562.4,,,,,false,Drone,,,Wallingford,,,1,Fixed,DJI Enterprise,Intelligent Flight Battery TB65,,,,,,,,,,,,,,,,
14,DJI WB37 Intelligent Battery,"0DNAM5J83401LU",,FDRI,2024-08-14 00:00:00.000,FDRI-M-DRO-0824-013,"18918",,,69.0,,,,,false,Drone,,,Wallingford,,,1,Fixed,DJI Enterprise,WB37 Intelligent Battery,,,,,,,,,,,,,,,,
15,DJI WB37 Intelligent Battery,"0DNAM5J83401EQ",,"09191",2024-08-14 00:00:00.000,FDRI-M-DRO-0824-014,"18918",,,69.0,,,,,false,Drone,,,Wallingford,,,1,Fixed,DJI Enterprise,WB37 Intelligent Battery,,,,,,,,,,,,,,,,
16,DJI Zenmuse L2,"6U3DM140047S34",,FDRI,2024-08-14 00:00:00.000,FDRI-M-DRO-0824-015,"18918",,,10660.54,,,,,false,Drone,,,Wallingford,,,1,Fixed,DJI Enterprise,Zenmuse L2,,,,,,,,,,,,,,,,
17,Emlid Reach RS3 RTK Receiver,"824313C34D62D5632412",,FDRI,2024-08-14 00:00:00.000,FDRI-M-DRO-0824-016,"18918",,,5330.27,,,,,false,Drone,,,Wallingford,,,1,Fixed,Emlid,Reach RS3 RTK Receiver,,,,,,,,,,,,,,,,
18,Emlid Survey Pole with device holderSPL102,"5999574730176",,FDRI,2024-08-14 00:00:00.000,FDRI-M-DRO-0824-017,"18918",,,299.0,,,,,false,Drone,,,Wallingford,,,2,Fixed,Emlid,Survey Pole with device holderSPL102,,,,,,,,,,,,,,,,
19,D-RTK 2 Mobile Station,"359BM4100100EB",,FDRI,2024-08-14 00:00:00.000,FDRI-M-DRO-0824-018,"18918",,,2565.0,,,,,false,Drone,,,Wallingford,,,1,Asset Asset,DJI Enterprise,D-RTK 2 Mobile Station,,,,,,,,,,,,,,,,
20,"256GB SanDisk Extreme PRO micro SDXC CARD",NA,,FDRI,2024-08-14 00:00:00.000,,"18918",,,320.0,,,,,false,Drone,,,Wallingford,,,8,Consumable,SanDisk,"256GB Extreme PRO micro SDXC CARD",,,,,,,,,,,,,,,,
21,DJI D-RTK 2 Tripod,"296BM1LR0100GS",,FDRI,2024-08-14 00:00:00.000,FDRI-M-DRO-0824-019,"18918",,,249.0,,,,,false,Drone,,,Wallingford,,,1,Fixed,DJI Enterprise,D-RTK 2 Tripod,,,,,,,,,,,,,,,,
22,DJI Mavic 3 Multispectral_Drone,"1581F5FKC242V00DB5P1",,FDRI,2024-08-14 00:00:00.000,FDRI-M-DRO-0824-020,"18918",,,1718.06,,,,,false,Drone,,,Wallingford,,,1,Fixed,DJI Enterprise,Mavic 3 Multispectral_Drone,,,,,,,,,,,,,,,,
23,DJI Mavic 3 Multispectral RC,"5YSZM6M0032159",,FDRI,2024-08-14 00:00:00.000,FDRI-M-DRO-0824-021,"18918",,,1299.0,,,,,false,Drone,,,Wallingford,,,1,Fixed,DJI Enterprise,Mavic 3 Multispectral_Drone,,,,,,,,,,,,,,,,
24,DJI Mavic 3 Multispectral (RTK Module)(M3RTK),"5HLBM6E00100KT",,FDRI,2024-08-14 00:00:00.000,FDRI-M-DRO-0824-022,"18918",,,570.0,,,,,false,Drone,,,Wallingford,,,1,Fixed,DJI Enterprise,Mavic 3 Multispectral (RTK Module)(M3RTK),,,,,,,,,,,,,,,,
25,DJI Mavic 3 Enterprise Battery Kit,"69DNM1C001012X",,FDRI,2024-08-14 00:00:00.000,FDRI-M-DRO-0824-023,"18918",,,529.0,,,,,false,Drone,,,Wallingford,,,1,Fixed,DJI Enterprise,Mavic 3 Enterprise Battery Kit,,,,,,,,,,,,,,,,
26,DJI Mini 4 Pro_Drone,"1581F6Z9C23B8003F2D1",,FDRI,2024-08-14 00:00:00.000,FDRI-M-DRO-0824-024,"18918",,,659.96,,,,,false,Drone,,,Wallingford,,,1,Fixed,DJI Enterprise,Mini 4 Pro_Drone,,,,,,,,,,,,,,,,
27,DJI Mini 4 Pro Intelligent Flight Battery,"7BVPLCSDA103UH",,FDRI,2024-08-14 00:00:00.000,FDRI-M-DRO-0824-025,"18918",,,59.0,,,,,false,Drone,,,Wallingford,,,1,Fixed,DJI Enterprise,Mini 4 Pro Intelligent Flight Battery,,,,,,,,,,,,,,,,
28,DJI Mini 4 Pro Intelligent Flight Battery,"7BVPLCSDA1057C",,FDRI,2024-08-14 00:00:00.000,FDRI-M-DRO-0824-026,"18918",,,59.0,,,,,false,Drone,,,Wallingford,,,1,Fixed,DJI Enterprise,Mini 4 Pro Intelligent Flight Battery,,,,,,,,,,,,,,,,
29,DJI Mini 4 Pro Intelligent Flight Battery,"7BVPLCSDA105UY",,FDRI,2024-08-14 00:00:00.000,FDRI-M-DRO-0824-027,"18918",,,59.0,,,,,false,Drone,,,Wallingford,,,1,Fixed,DJI Enterprise,Mini 4 Pro Intelligent Flight Battery,,,,,,,,,,,,,,,,
30,DJI Mini 4 Pro Intelligent Flight Battery,"7BVPLCSDA105NE",,FDRI,2024-08-14 00:00:00.000,FDRI-M-DRO-0824-028,"18918",,,59.0,,,,,false,Drone,,,Wallingford,,,1,Fixed,DJI Enterprise,Mini 4 Pro Intelligent Flight Battery,,,,,,,,,,,,,,,,
31,DJI Mini 4 Pro Intelligent Flight Battery,"7BVPLCSDA105NQ",,FDRI,2024-08-14 00:00:00.000,FDRI-M-DRO-0824-029,"18918",,,59.0,,,,,false,Drone,,,Wallingford,,,1,Fixed,DJI Enterprise,Mini 4 Pro Intelligent Flight Battery,,,,,,,,,,,,,,,,
32,DJI Mini 4 Pro Intelligent Flight Battery,"7BVPLCSDA1006B",,FDRI,2024-08-14 00:00:00.000,FDRI-M-DRO-0824-030,"18918",,,59.0,,,,,false,Drone,,,Wallingford,,,1,Fixed,DJI Enterprise,Mini 4 Pro Intelligent Flight Battery,,,,,,,,,,,,,,,,
33,DJI Mini 4 Pro Intelligent Flight Battery,"7BVPLCSDA105V0",,FDRI,2024-08-14 00:00:00.000,FDRI-M-DRO-0824-031,"18918",,,59.0,,,,,false,Drone,,,Wallingford,,,1,Fixed,DJI Enterprise,Mini 4 Pro Intelligent Flight Battery,,,,,,,,,,,,,,,,
34,DJI Mini 4 Pro Intelligent Flight Battery,"7BVPLCSDA1057H",,FDRI,2024-08-14 00:00:00.000,FDRI-M-DRO-0824-032,"18918",,,59.0,,,,,false,Drone,,,Wallingford,,,1,Fixed,DJI Enterprise,Mini 4 Pro Intelligent Flight Battery,,,,,,,,,,,,,,,,
35,DJI Mini 3 Pro & Mini 4 Pro Two-Way Charging Hub,"52WKM5F0120215",,FDRI,2024-08-14 00:00:00.000,FDRI-M-DRO-0824-033,"18918",,,39.0,,,,,false,Drone,,,Wallingford,,,1,Fixed,DJI Enterprise,Mini 3 Pro & Mini 4 Pro Two-Way Charging Hub,,,,,,,,,,,,,,,,
36,DJI Mini 3 Pro & Mini 4 Pro Two-Way Charging Hub,"52WKM5F012020V",,FDRI,2024-08-14 00:00:00.000,FDRI-M-DRO-0824-034,"18918",,,39.0,,,,,false,Drone,,,Wallingford,,,1,Fixed,DJI Enterprise,Mini 3 Pro & Mini 4 Pro Two-Way Charging Hub,,,,,,,,,,,,,,,,
37,DJI Power 1000,"7VPCL9DL2M002Q",,FDRI,2024-08-14 00:00:00.000,FDRI-M-DRO-0824-035,"18918",,,878.99,,,,,false,Drone,,,Wallingford,,,1,Fixed,DJI Enterprise,Power 1000,,,,,,,,,,,,,,,,
38,DJI 65W Portable Charger,"4ESLLBAJ205090",,FDRI,2024-08-14 00:00:00.000,FDRI-M-DRO-0824-036,"18918",,,69.0,,,,,false,Drone,,,Wallingford,,,1,Fixed,DJI Enterprise,"65W Portable Charger",,,,,,,,,,,,,,,,
39,DJI WB37 Battery Charging Hub,"5ECDL54004JH8P",,FDRI,2024-08-14 00:00:00.000,FDRI-M-DRO-0824-037,"18918",,,69.0,,,,,false,Drone,,,Wallingford,,,1,Fixed,DJI Enterprise,WB37 Battery Charging Hub,,,,,,,,,,,,,,,,
40,HPRC DJI Mini 4 Pro Fly More Combo Hard Case,NA,,FDRI,2024-08-14 00:00:00.000,,"18918",,,298.0,,,,,false,Drone,,,Wallingford,,,2,Consumable,DJI Enterprise,HPRC Mini 4 Pro Fly More Combo Hard Case,,,,,,,,,,,,,,,,
41,DJI Mini 4 Pro (RC-N2) (RC151),"6V4ZLAX0024ERE",,FDRI,2024-08-14 00:00:00.000,FDRI-M-DRO-0824-038,"18918",,,,,,,,false,Drone,,,Wallingford,,,1,Fixed,DJI Enterprise,Mini 4 Pro (RC-N2) (RC151),,,,,,,,,,,,,,,,
42,DJI Mavic 3 Lithium Ion Polymer Recharegeable battery,"4ERPM5JEA3K1GQ",,FDRI,2024-08-14 00:00:00.000,FDRI-M-DRO-0824-039,"18918",,,,,,,,false,Drone,,,Wallingford,,,1,Fixed,DJI Enterprise,Mavic 3 Lithium Ion Polymer Recharegeable battery,,,,,,,,,,,,,,,,
43,DJI Power adapter,"5T8LM2JJ0303X7",,FDRI,2024-08-14 00:00:00.000,FDRI-M-DRO-0824-040,"18918",,,,,,,,false,Drone,,,Wallingford,,,1,Fixed,DJI Enterprise,Power adapter,,,,,,,,,,,,,,,,
44,Emlid Reach RS3 RTK Receiver,"824362C9E44E80F12416",,FDRI,2024-08-16 00:00:00.000,FDRI-M-DRO-0824-041,"18918",,,2618.03,,,,,false,Drone,,,Wallingford,,,1,Fixed,Emlid,Reach RS3 RTK Receiver,,,,,,,,,,,,,,,,
45,DJI Power Car Power Outlet to SDC Power Cable (12V/24V),"7TQDM6E001RPHW",,FDRI,2024-08-27 00:00:00.000,FDRI-M-DRO-0824-042,"18918",,,50.0,,,,,false,Drone,,,Wallingford,,,1,Fixed,DJI Enterprise,Power Car Power Outlet to SDC Power Cable (12V/24V),,,,,,,,,,,,,,,,
46,DJI Mini 4 Pro (RC-N2) (RC151),"6V4ZM7100204VC",,FDRI,2024-08-27 00:00:00.000,FDRI-M-DRO-0824-043,"18918",,,,,,,,false,Drone,,,Wallingford,,,1,Fixed,DJI Enterprise,Mini 4 Pro (RC-N2) (RC151),,,,,,,,,,,,,,,,
47,DJI Mini 4 Pro_Drone,"1581F6Z9C247A003X37X",,FDRI,2024-08-27 00:00:00.000,FDRI-M-DRO-0824-044,"18918",,,659.96,,,,,false,Drone,,,Wallingford,,,1,Fixed,DJI Enterprise,Mini 4 Pro_Drone,,,,,,,,,,,,,,,,
48,DJI Mavic 3 Fly More Kit,"69DNKAJ00108BV",,FDRI,2024-08-27 00:00:00.000,FDRI-M-DRO-0824-045,"18918",,,501.61,,,,,false,Drone,,,Wallingford,,,1,Fixed,DJI Enterprise,Mavic 3 Fly More Kit,,,,,,,,,,,,,,,,
49,DJI Mavic 3 Lithium Ion Polymer Recharegeable battery,"4ERPKAREA12Z73",,FDRI,2024-08-27 00:00:00.000,FDRI-M-DRO-0824-046,"18918",,,,,,,,false,Drone,,,Wallingford,,,1,Fixed,DJI Enterprise,Mavic 3 Lithium Ion Polymer Recharegeable battery,,,,,,,,,,,,,,,,
50,DJI Mavic 3 Lithium Ion Polymer Recharegeable battery,"4ERPKAREA12ZBV",,FDRI,2024-08-27 00:00:00.000,FDRI-M-DRO-0824-047,"18918",,,,,,,,false,Drone,,,Wallingford,,,1,Fixed,DJI Enterprise,Mavic 3 Lithium Ion Polymer Recharegeable battery,,,,,,,,,,,,,,,,
52,RQPOD-MK2,"540H245 TR/N (Please refer to the list of contents and accessories in the box)",,"09191",2024-10-11 00:00:00.000,FDRI-M-ADC-1024-001,"18645",,,7300.8,,,Excellent,,false,,0,,Wallingford,0,"Total- £7300.8 (including VAT) for RQPOD-MK2 Modular Remote control boat add on for torrent board. Supplied with 2 thrusters, skid guards, spare propellers, 2 batteries, battery charger, Futaba TK6 remote, nav lights, transportation case, fittings and tools.",1,Fixed,YSI,RQPOD-MK2,,,,,,,,,,,,,,,,
55,RS5-MAX-PK5,"789270171152",,"09191",2024-10-11 00:00:00.000,FDRI-M-ADC-1024-002,"18645",,,40384.8,,,Excellent,,false,,0,,Wallingford,0,"Total- £40384.8 (including VAT) for RS5-MAX-PK5 RS5 portable five-beam 3.0 MHz acoustic Doppler current profiling/discharge measurement system intended for use from moving boats and other platforms in shallow channels. System is provided in a 2 inch (5 cm) diameter Delrin housing and consists of 3.0 MHz velocity measurement transducers in a 4-beam Janus configuration, 3.0 MHz vertical acoustic beam for depth measurement, compass/2-axis tilt sensor, temperature sensor, internal Li-Ion rechargeable battery and Bluetooth telemetry link. Features bottom tracking, RSQ Windows software for real-time display of current profiles, water depth, and computed discharge measurements. Includes a USB Bluetooth radio for connecting to customer-supplied computer, (2) Li-Ion rechargeable batteries and a USB battery charger, 2-ft (61-cm) radio antenna cable, GNSS smart antenna and 1-ft (30-cm) interface cable, and SonTek Hydroboard II-Micro and soft carrying case.",1,Fixed,Sontek,RS5-MAX-PK5,,,,,,,,,,,,,,,,
56,Futuba T6K radio TX Remote Control,RQ0018-RM0157Y24M06A28056,,"09191",2024-10-12 00:00:00.000,FDRI-M-ADC-1024-003,"18645",,,7300.8,,,Excellent,,false,,0,,Wallingford,0,"Total- £7300.8 (including VAT) for RQPOD-MK2 Modular Remote control boat add on for torrent board. Supplied with 2 thrusters, skid guards, spare propellers, 2 batteries, battery charger, Futaba TK6 remote, nav lights, transportation case, fittings and tools.",1,Fixed,YSI,Futuba T6K radio TX Remote Control,,,,,,,,,,,,,,,,
57,USB LCD Li-ion Battery Charger,VC20BCE19131,,"09191",2024-10-11 00:00:00.000,,"18645",,,,,,Excellent,,false,,0,,Wallingford,0,"Total- £40384.8 (including VAT) for RS5-MAX-PK5 RS5 portable five-beam 3.0 MHz acoustic Doppler current profiling/discharge measurement system intended for use from moving boats and other platforms in shallow channels. System is provided in a 2 inch (5 cm) diameter Delrin housing and consists of 3.0 MHz velocity measurement transducers in a 4-beam Janus configuration, 3.0 MHz vertical acoustic beam for depth measurement, compass/2-axis tilt sensor, temperature sensor, internal Li-Ion rechargeable battery and Bluetooth telemetry link. Features bottom tracking, RSQ Windows software for real-time display of current profiles, water depth, and computed discharge measurements. Includes a USB Bluetooth radio for connecting to customer-supplied computer, (2) Li-Ion rechargeable batteries and a USB battery charger, 2-ft (61-cm) radio antenna cable, GNSS smart antenna and 1-ft (30-cm) interface cable, and SonTek Hydroboard II-Micro and soft carrying case.",1,Consumable,Sontek,USB LCD Li-ion Battery Charger,,,,,,,,,,,,,,,,
58,Li-ion rechargeable Battery,"30016-04",,"09191",2024-10-11 00:00:00.000,,"18645",,,,,,Excellent,,false,,0,,Wallingford,0,"Total- £40384.8 (including VAT) for RS5-MAX-PK5 RS5 portable five-beam 3.0 MHz acoustic Doppler current profiling/discharge measurement system intended for use from moving boats and other platforms in shallow channels. System is provided in a 2 inch (5 cm) diameter Delrin housing and consists of 3.0 MHz velocity measurement transducers in a 4-beam Janus configuration, 3.0 MHz vertical acoustic beam for depth measurement, compass/2-axis tilt sensor, temperature sensor, internal Li-Ion rechargeable battery and Bluetooth telemetry link. Features bottom tracking, RSQ Windows software for real-time display of current profiles, water depth, and computed discharge measurements. Includes a USB Bluetooth radio for connecting to customer-supplied computer, (2) Li-Ion rechargeable batteries and a USB battery charger, 2-ft (61-cm) radio antenna cable, GNSS smart antenna and 1-ft (30-cm) interface cable, and SonTek Hydroboard II-Micro and soft carrying case.",2,Consumable,Sontek,Li-ion rechargeable Battery,,,,,,,,,,,,,,,,
59,Radio Antenna,"70-0054",,"09191",2024-10-11 00:00:00.000,FDRI-M-ADC-1024-004,"18645",,,40384.8,,,Excellent,,false,,0,,Wallingford,0,"Total- £40384.8 (including VAT) for RS5-MAX-PK5 RS5 portable five-beam 3.0 MHz acoustic Doppler current profiling/discharge measurement system intended for use from moving boats and other platforms in shallow channels. System is provided in a 2 inch (5 cm) diameter Delrin housing and consists of 3.0 MHz velocity measurement transducers in a 4-beam Janus configuration, 3.0 MHz vertical acoustic beam for depth measurement, compass/2-axis tilt sensor, temperature sensor, internal Li-Ion rechargeable battery and Bluetooth telemetry link. Features bottom tracking, RSQ Windows software for real-time display of current profiles, water depth, and computed discharge measurements. Includes a USB Bluetooth radio for connecting to customer-supplied computer, (2) Li-Ion rechargeable batteries and a USB battery charger, 2-ft (61-cm) radio antenna cable, GNSS smart antenna and 1-ft (30-cm) interface cable, and SonTek Hydroboard II-Micro and soft carrying case.",2,Fixed,Sontek,RS5 Radio Antenna,,,,,,,,,,,,,,,,
60,RS5,RS52435008 (P/N: RS5-1-6 RevB),,"09191",2024-10-11 00:00:00.000,FDRI-M-ADC-1024-005,"18645",,,40384.8,,,Excellent,,false,,0,,Wallingford,0,"Total- £40384.8 (including VAT) for RS5-MAX-PK5 RS5 portable five-beam 3.0 MHz acoustic Doppler current profiling/discharge measurement system intended for use from moving boats and other platforms in shallow channels. System is provided in a 2 inch (5 cm) diameter Delrin housing and consists of 3.0 MHz velocity measurement transducers in a 4-beam Janus configuration, 3.0 MHz vertical acoustic beam for depth measurement, compass/2-axis tilt sensor, temperature sensor, internal Li-Ion rechargeable battery and Bluetooth telemetry link. Features bottom tracking, RSQ Windows software for real-time display of current profiles, water depth, and computed discharge measurements. Includes a USB Bluetooth radio for connecting to customer-supplied computer, (2) Li-Ion rechargeable batteries and a USB battery charger, 2-ft (61-cm) radio antenna cable, GNSS smart antenna and 1-ft (30-cm) interface cable, and SonTek Hydroboard II-Micro and soft carrying case.",1,Fixed,Sontek,RS5,,,,,,,,,,,,,,,,
61,Geoge (DGNSS),"360992 (P/N:GNS3M-CFG)",,"09191",2024-10-11 00:00:00.000,FDRI-M-ADC-1024-006,,,,40384.8,,,Excellent,,false,,0,,Wallingford,0,"Total- £40384.8 (including VAT) for RS5-MAX-PK5 RS5 portable five-beam 3.0 MHz acoustic Doppler current profiling/discharge measurement system intended for use from moving boats and other platforms in shallow channels. System is provided in a 2 inch (5 cm) diameter Delrin housing and consists of 3.0 MHz velocity measurement transducers in a 4-beam Janus configuration, 3.0 MHz vertical acoustic beam for depth measurement, compass/2-axis tilt sensor, temperature sensor, internal Li-Ion rechargeable battery and Bluetooth telemetry link. Features bottom tracking, RSQ Windows software for real-time display of current profiles, water depth, and computed discharge measurements. Includes a USB Bluetooth radio for connecting to customer-supplied computer, (2) Li-Ion rechargeable batteries and a USB battery charger, 2-ft (61-cm) radio antenna cable, GNSS smart antenna and 1-ft (30-cm) interface cable, and SonTek Hydroboard II-Micro and soft carrying case.",0,Fixed,Sontek,Geoge (DGNSS),,,,,,,,,,,,,,,,
62,Micro hydro board RS5,"0824-0096 (Model 24-0426-A)",,,2024-10-11 00:00:00.000,FDRI-M-ADC-1024-007,"18645",,,40384.8,,,Excellent,,false,,0,,Wallingford,0,"Total- £40384.8 (including VAT) for RS5-MAX-PK5 RS5 portable five-beam 3.0 MHz acoustic Doppler current profiling/discharge measurement system intended for use from moving boats and other platforms in shallow channels. System is provided in a 2 inch (5 cm) diameter Delrin housing and consists of 3.0 MHz velocity measurement transducers in a 4-beam Janus configuration, 3.0 MHz vertical acoustic beam for depth measurement, compass/2-axis tilt sensor, temperature sensor, internal Li-Ion rechargeable battery and Bluetooth telemetry link. Features bottom tracking, RSQ Windows software for real-time display of current profiles, water depth, and computed discharge measurements. Includes a USB Bluetooth radio for connecting to customer-supplied computer, (2) Li-Ion rechargeable batteries and a USB battery charger, 2-ft (61-cm) radio antenna cable, GNSS smart antenna and 1-ft (30-cm) interface cable, and SonTek Hydroboard II-Micro and soft carrying case.",0,Fixed,Sontek,Micro hydro board RS5,,,,,,,,,,,,,,,,
63,Torrent Board V7 (TB9S-V7),"511846-5",,"09191",2024-10-11 00:00:00.000,FDRI-M-ADC-1024-008,"18645",,,3886.8,,,Excellent,,false,,0,,Wallingford,0,"£3886.8 (TB9S-V7) (TB7-M9-standard Standard size Torrent Board V7 for use with Riversurveyor M9 - RqPOD ready, includes 1FCS fin key, 2 FCS fins, windsock, lanyards with shackle for tethered deployments and rucksack carry bag.)",1,Fixed,Hoskin Scientific,TB9S-V7,,,,,,,,,,,,,,,,
64,TB7-RS5_M9_TB_KIT,TB7-RS5_M9_TB_Kit,,"09191",2024-10-11 00:00:00.000,,"18645",,,450.0,,,Excellent,,false,,0,,Wallingford,0,TB7-RS5_M9_TB_KIT Kit to allow SonTek RS5 to be used on M9 standard size torrent boards. Includes mounting plate H mount for GPS mast and screws 20cm GPS mast Foam reducer for RS5,1,Consumable,Sontek,TB7-RS5_M9_TB_KIT,,,,,,,,,,,,,,,,
66,Snyper-IOT Graphyte_Siretta,"868510050051514",,"09191",2024-11-04 00:00:00.000,FDRI-M-NST-1124-001,"2154404",,,1096.08,,,Excellent,,false,,0,,Wallingford,0,For Instrumentation and telemetry requirements,1,Fixed,Siretta,Snyper-IOT Graphyte,,,,,,,,,,,,,,,,
67,Mountain Leader_First aid kit,"5031863010504",,"09191",2024-11-07 00:00:00.000,,,,,200.3,,,Excellent,,false,,0,,Wallingford,0,£200.6 (inclusive VAT) for 4 quantities of Mountain Leader_First aid kit,4,Consumable,Mountain Leader,First aid kit,,,,,,,,,,,,,,,,
68,Wading Pole,Wading Pole-2 pc 170cm/102cm,,"09191",2024-11-13 00:00:00.000,,,,,400.96,,,Excellent,,false,,0,,Wallingford,0,,6,Consumable,,,,,,,,,,,,,,,,,,
70,CREWFIT 150N XD AUTOMATIC HARNESS RED 9245RA,T240619203,,"09191",2024-11-18 00:00:00.000,,"19771",,,137.5,,,Excellent,,false,,0,,Wallingford,0,CREWFIT 150N XD AUTOMATIC HARNESS RED 9245RA-Assigned to Jasmine Hughes,1,Consumable,Crewfit,"150N XD AUTOMATIC HARNESS RED 9245RA",,,,,,,,,,,,,,,,
71,CREWFIT 150N XD AUTOMATIC HARNESS RED 9245RA,T240619204,,"09191",2024-11-18 00:00:00.000,,"19771",,,137.5,,,Excellent,,false,,0,,Wallingford,0,CREWFIT 150N XD AUTOMATIC HARNESS RED 9245RA assignedd to Mark Simpson,1,Consumable,Crewfit,"150N XD AUTOMATIC HARNESS RED 9245RA",,,,,,,,,,,,,,,,
72,CREWFIT 150N XD AUTOMATIC HARNESS RED 9245RA,T240619205,,"09191",2024-11-18 00:00:00.000,,"19771",,,137.5,,,Excellent,,false,,0,,Wallingford,0,CREWFIT 150N XD AUTOMATIC HARNESS RED 9245RA assigned to Tom Burton,1,Consumable,Crewfit,"150N XD AUTOMATIC HARNESS RED 9245RA",,,,,,,,,,,,,,,,
73,CREWFIT 150N XD AUTOMATIC HARNESS RED 9245RA,T240619206,,"09191",2024-11-18 00:00:00.000,,"19771",,,137.5,,,Excellent,,false,,0,,Wallingford,0,CREWFIT 150N XD AUTOMATIC HARNESS RED 9245RA assigned to Azmol Ali,1,Consumable,Crewfit,"150N XD AUTOMATIC HARNESS RED 9245RA",,,,,,,,,,,,,,,,
74,CREWFIT 150N XD AUTOMATIC HARNESS RED 9245RA,T240619207,,"09191",2024-11-18 00:00:00.000,,"19771",,,137.5,,,Excellent,,false,,0,,Wallingford,0,CREWFIT 150N XD AUTOMATIC HARNESS RED 9245RA Unassigned,0,Consumable,Crewfit,"150N XD AUTOMATIC HARNESS RED 9245RA",,,,,,,,,,,,,,,,
75,CREWFIT 150N XD AUTOMATIC HARNESS RED 9245RA,T240619208,,"09191",2024-11-18 00:00:00.000,,"19771",,,137.5,,,Excellent,,false,,0,,Wallingford,0,CREWFIT 150N XD AUTOMATIC HARNESS RED 9245RA Unassigned,0,Consumable,Crewfit,"150N XD AUTOMATIC HARNESS RED 9245RA",,,,,,,,,,,,,,,,
76,CREWFIT 150N XD AUTOMATIC HARNESS RED 9245RA,T240619209,,"09191",2024-11-18 00:00:00.000,,"19771",,,137.5,,,Excellent,,false,,0,,Wallingford,0,CREWFIT 150N XD AUTOMATIC HARNESS RED 9245RA Unassigned,0,Consumable,Crewfit,"150N XD AUTOMATIC HARNESS RED 9245RA",,,,,,,,,,,,,,,,
78,CREWFIT 150N XD AUTOMATIC HARNESS RED 9245RA,T240619210,,"09191",2024-11-18 00:00:00.000,,"19771",,,137.5,,,Excellent,,false,,0,,Wallingford,0,CREWFIT 150N XD AUTOMATIC HARNESS RED 9245RA Unassigned,1,Consumable,Crewfit,"150N XD AUTOMATIC HARNESS RED 9245RA",,,,,,,,,,,,,,,,
79,"38gm CYLINDER - WITHOUT SHRINK WRAP",J12415701CB,,"09191",2024-11-18 00:00:00.000,,"19771",,,15.0,,,Excellent,,false,,0,,Wallingford,0,"38gm CYLINDER - WITHOUT SHRINK WRAP",1,Consumable,Crewfit,"38gm CYLINDER - WITHOUT SHRINK WRAP",,,,,,,,,,,,,,,,
80,"38gm CYLINDER - WITHOUT SHRINK WRAP",J12415700AE,,"09191",2024-11-18 00:00:00.000,,"19771",,,15.0,,,Excellent,,false,,0,,Wallingford,0,"38gm CYLINDER - WITHOUT SHRINK WRAP",1,Consumable,Crewfit,"38gm CYLINDER - WITHOUT SHRINK WRAP",,,,,,,,,,,,,,,,
81,"38gm CYLINDER - WITHOUT SHRINK WRAP",J12415701X1,,"09191",2024-11-18 00:00:00.000,,"19771",,,15.0,,,Excellent,,false,,0,,Wallingford,0,"38gm CYLINDER - WITHOUT SHRINK WRAP",1,Consumable,Crewfit,"38gm CYLINDER - WITHOUT SHRINK WRAP",,,,,,,,,,,,,,,,
82,"38gm CYLINDER - WITHOUT SHRINK WRAP",J1241570039,,"09191",2024-11-18 00:00:00.000,,"19771",,,15.0,,,Excellent,,false,,0,,Wallingford,0,"38gm CYLINDER - WITHOUT SHRINK WRAP",1,Consumable,Crewfit,"38gm CYLINDER - WITHOUT SHRINK WRAP",,,,,,,,,,,,,,,,
84,Tick Twister,X0022EXP8T,,"09191",2024-11-22 00:00:00.000,,,,,7.98,,,Excellent,,false,,0,,Wallingford,0,Cost for 2 quantities,2,Consumable,,,,,,,,,,,,,,,,,,
85,Off Road RecoveryTracks,A590877-0,,"09191",2024-11-22 00:00:00.000,,,,,141.48,,,Excellent,,false,,0,,Wallingford,0,cost for 2 pairs (4 Off Road RecoveryTracks),4,Consumable,,,,,,,,,,,,,,,,,,
86,Retriever,BRIGJC 18-796330202053,,"09191",2024-12-06 00:00:00.000,,,,,45.44,,,Excellent,,false,,0,,Wallingford,0,,1,Consumable,,,,,,,,,,,,,,,,,,
87,Bipod,"5217-04-YEL",,"09191",2024-12-10 00:00:00.000,FDRI_M_DRO_1224-048,,,,169.02,,,Excellent,,false,,0,,Wallingford,0,£169.02 inclusive of VAT Ordered through credit card from South Survey ltd,1,Fixed,,,,,,,,,,,,,,,,,,
89,"30W USB-C Charger for DJI",X001FJPWC9,,"09191",2024-12-10 00:00:00.000,FDRI_M_DRO_1224_049,,,,47.96,,,Excellent,,false,,0,,Wallingford,0,Total cost for 4 chargers inclusive VAT is £47.96 (Purchased using credit card),4,Fixed,DJI Entersprise,"30W USB-C Charger",,,,,,,,,,,,,,,,
90,"1 GB M2M & IoT Data SIM card","8935302170721471949",,"09191",2024-12-16 00:00:00.000,FDRI_M_DRO_1224_050,,,,15.6,,,Excellent,,false,,0,,Wallingford,0,£ 15.6 inclusive of VAT,1,Fixed,,,,,,,,,,,,,,,,,,
91,"1 GB M2M & IoT Data SIM card","8935302170721471931",,"09191",2024-12-16 00:00:00.000,FDRI_M_DRO_1224_051,,,,15.6,,,Excellent,,false,,0,,Wallingford,0,£ 15.6 inclusive of VAT,1,Fixed,,,,,,,,,,,,,,,,,,
92,Sky High Bull's-Eye Drone Ground Control Point GCP - UAV Aerial Target Sky High Bull's-Eye Drone Ground Control Point GCP - UAV Aerial Target for Mapping & Surveying,B07PDK1M45,,"09191",2024-12-16 00:00:00.000,,,,,114.84,,,Excellent,,false,,0,,Wallingford,0,£114.84 inclusive of VAT,10,Consumable,Sky High Bull's-Eye,Drone Ground Control Point GCP - UAV Aerial Target,,,,,,,,,,,,,,,,
93,Tent Pegs,B0D72ZN3X9,,"09191",2025-01-06 00:00:00.000,,,,,15.85,,,Excellent,,false,,0,,Wallingford,0,£15.85 inclusive VAT,40,Consumable,,,,,,,,,,,,,,,,,,
94,Weather Transmitter WXT533 Series 3A1B1A3D1A1B,W5218459,,"09191",2025-01-06 00:00:00.000,FDRI_F_WXT_0125_001,"20500",,,2505.6,,,Excellent,,false,,0,,Wallingford,0,£2505.6 including VAT;  (WXT533 3A1B1A3D1A1B),1,Fixed,Vaisala,Weather Transmitter WXT533 Series 3A1B1A3D1A1B,,,,,,,,,,,,,WXT-Weather Transmitter,,,
95,Weather Transmitter WXT533 Series 3A1B1A3D2A1B,W5218458,,"09191",2025-01-06 00:00:00.000,FDRI_F_WXT_0125_002,"20500",,,2636.28,,,Excellent,,false,,0,,Wallingford,0,£2636.28 inclusive VAT; (WXT533 3A2B1A3D1A1B),1,Fixed,Vaisala,Weather Transmitter WXT533 Series 3A1B1A3D1A1B,,,,,,,,,,,,,WXT-Weather Transmitter,,,
96,SmartSolar MPPT charge controller,HQ2412MWDJ3,,"09191",2025-01-13 00:00:00.000,FDRI_F_SCC_0125_001,,,,42.98,,,Excellent,,false,,0,,Wallingford,0,£ 42.98 inclusive VAT,1,Fixed,SmartSolar,MPPT charge controller,,,,,,,,,,,,,,,,
97,SmartSolar MPPT charge controller,HQ24127NKXA,,"09191",2025-01-13 00:00:00.000,FDRI_M_SCC_0125_002,,,,42.98,,,Excellent,,false,,0,,Wallingford,0,£ 42.98 inclusive VAT,1,Fixed,SmartSolar,MPPT charge controller,,,,,,,,,,,,,,,,
99,SmartSolar MPPT charge controller,HQ2412HFKH9,,"09191",2025-01-13 00:00:00.000,FDRI_M_SCC_0125_003,,,,42.98,,,Excellent,,false,,0,,Wallingford,0,£42.98 inclusive VAT,1,Fixed,SmartSolar,MPPT charge controller,,,,,,,,,,,,,,,,
100,PENGLIN 2 Way RJ45 Ethernet Connector Breakout Board,X001UXTQNV,,"09191",2025-01-13 00:00:00.000,,,,,69.95,,,Excellent,,false,,0,,Wallingford,0,£ 69.95 (For 5 quantities inclusive VAT),5,Consumable,PENGLIN,"2 Way RJ45 Ethernet Connector Breakout Board",,,,,,,,,,,,,,,,
101,Leica Disto X4 Laser Distance Meter,"1631660395",,"09191",2025-01-14 00:00:00.000,FDRI_M_LDM_0125_001,,,,462.0,,,Excellent,,false,,0,,Wallingford,0,Cost including Calibration Certificate and VAT inclusive,1,Fixed,Leica Disto,X4 Laser Distance Meter,,,,,,,,,,,,,,,,
104,Juniper System Geode GNS3M,"374724",,"09191",2025-01-14 00:00:00.000,FDRI_M_GPS_0125_001,,,,2608.944,,,Excellent,,false,,0,,Wallingford,0,£ 2608.944 inclusive VAT,1,Fixed,Juniper, Geode GNS3M,,,,,,,,,,,,,,,,
105,Juniper System Geode GNS3M,"374325",,,2025-01-13 00:00:00.000,FDRI_M_GPS_0125_002,,,,2608.944,,,Excellent,,false,,0,,Wallingford,0,£ 2608.944 inclusive of VAT,1,Fixed,Juniper,Geode GNS3M,,,,,,,,,,,,,,,,
106,Datalogger,"70680","41842","09191",2025-02-03 00:00:00.000,FDRI-F-DAT-0225-001,"20746",,,1668.55,,,Excellent,,false,,0,,Wallingford,0,PN: 41842  Price excluding VAT,1,Fixed,Campbell Scientific US,CR1000Xe,"1000Xe",,,,,,,,,,,,,,,
107,"16 GB MicroSD Flash aMLC Memory Card",,,"09191",2025-02-03 00:00:00.000,,"20746",,,378.25,,,Excellent,,false,,0,,Wallingford,0,"37.83 IS UNIT PRICE EXCLUDING VAT",10,Fixed,Campbell Scientific,"16 GB MicroSD Flash aMLC Memory Card",,,,,,,,,,,,,,,,
108,LX60 Dual Ethernet LTE Router EMEA,"7H4043504501B101",,"09191",2025-02-03 00:00:00.000,FDRI-F-ROU-0225-001,"20815",,,298.0,,,Excellent,,false,Modem,0,,SE-CARWE-01-WS,0,AirLink LX60 Dual Ethernet LTE Router EMEA  PART NO: 1104046 IMEI: 356048090869149,1,Field site infrastructure,Airlink,LX60 Dual Ethernet LTE Router EMEA,,,,,,,,,,,,,,,,
109,LX60 Dual Ethernet LTE Router EMEA, 7H4043516102B101,,"09191",2025-02-03 00:00:00.000,FDRI-F-ROU-0225-002,"20815",,,298.0,,,Excellent,,false,Modem,0,,SE-SVTRP-01-WL,0,AirLink LX60 Dual Ethernet LTE Router EMEA  PART NO: 1104046 IMEI: 356048090869222,1,Field site infrastructure,Airlink,LX60 Dual Ethernet LTE Router EMEA,,,,,,,,,,,,,,,,
110,AirLink LX40 Compact LTE-M/NB-IOT Router Global, XX91747013021004,,"09191",2025-02-03 00:00:00.000,FDRI-F-ROU-0225-003,"20815",,,225.0,,,Excellent,,false,,0,,Wallingford,0,AirLink LX40 Compact LTE-M/NB-IOT Router Global PART NO: 1104180  IMEI: 356050090110847,1,Fixed,Airlink,LX40 Compact LTE-M/NB-IOT Router Global,,,,,,,,,,,,,,,,
111,AirLink LX40 Compact LTE Router EMEA,"7G4481085002B101",,"09191",2025-02-03 00:00:00.000,FDRI-F-ROU-0225-004,"20815",,,248.0,,,Excellent,,false,,0,,Wallingford,0,AirLink LX40 Compact LTE Router EMEA PART NO: 1104181  IMEI: 356048090929687,0,Fixed,Airlink,LX40 Compact LTE Router EMEA,,,,,,,,,,,,,,,,
112,AirLink LX40 Compact LTE Router EMEA,"7G4481088401B101",,"09191",2025-02-03 00:00:00.000,FDRI-F-ROU-0225-005,"20815",,,248.0,,,Excellent,,false,,0,,Wallingford,0,AirLink LX40 Compact LTE Router EMEA PART NO: 1104181 SN: IMEI: 356048090929760,0,Fixed,Airlink,LX40 Compact LTE Router EMEA,,,,,,,,,,,,,,,,
113,AirLink DIN Rail Mounting Bracket Kit - LX40,,,"09191",2025-02-03 00:00:00.000,,"20815",,,19.2,,,Excellent,,false,,0,,Wallingford,0,PART NO 6001221,3,Consumable,Airlink,DIN Rail Mounting Bracket Kit - LX40,,,,,,,,,,,,,,,,
114,"Screw Mount Antenna, 2J6983Ba MIMO, 5G/4G/3G/2G, 3.0M LL100 SMA Plug",,,"09191",2025-02-03 00:00:00.000,,"20815",,,20.39,,,Excellent,,false,,0,,Wallingford,0,"Screw Mount Antenna, 2J6983Ba MIMO, 5G/4G/3G/2G, 3.0M LL100 SMA Plug",7,Consumable,Airlink,"Screw Mount Antenna, 2J6983Ba MIMO, 5G/4G/3G/2G, 3.0M LL100 SMA Plug",,,,,,,,,,,,,,,,
115,AirLink DIN Rail Mounting Bracket Kit - LX60,,,"09191",2025-02-03 00:00:00.000,,"20815",,,24.0,,,Excellent,,false,,0,,Wallingford,0,AirLink DIN Rail Mounting Bracket Kit - LX60,4,Consumable,Airlink,DIN Rail Mounting Bracket Kit - LX60,,,,,,,,,,,,,,,,
116,NivuFlow Stick,"2449CSD2664",,"09191",2025-02-03 00:00:00.000,FDRI-M-FLO-0225-001,"20075",,,7788.0,,,Excellent,,false,,0,,Wallingford,0,"NivuFlow Stick NFS03T  Art Number: CSM-V1D0K3001P   NivuFlow Stick, complete mobile measurement system for discharge measurement in watercourses: Transmitter: Type NFS0MU. Power supply: 8x rechargeable batteries type AA (included in delivery) or battery. Measuring rod: 3-piece rod of Aluminium, 1.60m total length; incl. smartphone holder and spirit level for alignment. Wedge sensor: Type CSM-V1D0K3001P. Flow velocity sensor with pressure cell for discharge measurement using cross correlation technology.",1,Fixed,Nivu,Flow Stick,,,,,,,,,,,,,,,,
117,Flow Stick Carry Case,,,"09191",2025-02-03 00:00:00.000,FDRI-M-FLO-0225-002,"20075",,,690.8,,,Excellent,,false,,0,,Wallingford,0,"Carry case with wheels and foam insert for storage and transport of the NivuFlow Stick, 3-section pole; Case without device; Outer dimensions (LxWxH): 989x415x157 mm",1,Fixed,Nivu,,,,,,,,,,,,,,,,,
118,Flow Stick Telescopic Rod,,,"09191",2025-02-03 00:00:00.000,FDRI-M-FLO-0225-003,"20075",,,316.8,,,Excellent,,false,,0,,Wallingford,0,ZUB0GST3900 Telescope rod with snap closure and sensor adapter CSM-D. Rod extendable from 210 cm to 390 cm.,1,Fixed,,,,,,,,,,,,,,,,,,
119,Flow Stick Clamp for Transmitter,,,"09191",2025-02-03 00:00:00.000,FDRI-M-FLO-0225-004,"20075",,,189.2,,,Excellent,,false,,0,,Wallingford,0,NFS0ZMUHAL  Clamp for attaching the NFS transmitter to the rod type ZUB0GST,2,Fixed,Nivus,,,,,,,,,,,,,,,,,
120,Flowstick Smartphone Holder,,,"09191",2025-02-03 00:00:00.000,FDRI-M-FLO-0225-005,"20075",,,140.8,,,Excellent,,false,,0,,Wallingford,0, ZUB0SPHAL  Smartphone holder for attachment to the pole type ZUB0GST,1,Fixed,,,,,,,,,,,,,,,,,,
121,Flow Stick Extension Cable,,,"09191",2025-02-03 00:00:00.000,FDRI-M-FLO-0225-006,"20075",,,193.6,,,Excellent,,false,,0,,Wallingford,0,"Sensor extension cable for usage of telescopic rod: ZUB0KKPVER05  Cable extension with connectors on both sides for passive cross correlation sensors type CSM, CSM-D and CSP for connection to NFM-750 or NFS. Cable length: 5m. The maximum permissible total cable length (sensor cable + cable extension) is 20m.",1,Fixed,Nivus,,,,,,,,,,,,,,,,,
122,Nivu Flow Stick Transmitter, 2451NFS0307,,"09191",2025-02-03 00:00:00.000,FDRI-M-FLO-0225-007,"20075",,,,,,Excellent,,false,,0,,Wallingford,0,Art Number: NFS03T,1,Fixed,Nivu,Flow Stick Transmitter,,,,,,,,,,,,,,,,
134,CS451 PRESSURE SENSOR ST/ST C/W 100 METRE (328 FEET) CABLE 2.9 PSIG,"20012922",,"09191",2025-03-11 00:00:00.000,FDRI-F-DAT-0225-011,"20746",,,1463.7,,,Excellent,,false,,0,,SE-SVTRP-01-WL,0,Price excluding VAT,1,Field site infrastructure,Campbell,CS451-2.9psig,,,,,,,,,,,,,,,,
143,Datalogger,"70679","41842","09191",2025-02-03 00:00:00.000,FDRI-F-DAT-0225-002,"20746",,,1668.55,,,Excellent,,false,,0,,SE-SVTRP-01-WL,0,PN: 41842  Price excluding VAT,1,Field site infrastructure,Campbell Scientific US,CR1000Xe,"1000Xe",OS 8.01,,,,,,,,,,,,,,
145,Polycarbonate clear tube,,,"09191",2025-03-13 00:00:00.000,FDRI-M-TUB-0325-001,"40543",,,208.31,,,Excellent,,false,,0,,Wallingford,0,Polycarbonate clear tube for testing pressure transducers,1,Fixed,,,,,,,,,,,,,,,,,,
147,Pi Cam Module 3,,,"09191",,,,,,,,,,,false,,0,,Wallingford,0,,1,Fixed,,,,,,,,,,,,,,,,,,
148,Pi Camera Module 3,,,"09191",2025-03-10 00:00:00.000,,,,,23.4,,,Excellent,,false,,0,,Wallingford,0,,1,Consumable,,,,,,,,,,,,,,,,,,
149,DJI Matrice 4 Thermal,"1581F7K3C24C400A2K81",,"09191",2025-03-13 00:00:00.000,FDRI-M-DRO-0325-001,"21113",,,5530.55,,,Excellent,,false,,0,,Wallingford,0,£5530.55 - Total cost of Drone including controller,1,Fixed,,DJI Matrice 4 Thermal,,,,,,,,,,,,,,,,
150,DJI Matrice 4 Thermal-Controller,"9N9CN1C0011ZAT",,"09191",2025-03-13 00:00:00.000,FDRI-M-DRO-0325-002,"21113",,,5530.55,,,Excellent,,false,,0,,Wallingford,0,£5530.55 - Total cost of Drone including controller,1,Fixed,,DJI Matrice 4 Thermal-Controller,,,,,,,,,,,,,,,,
151,H30T Standalone,"6WHDM8Q002PP4H",,"09191",2025-03-13 00:00:00.000,FDRI-M-DRO-0325-003,"21113",,,10260.0,,,Excellent,,false,,0,,Wallingford,0,,1,Fixed,,H30T Standalone,,,,,,,,,,,,,,,,
152,DJI Matrice 4 Series Battery,,,"09191",2025-03-13 00:00:00.000,,"21113",,,936.0,,,Excellent,,false,,0,,Wallingford,0,,6,Consumable,,,,,,,,,,,,,,,,,,
158,Datalogger,"70677","41842","09191",2025-02-03 00:00:00.000,FDRI-F-DAT-0225-003,"20746",,,1668.55,,,Excellent,,false,,0,,Wallingford,0,Price excluding VAT,1,Fixed,Campbell Scientific US,CR1000Xe,"1000Xe",,,,,,,,,,,,,,,
159,Datalogger,"70681","41842","09191",2025-02-03 00:00:00.000,FDRI-F-DAT-0225-004,"20746",,,1668.55,,,Excellent,,false,,0,,Wallingford,0,,1,Fixed,Campbell Scientific US,CR1000Xe,"1000Xe",,,,,,,,,,,,,,"1st May 2025- Borrowed by WP2-Lewis",
160,Datalogger,"70682","41842","09191",2025-02-03 00:00:00.000,FDRI-F-DAT-0225-005,"20746",,,1668.55,,,Excellent,,false,,0,,Wallingford,0,,1,Fixed,Campbell Scientific US,CRX1000Xe,"1000Xe",,,,,,,,,,,,,,,
161,Datalogger, 70675,"41842","09191",2025-03-03 00:00:00.000,FDRI-F-DAT-0225-006,"20746",,,1668.55,,,Excellent,,false,,0,,Wallingford,0,,1,Fixed,Campbell Scientific US,CRX1000Xe,"1000Xe",,,,,,,,,,,,,,,
162,Datalogger, 70676,"41842","09191",2025-02-03 00:00:00.000,FDRI-F-DAT-0225-007,"20746",,,1668.55,,,Excellent,,false,,0,,Wallingford,0,,0,Fixed,Campbell Scientific US,CRX1000Xe,"1000Xe",,,,,,,,,,,,,,,
163,Datalogger, 70678,"41842","09191",2025-02-03 00:00:00.000,FDRI-F-DAT-0225-008,"20746",,,1668.55,,,Excellent,,false,,0,,Wallingford,0,,1,Fixed,Campbell Scientific US,CRX1000Xe,"1000Xe",,,,,,,,,,,,,,,
164,Datalogger, 70674,"41842","09191",2025-02-03 00:00:00.000,FDRI-F-DAT-0225-009,"20746",,,1668.55,,,Excellent,,false,,0,,Wallingford,0,,1,Fixed,Campbell Scientific US,CRX1000Xe,"1000Xe",,,,,,,,,,,,,,,
165,CR1000XE Datalogger, 70683,"41842","09191",2025-02-03 00:00:00.000,FDRI-F-DAT-0225-010,"20746",,,1668.55,,,Excellent,,false,Logger,0,,SE-CARWE-01-WS,0,,1,Field site infrastructure,Campbell Scientific US,CRX1000Xe,"1000Xe",OS 8.01,,,,,,,,,,,,,,
166,Surfbee Inflatable boat,,,"09191",2025-03-27 00:00:00.000,FDRI-M-SUR-0325-001,"20386",,,17500.0,,,Excellent,,false,,0,,Wallingford,0,,1,Fixed,,,,,,0,,,,,,,,,,,,
167,Surfbee inflation pump,,,"09191",2025-03-27 00:00:00.000,FDRI-M-SUR-0325-002,"30286",,,,,,Excellent,,false,,0,,Wallingford,0,,1,Fixed,,,,,,0,,,,,,,,,,,,
168,Surfbee controller,SFS-071,,"09191",2025-03-27 00:00:00.000,FDRI-M-SUR-0325-003,"20386",,,,,,Excellent,,false,,0,,Wallingford,0,"MK15 5"" screen 5Ghz controller with neck strap.",1,Fixed,,,,,,0,,,,,,,,,,,,
169,Surfbee 1080p FPV camera,,,"09191",2025-03-27 00:00:00.000,FDRI-M-SUR-0325-004,"20386",,,,,,Excellent,,false,,0,,Wallingford,0,,1,Fixed,,,,,,0,,,,,,,,,,,,
170,Surfbee autopilot,SFS-071,,"09191",2025-03-27 00:00:00.000,FDRI-M-SUR-0325-005,"20386",,,,,,Excellent,,false,,0,,Wallingford,0,,1,Fixed,,,,,,0,,,,,,,,,,,,
171,Surfbee External enclosure pod for batteries and autopilot,,,"09191",2025-03-27 00:00:00.000,FDRI-M-SUR-0325-006,"20386",,,,,,Excellent,,false,,0,,Wallingford,0,,1,Fixed,,,,,,0,,,,,,,,,,,,
172,Surfbee mphard multiport plug,,,"09191",2025-03-27 00:00:00.000,FDRI-M-SUR-0325-007,"20386",,,1500.0,,,Excellent,,false,,0,,Wallingford,0,,1,Fixed,,,,,,0,,,,,,,,,,,,
173,Surfbee Sontek M9 mount,,,"09191",2025-03-27 00:00:00.000,FDRI-M-SUR-0325-008,"20386",,,350.0,,,Excellent,,false,,0,,Wallingford,0,,1,Fixed,,,,,,0,,,,,,,,,,,,
174,Surfbee Adapter Sontek PCM,,,"09191",2025-03-27 00:00:00.000,FDRI-M-SUR-0325-009,"20386",,,320.0,,,Excellent,,false,,0,,Wallingford,0,,1,Fixed,,,,,,0,,,,,,,,,,,,
175,Surfbee Adapter M9 to RS5,,,"09191",2025-03-27 00:00:00.000,FDRI-M-SUR-0325-010,"20386",,,350.0,,,Excellent,,false,,0,,Wallingford,0,,1,Fixed,,,,,,0,,,,,,,,,,,,
176,Surfbee multiport cable RS5,,,"09191",2025-03-27 00:00:00.000,FDRI-M-SUR-0325-011,"20386",,,350.0,,,Excellent,,false,,0,,Wallingford,0,SURFBEE MPCRS5 PC   Multiport Cable- RS5 GPS ADCP (M8 threaded RS5   GPS plug),0,Fixed,,,,,,0,,,,,,,,,,,,
177,Surfbee Splitter Cable for M9/GPS,,,"09191",2025-03-27 00:00:00.000,FDRI-M-SUR-0325-012,"20386",,,900.0,,,Excellent,,false,,0,,Wallingford,0,Splitter Cable for M9/GPS with Surfbee Multiport   plug,1,Fixed,,,,,,0,,,,,,,,,,,,
178,Surfbee RDI riverpro mount,,,"09191",2025-03-27 00:00:00.000,FDRI-M-SUR-0325-013,"20386",,,350.0,,,Excellent,,false,,0,,Wallingford,0,,1,Fixed,,,,,,0,,,,,,,,,,,,
179,Surfbee RSI RiverPro  Multiport Cable,,,"09191",2025-03-27 00:00:00.000,FDRI-M-SUR-0325-014,"20386",,,1500.0,,,Excellent,,false,,0,,Wallingford,0,SURFBEE MPCRIVPRO PC   Multiport Cable - RSI RiverPro PMIL-8-FS-IM   Impulse 8 Conductor Female Low Profile Connector   Pigtail,1,Fixed,,,,,,0,,,,,,,,,,,,
180,Surfbee Flowsled,,,"09191",2025-03-27 00:00:00.000,FDRI-M-SUR-0325-015,"20386",,,2000.0,,,Excellent,,false,,0,,Wallingford,0,,1,Fixed,,,,,,0,,,,,,,,,,,,
181,Surfbee T600 thrusters,,,"09191",2025-03-27 00:00:00.000,FDRI-M-SUR-0325-016,"20386",,,,,,Excellent,,false,,0,,Wallingford,0,,2,Fixed,,,,,,0,,,,,,,,,,,,
182,Surfbee MPCR5LEMO - Multiport cable RS5 GPS ADCP Lemo Connector connector,,,"09191",2025-03-27 00:00:00.000,FDRI-M-SUR-0325-017,"20386",,,380.0,,,Excellent,,false,,0,,Wallingford,0,,1,Fixed,,,,,,0,,,,,,,,,,,,
183,Surfbee RQW1001 Whale assembly for YSI EXO,,,"09191",2025-03-27 00:00:00.000,FDRI-M-SUR-0325-018,"20386",,,1246.55,,,Excellent,,false,,0,,Wallingford,0,,0,Fixed,,,,,,0,,,,,,,,,,,,
184,WindSonic Stand Mount,,,"09191",,,"10023002",2025-03-20 00:00:00.000,,70.04,,,Excellent,,false,,,,Wallingford,0,WINDSONIC STAND MOUNT,5,Fixed,,,,,,0,,,,,,,,,,,,
185,WINDSONIC75 GILL ULTRASONIC ANE 10M,"2510003",,"09191",,,"10023002",,,959.48,,,Excellent,,false,,0,,Wallingford,0,,1,Fixed,,,,,,0,,,,,,,,,,,,
186,WINDSONIC75 GILL ULTRASONIC ANE 10M,"2510004",,"09191",,,"10023002",,,959.48,,,Excellent,,false,,0,,Wallingford,0,,1,Fixed,,,,,,0,,,,,,,,,,,,
187,WINDSONIC75 GILL ULTRASONIC ANE 10M,"251002",,"09191",,,"10023002",,,,,,Excellent,,false,,0,,Wallingford,0,,1,Fixed,,,,,,0,,,,,,,,,,,,
188,WindSonic 75 Ultrasonic Anemometer,"25150001",,"09191",,,"10023002",,,959.48,,,Excellent,,false,Other,0,,SE-CARWE-01-WS,0,Gill Wind Sonic 75 Ultrasonic Anemometer,1,Field site infrastructure,Gill,WindSonic 75,,,,0,,,,"2m",,"20cm",,,,Cleaning of ultrasonic sensor faces,,
189,WINDSONIC75 GILL ULTRASONIC ANE 10M,"25150005",,"09191",,,"10023002",,,959.48,,,Excellent,,false,,0,,Wallingford,0,,1,Fixed,,,,,,0,,,,,,,,,,,,
190,WindSonic Cable,,,"09191",,,,,,,,,,,false,,0,,Wallingford,0,,5,Fixed,,,,,,0,,,,,,,,,,,,
191,Collte with TNC Socket 5m,,,"09191",,,"10022777",,,,,,Excellent,,false,,0,,Wallingford,0,Badland Antenna,2,Fixed,,,,,,0,,,,,,,,,,,,
192,Teros 32,,,"09191",,,"10022998",,,480.0,,,Excellent,,false,,0,,Wallingford,0,,2,Fixed,,,,,,0,,,,,,,,,,,,
193,ENC 16/18 Enclosure,,,"09191",,,"10022999",,,377.4,,,Excellent,,false,,0,,wallingford,0,campbell large enclosure,5,Fixed,,,,,,0,,,,,,,,,,,,
194,LM-ENC-MOUNT-16/18 ENCLOSURE LEG MNT KIT,,,"09191",,,"10022999",,,84.32,,,Excellent,,false,,0,,Wallingford,0,,5,Fixed,,,,,,0,,,,,,,,,,,,
195,"MM-ENC-MOUNT ENC MAST, MOUNTING KIT",,,"09191",,,"10022999",,,59.16,,,Excellent,,false,,0,,Wallingford,0,,5,Fixed,,,,,,0,,,,,,,,,,,,
196,INSERT PUSH FIT for 3.5mm SCREW (100),,,"09191",,,"10022999",,,12.78,,,Excellent,,false,,0,,Wallingford,0,,100,Fixed,,,,,,0,,,,,,,,,,,,
197,"12V VICTRON LITHIUM SUPERPACK LIFEPO4 12.8V100AH BATTERY WITH INTEGRATED BMS AND SAFETYSWITCH (HIGH CURRENT DISCHARGE VERSION)",HQ2415NZ7NF,,"09191",,,"10022299",,,388.4,,,Excellent,,false,Power system,0,,SE-CARWE-01-WS,0,Battery,1,Field site infrastructure,Victron,Lithium Superpack,,,,0,,,,,,"20cm",,,,,,
198,"10A VICTRON SMARTSOLAR MPPT75-10 - 75VOC, PVCHARGE CONTROLLER - 12V, 24V BATTERY",,,"09191",,,"10022299",,,37.2,,,Excellent,,false,,0,,Wallingford,0,,5,Fixed,,,,,,0,,,,,,,,,,,,
199,VICTRON SOLAR PANEL 215W-24V MONO1580X705X35MM SERIES 4B,,,"09191",,,"10022299",,,96.0,,,Excellent,,false,,0,,Wallingford,0,,5,Fixed,,,,,,0,,,,,,,,,,,,
200,ADJUSTABLE ROOF MOUNT FOR BOATS OR FLAT ROOFSPACES,,,"09191",,,"10022299",,,23.56,,,Excellent,,false,,0,,Wallingford,0,,5,Fixed,,,,,,0,,,,,,,,,,,,
201,PREMADE MC4 6MM SOLAR CABLE 10 METER - (CUT INHALF TO MAKE TWO MC4 TO BARE WIRE CABLES WHENUSED IN OUR BUNDLES) 10M LENGTH,,,"09191",,,,,,20.31,,,Excellent,,false,,0,,Wallingford,0,,5,Fixed,,,,,,0,,,,,,,,,,,,
202,RSPro Battery Box,,,,,,,,,,,,,,false,,0,,Wallingford,0,,1,Fixed,,,,,,0,,,,,,,,,,,,
203,Surfbee dewalt batteries and charger,,,,,,,,,,,,,,false,,0,,Wallingford,0,"2x batteries, 2x charger",1,Fixed,,,,,,0,,,,,,,,,,,,
204,D-Sub to Female Terminal Block Adapter,RS Stock No.283-5887,,"09191",2025-04-30 00:00:00.000,,,,,20.87,,,Excellent,,false,,0,,Wallingford,0,RS Stock No.283-5887,1,Fixed,,,,,,0,,,,,,,,,,,,
205,Bosch Tyre Inflator,RS Stock No.220-1712,,"09191",2025-05-07 00:00:00.000,,,,,75.65,,,Excellent,,false,,0,,Wallingford,0,RS Stock No.220-1712,0,Fixed,,,,,,0,,,,,,,,,,,,
206,"Transcend 16 GB Industrial SDHC SD Card, Class 10",RS Stock No.124-9654,,"09191",2025-05-07 00:00:00.000,,,,,21.95,,,Excellent,,false,,0,,Wallingford,0,RS Stock No.124-9654,10,Fixed,,,,,,0,,,,,,,,,,,,
207,"RS PRO Triple Action Wire Stripper, 4.5mm Min, 29mm Max",RS Stock No.262-0151,,"09191",2025-04-18 00:00:00.000,,,,,29.89,,,Excellent,,false,,0,,Wallingford,0,RS Stock No.262-0151,2,Fixed,,,,,,0,,,,,,,,,,,,
208,"RS PRO Black Nylon Cable Gland, M20 Thread, 10mm min., 14mm max., IP68",RS Stock No.669-4673,,"09191",2025-04-18 00:00:00.000,,,,,4.05,,,Excellent,,false,,0,,Wallingford,0,RS Stock No.669-4673,1,Fixed,,,,,,0,,,,,,,,,,,,
209,"RS PRO Black Nylon Cable Gland, M20 Thread, 4mm min., 9mm max., IP68",RS Stock No.669-4660,,"09191",2025-04-18 00:00:00.000,,,,,5.41,,,Excellent,,false,,0,,Wallingford,0,RS Stock No.669-4660,2,Fixed,,,,,,0,,,,,,,,,,,,
210,"Amprobe LAN-1 Cable Tester BNC, RJ45",RS Stock No.668-0841,,"09191",2025-04-18 00:00:00.000,,,,,120.0,,,Excellent,,false,,0,,Wallingford,0,RS Stock No.668-0841,1,Fixed,,,,,,0,,,,,,,,,,,,
211,"RS PRO Disposable Respirator for General Purpose Protection, FFP3, Valved, Moulded 10 per Package",RS Stock No.246-1002,,"09191",2025-04-18 00:00:00.000,,,,,35.86,,,Excellent,,false,,0,,Wallingford,0,RS Stock No.246-1002,1,Fixed,,,,,,0,,,,,,,,,,,,
212,"Ideal Hand Crimp Tool for RJ11 Connectors, RJ45 Connectors",RS Stock No.294-6914,,"09191",2025-04-18 00:00:00.000,,,,,35.83,,,Excellent,,false,,0,,Wallingford,0,RS Stock No.294-6914,1,Fixed,,,,,,0,,,,,,,,,,,,
213,Gill Research HS Anemometer,"142002",,"09191",2025-04-24 00:00:00.000,,,,,,,,Fair,,false,,0,,Wallingford,0,,1,Fixed,,,,,,0,,,,,,,,,,,,
214,Gill Research HS Anemometer,"95",,"09191",2025-04-24 00:00:00.000,,,,,,,,Fair,,false,,0,,Wallingford,0,,1,Fixed,,,,,,0,,,,,,,,,,,,
215,Onset Rain Gauge,"10210070",,"09191",2025-04-24 00:00:00.000,,,,,,,,Fair,,false,,0,,Wallingford,0,,1,Fixed,,,,,,0,,,,,,,,,,,,
216,Onset Rain Gauge,"10210064",,"09191",2025-04-24 00:00:00.000,,,,,,,,Fair,,false,,0,,Wallingford,0,,1,Fixed,,,,,,0,,,,,,,,,,,,
217,Onset Rain Gauge,"10210062",,"09191",2025-04-24 00:00:00.000,,,,,,,,Fair,,false,,0,,Wallingford,0,,1,Fixed,,,,,,0,,,,,,,,,,,,
218,Onset Rain Gauge,"10210069",,"09191",2025-04-24 00:00:00.000,,,,,,,,Fair,,false,,0,,Wallingford,0,,1,Fixed,,,,,,0,,,,,,,,,,,,
219,Onset Rain Gauge,"10210060",,"09191",2025-04-24 00:00:00.000,,,,,,,,Fair,,false,,0,,Wallingford,0,,1,Fixed,,,,,,0,,,,,,,,,,,,
220,AT Delta-T Devices Barometer type BS5,A23868-19555,,"09191",2025-04-24 00:00:00.000,,,,,,,,Good,,false,,0,,Wallingford,0,,1,Fixed,,,,,,0,,,,,,,,,,,,
221,AT Delta-T Devices Barometer type BS5,"20012663",,"09191",2025-04-24 00:00:00.000,,,,,,,,Good,,false,,0,,Wallingford,0,,1,Fixed,,,,,,0,,,,,,,,,,,,
222,CPEC310,"1204",,"08327",2022-07-18 00:00:00.000,,"09501",2022-07-18 00:00:00.000,,40000.0,,,Good,,false,,0,,Wallingford,0,,1,Fixed,Campbell Scientific closed-path eddy covariance,CPEC310,,,,0,- None,,,,,,,,,-,none,
223,DPS8100 Barometric Pressure Sensor,"13236707",DPS 810G-TB-A2-CC-H0-P12,"09191",2025-05-16 00:00:00.000,,"20924-1",2025-02-04 00:00:00.000,,1763.75,,,Excellent,,false,Other,0,,SE-CARWE-01-WS,0,,1,Field site infrastructure,Campbell Scientific US,DPS8100,,,,0,,,,,,,,,,,,
226,NR01 radiometer (test),"12345",,,2025-05-12 00:00:00.000,,,,,,,,Requires Calibration,,false,Radiometer,0,,Wallingford,0,Test,1,Fixed,Hukseflux,NR01,,"3.2.1",,0,"3-yearly recalibration",,2023-05-15 00:00:00.000,,,,,CNR01,net radiation incoming outgoing long-wave short-wave,Test,,Some variables require correction using calibration coefficients. See calibration certificate for details.
230,VegaPULS C 21 Radar Sensor,"73619835",,"09191",2025-04-08 00:00:00.000,FDRI-F-RAD-0425-001,PO-21433,2025-03-19 00:00:00.000,,1182.0,,,Excellent,,false,,0,,SE-SVTRP-01-WL,0,Price including VAT,1,Field site infrastructure,Vega,VegaPULS C 21,,,,0,,,,,,,,,,,,
232,VegaPULS C 21 Radar Sensor,"73619836",,"09191",2025-04-08 00:00:00.000,FDRI-F-0425-RAD-002,PO-21433,2025-03-19 00:00:00.000,,1182.0,,,Excellent,,false,,0,,Wallingford,0,Price including VAT,1,Fixed,Vega,VegaPULS C 21,,,,0,,,,,,,,,,,,
592,AM16/32B 16/32 CHANNEL RELAY MULTIPLEXER C/W PLUGGABLE CONNECTORS,"43554",,"09191",2025-05-19 00:00:00.000,,"20924-4",2025-02-04 00:00:00.000,,659.6,,,Excellent,,false,,,,Wallingford,,Item-010620,1,Fixed,USA,,,,,,,Campbell Scientific,,,,,,,,,,
593,AM16/32B 16/32 CHANNEL RELAY MULTIPLEXER C/W PLUGGABLE CONNECTORS,"43550",RJ1614HPL,"09191",2025-05-19 00:00:00.000,,"20924-2",2025-02-04 00:00:00.000,,659.6,,,Excellent,,false,,,,Wallingford,,Item-010620 ,1,Fixed,USA,,,,,,,STAHLIN_Robroy Enclosures,2024-12-09 00:00:00.000,,,,,,,,,
594,AM16/32B 16/32 CHANNEL RELAY MULTIPLEXER C/W PLUGGABLE CONNECTORS,"43553",RJ1614HPL,"09191",2025-05-19 00:00:00.000,,"20924-3",2025-02-04 00:00:00.000,,659.6,,,Excellent,,false,,,,Wallingford,,Item-010620,1,Fixed,USA,,,,,,,STAHLIN_Robroy Enclosures,2024-12-09 00:00:00.000,,,,,,,,,
595,AM-400 DOWNWARD MOUNTING ACCESSORY ,,,"09191",2025-05-19 00:00:00.000,,"20924-2",2025-02-04 00:00:00.000,,34.85,,,Excellent,,false,,,,Wallingford,,Item-009823,1,Consumable,USA,,,,,,,Campbell Scientific,2025-03-03 00:00:00.000,,,,,,,,,
596,AM-400 DOWNWARD MOUNTING ACCESSORY ,,,"09191",2025-05-19 00:00:00.000,,"20924-4",2025-02-04 00:00:00.000,,34.85,,,Excellent,,false,,,,Wallingford,,Item-009823,1,Consumable,USA,,,,,,,Campbell Scientific,2025-03-03 00:00:00.000,,,,,,,,,
597,AM-400 DOWNWARD MOUNTING ACCESSORY ,,,"09191",2025-05-19 00:00:00.000,,"20924-3",2025-02-04 00:00:00.000,,34.85,,,Excellent,,false,,,,Wallingford,,Item-009823,1,Consumable,USA,,,,,,,Campbell Scientific,2025-03-03 00:00:00.000,,,,,,,,,
598,ANTENNA 3 dBi MIMO WALL/POLE MOUNT C/W 3M CABLE & SMA CONNECTOR,,"11030","09191",2025-05-19 00:00:00.000,,"20924-2",2025-02-04 00:00:00.000,,47.6,,,Excellent,,false,,,,Wallingford,,,1,Fixed,campbell scientific,,,,,,,uk,,,,,,,,,,
599,ANTENNA 3 dBi MIMO WALL/POLE MOUNT C/W 3M CABLE & SMA CONNECTOR,,"11030","09191",2025-05-19 00:00:00.000,,"20924-4",2025-02-04 00:00:00.000,,47.6,,,Excellent,,false,,,,Wallingford,,,1,Fixed,campbell scientific,,,,,,,uk,,,,,,,,,,
600,ANTENNA 3 dBi MIMO WALL/POLE MOUNT C/W 3M CABLE & SMA CONNECTOR,,"11030","09191",2025-05-19 00:00:00.000,,"20924-3",2025-02-04 00:00:00.000,,47.6,,,Excellent,,false,,,,Wallingford,,,1,Fixed,campbell scientific,,,,,,,uk,,,,,,,,,,
601,CABLE4CBL-L 4 CONDUCTOR 22 AWG & DRAIN CABLE C/W 3 METRE CABLE,,,"09191",2025-04-22 00:00:00.000,,"20924-1",2025-02-04 00:00:00.000,,56.95,,,Excellent,,false,,,,Wallingford,,Item-010803-003,1,Consumable,UK,,,,,,,Campbell Scientific,,,,,,,,,,
602,CABLE4CBL-L 4 CONDUCTOR 22 AWG & DRAIN CABLE C/W 3 METRE CABLE,,,"09191",2025-05-19 00:00:00.000,,"20924-2",2025-02-04 00:00:00.000,,56.95,,,Excellent,,false,,,,Wallingford,,Item-010803-003,1,Consumable,UK,,,,,,,Campbell Scientific,,,,,,,,,,
603,CABLE4CBL-L 4 CONDUCTOR 22 AWG & DRAIN CABLE C/W 3 METRE CABLE,,,"09191",2025-05-19 00:00:00.000,,"20924-4",2025-02-04 00:00:00.000,,56.95,,,Excellent,,false,,,,Wallingford,,Item-010803-003,1,Consumable,UK,,,,,,,Campbell Scientific,,,,,,,,,,
604,CABLE4CBL-L 4 CONDUCTOR 22 AWG & DRAIN CABLE C/W 3 METRE CABLE,,,"09191",2025-05-19 00:00:00.000,,"20924-3",2025-02-04 00:00:00.000,,56.95,,,Excellent,,false,,,,Wallingford,,Item-010803-003,1,Consumable,UK,,,,,,,Campbell Scientific,,,,,,,,,,
605,CABLEPCBL-L 2 CONDUCTOR 16 AWG POWER CABLE C/W 3 METRE CABLE,,,"09191",2025-04-22 00:00:00.000,,"20924-1",2025-02-04 00:00:00.000,,52.7,,,Excellent,,false,,,,Wallingford,,Item-010800-003,1,Consumable,UK,,,,,,,Campbell Scientific,,,,,,,,,,
606,CABLEPCBL-L 2 CONDUCTOR 16 AWG POWER CABLE C/W 3 METRE CABLE,,,"09191",2025-05-19 00:00:00.000,,"20924-2",2025-02-04 00:00:00.000,,52.7,,,Excellent,,false,,,,Wallingford,,Item-010800-003,1,Consumable,UK,,,,,,,Campbell Scientific,,,,,,,,,,
607,CABLEPCBL-L 2 CONDUCTOR 16 AWG POWER CABLE C/W 3 METRE CABLE,,,"09191",2025-05-19 00:00:00.000,,"20924-4",2025-02-04 00:00:00.000,,52.7,,,Excellent,,false,,,,Wallingford,,Item-010800-003,1,Consumable,UK,,,,,,,Campbell Scientific,,,,,,,,,,
608,CABLEPCBL-L 2 CONDUCTOR 16 AWG POWER CABLE C/W 3 METRE CABLE,,,"09191",2025-05-19 00:00:00.000,,"20924-3",2025-02-04 00:00:00.000,,52.7,,,Excellent,,false,,,,Wallingford,,Item-010800-003,1,Consumable,UK,,,,,,,Campbell Scientific,,,,,,,,,,
609,CM202E 60cm SENSOR CROSS ARM & CM210E BRACKET KIT,,,"09191",2025-04-22 00:00:00.000,,"20924-1",2025-02-04 00:00:00.000,,88.83,,,Excellent,,false,,,,Wallingford,,Item-010717,1,Consumable,UK,CM202E & CM210E,,,,,,Campbell Scienfitic,,,,,,,,,,
610,CM202E 60cm SENSOR CROSS ARM & CM210E BRACKET KIT,,,"09191",2025-05-19 00:00:00.000,,"20924-2",2025-02-04 00:00:00.000,,88.83,,,Excellent,,false,,,,Wallingford,,Item-010717,1,Consumable,UK,CM202E & CM210E,,,,,,Campbell Scienfitic,,,,,,,,,,
611,CM202E 60cm SENSOR CROSS ARM & CM210E BRACKET KIT,,,"09191",2025-05-19 00:00:00.000,,"20924-4",2025-02-04 00:00:00.000,,88.83,,,Excellent,,false,,,,Wallingford,,Item-010717,1,Consumable,UK,CM202E & CM210E,,,,,,Campbell Scienfitic,,,,,,,,,,
612,CM202E 60cm SENSOR CROSS ARM & CM210E BRACKET KIT,,,"09191",2025-05-19 00:00:00.000,,"20924-3",2025-02-04 00:00:00.000,,88.83,,,Excellent,,false,,,,Wallingford,,Item-010717,1,Consumable,UK,CM202E & CM210E,,,,,,Campbell Scienfitic,,,,,,,,,,
613,CM206E 180cm SENSOR cross ar &CM210E Bracket Kit,,,"09191",2025-05-19 00:00:00.000,,"20924-2",2025-02-04 00:00:00.000,,103.7,,,Excellent,,false,,,,Wallingford,,Item-010719,1,Consumable,UK,CM206E & CM210E,,,,,,,,,,,,,,,,
614,CM206E 180cm SENSOR cross ar &CM210E Bracket Kit,,,"09191",2025-05-19 00:00:00.000,,"20924-3",2025-02-04 00:00:00.000,,103.7,,,Excellent,,false,,,,Wallingford,,Item-010719,1,Consumable,UK,CM206E & CM210E,,,,,,,,,,,,,,,,
615,CM206E 180cm SENSOR cross ar &CM210E Bracket Kit,,,"09191",2025-05-19 00:00:00.000,,"20924-4",2025-02-04 00:00:00.000,,103.7,,,Excellent,,false,,,,Wallingford,,Item-010719,1,Consumable,UK,CM206E & CM210E,,,,,,,,,,,,,,,,
616,CPEC200/300 CAL Gas tubing Assy C/W 10M,,,"09191",2025-05-19 00:00:00.000,,"20924-2",2025-02-04 00:00:00.000,,101.15,,,Excellent,,false,,,,Wallingford,,Item no- 010858,1,Consumable,USA,,,,,,,,2025-03-31 00:00:00.000,,,,,,,,,
617,CPEC200/300 CAL Gas tubing Assy C/W 10M,,,"09191",2025-05-19 00:00:00.000,,"20924-3",2025-02-04 00:00:00.000,,101.15,,,Excellent,,false,,,,Wallingford,,Item no- 010858,1,Consumable,USA,,,,,,,,2025-03-31 00:00:00.000,,,,,,,,,
618,CPEC200/300 CAL Gas tubing Assy C/W 10M,,,"09191",2025-05-19 00:00:00.000,,"20924-4",2025-02-04 00:00:00.000,,101.15,,,Excellent,,false,,,,Wallingford,,Item no- 010858,1,Consumable,USA,,,,,,,,2025-03-31 00:00:00.000,,,,,,,,,
619,CPEC200/300 CAL Gas tubing Assy C/W 3M,,,"09191",2025-05-19 00:00:00.000,,"20924-2",2025-02-04 00:00:00.000,,51.85,,,Excellent,,false,,,,Wallingford,,Item no- 010858-003,1,Consumable,USA,,,,,,,,2025-03-31 00:00:00.000,,,,,,,,,
620,CPEC200/300 CAL Gas tubing Assy C/W 3M,,,"09191",2025-05-19 00:00:00.000,,"20924-3",2025-02-04 00:00:00.000,,51.85,,,Excellent,,false,,,,Wallingford,,Item no- 010858-003,1,Consumable,USA,,,,,,,,2025-03-31 00:00:00.000,,,,,,,,,
621,CPEC200/300 CAL Gas tubing Assy C/W 3M,,,"09191",2025-05-19 00:00:00.000,,"20924-4",2025-02-04 00:00:00.000,,51.85,,,Excellent,,false,,,,Wallingford,,Item no- 010858-003,1,Consumable,USA,,,,,,,,2025-03-31 00:00:00.000,,,,,,,,,
622,CPEC200/300 Pump tubing Assy 0.375 OD C/W 5M,,,"09191",2025-04-22 00:00:00.000,,"20924-1",2025-02-04 00:00:00.000,,88.4,,,Excellent,,false,,,,Wallingford,,Item no- 010856-005,1,Consumable,USA,,,,,,,,2025-03-31 00:00:00.000,,,,,,,,,
623,CPEC200/300 Pump tubing Assy 0.375 OD C/W 5M,,,"09191",2025-05-19 00:00:00.000,,"20924-2",2025-02-04 00:00:00.000,,88.4,,,Excellent,,false,,,,Wallingford,,Item no- 010856-005,1,Consumable,USA,,,,,,,,2025-03-31 00:00:00.000,,,,,,,,,
624,CPEC200/300 Pump tubing Assy 0.375 OD C/W 5M,,,"09191",2025-05-19 00:00:00.000,,"20924-3",2025-02-04 00:00:00.000,,88.4,,,Excellent,,false,,,,Wallingford,,Item no- 010856-005,1,Consumable,USA,,,,,,,,2025-03-31 00:00:00.000,,,,,,,,,
625,CPEC200/300 Pump tubing Assy 0.375 OD C/W 5M,,,"09191",2025-05-19 00:00:00.000,,"20924-4",2025-02-04 00:00:00.000,,88.4,,,Excellent,,false,,,,Wallingford,,Item no- 010856-005,1,Consumable,USA,,,,,,,,2025-03-31 00:00:00.000,,,,,,,,,
626,CPEC200/310 ZERO SCRUB MODULE,"1208",RJ1412HPL,"09191",2025-05-19 00:00:00.000,,"20924-2",2025-02-04 00:00:00.000,,2193.43,,,Excellent,,false,,,,Wallingford,,"Item-010797, Type 1,3R,4X,6P,12, IP66",1,Fixed,USA,CPEC200/310,,,,,,STAHLIN_Robroy Enclosures,2024-12-18 00:00:00.000,,,,,,,,,
627,CPEC200/310 ZERO SCRUB MODULE,"1209",RJ1412HPL,"09191",2025-05-19 00:00:00.000,,"20924-3",2025-02-04 00:00:00.000,,2193.43,,,Excellent,,false,,,,Wallingford,,"Item-010797, Type 1,3R,4X,6P,12, IP66",1,Fixed,USA,CPEC200/310,,,,,,STAHLIN_Robroy Enclosures,2024-12-18 00:00:00.000,,,,,,,,,
628,CPEC200/310 ZERO SCRUB MODULE,"1214",RJ1412HPL,"09191",2025-05-19 00:00:00.000,,"20924-4",2025-02-04 00:00:00.000,,2193.43,,,Excellent,,false,,,,Wallingford,,"Item-010797, Type 1,3R,4X,6P,12, IP66",1,Fixed,USA,CPEC200/310,,,,,,STAHLIN_Robroy Enclosures,2025-01-15 00:00:00.000,,,,,,,,,
629,CPEC310 CLOSE PATH EDDY COVARIANCE SYSTEM ,"1358",,"09191",2025-05-19 00:00:00.000,,"20924-2",2025-02-04 00:00:00.000,,28826.05,,,Excellent,,false,,,,Wallingford,,CPEC310-6NA-NAM-NK-SS2-NC-NG-NM  Including CR6 UN 3091 lithium metal batteries contained in equipment P1903 CR6 SN: 25623 CPEC310 three valve module SN: 1464 Category 6 patch cord PN:28899 made in vietnam USB A - micro B cable PN: 4868 PN:30179- Cable Pn:,1,Fixed,campbell scientific,CPEC310-6NA-NAM-NK-SS2-NC-NG-NM ,,,,,,USA,,,,,,,,,,
630,CPEC310 Three valve module,"1474",,"09191",2025-05-19 00:00:00.000,,"20924-3",2025-02-04 00:00:00.000,,,,,Excellent,,false,,,,Wallingford,,Part of Eddy covariance sys,1,Fixed,USA,Campbell Scientific,,,,,,,,,,,,,,,,
631,CPEC310 Three valve module,"1466",,"09191",2025-05-19 00:00:00.000,,"20924-4",2025-02-04 00:00:00.000,,,,,Excellent,,false,,,,Wallingford,,Part of Eddy covariance sys,1,Fixed,USA,Campbell Scientific,,,,,,,,,,,,,,,,
632,CPEC310 three-valve module,"1464",,"09191",2025-05-19 00:00:00.000,,"20924-2",2025-02-04 00:00:00.000,,,,,Excellent,,false,,,,Wallingford,,price included in CPEC310 CLOSE PATH EDDY COVARIANCE SYSTEM ,1,Fixed,campbell scientific,,,,,,,usa,,,,,,,,,,
633,CPEC310 CLOSE PATH EDDY COVARIANCE SYSTEM,"1359",,"09191",2025-05-19 00:00:00.000,,"20924-3",2025-02-04 00:00:00.000,,28826.05,,,Excellent,,false,,,,Wallingford,,Item-011057 P/N:4868 (USB Type A to Micro Type B) Part: 28899-1 Qty Pn:32203 (Vortex Filter replacement kit) PN:30179- Cable ,1,Fixed,USA,Campbell Scientific,,,,,,,,,,,,,,,,
634,CPEC310 CLOSE PATH EDDY COVARIANCE SYSTEM,"1357",,"09191",2025-05-19 00:00:00.000,,"20924-4",2025-02-04 00:00:00.000,,28826.05,,,Excellent,,false,,,,Wallingford,,Item-011057 P/N:4868 (USB Type A to Micro Type B) Part: 28899-1 Qty Pn:32203 (Vortex Filter replacement kit) PN:30179- Cable ,1,Fixed,USA,Campbell Scientific,,,,,,,,,,,,,,,,
635,CR1000 KEYBOARD AND DISPLAY UNIT,"14748",,"09191",2025-05-19 00:00:00.000,,"20924-2",2025-02-04 00:00:00.000,,270.3,,,Excellent,,false,,,,Wallingford,,,1,Fixed,campbell scientific,CR1000KD,,,,,,USA,,,,,,,,,,
636,CR1000 KEYBOARD AND DISPLAY UNIT,"14764",,"09191",2025-05-19 00:00:00.000,,"20924-4",2025-02-04 00:00:00.000,,270.3,,,Excellent,,false,,,,Wallingford,,,1,Fixed,campbell scientific,CR1000KD,,,,,,USA,,,,,,,,,,
637,CR1000 KEYBOARD AND DISPLAY UNIT,"14749",,"09191",2025-05-19 00:00:00.000,,"20924-3",2025-02-04 00:00:00.000,,270.3,,,Excellent,,false,,,,Wallingford,,,1,Fixed,campbell scientific,CR1000KD,,,,,,USA,,,,,,,,,,
638,CR1000X / CR6 16 GB MicroSD Flash aMLC Memory Card,,,"09191",2025-04-22 00:00:00.000,,"20924-1",2025-02-04 00:00:00.000,,75.65,,,Excellent,,false,,,,Wallingford,,Item-009641,2,Consumable,Taiwan,,,,,,,,,,,,,,,,,
639,CR1000X / CR6 16 GB MicroSD Flash aMLC Memory Card,,,"09191",2025-05-19 00:00:00.000,,"20924-4",2025-02-04 00:00:00.000,,75.65,,,Excellent,,false,,,,Wallingford,,Item-009641,2,Consumable,Taiwan,,,,,,,,,,,,,,,,,
640,CR1000X / CR6 16 GB MicroSD Flash aMLC Memory Card,,,"09191",2025-05-19 00:00:00.000,,"20924-2",2025-02-04 00:00:00.000,,75.65,,,Excellent,,false,,,,Wallingford,,Item-009641,2,Consumable,Taiwan,,,,,,,,,,,,,,,,,
641,CR1000X / CR6 16 GB MicroSD Flash aMLC Memory Card,,,"09191",2025-05-19 00:00:00.000,,"20924-3",2025-02-04 00:00:00.000,,75.65,,,Excellent,,false,,,,Wallingford,,Item-009641,2,Consumable,Taiwan,,,,,,,,,,,,,,,,,
642,CR1000Xe,"71178",,"09191",2025-04-22 00:00:00.000,,"20924-1",2025-02-04 00:00:00.000,,1668.55,,,Excellent,,false,,,,Wallingford,,Item-011610,1,Fixed,USA,,,,,,,Campbell Scienfic,,,,,,,,,,
643,CR1000Xe,"71329","41842","09191",2025-05-19 00:00:00.000,,"20924-4",2025-02-04 00:00:00.000,,1668.55,,,Excellent,,false,,,,Wallingford,,Item-011610,1,Fixed,USA,,,,,,,Campbell Scienfic,,,,,,,,,,
644,CR1000Xe,"71327","41842","09191",2025-05-19 00:00:00.000,,"20924-2",2025-02-04 00:00:00.000,,1668.55,,,Excellent,,false,,,,Wallingford,,Item-011610 UID-NR6X-KEFT-A2DS,1,Fixed,USA,,,,,,,Campbell Scienfic,,,,,,,,,,
645,CR1000Xe,"71328","41842","09191",2025-05-19 00:00:00.000,,"20924-3",2025-02-04 00:00:00.000,,1668.55,,,Excellent,,false,,,,Wallingford,,Item-011610 UID-NR6X-KEFT-A2DS,1,Fixed,USA,,,,,,,Campbell Scienfic,,,,,,,,,,
646,CR6 Datalogger,,,"09191",2025-04-22 00:00:00.000,,"20924-1",2025-02-04 00:00:00.000,,,,,Excellent,,false,,,,Wallingford,,price included in CPEC310 CLOSE PATH EDDY COVARIANCE SYSTEM ,1,Fixed,USA,CR6,,,,,,Campbell Scienfic,,,,,,,,,,
647,CR6 Datalogger,"25624",,"09191",2025-05-19 00:00:00.000,,"20924-3",2025-02-04 00:00:00.000,,,,,Excellent,,false,,,,Wallingford,,price included in CPEC310 CLOSE PATH EDDY COVARIANCE SYSTEM ,1,Fixed,USA,CR6,,,,,,Campbell Scienfic,,,,,,,,,,
648,CR6 Datalogger,"25620",,"09191",2025-05-19 00:00:00.000,,"20924-4",2025-02-04 00:00:00.000,,,,,Excellent,,false,,,,Wallingford,,price included in CPEC310 CLOSE PATH EDDY COVARIANCE SYSTEM ,1,Fixed,USA,CR6,,,,,,Campbell Scienfic,,,,,,,,,,
649,CR6 Datalogger,"25623",,"09191",2025-05-19 00:00:00.000,,"20924-2",2025-02-04 00:00:00.000,,,,,Excellent,,false,,,,Wallingford,,price included in CPEC310 CLOSE PATH EDDY COVARIANCE SYSTEM ,1,Fixed,USA,CR6,,,,,,Campbell Scienfic,,,,,,,,,,
650,CS310 (SQ-500-SS) QUANTUM SENSOR C/W 5 METRE CABLE,"5475",,"09191",2025-04-22 00:00:00.000,,"20924-1",2025-02-04 00:00:00.000,,365.5,,,Excellent,,false,,,,Wallingford,,Item-009560-005,1,Fixed,USA,,,,,,,Apogee Instruments,2025-03-03 00:00:00.000,,,,,,,,,
651,CS310 (SQ-500-SS) QUANTUM SENSOR C/W 5 METRE CABLE,"5689",,"09191",2025-05-19 00:00:00.000,,"20924-2",2025-02-04 00:00:00.000,,365.5,,,Excellent,,false,,,,Wallingford,,Item-009560-005,1,Fixed,USA,,,,,,,Apogee Instruments,2025-03-03 00:00:00.000,,,,,,,,,
652,CS310 (SQ-500-SS) QUANTUM SENSOR C/W 5 METRE CABLE,"5691",,"09191",2025-05-19 00:00:00.000,,"20924-4",2025-02-04 00:00:00.000,,365.5,,,Excellent,,false,,,,Wallingford,,Item-009560-005,1,Fixed,USA,,,,,,,Apogee Instruments,2025-03-03 00:00:00.000,,,,,,,,,
653,CS310 (SQ-500-SS) QUANTUM SENSOR C/W 5 METRE CABLE,"5690",,"09191",2025-05-19 00:00:00.000,,"20924-3",2025-02-04 00:00:00.000,,365.5,,,Excellent,,false,,,,Wallingford,,Item-009560-005,1,Fixed,USA,,,,,,,Apogee Instruments,2025-03-03 00:00:00.000,,,,,,,,,
654,CS655-DS 12CM WATER CONTENT REFLECTOMETER PLUS C/W 10 METRE CABLE,"68184",CS655-33-DS-PT,"09191",2025-05-19 00:00:00.000,,"20924-2",2025-02-04 00:00:00.000,,228.65,,,Excellent,,false,,,,Wallingford,,Item-009750-010,1,Fixed,USA,CS655-33-DS-PT,,,,,,,,,,,,,,,,
655,CS655-DS 12CM WATER CONTENT REFLECTOMETER PLUS C/W 10 METRE CABLE,"68173",CS655-33-DS-PT,"09191",2025-05-19 00:00:00.000,,"20924-2",2025-02-04 00:00:00.000,,228.65,,,Excellent,,false,,,,Wallingford,,Item-009750-010,1,Fixed,USA,CS655-33-DS-PT,,,,,,,,,,,,,,,,
656,CS655-DS 12CM WATER CONTENT REFLECTOMETER PLUS C/W 10 METRE CABLE,"68174",CS655-33-DS-PT,"09191",2025-05-19 00:00:00.000,,"20924-2",2025-02-04 00:00:00.000,,228.65,,,Excellent,,false,,,,Wallingford,,Item-009750-010,1,Fixed,USA,CS655-33-DS-PT,,,,,,,,,,,,,,,,
657,CS655-DS 12CM WATER CONTENT REFLECTOMETER PLUS C/W 10 METRE CABLE,"68178",CS655-33-DS-PT,"09191",2025-05-19 00:00:00.000,,"20924-2",2025-02-04 00:00:00.000,,228.65,,,Excellent,,false,,,,Wallingford,,Item-009750-010,1,Fixed,USA,CS655-33-DS-PT,,,,,,,,,,,,,,,,
658,CS655-DS 12CM WATER CONTENT REFLECTOMETER PLUS C/W 10 METRE CABLE,"68180",CS655-33-DS-PT,"09191",2025-05-19 00:00:00.000,,"20924-2",2025-02-04 00:00:00.000,,228.65,,,Excellent,,false,,,,Wallingford,,Item-009750-010,1,Fixed,USA,CS655-33-DS-PT,,,,,,,,,,,,,,,,
659,CS655-DS 12CM WATER CONTENT REFLECTOMETER PLUS C/W 10 METRE CABLE,"68181",CS655-33-DS-PT,"09191",2025-05-19 00:00:00.000,,"20924-2",2025-02-04 00:00:00.000,,228.65,,,Excellent,,false,,,,Wallingford,,Item-009750-010,1,Fixed,USA,CS655-33-DS-PT,,,,,,,,,,,,,,,,
660,CS655-DS 12CM WATER CONTENT REFLECTOMETER PLUS C/W 10 METRE CABLE,"68183",CS655-33-DS-PT,"09191",2025-05-19 00:00:00.000,,"20924-2",2025-02-04 00:00:00.000,,228.65,,,Excellent,,false,,,,Wallingford,,Item-009750-010,1,Fixed,USA,CS655-33-DS-PT,,,,,,,,,,,,,,,,
661,CS655-DS 12CM WATER CONTENT REFLECTOMETER PLUS C/W 10 METRE CABLE,"68185",CS655-33-DS-PT,"09191",2025-05-19 00:00:00.000,,"20924-2",2025-02-04 00:00:00.000,,228.65,,,Excellent,,false,,,,Wallingford,,Item-009750-010,1,Fixed,USA,CS655-33-DS-PT,,,,,,,,,,,,,,,,
662,CS655-DS 12CM WATER CONTENT REFLECTOMETER PLUS C/W 10 METRE CABLE,"68515",CS655-33-DS-PT,"09191",2025-05-19 00:00:00.000,,"20924-2",2025-02-04 00:00:00.000,,228.65,,,Excellent,,false,,,,Wallingford,,Item-009750-010,1,Fixed,USA,CS655-33-DS-PT,,,,,,,,,,,,,,,,
663,CS655-DS 12CM WATER CONTENT REFLECTOMETER PLUS C/W 10 METRE CABLE,"68516",CS655-33-DS-PT,"09191",2025-05-19 00:00:00.000,,"20924-2",2025-02-04 00:00:00.000,,228.65,,,Excellent,,false,,,,Wallingford,,Item-009750-010,1,Fixed,USA,CS655-33-DS-PT,,,,,,,,,,,,,,,,
664,CS655-DS 12CM WATER CONTENT REFLECTOMETER PLUS C/W 10 METRE CABLE,"68553",CS655-33-DS-PT,"09191",2025-05-19 00:00:00.000,,"20924-4",2025-02-04 00:00:00.000,,228.65,,,Excellent,,false,,,,Wallingford,,Item-009750-010,1,Fixed,USA,CS655-33-DS-PT,,,,,,,,,,,,,,,,
665,CS655-DS 12CM WATER CONTENT REFLECTOMETER PLUS C/W 10 METRE CABLE,"68554",CS655-33-DS-PT,"09191",2025-05-19 00:00:00.000,,"20924-4",2025-02-04 00:00:00.000,,228.65,,,Excellent,,false,,,,Wallingford,,Item-009750-010,1,Fixed,USA,CS655-33-DS-PT,,,,,,,,,,,,,,,,
666,CS655-DS 12CM WATER CONTENT REFLECTOMETER PLUS C/W 10 METRE CABLE,"68533",CS655-33-DS-PT,"09191",2025-05-19 00:00:00.000,,"20924-4",2025-02-04 00:00:00.000,,228.65,,,Excellent,,false,,,,Wallingford,,Item-009750-010,1,Fixed,USA,CS655-33-DS-PT,,,,,,,,,,,,,,,,
667,CS655-DS 12CM WATER CONTENT REFLECTOMETER PLUS C/W 10 METRE CABLE,"68535",CS655-33-DS-PT,"09191",2025-05-19 00:00:00.000,,"20924-4",2025-02-04 00:00:00.000,,228.65,,,Excellent,,false,,,,Wallingford,,Item-009750-010,1,Fixed,USA,CS655-33-DS-PT,,,,,,,,,,,,,,,,
668,CS655-DS 12CM WATER CONTENT REFLECTOMETER PLUS C/W 10 METRE CABLE,"68537",CS655-33-DS-PT,"09191",2025-05-19 00:00:00.000,,"20924-4",2025-02-04 00:00:00.000,,228.65,,,Excellent,,false,,,,Wallingford,,Item-009750-010,1,Fixed,USA,CS655-33-DS-PT,,,,,,,,,,,,,,,,
669,CS655-DS 12CM WATER CONTENT REFLECTOMETER PLUS C/W 10 METRE CABLE,"68542",CS655-33-DS-PT,"09191",2025-05-19 00:00:00.000,,"20924-4",2025-02-04 00:00:00.000,,228.65,,,Excellent,,false,,,,Wallingford,,Item-009750-010,1,Fixed,USA,CS655-33-DS-PT,,,,,,,,,,,,,,,,
670,CS655-DS 12CM WATER CONTENT REFLECTOMETER PLUS C/W 10 METRE CABLE,"68544",CS655-33-DS-PT,"09191",2025-05-19 00:00:00.000,,"20924-4",2025-02-04 00:00:00.000,,228.65,,,Excellent,,false,,,,Wallingford,,Item-009750-010,1,Fixed,USA,CS655-33-DS-PT,,,,,,,,,,,,,,,,
671,CS655-DS 12CM WATER CONTENT REFLECTOMETER PLUS C/W 10 METRE CABLE,"68545",CS655-33-DS-PT,"09191",2025-05-19 00:00:00.000,,"20924-4",2025-02-04 00:00:00.000,,228.65,,,Excellent,,false,,,,Wallingford,,Item-009750-010,1,Fixed,USA,CS655-33-DS-PT,,,,,,,,,,,,,,,,
672,CS655-DS 12CM WATER CONTENT REFLECTOMETER PLUS C/W 10 METRE CABLE,"68549",CS655-33-DS-PT,"09191",2025-05-19 00:00:00.000,,"20924-4",2025-02-04 00:00:00.000,,228.65,,,Excellent,,false,,,,Wallingford,,Item-009750-010,1,Fixed,USA,CS655-33-DS-PT,,,,,,,,,,,,,,,,
673,CS655-DS 12CM WATER CONTENT REFLECTOMETER PLUS C/W 10 METRE CABLE,"68552",CS655-33-DS-PT,"09191",2025-05-19 00:00:00.000,,"20924-4",2025-02-04 00:00:00.000,,228.65,,,Excellent,,false,,,,Wallingford,,Item-009750-010,1,Fixed,USA,CS655-33-DS-PT,,,,,,,,,,,,,,,,
674,CS655-DS 12CM WATER CONTENT REFLECTOMETER PLUS C/W 10 METRE CABLE,"68519",CS655-33-DS-PT,"09191",2025-05-19 00:00:00.000,,"20924-3",2025-02-04 00:00:00.000,,228.65,,,Excellent,,false,,,,Wallingford,,Item-009750-010,1,Fixed,USA,CS655-33-DS-PT,,,,,,,,,,,,,,,,
675,CS655-DS 12CM WATER CONTENT REFLECTOMETER PLUS C/W 10 METRE CABLE,"68521",CS655-33-DS-PT,"09191",2025-05-19 00:00:00.000,,"20924-3",2025-02-04 00:00:00.000,,228.65,,,Excellent,,false,,,,Wallingford,,Item-009750-010,1,Fixed,USA,CS655-33-DS-PT,,,,,,,,,,,,,,,,
676,CS655-DS 12CM WATER CONTENT REFLECTOMETER PLUS C/W 10 METRE CABLE,"68522",CS655-33-DS-PT,"09191",2025-05-19 00:00:00.000,,"20924-3",2025-02-04 00:00:00.000,,228.65,,,Excellent,,false,,,,Wallingford,,Item-009750-010,1,Fixed,USA,CS655-33-DS-PT,,,,,,,,,,,,,,,,
677,CS655-DS 12CM WATER CONTENT REFLECTOMETER PLUS C/W 10 METRE CABLE,"68523",CS655-33-DS-PT,"09191",2025-05-19 00:00:00.000,,"20924-3",2025-02-04 00:00:00.000,,228.65,,,Excellent,,false,,,,Wallingford,,Item-009750-010,1,Fixed,USA,CS655-33-DS-PT,,,,,,,,,,,,,,,,
678,CS655-DS 12CM WATER CONTENT REFLECTOMETER PLUS C/W 10 METRE CABLE,"68525",CS655-33-DS-PT,"09191",2025-05-19 00:00:00.000,,"20924-3",2025-02-04 00:00:00.000,,228.65,,,Excellent,,false,,,,Wallingford,,Item-009750-010,1,Fixed,USA,CS655-33-DS-PT,,,,,,,,,,,,,,,,
679,CS655-DS 12CM WATER CONTENT REFLECTOMETER PLUS C/W 10 METRE CABLE,"68526",CS655-33-DS-PT,"09191",2025-05-19 00:00:00.000,,"20924-3",2025-02-04 00:00:00.000,,228.65,,,Excellent,,false,,,,Wallingford,,Item-009750-010,1,Fixed,USA,CS655-33-DS-PT,,,,,,,,,,,,,,,,
680,CS655-DS 12CM WATER CONTENT REFLECTOMETER PLUS C/W 10 METRE CABLE,"68527",CS655-33-DS-PT,"09191",2025-05-19 00:00:00.000,,"20924-3",2025-02-04 00:00:00.000,,228.65,,,Excellent,,false,,,,Wallingford,,Item-009750-010,1,Fixed,USA,CS655-33-DS-PT,,,,,,,,,,,,,,,,
681,CS655-DS 12CM WATER CONTENT REFLECTOMETER PLUS C/W 10 METRE CABLE,"68528",CS655-33-DS-PT,"09191",2025-05-19 00:00:00.000,,"20924-3",2025-02-04 00:00:00.000,,228.65,,,Excellent,,false,,,,Wallingford,,Item-009750-010,1,Fixed,USA,CS655-33-DS-PT,,,,,,,,,,,,,,,,
682,CS655-DS 12CM WATER CONTENT REFLECTOMETER PLUS C/W 10 METRE CABLE,"68529",CS655-33-DS-PT,"09191",2025-05-19 00:00:00.000,,"20924-3",2025-02-04 00:00:00.000,,228.65,,,Excellent,,false,,,,Wallingford,,Item-009750-010,1,Fixed,USA,CS655-33-DS-PT,,,,,,,,,,,,,,,,
683,CS655-DS 12CM WATER CONTENT REFLECTOMETER PLUS C/W 10 METRE CABLE,"68531",CS655-33-DS-PT,"09191",2025-05-19 00:00:00.000,,"20924-3",2025-02-04 00:00:00.000,,228.65,,,Excellent,,false,,,,Wallingford,,Item-009750-010,1,Fixed,USA,CS655-33-DS-PT,,,,,,,,,,,,,,,,
684,DPS8100 BAROMETRIC PRESSURE SENSOR (500-1080mB) C/W RS232,"13252758",,"09191",2025-05-19 00:00:00.000,,"20924-2",2025-02-04 00:00:00.000,,1763.75,,,Excellent,,false,,,,Wallingford,,Item-011474,1,Fixed,Finland,DPS800,,,,,,,,,,,,,,,,
685,DPS8100 BAROMETRIC PRESSURE SENSOR (500-1080mB) C/W RS232,"13252757",,"09191",2025-05-19 00:00:00.000,,"20924-3",2025-02-04 00:00:00.000,,1763.75,,,Excellent,,false,,,,Wallingford,,Item-011474,1,Fixed,Finland,DPS800,,,,,,,,,,,,,,,,
686,DPS8100 BAROMETRIC PRESSURE SENSOR (500-1080mB) C/W RS232,"13252759",,"09191",2025-05-19 00:00:00.000,,"20924-4",2025-02-04 00:00:00.000,,1763.75,,,Excellent,,false,,,,Wallingford,,,1,Fixed,Druck,DPS8100,,,,,,Finland,,,,,,,,,,
687,EC100 Electronics Module for CO2 and H2O gas analyser w/ 3D sonic anemometer,"3707",,"09191",2025-05-19 00:00:00.000,,"20924-3",2025-02-04 00:00:00.000,,,,,Excellent,,false,,,,Wallingford,,Part of Eddy covariance sys,1,Fixed,USA,Campbell Scientific,,,,,,,,,,,,,,,,
688,EC100 Electronics Module for CO2 and H2O gas analyser w/ 3D sonic anemometer,"3808",,"09191",2025-05-19 00:00:00.000,,"20924-2",2025-02-04 00:00:00.000,,,,,Excellent,,false,,,,Wallingford,,price included in CPEC310 CLOSE PATH EDDY COVARIANCE SYSTEM ,1,Fixed,campbell scientific,EC100,,,,,,usa,,,,,,,,,,
689,EC100 Electronics Module for CO2 and H2O gas analyser w/ 3D sonic anemometer,"3803",,"09191",2025-05-19 00:00:00.000,,"20924-4",2025-02-04 00:00:00.000,,,,,Excellent,,false,,,,Wallingford,,price included in CPEC310 CLOSE PATH EDDY COVARIANCE SYSTEM ,1,Fixed,campbell scientific,EC100,,,,,,usa,,,,,,,,,,
690,Enclosure mast mounting kit,,,"09191",2025-04-22 00:00:00.000,,"20924-1",2025-02-04 00:00:00.000,,290.72,,,Excellent,,false,,,,Wallingford,,Item- 010713,4,Consumable,UK,,,,,,,Campbell Scientific,,,,,,,,,,
691,Enclosure mast mounting kit,,,"09191",2025-05-19 00:00:00.000,,"20924-2",2025-02-04 00:00:00.000,,290.72,,,Excellent,,false,,,,Wallingford,,Item- 010713,4,Consumable,UK,,,,,,,Campbell Scientific,,,,,,,,,,
692,Enclosure mast mounting kit,,,"09191",2025-05-19 00:00:00.000,,"20924-3",2025-02-04 00:00:00.000,,290.72,,,Excellent,,false,,,,Wallingford,,Item- 010713,4,Consumable,UK,,,,,,,Campbell Scientific,,,,,,,,,,
693,Enclosure mast mounting kit,,,"09191",2025-05-19 00:00:00.000,,"20924-4",2025-02-04 00:00:00.000,,290.72,,,Excellent,,false,,,,Wallingford,,Item- 010713,4,Consumable,UK,,,,,,,Campbell Scientific,,,,,,,,,,
694,ETHERNET SWITCH INDUSTRIAL 5 PORT 100M/1000M (5-30VDC),,,"09191",2025-04-22 00:00:00.000,,"20924-1",2025-02-04 00:00:00.000,,113.05,,,Excellent,,false,,,,Wallingford,,Item-11119,1,Fixed,UK,Brainboxes,,,,,,,,,,,,,,,,
695,ETHERNET SWITCH INDUSTRIAL 5 PORT 100M/1000M (5-30VDC),,,"09191",2025-05-19 00:00:00.000,,"20924-2",2025-02-04 00:00:00.000,,113.05,,,Excellent,,false,,,,Wallingford,,Item-11119,1,Fixed,UK,Brainboxes,,,,,,,,,,,,,,,,
696,ETHERNET SWITCH INDUSTRIAL 5 PORT 100M/1000M (5-30VDC),,,"09191",2025-05-19 00:00:00.000,,"20924-3",2025-02-04 00:00:00.000,,113.05,,,Excellent,,false,,,,Wallingford,,Item-11119,1,Fixed,UK,Brainboxes,,,,,,,,,,,,,,,,
697,ETHERNET SWITCH INDUSTRIAL 5 PORT 100M/1000M (5-30VDC),,,"09191",2025-05-19 00:00:00.000,,"20924-4",2025-02-04 00:00:00.000,,113.05,,,Excellent,,false,,,,Wallingford,,Item-11119,1,Fixed,UK,Brainboxes,,,,,,,,,,,,,,,,
698,Finapp snow water equivalent and soil moisture system C/W DSI-12 Module,F3-0166/F3-0177,"257 Probe","09191",2025-05-19 00:00:00.000,,"21118",2025-02-04 00:00:00.000,,,,,Excellent,,false,,,,Wallingford,,,1,Fixed,,F3,,,,,,Finapp,,,,,,,,,,
699,Finapp snow water equivalent and soil moisture system C/W DSI-12 Module,F3-0169/F3-0175,"258 Probe","09191",2025-05-19 00:00:00.000,,"21118",2025-02-04 00:00:00.000,,,,,Excellent,,false,,,,Wallingford,,,1,Fixed,,F3,,,,,,Finapp,,,,,,,,,,
700,Finapp snow water equivalent and soil moisture system C/W DSI-12 Module,F3-0167/F3-0176,"259 Probe","09191",2025-04-22 00:00:00.000,,"21118",2025-02-04 00:00:00.000,,,,,Excellent,,false,,,,Wallingford,,,1,Fixed,,F3,,,,,,Finapp,,,,,,,,,,
701,HFP01SC HEAT FLUX SENSOR SELF CALIBRATING C/W 5M CABLE,"8317",,"09191",2025-04-22 00:00:00.000,,"20924-1",2025-02-04 00:00:00.000,,749.16,,,Excellent,,false,,,,Wallingford,,Item 009625,1,Fixed,Netherlands,HFP01SC-05,,,,,,Hukseflux,,,,,,,,,,
702,HFP01SC HEAT FLUX SENSOR SELF CALIBRATING C/W 5M CABLE,"8318",,"09191",2025-04-22 00:00:00.000,,"20924-1",2025-02-04 00:00:00.000,,749.16,,,Excellent,,false,,,,Wallingford,,Item 009625,1,Fixed,Netherlands,HFP01SC-05,,,,,,Hukseflux,,,,,,,,,,
703,HFP01SC HEAT FLUX SENSOR SELF CALIBRATING C/W 5M CABLE,"8320",,"09191",2025-05-19 00:00:00.000,,"20924-2",2025-02-04 00:00:00.000,,749.16,,,Excellent,,false,,,,Wallingford,,Item 009625,1,Fixed,Netherlands,HFP01SC-05,,,,,,Hukseflux,,,,,,,,,,
704,HFP01SC HEAT FLUX SENSOR SELF CALIBRATING C/W 5M CABLE,"8319",,"09191",2025-05-19 00:00:00.000,,"20924-2",2025-02-04 00:00:00.000,,749.16,,,Excellent,,false,,,,Wallingford,,Item 009625,1,Fixed,Netherlands,HFP01SC-05,,,,,,Hukseflux,,,,,,,,,,
705,HFP01SC HEAT FLUX SENSOR SELF CALIBRATING C/W 5M CABLE,"8324",,"09191",2025-05-19 00:00:00.000,,"20924-4",2025-02-04 00:00:00.000,,749.16,,,Excellent,,false,,,,Wallingford,,Item 009625,1,Fixed,Netherlands,HFP01SC-05,,,,,,Hukseflux,,,,,,,,,,
706,HFP01SC HEAT FLUX SENSOR SELF CALIBRATING C/W 5M CABLE,"8323",,"09191",2025-05-19 00:00:00.000,,"20924-4",2025-02-04 00:00:00.000,,749.16,,,Excellent,,false,,,,Wallingford,,Item 009625,1,Fixed,Netherlands,HFP01SC-05,,,,,,Hukseflux,,,,,,,,,,
707,HFP01SC HEAT FLUX SENSOR SELF CALIBRATING C/W 5M CABLE,"8321",,"09191",2025-05-19 00:00:00.000,,"20924-3",2025-02-04 00:00:00.000,,749.16,,,Excellent,,false,,,,Wallingford,,Item 009625,1,Fixed,Netherlands,HFP01SC-05,,,,,,Hukseflux,,,,,,,,,,
708,HFP01SC HEAT FLUX SENSOR SELF CALIBRATING C/W 5M CABLE,"8322",,"09191",2025-05-19 00:00:00.000,,"20924-3",2025-02-04 00:00:00.000,,749.16,,,Excellent,,false,,,,Wallingford,,Item 009625,1,Fixed,Netherlands,HFP01SC-05,,,,,,Hukseflux,,,,,,,,,,
709,HMP155A TEMPERATURE & RELATIVE HUMIDITY PROBE C.W 3M cable,W2646826,,"09191",2025-04-22 00:00:00.000,,"20924-1",2025-02-04 00:00:00.000,,984.3,,,Excellent,,false,,,,Wallingford,,Item 010778,1,Fixed,UK,HMP155A,,,,,,Campbell Scientific,,,,,,,,,,
710,HMP155A TEMPERATURE & RELATIVE HUMIDITY PROBE C.W 3M cable,X1148396,,"09191",2025-05-19 00:00:00.000,,"20924-2",2025-02-04 00:00:00.000,,984.3,,,Excellent,,false,,,,Wallingford,,Item 010778,1,Fixed,UK,HMP155A,,,,,,Campbell Scientific,,,,,,,,,,
711,HMP155A TEMPERATURE & RELATIVE HUMIDITY PROBE C.W 3M cable,X1148397,,"09191",2025-05-19 00:00:00.000,,"20924-4",2025-02-04 00:00:00.000,,984.3,,,Excellent,,false,,,,Wallingford,,Item 010778,1,Fixed,UK,HMP155A,,,,,,Campbell Scientific,,,,,,,,,,
712,HMP155A TEMPERATURE & RELATIVE HUMIDITY PROBE C.W 3M cable,X1148395,,"09191",2025-05-19 00:00:00.000,,"20924-3",2025-02-04 00:00:00.000,,984.3,,,Excellent,,false,,,,Wallingford,,Item 010778,1,Fixed,UK,HMP155A,,,,,,Campbell Scientific,,,,,,,,,,
713,Industrial LoRaWAN Cellular Gateway,"09270224030014",B092702,"09191",2025-05-23 00:00:00.000,,"22019",2025-05-07 00:00:00.000,,424.8,,,Excellent,,false,,,,Wallingford,,"IMEI:867929069305604, Series:LG5100",1,Fixed,China,LG5100-BAB-4L-A06GL,,,,,,Robustel,,,,,,,,,,
714,Industrial LoRaWAN Cellular Gateway,"09270224030015",B092702,"09191",2025-05-23 00:00:00.000,,"22019",2025-05-07 00:00:00.000,,424.8,,,Excellent,,false,,,,Wallingford,,"IMEI:867929069277384, Series:LG5100",1,Fixed,China,LG5100-BAB-4L-A06GL,,,,,,Robustel,,,,,,,,,,
715,Industrial LoRaWAN Cellular Gateway,"09270224030011",B092702,"09191",2025-05-23 00:00:00.000,,"22019",2025-05-07 00:00:00.000,,424.8,,,Excellent,,false,,,,Wallingford,,"IMEI:867929069309542, Series:LG5100",1,Fixed,China,LG5100-BAB-4L-A06GL,,,,,,Robustel,,,,,,,,,,
716,LX60 4G/5G MODEM WITH DUAL ETHERNET,"7H4043516101B101","1104046","09191",2025-04-22 00:00:00.000,,"20924-1",2025-02-04 00:00:00.000,,508.3,,,Excellent,,false,,,,Wallingford,, item-011514,1,Fixed,Vietnam,"LX60, AlEOS, EMEA",,,,,,Sierra Wireless Airlink,,,,,,,,,,
717,LX60 4G/5G MODEM WITH DUAL ETHERNET,"7H4043504520B101","1104046","09191",2025-05-19 00:00:00.000,,"20924-2",2025-02-04 00:00:00.000,,508.3,,,Excellent,,false,,,,Wallingford,, item-011514,1,Fixed,Vietnam,"LX60, AlEOS, EMEA",,,,,,Sierra Wireless Airlink,,,,,,,,,,
718,LX60 4G/5G MODEM WITH DUAL ETHERNET,"7H4043514701B101","1104046","09191",2025-05-19 00:00:00.000,,"20924-3",2025-02-04 00:00:00.000,,508.3,,,Excellent,,false,,,,Wallingford,, item-011514,1,Fixed,Vietnam,"LX60, AlEOS, EMEA",,,,,,Sierra Wireless Airlink,,,,,,,,,,
719,LX60 4G/5G MODEM WITH DUAL ETHERNET,"7H4043502001B101","1104046","09191",2025-05-19 00:00:00.000,,"20924-4",2025-02-04 00:00:00.000,,508.3,,,Excellent,,false,,,,Wallingford,, item-011514,1,Fixed,Vietnam,"LX60, AlEOS, EMEA",,,,,,Sierra Wireless Airlink,,,,,,,,,,
720,Mains PSU Plug-Top,"6508-03",,"09191",2025-05-23 00:00:00.000,,"22019",2025-05-07 00:00:00.000,,32.22,,,Excellent,,false,,,,Wallingford,,,3,Fixed,,,,,,,,,,,,,,,,,,
721,NR01 net rediation sensor,"4897",,"09191",2025-04-22 00:00:00.000,,"20924-1",2025-02-04 00:00:00.000,,3191.75,,,Excellent,,false,,,,Wallingford,,Item 010504-005,1,Fixed,Netherlands,NR01,,,,,,Hukseflux,,,,,,,,,,
722,NR01 net rediation sensor,"4889",,"09191",2025-05-19 00:00:00.000,,"20924-2",2025-02-04 00:00:00.000,,3191.75,,,Excellent,,false,,,,Wallingford,,Item 010504-005,1,Fixed,Netherlands,NR01,,,,,,Hukseflux,,,,,,,,,,
723,NR01 net rediation sensor,"4896",,"09191",2025-05-19 00:00:00.000,,"20924-4",2025-02-04 00:00:00.000,,3191.75,,,Excellent,,false,,,,Wallingford,,Item 010504-005,1,Fixed,Netherlands,NR01,,,,,,Hukseflux,,,,,,,,,,
724,NR01,"4888",,"09191",2025-05-19 00:00:00.000,,"20924-3",2025-02-04 00:00:00.000,,3191.75,,,Excellent,,false,Radiometer,,,SE-CARWE-01-WS,,Item 010504-005,1,Field site infrastructure,Huskeflux,NR01,,,,,,Hukseflux,,"2m",,"20cm",,Radiometer,,Cleaning of sensor faces,,
725,Paddle Antenna,"230008281",PWB-BC3G-38-RSMAP,"09191",2025-05-23 00:00:00.000,,"22019",2025-05-07 00:00:00.000,,70.56,,,Excellent,,false,,,,Wallingford,,"698-960/1710-3800Mhz TRM ANT RA SP",6,Fixed,UK,,,,,,,Panorama Antennas Ltd,,,,,,,,,, 
726,S2-411 NDVI UPWARD RADIOMETER C/W SDI-12 OUTPUT & 5M CABLE,"1750",,"09191",2025-05-19 00:00:00.000,,"20924-2",2025-02-04 00:00:00.000,,623.9,,,Excellent,,false,,,,Wallingford,,Item 011455,1,Fixed,USA,S2-411,,,,,,Apogee Instrument,,,,,,,,,,
727,S2-411 NDVI UPWARD RADIOMETER C/W SDI-12 OUTPUT & 5M CABLE,"1707",,"09191",2025-05-19 00:00:00.000,,"20924-4",2025-02-04 00:00:00.000,,623.9,,,Excellent,,false,,,,Wallingford,,Item 011455,1,Fixed,USA,S2-411,,,,,,Apogee Instrument,,,,,,,,,,
728,S2-411 NDVI UPWARD RADIOMETER C/W SDI-12 OUTPUT & 5M CABLE,"1704",,"09191",2025-04-22 00:00:00.000,,"20924-1",2025-02-04 00:00:00.000,,623.9,,,Excellent,,false,,,,Wallingford,,Item 011455,1,Fixed,USA,S2-411,,,,,,Apogee Instrument,,,,,,,,,,
729,S2-411 NDVI UPWARD RADIOMETER C/W SDI-12 OUTPUT & 5M CABLE,"1706",,"09191",2025-05-19 00:00:00.000,,"20924-3",2025-02-04 00:00:00.000,,623.9,,,Excellent,,false,,,,Wallingford,,Item 011455,1,Fixed,USA,S2-411,,,,,,Apogee Instrument,,,,,,,,,,
730,S2-412 NDVI DOWNWARD RADIOMETER C/W SDI-12 OUTPUT & 5M CABLE,"1931",,"09191",2025-04-22 00:00:00.000,,"20924-1",2025-02-04 00:00:00.000,,623.9,,,Excellent,,false,,,,Wallingford,,Item 011456,1,Fixed,USA,S2-412,,,,,,Apogee Instrument,,,,,,,,,,
731,S2-412 NDVI DOWNWARD RADIOMETER C/W SDI-12 OUTPUT & 5M CABLE,"1932",,"09191",2025-05-19 00:00:00.000,,"20924-2",2025-02-04 00:00:00.000,,623.9,,,Excellent,,false,,,,Wallingford,,Item 011456,1,Fixed,USA,S2-412,,,,,,Apogee Instrument,,,,,,,,,,
732,S2-412 NDVI DOWNWARD RADIOMETER C/W SDI-12 OUTPUT & 5M CABLE,"1934",,"09191",2025-05-19 00:00:00.000,,"20924-4",2025-02-04 00:00:00.000,,623.9,,,Excellent,,false,,,,Wallingford,,Item 011456,1,Fixed,USA,S2-412,,,,,,Apogee Instrument,,,,,,,,,,
733,S2-412 NDVI DOWNWARD RADIOMETER C/W SDI-12 OUTPUT & 5M CABLE,"1933",,"09191",2025-05-19 00:00:00.000,,"20924-3",2025-02-04 00:00:00.000,,623.9,,,Excellent,,false,,,,Wallingford,,Item 011456,1,Fixed,USA,S2-412,,,,,,Apogee Instrument,,,,,,,,,,
734,SBS 500 Rain guage,"251056",,"09191",2025-05-22 00:00:00.000,,"20924-1",2025-02-04 00:00:00.000,,784.98,,,Excellent,,false,,,,Wallingford,,Un-Heated C/W 6M cable Item-010108,1,Fixed,UK,,,,,,,,,,,,,,,,,
735,SBS 500 Rain guage,"251057",,"09191",2025-05-19 00:00:00.000,,"20924-2",2025-02-04 00:00:00.000,,784.98,,,Excellent,,false,,,,Wallingford,,Un-Heated C/W 6M cable Item-010108,1,Fixed,UK,,,,,,,,,,,,,,,,,
736,SBS 500 Rain guage,"251055",,"09191",2025-05-19 00:00:00.000,,"20924-3",2025-02-04 00:00:00.000,,784.98,,,Excellent,,false,,,,Wallingford,,Un-Heated C/W 6M cable Item-010108,1,Fixed,UK,,,,,,,,,,,,,,,,,
737,SBS 500 Rain guage,"251058",,"09191",2025-05-19 00:00:00.000,,"20924-4",2025-02-04 00:00:00.000,,784.98,,,Excellent,,false,,,,Wallingford,,Un-Heated C/W 6M cable Item-010108,1,Fixed,UK,,,,,,,,,,,,,,,,,
738,Screw Mount Antenna,"4981-01","2J7615B-868-100LL100-C20GGST","09191",2025-05-23 00:00:00.000,,"22019",2025-05-07 00:00:00.000,,32.22,,,Excellent,,false,,,,Wallingford,,,3,Fixed,,,,,,,,,,,,,,,,,,
739,SDM-CD16S DC control module ,"1954",,"09191",2025-05-19 00:00:00.000,,"20924-3",2025-02-04 00:00:00.000,,,,,Excellent,,false,,,,Wallingford,,Part of Eddy covariance sys,1,Fixed,USA,Campbell Scientific,,,,,,,,,,,,,,,,
740,SDM-CD16S DC control module ,"1953",,"09191",2025-05-19 00:00:00.000,,"20924-4",2025-02-04 00:00:00.000,,,,,Excellent,,false,,,,Wallingford,,Part of Eddy covariance sys,1,Fixed,USA,Campbell Scientific,,,,,,,,,,,,,,,,
741,SDM-CD16S DC control module ,"1964",,"09191",2025-05-19 00:00:00.000,,"20924-2",2025-02-04 00:00:00.000,,,,,Excellent,,false,,,,Wallingford,,price included in CPEC310 CLOSE PATH EDDY COVARIANCE SYSTEM ,1,Fixed,USA,SDM-CD16S,,,,,,Campbell Scientific,,,,,,,,,,
742,SI-411 Digital STD FOV Radiometer,"10381","010977","09191",2025-05-22 00:00:00.000,,"20924-1",2025-02-04 00:00:00.000,,708.9,,,Excellent,,false,,,,Wallingford,,Item 010977,1,Fixed,USA,SI-411_SS,,,,,,Apogee Instruments,2025-03-05 00:00:00.000,,,,,,,,,
743,SI-411 Digital STD FOV Radiometer,"10382","010977","09191",2025-05-19 00:00:00.000,,"20924-2",2025-02-04 00:00:00.000,,708.9,,,Excellent,,false,,,,Wallingford,,Item 010978,1,Fixed,USA,SI-411_SS,,,,,,Apogee Instruments,2025-03-05 00:00:00.000,,,,,,,,,
744,SI-411 Digital STD FOV Radiometer,"10384","010977","09191",2025-05-19 00:00:00.000,,"20924-4",2025-02-04 00:00:00.000,,708.9,,,Excellent,,false,,,,Wallingford,,Item 010979,1,Fixed,USA,SI-411_SS,,,,,,Apogee Instruments,2025-03-05 00:00:00.000,,,,,,,,,
745,SI-411 Digital STD FOV Radiometer,"10383","010977","09191",2025-05-19 00:00:00.000,,"20924-3",2025-02-04 00:00:00.000,,708.9,,,Excellent,,false,,,,Wallingford,,Item 010980,1,Fixed,USA,SI-411_SS,,,,,,Apogee Instruments,2025-03-05 00:00:00.000,,,,,,,,,
746,SoilVUE10 Soil Moist0.5M 6 SENS 10M CAB,"3894","33250","09191",2025-05-22 00:00:00.000,,"20924-1",2025-02-04 00:00:00.000,,1311.98,,,Excellent,,false,,,,Wallingford,,Item-009665-0101,1,Fixed,USA,Soilvue10 0.5M,,,,,,Campbell Scientific,,,,,,,,,,
747,SoilVUE10 Soil Moist0.5M 6 SENS 10M CAB,"4214","33250","09191",2025-05-19 00:00:00.000,,"20924-2",2025-02-04 00:00:00.000,,1311.98,,,Excellent,,false,,,,Wallingford,,Item-009665-0101,1,Fixed,USA,Soilvue10 0.5M,,,,,,Campbell Scientific,,,,,,,,,,
748,SoilVUE10 Soil Moist0.5M 6 SENS 10M CAB,"4218","33250","09191",2025-05-19 00:00:00.000,,"20924-4",2025-02-04 00:00:00.000,,1311.98,,,Excellent,,false,,,,Wallingford,,Item-009665-0101,1,Fixed,USA,Soilvue10 0.5M,,,,,,Campbell Scientific,,,,,,,,,,
749,SoilVUE10 Soil Moist0.5M 6 SENS 10M CAB,"4216","33250","09191",2025-05-19 00:00:00.000,,"20924-3",2025-02-04 00:00:00.000,,1311.98,,,Excellent,,false,,,,Wallingford,,Item-009665-0101,1,Fixed,USA,Soilvue10 0.5M,,,,,,Campbell Scientific,,,,,,,,,,
750,Sonic Anemometer,"2630",,"09191",2025-05-19 00:00:00.000,,"20924-3",2025-02-04 00:00:00.000,,,,,Excellent,,false,,,,Wallingford,,Part of Eddy covariance sys,1,Fixed,USA,Campbell Scientific,,,,,,Campbell Scientific,,,,,,,,,,
751,Sonic Anemometer Head,"2623",,"09191",2025-05-19 00:00:00.000,,"20924-2",2025-02-04 00:00:00.000,,,,,Excellent,,false,,,,Wallingford,,price included in CPEC310 CLOSE PATH EDDY COVARIANCE SYSTEM ,1,Fixed,USA,,,,,,,Campbell Scientific,,,,,,,,,,
752,Sonic Anemometer Head,"2629",,"09191",2025-05-19 00:00:00.000,,"20924-4",2025-02-04 00:00:00.000,,,,,Excellent,,false,,,,Wallingford,,price included in CPEC310 CLOSE PATH EDDY COVARIANCE SYSTEM ,1,Fixed,USA,,,,,,,Campbell Scientific,,,,,,,,,,
753,Sub EC155 Heated Vortex Filter ,,"32203","09191",2025-05-22 00:00:00.000,,"20924-1",2025-02-04 00:00:00.000,,,,,Excellent,,false,,,,Wallingford,,price included in CPEC310 CLOSE PATH EDDY COVARIANCE SYSTEM ,2,Fixed,USA,,,,,,,Campbell Scientific,,,,,,,,,,
754,Sub EC155 Heated Vortex Filter ,,"32203","09191",2025-05-19 00:00:00.000,,"20924-2",2025-02-04 00:00:00.000,,,,,Excellent,,false,,,,Wallingford,,price included in CPEC310 CLOSE PATH EDDY COVARIANCE SYSTEM ,2,Fixed,USA,,,,,,,Campbell Scientific,,,,,,,,,,
755,Sub EC155 Heated Vortex Filter ,,"32203","09191",2025-05-19 00:00:00.000,,"20924-4",2025-02-04 00:00:00.000,,,,,Excellent,,false,,,,Wallingford,,price included in CPEC310 CLOSE PATH EDDY COVARIANCE SYSTEM ,2,Fixed,USA,,,,,,,Campbell Scientific,,,,,,,,,,
756,Sub EC155 Heated Vortex Filter ,,"32203","09191",2025-05-19 00:00:00.000,,"20924-3",2025-02-04 00:00:00.000,,,,,Excellent,,false,,,,Wallingford,,price included in CPEC310 CLOSE PATH EDDY COVARIANCE SYSTEM ,2,Fixed,USA,,,,,,,Campbell Scientific,,,,,,,,,,
757,TEROS 22 WATER POTENTIAL & TEMPERATURE PROBE C/W 10 METRE CABLE,,"40093-P-LEN10","09191",2025-05-22 00:00:00.000,,"20924-1",2025-02-04 00:00:00.000,,2533.0,,,Excellent,,false,,,,Wallingford,,Item-011588-010,10,Fixed,USA,,,,,,,Campbell Scientific,2025-04-08 00:00:00.000,,,,,,,,,
758,TEROS 22 WATER POTENTIAL & TEMPERATURE PROBE C/W 10 METRE CABLE,,"40093-P-LEN10","09191",2025-05-19 00:00:00.000,,"20924-2",2025-02-04 00:00:00.000,,2533.0,,,Excellent,,false,,,,Wallingford,,Item-011588-010,10,Fixed,USA,,,,,,,Campbell Scientific,2025-04-08 00:00:00.000,,,,,,,,,
759,TEROS 22 WATER POTENTIAL & TEMPERATURE PROBE C/W 10 METRE CABLE,,"40093-P-LEN10","09191",2025-05-19 00:00:00.000,,"20924-4",2025-02-04 00:00:00.000,,2533.0,,,Excellent,,false,,,,Wallingford,,Item-011588-010,10,Fixed,USA,,,,,,,Campbell Scientific,2025-04-08 00:00:00.000,,,,,,,,,
760,TEROS 22 WATER POTENTIAL & TEMPERATURE PROBE C/W 10 METRE CABLE,,"40093-P-LEN10","09191",2025-05-19 00:00:00.000,,"20924-3",2025-02-04 00:00:00.000,,2533.0,,,Excellent,,false,,,,Wallingford,,Item-011588-010,10,Fixed,USA,,,,,,,Campbell Scientific,2025-04-08 00:00:00.000,,,,,,,,,
761,TS-100 PORT ADAPTER & TA-001,,,"09191",2025-05-22 00:00:00.000,,"20924-1",2025-02-04 00:00:00.000,,28.9,,,Excellent,,false,,,,Wallingford,,Item-009024-001,1,Fixed,USA,,,,,,,Apogee Instruments,2025-03-26 00:00:00.000,,,,,,,,,
762,TS-100 PORT ADAPTER & TA-001,,,"09191",2025-05-19 00:00:00.000,,"20924-2",2025-02-04 00:00:00.000,,28.9,,,Excellent,,false,,,,Wallingford,,Item-009024-001,1,Fixed,USA,,,,,,,Apogee Instruments,2025-03-26 00:00:00.000,,,,,,,,,
763,TS-100 PORT ADAPTER & TA-001,,,"09191",2025-05-19 00:00:00.000,,"20924-4",2025-02-04 00:00:00.000,,28.9,,,Excellent,,false,,,,Wallingford,,Item-009024-001,1,Fixed,USA,,,,,,,Apogee Instruments,2025-03-26 00:00:00.000,,,,,,,,,
764,TS-100 PORT ADAPTER & TA-001,,,"09191",2025-05-19 00:00:00.000,,"20924-3",2025-02-04 00:00:00.000,,28.9,,,Excellent,,false,,,,Wallingford,,Item-009024-001,1,Fixed,USA,,,,,,,Apogee Instruments,2025-03-26 00:00:00.000,,,,,,,,,
765,TS-100-SS APOGEE ASPIRATED RADIATION SHIELD C/W 5 M CABLE,"2915",,"09191",2025-05-22 00:00:00.000,,"20924-1",2025-02-04 00:00:00.000,,284.75,,,Excellent,,false,,,,Wallingford,,Item-009840,1,Fixed,USA,,,,,,,Apogee Instruments,2022-11-28 00:00:00.000,,,,,,,,,
766,TS-100-SS APOGEE ASPIRATED RADIATION SHIELD C/W 5 M CABLE,"2922",,"09191",2025-05-19 00:00:00.000,,"20924-2",2025-02-04 00:00:00.000,,284.75,,,Excellent,,false,,,,Wallingford,,Item-009840,1,Fixed,USA,,,,,,,Apogee Instruments,2022-11-28 00:00:00.000,,,,,,,,,
767,TS-100-SS APOGEE ASPIRATED RADIATION SHIELD C/W 5 M CABLE,"2925",,"09191",2025-05-19 00:00:00.000,,"20924-4",2025-02-04 00:00:00.000,,284.75,,,Excellent,,false,,,,Wallingford,,Item-009840,1,Fixed,USA,,,,,,,Apogee Instruments,2022-11-28 00:00:00.000,,,,,,,,,
768,TS-100-SS APOGEE ASPIRATED RADIATION SHIELD C/W 5 M CABLE,"3508",,"09191",2025-05-19 00:00:00.000,,"20924-3",2025-02-04 00:00:00.000,,284.75,,,Excellent,,false,,,,Wallingford,,Item-009840,1,Fixed,USA,,,,,,,Apogee Instruments,2022-11-28 00:00:00.000,,,,,,,,,
769,UK Magnetic Sticker & Headlamp Converters Pack,,,"09191",2025-05-27 00:00:00.000,,,,,8.99,,,Excellent,,false,,,,Wallingford,,,1,Consumable,Halfords,,,,,,,UK,,,,,,,,,,
770,Warning Triangle,,,"09191",2025-05-27 00:00:00.000,,,,,8.0,,,Excellent,,false,,,,Wallingford,,,1,Consumable,Halfords,,,,,,,UK,,,,,,,,,,
771,Super Watchdog HAT with UPS Battery Backupfor Raspberry Pi- Li-Ion,,SM-I-003,"09191",2025-06-10 00:00:00.000,,,,,37.86,,,Excellent,,false,Other,0,,Wallingford,0,Super Watchdog HAT with UPS Battery Backupfor Raspberry Pi- Li-Ion,5,,China,,,,,0,,,,,,,,,,,,
773,"10A VICTRON SMARTSOLAR MPPT75-10 - 75VOC, PVCHARGE CONTROLLER - 12V, 24V BATTERY",HQ2341C4WDZ,,"09191",2025-01-31 00:00:00.000,FDRI-F-REG-0125-001,"10022299",,,37.2,,,Excellent,,false,Regulator,0,,SE-SVTRP-01-WL,0,,1,Field site infrastructure,Victron,MPPT 75 10,,,,0,,,,,,,,,,,,
774,VICTRON SOLAR PANEL 215W-24V MONO1580X705X35MM SERIES 4B,"24202430442185611100",SPM042152402,"09191",2025-01-31 00:00:00.000,FDRI-F-SOL-0125-001,"10022299",,,96.0,,2025-01-31 00:00:00.000,Excellent,,false,,0,,SE-SVTRP-01-WL,0,,1,Field site infrastructure,Victron,"215V Solar Panel",,,,0,,,,,,,,Solar Panel,,,,
775,"12V VICTRON LITHIUM SUPERPACK LIFEPO4 12.8V100AH BATTERY WITH INTEGRATED BMS AND SAFETYSWITCH (HIGH CURRENT DISCHARGE VERSION)",HQ2415DDVCJ,,"09191",2025-01-31 00:00:00.000,FDRI-F-BAT-0125-001,"10022299",,,388.4,,,Excellent,,false,,0,,SE-SVTRP-01-WL,0,,0,Field site infrastructure,Victron,LITHIUM SUPERPACK LIFEPO4 12.8V100AH,,,,0,,,,,,,,Battery,,,,
776,Surfbee RTK BASE station (GPS only),,,"09191",2025-06-16 00:00:00.000,FDRI-M-SUR-0625-001,"20386",2024-12-06 00:00:00.000,,2640.0,,,Excellent,,false,Antenna,0,,Wallingford,0,,1,Mobile,,BY610,,,,0,,,,,,,,GMOUSE GNSS Antenna,,,Requires MPHARD to get RTK to ADCP,
777,MPCR5LEMO - Multiport cable RS5 GPS ADCP Lemo MPCR5LEMO - Multiport cable RS5 GPS ADCP Lemo connector,RS5L155,,"09191",2025-06-16 00:00:00.000,FDRI-M-SUR-0625-002,"20386",2024-12-06 00:00:00.000,,456.0,,,Excellent,,false,Other,0,,Wallingford,0,,1,Mobile,,MPCRS5LEMO,,,,0,,,2025-02-20 00:00:00.000,,,,,,,,price including VAT,
778,Fluke 376FC Clamp Meter,"67790723WS",,"09191",2025-05-13 00:00:00.000,FDRI-M-CLA-0525-001,,,,384.95,,,Excellent,,false,,0,,Wallingford,0,,1,Mobile,,,,,,0,,,,,,,,,,,,
779,Fluke 115 / TLK-225 Multimeter,"64712276WS",,"09191",2024-06-06 00:00:00.000,FDRI-M-MUL-0624-001,,,,,,,Excellent,,false,,0,,Wallingford,0,,1,Mobile,,,,,,0,,,,,,,,,,,,
780,SOLINST WATER LEVEL METER DIPTONE REEL MODEL 101 P7,"556946",,"09191",2025-05-29 00:00:00.000,FDRI-M-DIP-0525-001,,,,596.0,,,Excellent,,false,,0,,Wallingford,0,,1,Fixed,,,,,,0,,,,,,,,,,,,
781,Soil smart series_Soil VWC-EC_Temp Sensor,"19009015",TDR-305N.10,"09191",2025-06-20 00:00:00.000,FDRI_F_TDR-0625-001,"22456",2025-06-25 00:00:00.000,,212.0,,,Excellent,,false,Other,0,,Wallingford,0,,1,Field site infrastructure,US,,,,,0,,,,,,,,,,,,
782,Soil smart series_Soil VWC-EC_Temp Sensor,"19009072",TDR-305N.10,"09191",2025-06-20 00:00:00.000,FDRI_F_TDR-0625-002,"22456",2025-06-25 00:00:00.000,"",212.0,,,Excellent,,false,Other,0,"",Wallingford,0,"",1,Field site infrastructure,US,"","","","",0,"","",,"","","","","","","","",""
783,Soil smart series_Soil VWC-EC_Temp Sensor,"19009016",TDR-305N.10,"09191",2025-06-20 00:00:00.000,FDRI_F_TDR-0625-003,"22456",2025-06-25 00:00:00.000,"",212.0,,,Excellent,,false,Other,0,"",Wallingford,0,"",1,Field site infrastructure,US,"","","","",0,"","",,"","","","","","","","",""
784,Soil smart series_Soil VWC-EC_Temp Sensor,"19008900",TDR-305N.10,"09191",2025-06-20 00:00:00.000,FDRI_F_TDR-0625-004,"22456",2025-06-25 00:00:00.000,"",212.0,,,Excellent,,false,Other,0,"",Wallingford,0,"",1,Field site infrastructure,US,"","","","",0,"","",,"","","","","","","","",""
785,Soil smart series_Soil VWC-EC_Temp Sensor,"19009074",TDR-305N.10,"09191",2025-06-20 00:00:00.000,FDRI_F_TDR-0625-005,"22456",2025-06-25 00:00:00.000,"",212.0,,,Excellent,,false,Other,0,"",Wallingford,0,"",1,Field site infrastructure,US,"","","","",0,"","",,"","","","","","","","",""
786,Soil smart series_Soil VWC-EC_Temp Sensor,"19008719",TDR-305N.10,"09191",2025-06-20 00:00:00.000,FDRI_F_TDR-0625-006,"22456",2025-06-25 00:00:00.000,"",212.0,,,Excellent,,false,Other,0,"",Wallingford,0,"",1,Field site infrastructure,US,"","","","",0,"","",,"","","","","","","","",""
787,Soil smart series_Soil VWC-EC_Temp Sensor,"19008718",TDR-305N.10,"09191",2025-06-20 00:00:00.000,FDRI_F_TDR-0625-007,"22456",2025-06-25 00:00:00.000,"",212.0,,,Excellent,,false,Other,0,"",Wallingford,0,"",1,Field site infrastructure,US,"","","","",0,"","",,"","","","","","","","",""
788,Soil smart series_Soil VWC-EC_Temp Sensor,"19008813",TDR-305N.10,"09191",2025-06-20 00:00:00.000,FDRI_F_TDR-0625-008,"22456",2025-06-25 00:00:00.000,"",212.0,,,Excellent,,false,Other,0,"",Wallingford,0,"",1,Field site infrastructure,US,"","","","",0,"","",,"","","","","","","","",""
789,Soil smart series_Soil VWC-EC_Temp Sensor,"19008790",TDR-305N.10,"09191",2025-06-20 00:00:00.000,FDRI_F_TDR-0625-009,"22456",2025-06-25 00:00:00.000,"",212.0,,,Excellent,,false,Other,0,"",Wallingford,0,"",1,Field site infrastructure,US,"","","","",0,"","",,"","","","","","","","",""
790,Soil smart series_Soil VWC-EC_Temp Sensor,"19008788",TDR-305N.10,"09191",2025-06-20 00:00:00.000,FDRI_F_TDR-0625-010,"22456",2025-06-25 00:00:00.000,"",212.0,,,Excellent,,false,Other,0,"",Wallingford,0,"",1,Field site infrastructure,US,"","","","",0,"","",,"","","","","","","","",""
791,RainE LP,H2234B.0001,,"09191",2025-05-01 00:00:00.000,,,,,1239.75,,,Excellent,,false,Rain gauge,0,,SE-CARWE-01-WS,0,,1,Field site infrastructure,Lambrecht,RainE LP,,,,0,,,,,,,,RainE,,Cleaning of filter,,
792,HMP155,X1323793,,"09191",,,,,,,,,Excellent,,false,RH TA,0,,SE-CARWE-01-WS,0,,1,Field site infrastructure,Vaisala,HMP155,,,,0,,,,,,,,,,,,
793,"10A VICTRON SMARTSOLAR MPPT75-10 - 75VOC, PVCHARGE CONTROLLER - 12V, 24V BATTERY",HQ2341C2ZCH,,"09191",,,,,,,,,Excellent,,false,Regulator,0,,SE-CARWE-01-WS,0,,1,Field site infrastructure,Victron,MPPT 75 10,,,,0,,,,,,,,,,,,
794,TS100SS Fan Aspirated Screen,"3602",,"09191",,,,,,,,,Excellent,,false,Other,0,,SE-CARWE-01-WS,0,,1,Field site infrastructure,Apogee,TS100SS,,,,0,,,,,,,,Fan Aspirated Screen,,,,
795,CR1000XE,"70683",,"09191",,,,,,,,,Excellent,,false,Logger,0,,Bangor,0,,1,,,,,,,0,,,,,,,,,,,,
797,VICTRON SOLAR PANEL  MONO1580X705X35MM SERIES 4B,,,"09191",,,,,,,,,Excellent,,false,Power system,0,,SE-CARWE-01-WS,0,Solar panel mounted on A frame,1,Field site infrastructure,Victron,"215v Solar Panel",,,,0,,,,,,,,Solar Panel,,,,
798,Antenna,,,"09191",,,,,,,,,Excellent,,false,Antenna,0,,SE-CARWE-01-WS,0,,1,Field site infrastructure,,,,,,0,,,,"1.5m",,,,,,,,
799,Conexa Sim Card,"89444611503504499490",,"09191",,,,,,,,,Excellent,,false,Other,0,,SE-CARWE-01-WS,0,,1,Field site infrastructure,Wireless Logic,Conexa Sim Card,,,,0,,,,,,,,Sim Card,,,ICCID: 89444611503504499490,
800,Raspberry PI Camera East,,,"09191",2025-06-01 00:00:00.000,,,,,500.0,,,Excellent,,false,PhenoCam,0,,SE-CARWE-01-WS,0,"East Camera at site, facing west",1,Field site infrastructure,Raspberry Pi,"4B",,,,0,,,,"1.2m",,,,Pi Camera,,,,
801,Raspberry PI Camera West,,,"09191",,,,,,500.0,,,Excellent,,false,PhenoCam,0,,SE-CARWE-01-WS,0,"West camera at site, facing east",1,Field site infrastructure,Raspberry Pi,"4B",,,,0,,,,"1.2m",,"20cm",,Pi Camera,,,,
