SITE_ID,START_DATETIME,END_DATETIME,TS_AFFECTED,REMOVE_DATA,DESCRIPTION_OF_ISSUE
SHEEP,2017-07-25 20:30:00,2017-11-09 13:30:00,COSMOS-SHEEP-G1_30MIN_RAW,Y,Heat flux plate failure
HARTW,2015-03-30 21:30:00,2015-11-11 00:30:00,COSMOS-HARTW-TDT1_TSOIL_30MIN_RAW,Y,Flatlining
HARTW,2015-11-13 17:00:00,2016-04-07 09:30:00,COSMOS-HARTW-TDT1_TSOIL_30MIN_RAW,Y,Flatlining
HOLLN,2015-01-16 20:30:00,2015-03-04 15:00:00,COSMOS-HOLLN-TDT1_TSOIL_30MIN_RAW,Y,Flatlining
FINCH,2017-07-09 04:00:00,2017-07-09 04:00:00,COSMOS-FINCH-TDT2_VWC_30MIN_RAW,Y,TDT2 VWC spike
HARTW,2014-05-20 13:30:00,2014-05-20 23:30:00,COSMOS-HARTW-PRECIP_30MIN_RAW,Y,First readings from pluvio too high. No corresponding change in TDT VWC.
HYBRY,2017-08-16 12:30:00,2017-08-16 12:30:00,COSMOS-HYBRY-CTS_MOD_30MIN_RAW;COSMOS-HYBRY-RHO_A_MEAN_30MIN_RAW;COSMOS-HYBRY-PA_30MIN_RAW,Y,First measurements of CTS_MOD and RHO_A_MEAN too high/low respectively
GLENS,2015-02-26 15:30:00,2015-02-26 15:30:00,COSMOS-GLENS-TDT2_VWC_30MIN_RAW,Y,"TDT2 VWC drop out. Sensor not functioning correctly, does not match to TDT1."
BALRD,2017-08-21 14:00:00,2017-08-21 14:00:00,COSMOS-BALRD-TA_30MIN_RAW,Y,Erroneous value when hygroclip changed
SHEEP,2017-10-19 07:30:00,2017-10-22 13:00:00,COSMOS-SHEEP-CTS_MOD_30MIN_RAW,Y,COSMOS moderated probe data erratic
SHEEP,2017-10-15 19:30:00,2017-10-16 12:00:00,COSMOS-SHEEP-CTS_MOD_30MIN_RAW,Y,COSMOS moderated probe data erratic
SHEEP,2017-10-18 08:00:00,2017-10-18 10:30:00,COSMOS-SHEEP-CTS_MOD_30MIN_RAW,Y,COSMOS moderated probe data erratic
WRTTL,2021-07-15 11:30:00,2021-07-15 11:30:00,COSMOS-WRTTL-PA_30MIN_RAW,Y,Drop out during PPM
STGHT,2021-07-08 13:00:00,2099-12-31 23:30:00,COSMOS-STGHT-TDT2_VWC_30MIN_RAW,N,TDT installed. Settling in period
WRTTL,2017-12-19 00:30:00,2017-12-21 00:30:00,COSMOS-WRTTL-G1_30MIN_RAW,Y,Heat flux plate flatlining
WRTTL,2017-12-25 00:30:00,2018-10-23 12:00:00,COSMOS-WRTTL-G1_30MIN_RAW,Y,Heat flux plate flatlining
HARWD,2017-12-26 05:30:00,2017-12-26 07:00:00,COSMOS-HARWD-Q_30MIN_RAW,Y,Spike in absolute humidity
HARWD,2017-12-01 03:00:00,2017-12-01 03:00:00,COSMOS-HARWD-TA_30MIN_RAW;COSMOS-HARWD-RH_30MIN_RAW,Y,Metpak spike
RDMER,2017-07-10 00:00:00,2017-10-21 00:00:00,COSMOS-RDMER-PRECIP_30MIN_RAW,Y,Frequent precipitation readings
WRTTL,2018-03-02 00:30:00,2018-03-03 00:00:00,COSMOS-WRTTL-CTS_MOD_30MIN_RAW,N,CTS_MOD data unreliable due to snow.
EASTB,2018-03-02 00:30:00,2018-03-03 00:00:00,COSMOS-EASTB-CTS_MOD_30MIN_RAW,N,CTS_MOD data unreliable due to snow.
CHIMN,2018-03-02 00:30:00,2018-03-03 00:00:00,COSMOS-CHIMN-CTS_MOD_30MIN_RAW,N,CTS_MOD data unreliable due to snow.
MOORH,2018-03-02 00:30:00,2018-03-03 00:00:00,COSMOS-MOORH-CTS_MOD_30MIN_RAW,N,CTS_MOD data unreliable due to snow.
COCLP,2018-03-02 00:30:00,2018-03-03 00:00:00,COSMOS-COCLP-CTS_MOD_30MIN_RAW,N,CTS_MOD data unreliable due to snow.
STGHT,2018-03-02 00:30:00,2018-03-03 00:00:00,COSMOS-STGHT-CTS_MOD_30MIN_RAW,N,CTS_MOD data unreliable due to snow.
WADDN,2018-03-02 00:30:00,2018-03-03 00:00:00,COSMOS-WADDN-CTS_MOD_30MIN_RAW,N,CTS_MOD data unreliable due to snow.
NWYKE,2018-03-02 00:30:00,2018-03-03 00:00:00,COSMOS-NWYKE-CTS_MOD_30MIN_RAW,N,CTS_MOD data unreliable due to snow.
PLYNL,2018-03-02 00:30:00,2018-03-03 00:00:00,COSMOS-PLYNL-CTS_MOD_30MIN_RAW,N,CTS_MOD data unreliable due to snow.
RISEH,2018-03-02 00:30:00,2018-03-03 00:00:00,COSMOS-RISEH-CTS_MOD_30MIN_RAW,N,CTS_MOD data unreliable due to snow.
CHOBH,2018-03-02 00:30:00,2018-03-03 00:00:00,COSMOS-CHOBH-CTS_MOD_30MIN_RAW,N,CTS_MOD data unreliable due to snow.
COCHN,2018-03-02 00:30:00,2018-03-03 00:00:00,COSMOS-COCHN-CTS_MOD_30MIN_RAW,N,CTS_MOD data unreliable due to snow.
HARTW,2018-03-02 00:30:00,2018-03-03 00:00:00,COSMOS-HARTW-CTS_MOD_30MIN_RAW,N,CTS_MOD data unreliable due to snow.
ROTHD,2018-03-02 00:30:00,2018-03-03 00:00:00,COSMOS-ROTHD-CTS_MOD_30MIN_RAW,N,CTS_MOD data unreliable due to snow.
PORTN,2018-03-02 00:30:00,2018-03-03 00:00:00,COSMOS-PORTN-CTS_MOD_30MIN_RAW,N,CTS_MOD data unreliable due to snow.
CARDT,2018-03-02 00:30:00,2018-03-03 00:00:00,COSMOS-CARDT-CTS_MOD_30MIN_RAW,N,CTS_MOD data unreliable due to snow.
ELMST,2018-03-02 00:30:00,2018-03-03 00:00:00,COSMOS-ELMST-CTS_MOD_30MIN_RAW,N,CTS_MOD data unreliable due to snow.
TADHM,2018-03-02 00:30:00,2018-03-03 00:00:00,COSMOS-TADHM-CTS_MOD_30MIN_RAW,N,CTS_MOD data unreliable due to snow.
SPENF,2018-03-02 00:30:00,2018-03-03 00:00:00,COSMOS-SPENF-CTS_MOD_30MIN_RAW,N,CTS_MOD data unreliable due to snow.
BUNNY,2018-03-02 00:30:00,2018-03-03 00:00:00,COSMOS-BUNNY-CTS_MOD_30MIN_RAW,N,CTS_MOD data unreliable due to snow.
HYBRY,2018-03-02 00:30:00,2018-03-03 00:00:00,COSMOS-HYBRY-CTS_MOD_30MIN_RAW,N,CTS_MOD data unreliable due to snow.
LODTN,2018-03-02 00:30:00,2018-03-03 00:00:00,COSMOS-LODTN-CTS_MOD_30MIN_RAW,N,CTS_MOD data unreliable due to snow.
SHEEP,2018-03-02 00:30:00,2018-03-03 00:00:00,COSMOS-SHEEP-CTS_MOD_30MIN_RAW,N,CTS_MOD data unreliable due to snow.
GISBN,2018-03-02 00:30:00,2018-03-03 00:00:00,COSMOS-GISBN-CTS_MOD_30MIN_RAW,N,CTS_MOD data unreliable due to snow.
MORLY,2018-03-02 00:30:00,2018-03-03 00:00:00,COSMOS-MORLY-CTS_MOD_30MIN_RAW,N,CTS_MOD data unreliable due to snow.
GLENS,2018-03-02 00:30:00,2018-03-03 00:00:00,COSMOS-GLENS-CTS_MOD_30MIN_RAW,N,CTS_MOD data unreliable due to snow.
CRICH,2018-03-02 00:30:00,2018-03-03 00:00:00,COSMOS-CRICH-CTS_MOD_30MIN_RAW,N,CTS_MOD data unreliable due to snow.
EUSTN,2018-03-02 00:30:00,2018-03-03 00:00:00,COSMOS-EUSTN-CTS_MOD_30MIN_RAW,N,CTS_MOD data unreliable due to snow.
HOLLN,2018-03-02 00:30:00,2018-03-03 00:00:00,COSMOS-HOLLN-CTS_MOD_30MIN_RAW,N,CTS_MOD data unreliable due to snow.
REDHL,2018-03-02 00:30:00,2018-03-03 00:00:00,COSMOS-REDHL-CTS_MOD_30MIN_RAW,N,CTS_MOD data unreliable due to snow.
STIPS,2018-03-02 00:30:00,2018-03-03 00:00:00,COSMOS-STIPS-CTS_MOD_30MIN_RAW,N,CTS_MOD data unreliable due to snow.
SOURH,2018-03-02 00:30:00,2018-03-03 00:00:00,COSMOS-SOURH-CTS_MOD_30MIN_RAW,N,CTS_MOD data unreliable due to snow.
GLENW,2018-04-02 00:30:00,2018-04-03 00:00:00,COSMOS-GLENW-CTS_MOD_30MIN_RAW,N,CTS_MOD data unreliable due to snow.
MOORH,2018-04-02 00:30:00,2018-04-03 00:00:00,COSMOS-MOORH-CTS_MOD_30MIN_RAW,N,CTS_MOD data unreliable due to snow.
PLYNL,2018-04-02 00:30:00,2018-04-03 00:00:00,COSMOS-PLYNL-CTS_MOD_30MIN_RAW,N,CTS_MOD data unreliable due to snow.
MORLY,2019-08-07 08:30:00,2019-08-25 00:00:00,COSMOS-MORLY-PRECIP_30MIN_RAW,Y,Erroneous bucket level with precip
SPENF,2019-08-03 11:30:00,2019-09-05 11:30:00,COSMOS-SPENF-PRECIP_30MIN_RAW,Y,Phantom rainfall
LODTN,2021-03-24 10:00:00,2021-03-24 10:00:00,COSMOS-LODTN-PA_30MIN_RAW,Y,PA dropout
LODTN,2021-03-24 11:30:00,2021-03-24 13:00:00,COSMOS-LODTN-PA_30MIN_RAW,Y,PA dropout
PORTN,2021-07-06 14:30:00,2099-12-31 23:30:00,COSMOS-PORTN-TDT2_VWC_30MIN_RAW,N,TDT installed. Settling in period
SHEEP,2021-07-08 16:30:00,2099-12-31 23:30:00,COSMOS-SHEEP-TDT1_VWC_30MIN_RAW,N,TDT installed. Settling in period
LULLN,2019-11-22 09:00:00,2020-06-16 12:00:00,COSMOS-LULLN-LWIN_30MIN_RAW,Y,Erroneous step change in LWIN since PPM
ROTHD,2021-07-24 00:30:00,2021-08-04 00:30:00,COSMOS-ROTHD-PRECIP_30MIN_RAW,Y,Noisy pluvio data
EUSTN,2021-07-23 11:30:00,2021-07-24 06:30:00,COSMOS-EUSTN-LWIN_30MIN_RAW;COSMOS-EUSTN-LWOUT_30MIN_RAW;COSMOS-EUSTN-TNR01C_30MIN_RAW,Y,Erroneous TNR01C readings
BUNNY,2021-07-28 18:30:00,2021-07-28 19:00:00,COSMOS-BUNNY-G1_30MIN_RAW;COSMOS-BUNNY-G2_30MIN_RAW,Y,Heat flux plate drop outs
EUSTN,2021-08-01 06:30:00,2021-08-01 09:00:00,COSMOS-EUSTN-LWIN_30MIN_RAW;COSMOS-EUSTN-LWOUT_30MIN_RAW;COSMOS-EUSTN-TNR01C_30MIN_RAW,Y,Erroneous TNR01C readings
EUSTN,2021-08-01 12:00:00,2021-08-01 12:00:00,COSMOS-EUSTN-LWIN_30MIN_RAW;COSMOS-EUSTN-LWOUT_30MIN_RAW;COSMOS-EUSTN-TNR01C_30MIN_RAW,Y,Erroneous TNR01C readings
WRTTL,2023-09-19 00:00:00,2023-09-20 00:00:00,COSMOS-WRTTL-PRECIP_30MIN_RAW,Y,False rain with noisy bucket level
WRTTL,2023-09-14 00:00:00,2023-09-15 12:00:00,COSMOS-WRTTL-PRECIP_30MIN_RAW,Y,False rain with noisy bucket level
WADDN,2023-08-10 00:00:00,2023-08-12 00:00:00,COSMOS-WADDN-PRECIP_30MIN_RAW,Y,False rain with noisy bucket level
CGARW,2021-08-10 11:30:00,2021-08-10 12:00:00,COSMOS-CGARW-G1_30MIN_RAW,Y,Spike after PPM
HOLLN,2021-08-12 09:00:00,2021-08-12 09:00:00,COSMOS-HOLLN-CTS_MOD_30MIN_RAW,Y,Drop out to 1
EUSTN,2021-08-09 00:00:00,2021-08-09 09:00:00,COSMOS-EUSTN-LWIN_30MIN_RAW;COSMOS-EUSTN-LWOUT_30MIN_RAW;COSMOS-EUSTN-TNR01C_30MIN_RAW,Y,Erroneous TNR01C readings
EUSTN,2021-08-10 03:30:00,2021-08-10 06:30:00,COSMOS-EUSTN-LWIN_30MIN_RAW;COSMOS-EUSTN-LWOUT_30MIN_RAW;COSMOS-EUSTN-TNR01C_30MIN_RAW,Y,Erroneous TNR01C readings
EUSTN,2021-08-11 04:30:00,2021-08-11 06:30:00,COSMOS-EUSTN-LWIN_30MIN_RAW;COSMOS-EUSTN-LWOUT_30MIN_RAW;COSMOS-EUSTN-TNR01C_30MIN_RAW,Y,Erroneous TNR01C readings
ALIC1,2021-08-19 12:30:00,2021-08-19 13:30:00,COSMOS-ALIC1-CTS_MOD_30MIN_RAW,Y,Dropout during PPM
TADHM,2021-08-17 09:00:00,2021-08-17 10:00:00,COSMOS-TADHM-CTS_MOD_30MIN_RAW,Y,Dropout during PPM
HARTW,2021-08-24 10:30:00,2021-08-24 11:00:00,COSMOS-HARTW-CTS_MOD_30MIN_RAW,Y,Dropout during PPM
HARTW,2021-08-24 12:00:00,2099-12-31 23:30:00,COSMOS-HARTW-TDT1_VWC_30MIN_RAW,N,Newly installed sensor
PORTN,2021-08-25 16:00:00,2021-08-25 23:00:00,COSMOS-PORTN-CTS_MOD_30MIN_RAW,Y,Flatlining at 750
EUSTN,2021-08-14 02:00:00,2021-08-14 07:30:00,COSMOS-EUSTN-LWIN_30MIN_RAW;COSMOS-EUSTN-LWOUT_30MIN_RAW;COSMOS-EUSTN-TNR01C_30MIN_RAW,Y,TNRO1C dropping out
EUSTN,2021-08-16 23:30:00,2021-08-17 11:30:00,COSMOS-EUSTN-LWIN_30MIN_RAW;COSMOS-EUSTN-LWOUT_30MIN_RAW;COSMOS-EUSTN-TNR01C_30MIN_RAW,Y,TNRO1C dropping out
EUSTN,2021-08-23 22:30:00,2021-08-24 01:30:00,COSMOS-EUSTN-LWIN_30MIN_RAW;COSMOS-EUSTN-LWOUT_30MIN_RAW;COSMOS-EUSTN-TNR01C_30MIN_RAW,Y,TNRO1C dropping out
EUSTN,2021-08-24 06:30:00,2021-08-24 07:30:00,COSMOS-EUSTN-LWIN_30MIN_RAW;COSMOS-EUSTN-LWOUT_30MIN_RAW;COSMOS-EUSTN-TNR01C_30MIN_RAW,Y,TNRO1C dropping out
EUSTN,2021-08-25 06:30:00,2021-08-25 08:30:00,COSMOS-EUSTN-LWIN_30MIN_RAW;COSMOS-EUSTN-LWOUT_30MIN_RAW;COSMOS-EUSTN-TNR01C_30MIN_RAW,Y,TNRO1C dropping out
FINCH,2021-08-19 11:00:00,2021-11-29 00:00:00,COSMOS-FINCH-PRECIP_30MIN_RAW,Y,Erroneous rainfall
CGARW,2020-11-11 10:30:00,2020-11-11 10:30:00,COSMOS-CGARW-CTS_MOD_30MIN_RAW,Y,Spike
CGARW,2021-01-13 11:30:00,2021-01-13 12:00:00,COSMOS-CGARW-CTS_MOD_30MIN_RAW,Y,Spike
CGARW,2021-08-10 09:30:00,2021-08-10 09:30:00,COSMOS-CGARW-CTS_MOD_30MIN_RAW,Y,Spike
CGARW,2021-08-10 11:30:00,2021-08-10 12:00:00,COSMOS-CGARW-G2_30MIN_RAW,Y,PPM erroneous data
EUSTN,2021-05-13 21:30:00,2021-05-15 15:00:00,COSMOS-EUSTN-LWIN_30MIN_RAW;COSMOS-EUSTN-LWOUT_30MIN_RAW;COSMOS-EUSTN-TNR01C_30MIN_RAW,Y,Erroneous TNR01C readings
EUSTN,2021-08-17 00:00:00,2021-08-17 11:30:00,COSMOS-EUSTN-LWIN_30MIN_RAW;COSMOS-EUSTN-LWOUT_30MIN_RAW;COSMOS-EUSTN-TNR01C_30MIN_RAW,Y,Erroneous TNR01C readings
WADDN,2023-08-07 00:00:00,2023-08-08 00:00:00,COSMOS-WADDN-PRECIP_30MIN_RAW,Y,False rain with noisy bucket level
WADDN,2023-07-28 00:00:00,2023-07-28 12:00:00,COSMOS-WADDN-PRECIP_30MIN_RAW,Y,False rain with noisy bucket level
WADDN,2023-07-24 12:00:00,2023-07-26 12:00:00,COSMOS-WADDN-PRECIP_30MIN_RAW,Y,False rain with noisy bucket level
WADDN,2023-07-23 00:00:00,2023-07-24 00:00:00,COSMOS-WADDN-PRECIP_30MIN_RAW,Y,False rain with noisy bucket level
CHOBH,2021-08-31 10:00:00,2021-09-03 08:30:00,COSMOS-CHOBH-CTS_MOD_30MIN_RAW,Y,Counts flat lining
STGHT,2021-08-30 03:00:00,2021-08-30 20:00:00,COSMOS-STGHT-TDT2_VWC_30MIN_RAW,Y,Erratic readings
HENFS,2021-09-04 22:00:00,2021-09-06 14:00:00,COSMOS-HENFS-CTS_MOD_30MIN_RAW,Y,Counts flat lining
CHIMN,2021-09-07 12:00:00,2021-09-07 12:30:00,COSMOS-CHIMN-CTS_MOD_30MIN_RAW,Y,Low counts during PPM
WRTTL,2021-08-24 01:00:00,2021-09-03 07:30:00,COSMOS-WRTTL-PRECIP_30MIN_RAW,Y,Suspect precip
SHEEP,2021-08-27 14:00:00,2021-08-27 14:00:00,COSMOS-SHEEP-PRECIP_30MIN_RAW,Y,Phantom rain
SHEEP,2021-08-27 17:30:00,2021-08-27 17:30:00,COSMOS-SHEEP-PRECIP_30MIN_RAW,Y,Phantom rain
SHEEP,2021-08-28 12:30:00,2021-08-28 12:30:00,COSMOS-SHEEP-PRECIP_30MIN_RAW,Y,Phantom rain
SHEEP,2021-08-28 13:30:00,2021-08-28 13:30:00,COSMOS-SHEEP-PRECIP_30MIN_RAW,Y,Phantom rain
SHEEP,2021-08-28 16:30:00,2021-08-28 16:30:00,COSMOS-SHEEP-PRECIP_30MIN_RAW,Y,Phantom rain
SHEEP,2021-08-31 12:30:00,2021-08-31 12:30:00,COSMOS-SHEEP-PRECIP_30MIN_RAW,Y,Phantom rain
SHEEP,2021-09-01 15:30:00,2021-09-01 15:30:00,COSMOS-SHEEP-PRECIP_30MIN_RAW,Y,Phantom rain
SHEEP,2021-09-02 11:30:00,2021-09-02 11:30:00,COSMOS-SHEEP-PRECIP_30MIN_RAW,Y,Phantom rain
SHEEP,2021-09-02 13:00:00,2021-09-02 13:00:00,COSMOS-SHEEP-PRECIP_30MIN_RAW,Y,Phantom rain
SHEEP,2021-09-02 14:30:00,2021-09-02 14:30:00,COSMOS-SHEEP-PRECIP_30MIN_RAW,Y,Phantom rain
SHEEP,2021-09-02 15:30:00,2021-09-02 15:30:00,COSMOS-SHEEP-PRECIP_30MIN_RAW,Y,Phantom rain
SHEEP,2021-09-02 16:30:00,2021-09-02 16:30:00,COSMOS-SHEEP-PRECIP_30MIN_RAW,Y,Phantom rain
SHEEP,2021-09-03 11:30:00,2021-09-03 12:00:00,COSMOS-SHEEP-PRECIP_30MIN_RAW,Y,Phantom rain
BALRD,2018-03-02 00:30:00,2018-03-03 00:00:00,COSMOS-BALRD-CTS_MOD_30MIN_RAW,N,CTS_MOD data unreliable due to snow.
NWYKE,2014-10-16 09:00:00,2014-10-16 09:30:00,COSMOS-NWYKE-PA_30MIN_RAW;COSMOS-NWYKE-CTS_MOD_30MIN_RAW,Y,First hour of recording. PA and CTS_MOD readings too low.
SOURH,2015-11-19 03:30:00,2015-11-19 03:30:00,COSMOS-SOURH-UZ_30MIN_RAW;COSMOS-SOURH-UY_30MIN_RAW;COSMOS-SOURH-UX_30MIN_RAW,Y,UX and UZ recording error values
SOURH,2015-11-19 10:30:00,2015-11-19 10:30:00,COSMOS-SOURH-UZ_30MIN_RAW;COSMOS-SOURH-UY_30MIN_RAW;COSMOS-SOURH-UX_30MIN_RAW,Y,UX and UZ recording error values
SOURH,2015-11-19 09:30:00,2015-11-19 09:30:00,COSMOS-SOURH-UZ_30MIN_RAW;COSMOS-SOURH-UY_30MIN_RAW;COSMOS-SOURH-UX_30MIN_RAW,Y,UZ recording error values
SHEEP,2017-11-09 11:00:00,2017-12-06 12:30:00,COSMOS-SHEEP-TDT2_TSOIL_30MIN_RAW,Y,"TDT unplugged by mistake, temperature constantly reading 0"
ROTHD,2017-12-12 00:30:00,2017-12-13 00:00:00,COSMOS-ROTHD-CTS_MOD_30MIN_RAW,N,CTS_MOD data unreliable due to snow.
CHIMN,2013-10-02 13:30:00,2020-01-22 14:00:00,COSMOS-CHIMN-CTS_MOD2_30MIN_RAW,Y,CTS_MOD2 reading 0 instead of NA since installation
ROTHD,2016-01-17 00:30:00,2016-01-18 00:00:00,COSMOS-ROTHD-CTS_MOD_30MIN_RAW,N,CTS_MOD data unreliable due to snow.
GISBN,2019-12-04 11:30:00,2099-12-31 23:30:00,COSMOS-GISBN-CTS_MOD2_30MIN_RAW,Y,CTS_MOD2 reading 0 instead of NA since program upgrade to v2-05
ELMST,2017-12-12 00:30:00,2017-12-13 00:00:00,COSMOS-ELMST-CTS_MOD_30MIN_RAW,N,CTS_MOD data unreliable due to snow.
HOLLN,2019-11-05 12:00:00,2021-05-20 08:30:00,COSMOS-HOLLN-CTS_MOD2_30MIN_RAW,Y,CTS_MOD2 reading 0 instead of NA since program upgrade to v2-05
ROTHD,2017-12-10 00:30:00,2017-12-11 00:00:00,COSMOS-ROTHD-CTS_MOD_30MIN_RAW,N,CTS_MOD data unreliable due to snow.
ELMST,2017-12-11 00:30:00,2017-12-12 00:00:00,COSMOS-ELMST-CTS_MOD_30MIN_RAW,N,CTS_MOD data unreliable due to snow.
ROTHD,2017-12-11 00:30:00,2017-12-12 00:00:00,COSMOS-ROTHD-CTS_MOD_30MIN_RAW,N,CTS_MOD data unreliable due to snow.
ELMST,2017-12-10 00:30:00,2017-12-11 00:00:00,COSMOS-ELMST-CTS_MOD_30MIN_RAW,N,CTS_MOD data unreliable due to snow.
SHEEP,2013-10-24 16:00:00,2016-08-24 09:00:00,COSMOS-SHEEP-CTS_MOD2_30MIN_RAW,Y,CTS_MOD2 reading 0 instead of NA since installation
STGHT,2019-09-12 09:30:00,2021-04-15 09:30:00,COSMOS-STGHT-CTS_MOD2_30MIN_RAW,Y,CTS_MOD2 reading 0 instead of NA since program upgrade to v2-05
STIPS,2019-09-20 11:30:00,2021-05-05 09:30:00,COSMOS-STIPS-CTS_MOD2_30MIN_RAW,Y,CTS_MOD2 reading 0 instead of NA since program upgrade to v2-05
CGARW,2020-03-11 15:30:00,2020-03-11 15:30:00,COSMOS-CGARW-PA_30MIN_RAW,Y,Low value when sensor powered up
HARWD,2020-05-22 20:00:00,2020-06-14 12:00:00,COSMOS-HARWD-TA_30MIN_RAW;COSMOS-HARWD-PA_30MIN_RAW,Y,Erratic readings from MetPak
TADHM,2020-06-26 14:00:00,2020-06-26 14:00:00,COSMOS-TADHM-TA_30MIN_RAW;COSMOS-TADHM-PA_30MIN_RAW;COSMOS-TADHM-RH_30MIN_RAW,Y,MetPak error
MORLY,2020-07-22 00:30:00,2020-08-01 16:00:00,COSMOS-MORLY-PRECIP_30MIN_RAW,Y,Erroneous data
SPENF,2020-07-15 11:30:00,2020-07-15 11:30:00,COSMOS-SPENF-PA_30MIN_RAW,Y,Faulty reading
SPENF,2020-07-15 13:30:00,2020-07-15 13:30:00,COSMOS-SPENF-PA_30MIN_RAW,Y,Faulty reading
SPENF,2020-07-15 14:30:00,2020-07-15 14:30:00,COSMOS-SPENF-PA_30MIN_RAW,Y,Faulty reading
STGHT,2020-07-21 13:00:00,2020-07-21 13:00:00,COSMOS-STGHT-RH_30MIN_RAW,Y,Faulty reading
MOREM,2020-07-22 10:30:00,2020-07-22 11:30:00,COSMOS-MOREM-SWIN_30MIN_RAW,Y,Faulty readings
MOREM,2020-07-22 10:30:00,2020-07-22 10:30:00,COSMOS-MOREM-PA_30MIN_RAW,Y,Faulty reading
SPENF,2020-10-01 01:00:00,2020-10-02 00:00:00,COSMOS-SPENF-G1_30MIN_RAW;COSMOS-SPENF-G2_30MIN_RAW,Y,Reading zeros
SPENF,2020-10-01 00:30:00,2020-10-01 00:30:00,COSMOS-SPENF-PA_30MIN_RAW,Y,Drop out
FIVET,2020-09-29 09:30:00,2020-09-29 12:00:00,COSMOS-FIVET-PA_30MIN_RAW,Y,Drop out
HILLB,2020-09-30 12:30:00,2020-09-30 12:30:00,COSMOS-HILLB-PA_30MIN_RAW,Y,Drop out
HILLB,2020-09-30 14:30:00,2020-09-30 14:30:00,COSMOS-HILLB-PA_30MIN_RAW,Y,Drop out
ROTHD,2020-11-05 00:30:00,2021-01-11 20:00:00,COSMOS-ROTHD-PRECIP_30MIN_RAW,Y,Noisy pluvio data
SHEEP,2021-01-20 22:30:00,2021-02-03 16:00:00,COSMOS-SHEEP-TA_30MIN_RAW;COSMOS-SHEEP-RH_30MIN_RAW,Y,Erratic due to HMP dismount
SYDLG,2021-05-29 05:00:00,2021-06-10 12:00:00,COSMOS-SYDLG-G1_30MIN_RAW;COSMOS-SYDLG-G2_30MIN_RAW,Y,Heat flux plates flat-lining
WADDN,2021-05-30 03:30:00,2021-05-30 06:00:00,COSMOS-WADDN-PRECIP_30MIN_RAW,Y,Suspect precip
WADDN,2021-05-31 05:00:00,2021-05-31 05:00:00,COSMOS-WADDN-PRECIP_30MIN_RAW,Y,Suspect precip
FIVET,2021-06-30 21:30:00,2021-06-30 21:30:00,COSMOS-FIVET-CTS_MOD_30MIN_RAW,Y,Very low value
GLENW,2021-09-03 10:00:00,2021-09-03 10:00:00,COSMOS-GLENW-CTS_MOD_30MIN_RAW,Y,Drop out
BUNNY,2021-09-05 15:00:00,2021-09-05 15:00:00,COSMOS-BUNNY-PRECIP_30MIN_RAW,Y,Phantom rainfall
BUNNY,2021-09-07 03:00:00,2021-09-07 03:30:00,COSMOS-BUNNY-PRECIP_30MIN_RAW,Y,Phantom rainfall
BUNNY,2021-09-08 04:30:00,2021-09-08 04:30:00,COSMOS-BUNNY-PRECIP_30MIN_RAW,Y,Phantom rainfall
BUNNY,2021-09-08 17:00:00,2021-09-08 17:00:00,COSMOS-BUNNY-PRECIP_30MIN_RAW,Y,Phantom rainfall
LODTN,2021-09-03 15:30:00,2021-09-03 15:30:00,COSMOS-LODTN-PRECIP_30MIN_RAW,Y,Phantom rainfall
LODTN,2021-09-04 14:00:00,2021-09-04 14:00:00,COSMOS-LODTN-PRECIP_30MIN_RAW,Y,Phantom rainfall
LODTN,2021-09-04 15:00:00,2021-09-04 15:00:00,COSMOS-LODTN-PRECIP_30MIN_RAW,Y,Phantom rainfall
RISEH,2021-09-01 16:00:00,2021-09-01 17:00:00,COSMOS-RISEH-PRECIP_30MIN_RAW,Y,Phantom rainfall
RISEH,2021-09-05 14:30:00,2021-09-05 15:00:00,COSMOS-RISEH-PRECIP_30MIN_RAW,Y,Phantom rainfall
RISEH,2021-09-06 14:00:00,2021-09-06 14:30:00,COSMOS-RISEH-PRECIP_30MIN_RAW,Y,Phantom rainfall
RISEH,2021-09-06 15:30:00,2021-09-06 16:00:00,COSMOS-RISEH-PRECIP_30MIN_RAW,Y,Phantom rainfall
SHEEP,2021-09-03 13:30:00,2021-09-03 14:30:00,COSMOS-SHEEP-PRECIP_30MIN_RAW,Y,Phantom rain
SHEEP,2021-09-03 16:00:00,2021-09-03 16:00:00,COSMOS-SHEEP-PRECIP_30MIN_RAW,Y,Phantom rain
SHEEP,2021-09-04 10:30:00,2021-09-04 11:00:00,COSMOS-SHEEP-PRECIP_30MIN_RAW,Y,Phantom rain
SHEEP,2021-09-05 15:30:00,2021-09-05 16:00:00,COSMOS-SHEEP-PRECIP_30MIN_RAW,Y,Phantom rain
SHEEP,2021-09-06 11:30:00,2021-09-06 12:00:00,COSMOS-SHEEP-PRECIP_30MIN_RAW,Y,Phantom rain
SHEEP,2021-09-06 13:00:00,2021-09-06 13:00:00,COSMOS-SHEEP-PRECIP_30MIN_RAW,Y,Phantom rain
SHEEP,2021-09-06 14:00:00,2021-09-06 14:00:00,COSMOS-SHEEP-PRECIP_30MIN_RAW,Y,Phantom rain
SHEEP,2021-09-06 15:00:00,2021-09-06 15:00:00,COSMOS-SHEEP-PRECIP_30MIN_RAW,Y,Phantom rain
SHEEP,2021-09-07 14:00:00,2021-09-07 14:00:00,COSMOS-SHEEP-PRECIP_30MIN_RAW,Y,Phantom rain
SHEEP,2021-09-08 13:00:00,2021-09-08 14:30:00,COSMOS-SHEEP-PRECIP_30MIN_RAW,Y,Phantom rain
SHEEP,2021-09-08 15:30:00,2021-12-23 00:00:00,COSMOS-SHEEP-PRECIP_30MIN_RAW,Y,Phantom rain
STGHT,2021-09-09 13:30:00,2099-12-31 23:30:00,COSMOS-STGHT-TDT2_VWC_30MIN_RAW,N,Newly installed sensor
EUSTN,2021-09-08 12:30:00,2099-12-31 23:30:00,COSMOS-EUSTN-TDT2_VWC_30MIN_RAW;COSMOS-EUSTN-TDT8_VWC_30MIN_RAW;COSMOS-EUSTN-TDT10_VWC_30MIN_RAW,N,Newly installed sensor
BUNNY,2021-09-10 17:00:00,2021-11-02 13:00:00,COSMOS-BUNNY-PRECIP_30MIN_RAW,Y,Phantom rainfall
LODTN,2021-09-08 16:30:00,2021-10-25 00:00:00,COSMOS-LODTN-PRECIP_30MIN_RAW,Y,Phantom rainfall
STGHT,2021-09-09 13:30:00,2021-11-11 00:00:00,COSMOS-STGHT-PRECIP_30MIN_RAW,Y,Phantom pluvio readings
RISEH,2021-09-09 16:30:00,2021-09-12 22:00:00,COSMOS-RISEH-PRECIP_30MIN_RAW,Y,Phantom rainfall
LIZRD,2021-09-07 17:00:00,2021-09-25 00:00:00,COSMOS-LIZRD-PRECIP_30MIN_RAW,Y,Phantom rain
HARTW,2021-08-24 10:00:00,2021-08-24 12:30:00,COSMOS-HARTW-TA_30MIN_RAW,Y,Spike during PPM
HARTW,2021-09-08 18:00:00,2021-09-14 08:00:00,COSMOS-HARTW-CTS_MOD_30MIN_RAW;COSMOS-HARTW-PRECIP_30MIN_RAW;COSMOS-HARTW-TDT1_VWC_30MIN_RAW;COSMOS-HARTW-TDT2_VWC_30MIN_RAW,Y,Flatlining
HARWD,2021-09-15 11:00:00,2021-09-15 11:00:00,COSMOS-HARWD-PA_30MIN_RAW,Y,Drop out
CRICH,2021-09-11 14:00:00,2021-11-25 00:00:00,COSMOS-CRICH-PRECIP_30MIN_RAW,Y,Phantom rain
WADDN,2021-09-18 04:30:00,2021-09-18 04:30:00,COSMOS-WADDN-PRECIP_30MIN_RAW,Y,Bucket spike
WADDN,2021-09-18 10:00:00,2021-09-18 10:30:00,COSMOS-WADDN-PRECIP_30MIN_RAW,Y,Bucket spike
GLENS,2016-11-16 13:30:00,2016-11-16 13:30:00,COSMOS-GLENS-CTS_MOD_30MIN_RAW,Y,Drop out
GLENS,2017-08-02 13:00:00,2017-08-02 14:30:00,COSMOS-GLENS-CTS_MOD_30MIN_RAW,Y,Drop outs
GLENS,2020-09-02 15:30:00,2020-09-02 15:30:00,COSMOS-GLENS-CTS_MOD_30MIN_RAW,Y,Drop out
GLENS,2021-09-21 09:30:00,2021-09-21 11:00:00,COSMOS-GLENS-CTS_MOD_30MIN_RAW,Y,Drop outs
HARWD,2017-02-22 09:30:00,2017-02-22 09:30:00,COSMOS-HARWD-CTS_MOD_30MIN_RAW,Y,Drop out
HARWD,2019-12-05 13:30:00,2019-12-05 13:30:00,COSMOS-HARWD-CTS_MOD_30MIN_RAW,Y,Drop out
HARWD,2021-09-15 09:30:00,2021-09-15 09:30:00,COSMOS-HARWD-CTS_MOD_30MIN_RAW,Y,Drop out
HARWD,2021-09-15 10:30:00,2021-09-15 11:00:00,COSMOS-HARWD-CTS_MOD_30MIN_RAW,Y,Drop out
HARWD,2021-09-15 13:00:00,2021-09-15 13:30:00,COSMOS-HARWD-CTS_MOD_30MIN_RAW,Y,Drop out
HARWD,2021-09-15 11:30:00,2022-01-03 13:00:00,COSMOS-HARWD-TA_30MIN_RAW;COSMOS-HARWD-PA_30MIN_RAW;COSMOS-HARWD-RH_30MIN_RAW,Y,Erratic data but keeping as good enough for daily VWC
HLACY,2021-08-19 16:30:00,2021-10-04 01:00:00,COSMOS-HLACY-PRECIP_30MIN_RAW,Y,Erroneous Pluvio data
CHIMN,2021-10-06 13:30:00,2021-10-06 14:30:00,COSMOS-CHIMN-G1_30MIN_RAW;COSMOS-CHIMN-G2_30MIN_RAW,Y,Drop outs after RM
CRICH,2021-09-30 05:00:00,2021-12-06 07:00:00,COSMOS-CRICH-SWOUT_30MIN_RAW,Y,Spike and dropouts occurring due to sensor fault
GLENS,2021-10-03 17:30:00,2021-10-05 11:00:00,COSMOS-GLENS-CTS_MOD_30MIN_RAW;COSMOS-GLENS-PRECIP_30MIN_RAW;COSMOS-GLENS-TDT1_VWC_30MIN_RAW;COSMOS-GLENS-TDT2_VWC_30MIN_RAW;COSMOS-GLENS-CTS_SNOW_30MIN_RAW;COSMOS-GLENS-SNOWD_DISTANCE_COR_30MIN_RAW;COSMOS-GLENS-SNOWD_DISTANCE_UNC_30MIN_RAW,Y,Flatlining
HARTW,2021-10-05 21:00:00,2021-10-08 07:30:00,COSMOS-HARTW-CTS_MOD_30MIN_RAW;COSMOS-HARTW-PRECIP_30MIN_RAW;COSMOS-HARTW-TDT1_VWC_30MIN_RAW;COSMOS-HARTW-TDT2_VWC_30MIN_RAW,Y,Flatlining
ALIC1,2015-03-06 00:00:00,2015-03-29 04:30:00,COSMOS-ALIC1-TDT2_VWC_30MIN_RAW;COSMOS-ALIC1-TDT2_SOILEC_30MIN_RAW;COSMOS-ALIC1-TDT2_TSOIL_30MIN_RAW;COSMOS-ALIC1-TDT2_SOILPERM_30MIN_RAW,Y,TDT2 not working
ALIC1,2015-03-06 13:30:00,2015-03-06 13:30:00,COSMOS-ALIC1-PA_30MIN_RAW;COSMOS-ALIC1-CTS_MOD_30MIN_RAW,Y,First hour of recording. PA and CTS_MOD readings too low.
ALIC1,2015-03-23 12:00:00,2015-03-23 16:00:00,COSMOS-ALIC1-PA_30MIN_RAW;COSMOS-ALIC1-TA_30MIN_RAW;COSMOS-ALIC1-RH_30MIN_RAW;COSMOS-ALIC1-Q_30MIN_RAW;COSMOS-ALIC1-WD_30MIN_RAW;COSMOS-ALIC1-WS_30MIN_RAW,Y,Metpak flatlining
ALIC1,2015-03-26 12:00:00,2015-03-26 17:30:00,COSMOS-ALIC1-PA_30MIN_RAW;COSMOS-ALIC1-TA_30MIN_RAW;COSMOS-ALIC1-RH_30MIN_RAW;COSMOS-ALIC1-Q_30MIN_RAW;COSMOS-ALIC1-WD_30MIN_RAW;COSMOS-ALIC1-WS_30MIN_RAW,Y,Metpak flatlining
ALIC1,2015-03-27 09:00:00,2015-03-27 18:30:00,COSMOS-ALIC1-PA_30MIN_RAW;COSMOS-ALIC1-TA_30MIN_RAW;COSMOS-ALIC1-RH_30MIN_RAW;COSMOS-ALIC1-Q_30MIN_RAW;COSMOS-ALIC1-WD_30MIN_RAW;COSMOS-ALIC1-WS_30MIN_RAW,Y,Metpak flatlining
ALIC1,2015-03-28 01:30:00,2015-03-29 23:30:00,COSMOS-ALIC1-PA_30MIN_RAW;COSMOS-ALIC1-TA_30MIN_RAW;COSMOS-ALIC1-RH_30MIN_RAW;COSMOS-ALIC1-Q_30MIN_RAW;COSMOS-ALIC1-WD_30MIN_RAW;COSMOS-ALIC1-WS_30MIN_RAW,Y,Metpak flatlining
ALIC1,2015-03-30 08:30:00,2015-04-16 10:00:00,COSMOS-ALIC1-PA_30MIN_RAW;COSMOS-ALIC1-TA_30MIN_RAW;COSMOS-ALIC1-RH_30MIN_RAW;COSMOS-ALIC1-Q_30MIN_RAW;COSMOS-ALIC1-WD_30MIN_RAW;COSMOS-ALIC1-WS_30MIN_RAW,Y,Metpak flatlining
ALIC1,2015-12-28 01:30:00,2016-05-06 14:00:00,COSMOS-ALIC1-TDT2_SOILEC_30MIN_RAW;COSMOS-ALIC1-TDT2_TSOIL_30MIN_RAW;COSMOS-ALIC1-TDT2_SOILPERM_30MIN_RAW,Y,TDT2 VWC null and other variables flatlining
CHOBH,2016-08-17 15:30:00,2016-08-30 19:00:00,COSMOS-CHOBH-STP_TSOIL10_30MIN_RAW,Y,Soil temperature profile 10cm very erratic
COCLP,2015-06-11 10:30:00,2015-06-11 10:30:00,ALL,N,Switchover to fixed IP. Data missing.
COCLP,2015-08-04 16:00:00,2015-09-02 14:30:00,COSMOS-COCLP-TA_30MIN_RAW;COSMOS-COCLP-RH_30MIN_RAW;COSMOS-COCLP-Q_30MIN_RAW;COSMOS-COCLP-PA_30MIN_RAW,Y,Metpack not working
COCLP,2015-09-07 14:30:00,2015-10-13 09:30:00,COSMOS-COCLP-TA_30MIN_RAW;COSMOS-COCLP-RH_30MIN_RAW;COSMOS-COCLP-Q_30MIN_RAW;COSMOS-COCLP-PA_30MIN_RAW,Y,Metpack not working
COCLP,2015-11-21 14:30:00,2014-12-09 09:00:00,ALL,N,Data intermittent during this period due to card formatting issues.
COCLP,2015-11-26 14:00:00,2016-04-05 15:00:00,COSMOS-COCLP-PRECIP_30MIN_RAW,Y,New prog COSMOS-COV_v1-06. Precip too small
CRICH,2014-12-02 15:00:00,2014-12-02 15:00:00,COSMOS-CRICH-PA_30MIN_RAW;COSMOS-CRICH-CTS_MOD_30MIN_RAW,Y,First hour of recording. PA and CTS_MOD readings too low.
ALIC1,2016-07-07 11:30:00,2016-07-10 02:00:00,COSMOS-ALIC1-PA_30MIN_RAW;COSMOS-ALIC1-TA_30MIN_RAW;COSMOS-ALIC1-RH_30MIN_RAW;COSMOS-ALIC1-Q_30MIN_RAW;COSMOS-ALIC1-WD_30MIN_RAW;COSMOS-ALIC1-WS_30MIN_RAW,Y,MetPak flatlining
ALIC1,2016-07-10 02:00:00,2016-08-02 09:00:00,COSMOS-ALIC1-RH_30MIN_RAW;COSMOS-ALIC1-Q_30MIN_RAW;COSMOS-ALIC1-TA_30MIN_RAW;COSMOS-ALIC1-PA_30MIN_RAW,Y,Hygroclip faulty
ALIC1,2016-07-14 12:00:00,2016-08-02 10:30:00,COSMOS-ALIC1-WS_30MIN_RAW;COSMOS-ALIC1-WD_30MIN_RAW,Y,Wind sonic flatlining
ALIC1,2016-07-28 15:00:00,2018-12-20 12:30:00,COSMOS-ALIC1-LWIN_30MIN_RAW;COSMOS-ALIC1-LWIN_STD_30MIN_RAW,N,Longwave in component of radiation giving erratic readings - now corrected
ALIC1,2016-08-02 09:30:00,2016-10-05 10:00:00,COSMOS-ALIC1-Q_30MIN_RAW;COSMOS-ALIC1-Q_STD_30MIN_RAW,Y,Absolute humidity calculations not working in programme
STGHT,2023-08-19 06:00:00,2023-08-26 00:00:00,COSMOS-STGHT-PRECIP_30MIN_RAW,Y,False rain with extremely noisy bucket level
PORTN,2023-08-19 12:00:00,2023-08-26 00:00:00,COSMOS-PORTN-PRECIP_30MIN_RAW,Y,False rain events
REDHL,2023-09-05 12:00:00,2023-09-12 00:00:00,COSMOS-REDHL-PRECIP_30MIN_RAW,Y,False rain events
REDHL,2023-09-03 12:00:00,2023-09-04 12:00:00,COSMOS-REDHL-PRECIP_30MIN_RAW,Y,False rain events
LODTN,2023-09-13 00:00:00,2023-09-18 00:00:00,COSMOS-LODTN-PRECIP_30MIN_RAW,Y,False rain with extremely noisy bucket level
LODTN,2023-08-19 06:00:00,2023-08-29 00:00:00,COSMOS-LODTN-PRECIP_30MIN_RAW,Y,False rain with extremely noisy bucket level
BICKL,2015-01-30 01:30:00,2099-12-31 23:30:00,COSMOS-BICKL-TDT1_SOILEC_30MIN_RAW;COSMOS-BICKL-TDT2_SOILEC_30MIN_RAW,Y,EC from both TDTs not working
BICKL,2015-06-09 09:00:00,2015-06-09 09:00:00,ALL,N,Switchover to fixed IP. 1 minute precip data missing.
BICKL,2017-02-17 10:00:00,2017-02-17 10:00:00,COSMOS-BICKL-PA_30MIN_RAW;COSMOS-BICKL-TA_30MIN_RAW,Y,CSL PPM visit
BUNNY,2015-06-12 07:30:00,2015-06-12 07:30:00,ALL,N,Switchover to fixed IP. Data missing.
BUNNY,2016-03-15 14:00:00,2016-03-15 14:00:00,COSMOS-BUNNY-G1_30MIN_RAW;COSMOS-BUNNY-G2_30MIN_RAW;COSMOS-BUNNY-RH_30MIN_RAW;COSMOS-BUNNY-PA_30MIN_RAW;COSMOS-BUNNY-TDT1_VWC_30MIN_RAW;COSMOS-BUNNY-TDT2_VWC_30MIN_RAW;COSMOS-BUNNY-TDT1_TSOIL_30MIN_RAW;COSMOS-BUNNY-TDT2_TSOIL_30MIN_RAW;COSMOS-BUNNY-TDT1_SOILEC_30MIN_RAW;COSMOS-BUNNY-TDT2_SOILEC_30MIN_RAW;COSMOS-BUNNY-CTS_MOD_30MIN_RAW;COSMOS-BUNNY-PROFILE_VWC15_30MIN_RAW;COSMOS-BUNNY-PROFILE_VWC40_30MIN_RAW;COSMOS-BUNNY-PROFILE_VWC65_30MIN_RAW,Y,"Logger restarted, variables that are averaged reading too low."
BUNNY,2016-09-19 05:30:00,2016-11-17 12:00:00,COSMOS-BUNNY-PRECIP_30MIN_RAW,Y,Daily precip readings
CARDT,2015-06-24 09:30:00,2015-06-24 10:00:00,COSMOS-CARDT-PRECIP_30MIN_RAW;COSMOS-CARDT-PA_30MIN_RAW;COSMOS-CARDT-CTS_MOD_30MIN_RAW,Y,Initial installation. Some instruments not yet recording correctly
CARDT,2015-07-05 03:30:00,2015-07-14 01:00:00,COSMOS-CARDT-G2_30MIN_RAW,Y,Heat flux plate 2 (G2) not working
CGARW,2016-06-29 11:00:00,2016-06-29 11:00:00,COSMOS-CGARW-PA_30MIN_RAW,Y,First PA reading
CGARW,2016-11-20 23:00:00,2017-07-06 14:00:00,COSMOS-CGARW-G1_30MIN_RAW,Y,Heat flux plate 1 not working
CHIMN,2013-10-02 14:30:00,2013-10-03 16:00:00,COSMOS-CHIMN-WS_30MIN_RAW;COSMOS-CHIMN-WD_30MIN_RAW;COSMOS-CHIMN-PA_30MIN_RAW;COSMOS-CHIMN-RH_30MIN_RAW;COSMOS-CHIMN-TA_30MIN_RAW;COSMOS-CHIMN-Q_30MIN_RAW,Y,First measurements from MetPak unrealistically low.
CHIMN,2013-10-03 00:30:00,2014-02-25 14:00:00,COSMOS-CHIMN-STP_TSOIL50_30MIN_RAW;COSMOS-CHIMN-STP_TSOIL20_30MIN_RAW;COSMOS-CHIMN-STP_TSOIL10_30MIN_RAW;COSMOS-CHIMN-STP_TSOIL5_30MIN_RAW;COSMOS-CHIMN-STP_TSOIL2_30MIN_RAW,Y,Soil temperature profile not yet installed below ground. Do not use these data!
CRICH,2014-12-09 12:30:00,2014-12-09 19:00:00,COSMOS-CRICH-G1_30MIN_RAW,Y,Heat flux plate 1 (G1) not working
CRICH,2014-12-14 04:30:00,2014-12-14 15:00:00,COSMOS-CRICH-G1_30MIN_RAW,Y,Heat flux plate 1 (G1) not working
CRICH,2014-12-16 18:00:00,2015-06-09 16:00:00,COSMOS-CRICH-G1_30MIN_RAW,Y,Heat flux plate 1 (G1) not working
CRICH,2015-06-09 09:00:00,2015-06-09 09:00:00,ALL,N,Switchover to fixed IP. Data missing.
CRICH,2015-10-06 08:30:00,2015-10-08 01:00:00,COSMOS-CRICH-RH_30MIN_RAW;COSMOS-CRICH-TA_30MIN_RAW;COSMOS-CRICH-Q_30MIN_RAW,Y,Humidity and temperature sensors flatlining
CRICH,2015-12-16 18:00:00,2015-06-09 16:00:00,COSMOS-CRICH-G1_30MIN_RAW,Y,Heat flux plat 1 (G1) not working
CRICH,2016-05-08 13:30:00,2016-05-09 21:00:00,COSMOS-CRICH-RH_30MIN_RAW;COSMOS-CRICH-TA_30MIN_RAW;COSMOS-CRICH-Q_30MIN_RAW,Y,Humidity and temperature sensors flatlining
CRICH,2016-05-17 23:30:00,2016-05-18 14:00:00,COSMOS-CRICH-RH_30MIN_RAW;COSMOS-CRICH-TA_30MIN_RAW;COSMOS-CRICH-Q_30MIN_RAW,Y,Humidity and temperature sensors flatlining
CRICH,2016-05-18 00:00:00,2016-05-18 13:30:00,COSMOS-CRICH-RH_30MIN_RAW;COSMOS-CRICH-TA_30MIN_RAW;COSMOS-CRICH-Q_30MIN_RAW,Y,RH and TA flatlining
CRICH,2017-01-18 11:00:00,2017-01-18 11:00:00,COSMOS-CRICH-TA_30MIN_RAW,Y,CSL PPM visit
CRICH,2017-01-18 11:30:00,2017-01-18 11:30:00,COSMOS-CRICH-TAU_30MIN_RAW;COSMOS-CRICH-E_SAT_MEAN_30MIN_RAW,Y,CSL PPM visit
CRICH,2017-03-19 00:00:00,2017-03-29 07:30:00,COSMOS-CRICH-CTS_MOD_30MIN_RAW;COSMOS-CRICH-PROFILE_VWC15_30MIN_RAW;COSMOS-CRICH-PROFILE_VWC40_30MIN_RAW;COSMOS-CRICH-PROFILE_VWC65_30MIN_RAW;COSMOS-CRICH-TDT1_VWC_30MIN_RAW;COSMOS-CRICH-TDT2_VWC_30MIN_RAW;COSMOS-CRICH-TDT1_TSOIL_30MIN_RAW;COSMOS-CRICH-TDT2_TSOIL_30MIN_RAW;COSMOS-CRICH-TDT1_SOILEC_30MIN_RAW;COSMOS-CRICH-TDT2_SOILEC_30MIN_RAW;COSMOS-CRICH-TDT1_SOILPERM_30MIN_RAW;COSMOS-CRICH-TDT2_SOILPERM_30MIN_RAW;COSMOS-CRICH-G1_30MIN_RAW,Y,"COSMOS mod probe, IMKO and TDTs flatlining"
EASTB,2015-03-24 09:00:00,2015-03-25 20:30:00,COSMOS-EASTB-CTS_MOD_30MIN_RAW,Y,No COSMOS counts
EASTB,2015-03-30 18:30:00,2015-04-21 13:00:00,COSMOS-EASTB-CTS_MOD_30MIN_RAW,Y,No COSMOS counts
EASTB,2015-06-11 09:00:00,2015-06-11 09:00:00,ALL,N,Switchover to fixed IP.1 minute precip data missing.
CHIMN,2013-10-03 15:30:00,2013-10-03 16:00:00,COSMOS-CHIMN-WS_30MIN_RAW;COSMOS-CHIMN-WD_30MIN_RAW;COSMOS-CHIMN-PA_30MIN_RAW;COSMOS-CHIMN-RH_30MIN_RAW;COSMOS-CHIMN-TA_30MIN_RAW;COSMOS-CHIMN-Q_30MIN_RAW,Y,First measurements from MetPak unrealistically low.
EASTB,2015-10-04 04:30:00,2099-12-31 23:30:00,COSMOS-EASTB-TDT1_VWC_30MIN_RAW;COSMOS-EASTB-TDT2_VWC_30MIN_RAW,N,TDT1_VWC10 values missing. TDTs disconnected.
ELMST,2016-08-11 15:30:00,2016-08-11 15:30:00,COSMOS-ELMST-PA_30MIN_RAW,Y,First PA reading
EUSTN,2016-03-31 16:00:00,2016-03-31 16:00:00,COSMOS-EUSTN-PA_30MIN_RAW,Y,First PA reading
GISBN,2014-08-15 12:00:00,2014-09-17 11:30:00,COSMOS-GISBN-PRECIP_30MIN_RAW,Y,Precip is constant
GISBN,2014-08-15 12:00:00,2014-08-15 12:00:00,COSMOS-GISBN-PA_30MIN_RAW;COSMOS-GISBN-CTS_MOD_30MIN_RAW,Y,First hour of recording. PA and CTS_MOD readings too low.
GISBN,2014-10-16 10:30:00,2014-12-05 14:30:00,COSMOS-GISBN-PRECIP_30MIN_RAW,Y,Precip is constant
GISBN,2015-06-11 09:00:00,2015-06-11 09:00:00,ALL,N,Switchover to fixed IP. Data missing.
GISBN,2015-11-04 23:00:00,2015-11-18 16:00:00,COSMOS-GISBN-CTS_MOD_30MIN_RAW,Y,COSMOS moderated counts missing
GISBN,2016-10-06 10:00:00,2016-10-06 10:00:00,COSMOS-GISBN-PA_30MIN_RAW;COSMOS-GISBN-RH_30MIN_RAW;COSMOS-GISBN-TA_30MIN_RAW,Y,CSL PPM visit- some data affected
GISBN,2016-11-18 13:30:00,2016-11-18 13:30:00,COSMOS-GISBN-SWIN_30MIN_RAW,Y,"CSL PPM, wrong calibration file loaded"
GLENS,2014-05-14 00:00:00,2014-07-28 10:30:00,COSMOS-GLENS-PRECIP_30MIN_RAW,Y,Precip is constant
GLENS,2014-05-14 11:30:00,2014-05-14 11:30:00,COSMOS-GLENS-PA_30MIN_RAW;COSMOS-GLENS-CTS_MOD_30MIN_RAW,Y,First hour of recording. PA and CTS_MOD readings too low.
CHIMN,2013-10-16 00:30:00,2014-02-25 14:00:00,COSMOS-CHIMN-TA_30MIN_RAW;COSMOS-CHIMN-RH_30MIN_RAW,N,"T_air and RH from Gill Metpak show spikes / high values. Occurs on 16, 17, 31 Oct, 01 Nov 2013."
CHIMN,2013-10-16 13:30:00,2013-10-16 17:00:00,COSMOS-CHIMN-WS_30MIN_RAW;COSMOS-CHIMN-WD_30MIN_RAW;COSMOS-CHIMN-PA_30MIN_RAW;COSMOS-CHIMN-RH_30MIN_RAW;COSMOS-CHIMN-TA_30MIN_RAW;COSMOS-CHIMN-Q_30MIN_RAW,Y,Bad data from MetPak.
CHIMN,2013-12-27 21:30:00,2013-12-27 21:30:00,COSMOS-CHIMN-TA_30MIN_RAW,Y,Spike in TA
CHIMN,2014-06-28 02:30:00,2014-06-28 22:30:00,COSMOS-CHIMN-RH_30MIN_RAW;COSMOS-CHIMN-Q_30MIN_RAW,Y,Hygroclip not working
CHIMN,2014-07-16 01:00:00,2014-09-05 13:00:00,COSMOS-CHIMN-RH_30MIN_RAW;COSMOS-CHIMN-Q_30MIN_RAW,Y,Hygroclip not working
CHOBH,2015-02-24 14:00:00,2015-02-24 14:00:00,COSMOS-CHOBH-PA_30MIN_RAW;COSMOS-CHOBH-CTS_MOD_30MIN_RAW,Y,First hour of recording. PA and CTS_MOD readings too low.
CHOBH,2015-03-01 11:00:00,2015-03-10 14:00:00,COSMOS-CHOBH-PRECIP_30MIN_RAW,Y,Precip values constant
CHOBH,2015-03-14 17:00:00,2015-03-27 16:30:00,COSMOS-CHOBH-PRECIP_30MIN_RAW,Y,Precip values constant
CHOBH,2015-06-02 11:00:00,2015-06-02 12:30:00,ALL,N,Switchover to fixed IP. Data missing.
CHOBH,2016-04-19 11:30:00,2016-04-19 11:30:00,COSMOS-CHOBH-PRECIP_30MIN_RAW;COSMOS-CHOBH-TA_30MIN_RAW;COSMOS-CHOBH-RH_30MIN_RAW;COSMOS-CHOBH-Q_30MIN_RAW,Y,CSL maintenance visit
CHOBH,2016-06-02 13:00:00,2016-07-23 09:30:00,COSMOS-CHOBH-STP_TSOIL10_30MIN_RAW,Y,Soil temperature profile 10cm very erratic
GLENS,2014-05-20 11:00:00,2014-05-20 13:30:00,ALL,N,Data Missing
GLENS,2014-09-16 00:00:00,2015-05-11 00:00:00,COSMOS-GLENS-WS_30MIN_RAW;COSMOS-GLENS-WD_30MIN_RAW,N,Wind speed measurements patchy. End date is approximate
GLENS,2014-10-04 10:00:00,2099-12-31 23:30:00,COSMOS-GLENS-PROFILE_VWC40_30MIN_RAW;COSMOS-GLENS-PROFILE_VWC65_30MIN_RAW,N,Erratic behaviour
GLENS,2014-12-07 07:30:00,2019-08-27 17:30:00,COSMOS-GLENS-SNOWD_DISTANCE_COR_30MIN_RAW,N,SNOW_DISTANCE values missing or zero
GLENS,2015-06-10 09:00:00,2015-06-10 09:00:00,ALL,N,Switchover to fixed IP. 1 minute precip data missing.
GLENS,2015-08-14 15:30:00,2015-09-01 14:00:00,COSMOS-GLENS-STP_TSOIL2_30MIN_RAW;COSMOS-GLENS-STP_TSOIL5_30MIN_RAW;COSMOS-GLENS-STP_TSOIL10_30MIN_RAW;COSMOS-GLENS-STP_TSOIL20_30MIN_RAW;COSMOS-GLENS-STP_TSOIL50_30MIN_RAW;COSMOS-GLENS-SWIN_30MIN_RAW;COSMOS-GLENS-SWOUT_30MIN_RAW;COSMOS-GLENS-LWIN_30MIN_RAW;COSMOS-GLENS-LWOUT_30MIN_RAW;COSMOS-GLENS-G1_30MIN_RAW;COSMOS-GLENS-G2_30MIN_RAW,Y,Soil temperature profile and radiation components missing
GLENS,2016-01-13 12:00:00,2016-01-17 19:00:00,COSMOS-GLENS-RH_30MIN_RAW;COSMOS-GLENS-Q_30MIN_RAW;COSMOS-GLENS-TA_30MIN_RAW,Y,RH and Q flatlining
GLENS,2016-03-06 21:00:00,2016-03-06 21:30:00,COSMOS-GLENS-TDT2_VWC_30MIN_RAW,Y,TDT2 VWC drop out to 0.
GLENS,2016-11-16 12:00:00,2016-11-16 12:00:00,COSMOS-GLENS-TA_30MIN_RAW;COSMOS-GLENS-PA_30MIN_RAW;COSMOS-GLENS-RH_30MIN_RAW;COSMOS-GLENS-Q_30MIN_RAW;COSMOS-GLENS-TAU_30MIN_RAW;COSMOS-GLENS-RHO_A_MEAN_30MIN_RAW,Y,CSL PPM
HARTW,2014-05-20 00:30:00,2014-07-30 10:30:00,COSMOS-HARTW-PRECIP_30MIN_RAW,N,Precip values are x200
HARTW,2014-05-28 21:30:00,2014-07-30 10:30:00,ALL,N,Data intermittent during this period
HARTW,2015-01-08 23:30:00,2099-12-31 23:30:00,COSMOS-HARTW-TDT1_VWC_30MIN_RAW,N,TDT1_VWC10 values missing
HARTW,2015-06-10 09:00:00,2015-06-10 09:00:00,ALL,N,Switchover to fixed IP. Data missing.
HARWD,2015-05-23 10:00:00,2015-05-23 16:30:00,COSMOS-HARWD-STP_TSOIL2_30MIN_RAW;COSMOS-HARWD-STP_TSOIL5_30MIN_RAW;COSMOS-HARWD-STP_TSOIL10_30MIN_RAW;COSMOS-HARWD-STP_TSOIL20_30MIN_RAW;COSMOS-HARWD-STP_TSOIL50_30MIN_RAW,Y,Soil temperature profile fault
HARWD,2015-05-25 11:00:00,2015-05-25 18:00:00,COSMOS-HARWD-STP_TSOIL2_30MIN_RAW;COSMOS-HARWD-STP_TSOIL5_30MIN_RAW;COSMOS-HARWD-STP_TSOIL10_30MIN_RAW;COSMOS-HARWD-STP_TSOIL20_30MIN_RAW;COSMOS-HARWD-STP_TSOIL50_30MIN_RAW,Y,Soil temperature profile fault
HARWD,2015-05-26 08:00:00,2015-05-26 17:30:00,COSMOS-HARWD-STP_TSOIL2_30MIN_RAW;COSMOS-HARWD-STP_TSOIL5_30MIN_RAW;COSMOS-HARWD-STP_TSOIL10_30MIN_RAW;COSMOS-HARWD-STP_TSOIL20_30MIN_RAW;COSMOS-HARWD-STP_TSOIL50_30MIN_RAW,Y,Soil temperature profile fault
HARWD,2015-05-27 10:00:00,2015-05-27 13:00:00,COSMOS-HARWD-STP_TSOIL2_30MIN_RAW;COSMOS-HARWD-STP_TSOIL5_30MIN_RAW;COSMOS-HARWD-STP_TSOIL10_30MIN_RAW;COSMOS-HARWD-STP_TSOIL20_30MIN_RAW;COSMOS-HARWD-STP_TSOIL50_30MIN_RAW,Y,Soil temperature profile fault
HARWD,2015-05-28 15:00:00,2015-05-28 18:00:00,COSMOS-HARWD-STP_TSOIL2_30MIN_RAW;COSMOS-HARWD-STP_TSOIL5_30MIN_RAW;COSMOS-HARWD-STP_TSOIL10_30MIN_RAW;COSMOS-HARWD-STP_TSOIL20_30MIN_RAW;COSMOS-HARWD-STP_TSOIL50_30MIN_RAW,Y,Soil temperature profile fault
HARWD,2015-05-29 09:30:00,2015-05-29 19:00:00,COSMOS-HARWD-STP_TSOIL2_30MIN_RAW;COSMOS-HARWD-STP_TSOIL5_30MIN_RAW;COSMOS-HARWD-STP_TSOIL10_30MIN_RAW;COSMOS-HARWD-STP_TSOIL20_30MIN_RAW;COSMOS-HARWD-STP_TSOIL50_30MIN_RAW,Y,Soil temperature profile fault
HARWD,2015-05-30 07:00:00,2015-05-30 19:00:00,COSMOS-HARWD-STP_TSOIL2_30MIN_RAW;COSMOS-HARWD-STP_TSOIL5_30MIN_RAW;COSMOS-HARWD-STP_TSOIL10_30MIN_RAW;COSMOS-HARWD-STP_TSOIL20_30MIN_RAW;COSMOS-HARWD-STP_TSOIL50_30MIN_RAW,Y,Soil temperature profile fault
HARWD,2015-05-31 07:00:00,2015-05-31 17:00:00,COSMOS-HARWD-STP_TSOIL2_30MIN_RAW;COSMOS-HARWD-STP_TSOIL5_30MIN_RAW;COSMOS-HARWD-STP_TSOIL10_30MIN_RAW;COSMOS-HARWD-STP_TSOIL20_30MIN_RAW;COSMOS-HARWD-STP_TSOIL50_30MIN_RAW,Y,Soil temperature profile fault
HARWD,2015-06-01 07:00:00,2015-06-01 20:00:00,COSMOS-HARWD-STP_TSOIL2_30MIN_RAW;COSMOS-HARWD-STP_TSOIL5_30MIN_RAW;COSMOS-HARWD-STP_TSOIL10_30MIN_RAW;COSMOS-HARWD-STP_TSOIL20_30MIN_RAW;COSMOS-HARWD-STP_TSOIL50_30MIN_RAW,Y,Soil temperature profile fault
HARWD,2015-06-02 06:30:00,2015-06-16 09:30:00,COSMOS-HARWD-STP_TSOIL2_30MIN_RAW;COSMOS-HARWD-STP_TSOIL5_30MIN_RAW;COSMOS-HARWD-STP_TSOIL10_30MIN_RAW;COSMOS-HARWD-STP_TSOIL20_30MIN_RAW;COSMOS-HARWD-STP_TSOIL50_30MIN_RAW,Y,Soil temperature profile fault
HARWD,2016-05-17 11:00:00,2016-05-23 13:00:00,COSMOS-HARWD-RHO_A_MEAN_30MIN_RAW;COSMOS-HARWD-E_SAT_MEAN_30MIN_RAW,Y,Incorrect programme installed on logger. Readings from windsonic even though no wind sonic installed
HARWD,2016-12-13 10:30:00,2017-01-10 12:00:00,COSMOS-HARWD-WD_30MIN_RAW,Y,Reading 0 since PPM
HARWD,2017-02-23 16:30:00,2017-02-23 16:30:00,COSMOS-HARWD-RH_30MIN_RAW;COSMOS-HARWD-Q_30MIN_RAW;COSMOS-HARWD-PA_30MIN_RAW;COSMOS-HARWD-TA_30MIN_RAW,Y,MetPak spike
HARWD,2017-03-22 23:30:00,2017-03-23 00:00:00,COSMOS-HARWD-TA_30MIN_RAW;COSMOS-HARWD-RH_30MIN_RAW;COSMOS-HARWD-Q_30MIN_RAW;COSMOS-HARWD-PA_30MIN_RAW;COSMOS-HARWD-WS_30MIN_RAW;COSMOS-HARWD-WD_30MIN_RAW,Y,MetPak failure
HENFS,2015-12-18 10:30:00,2016-02-24 13:00:00,COSMOS-HENFS-RH_30MIN_RAW;COSMOS-HENFS-Q_30MIN_RAW,Y,Humidity sensor readings erratic
HENFS,2015-12-18 11:30:00,2016-01-28 14:30:00,COSMOS-HENFS-PRECIP_30MIN_RAW,Y,30min precip values are divided by a factor
HENFS,2016-01-02 03:00:00,2016-01-28 14:30:00,COSMOS-HENFS-TA_30MIN_RAW;COSMOS-HENFS-PA_30MIN_RAW;COSMOS-HENFS-RH_30MIN_RAW;COSMOS-HENFS-Q_30MIN_RAW;COSMOS-HENFS-HS_30MIN_RAW;COSMOS-HENFS-TAU_30MIN_RAW;COSMOS-HENFS-RHO_A_MEAN_30MIN_RAW;COSMOS-HENFS-E_SAT_MEAN_30MIN_RAW,Y,Metpak not working
HILLB,2016-06-14 17:00:00,2016-06-14 17:00:00,COSMOS-HILLB-PA_30MIN_RAW;COSMOS-HILLB-CTS_MOD_30MIN_RAW,Y,First hour of recording. PA and CTS_MOD readings too low.
HOLLN,2014-03-25 12:30:00,2014-03-25 12:30:00,COSMOS-HOLLN-PA_30MIN_RAW;COSMOS-HOLLN-CTS_MOD_30MIN_RAW,Y,First hour of recording. PA and CTS_MOD readings too low.
HOLLN,2014-04-23 09:00:00,2014-04-23 14:30:00,ALL,N,Data missing
HOLLN,2014-06-06 13:00:00,2014-06-09 04:30:00,ALL,N,No Data Collected
HOLLN,2015-01-29 05:00:00,2015-02-17 09:30:00,COSMOS-HOLLN-PA_30MIN_RAW;COSMOS-HOLLN-TA_30MIN_RAW;COSMOS-HOLLN-RH_30MIN_RAW;COSMOS-HOLLN-Q_30MIN_RAW,Y,Metpak not working
HOLLN,2016-04-27 14:30:00,2016-04-27 22:30:00,COSMOS-HOLLN-G2_30MIN_RAW;COSMOS-HOLLN-G2_CAL_30MIN_RAW;COSMOS-HOLLN-G2_MV_30MIN_RAW;COSMOS-HOLLN-G2_STD_30MIN_RAW,Y,Heat flux plate 1 drops out
LIZRD,2015-07-29 10:30:00,2015-07-29 11:00:00,ALL,N,Switchover to fixed IP. Data missing.
LULLN,2015-04-26 05:30:00,2015-05-17 04:30:00,COSMOS-LULLN-RH_30MIN_RAW;COSMOS-LULLN-Q_30MIN_RAW;COSMOS-LULLN-TA_30MIN_RAW,Y,RH sensor not working
LULLN,2015-09-14 08:30:00,2015-09-22 14:30:00,COSMOS-LULLN-PA_30MIN_RAW;COSMOS-LULLN-TA_30MIN_RAW;COSMOS-LULLN-RH_30MIN_RAW;COSMOS-LULLN-Q_30MIN_RAW,Y,MetPack not working
LULLN,2016-02-10 00:30:00,2016-03-07 00:30:00,COSMOS-LULLN-PA_30MIN_RAW;COSMOS-LULLN-CTS_MOD_30MIN_RAW;COSMOS-LULLN-TA_30MIN_RAW;COSMOS-LULLN-Q_30MIN_RAW;COSMOS-LULLN-RH_30MIN_RAW,Y,Data from wrong site/wrong programme installed
MOORH,2014-12-04 11:30:00,2014-12-04 11:30:00,COSMOS-MOORH-PA_30MIN_RAW;COSMOS-MOORH-CTS_MOD_30MIN_RAW,Y,First hour of recording. PA and CTS_MOD readings too low.
MOORH,2015-01-16 23:30:00,2015-06-09 12:30:00,COSMOS-MOORH-PROFILE_VWC65_30MIN_RAW,Y,Profile VWC 65 readings all 100
MOORH,2015-02-03 08:00:00,2015-02-16 11:30:00,COSMOS-MOORH-CTS_MOD_30MIN_RAW,Y,COSMOS counts not recording due to fault in IMKO
MOORH,2015-02-15 21:30:00,2015-06-09 12:30:00,COSMOS-MOORH-PROFILE_VWC40_30MIN_RAW,Y,Profile VWC 40cm readings high
MOORH,2015-02-16 08:00:00,2015-06-09 13:00:00,COSMOS-MOORH-PROFILE_VWC15_30MIN_RAW;COSMOS-MOORH-PROFILE_VWC40_30MIN_RAW;COSMOS-MOORH-PROFILE_VWC65_30MIN_RAW,N,IMKO profile reading no data (Instrument removed)
MOORH,2015-06-09 09:00:00,2015-06-09 09:00:00,ALL,N,Switchover to fixed IP. 1 minute precip data missing.
MOORH,2015-11-05 11:00:00,2099-12-31 23:30:00,COSMOS-MOORH-PROFILE_VWC15_30MIN_RAW;COSMOS-MOORH-PROFILE_VWC40_30MIN_RAW;COSMOS-MOORH-PROFILE_VWC65_30MIN_RAW,Y,IMKO not working. Removed.
MOORH,2016-02-13 13:30:00,2016-02-15 11:30:00,COSMOS-MOORH-PRECIP_30MIN_RAW,Y,"Raingauge frozen, bad readings"
MOORH,2017-02-05 23:00:00,2017-02-06 02:30:00,COSMOS-MOORH-PRECIP_30MIN_RAW,Y,Pluvio error
MORLY,2014-05-14 00:00:00,2014-07-04 17:30:00,COSMOS-MORLY-PRECIP_30MIN_RAW,Y,Precip is constant
MORLY,2015-06-12 10:30:00,2015-06-12 10:30:00,ALL,N,Switchover to fixed IP. Data missing.
MORLY,2016-05-14 06:00:00,2016-10-04 12:00:00,COSMOS-MORLY-PRECIP_30MIN_RAW,Y,Pluvio giving daily incorrect readings
NWYKE,2014-07-29 16:00:00,2014-07-29 17:00:00,ALL,N,Switchover to fixed IP. 1 minute precip data missing.
NWYKE,2014-11-13 16:00:00,2014-11-17 11:30:00,ALL,N,Data Missing
NWYKE,2014-12-30 17:30:00,2014-12-30 21:00:00,COSMOS-NWYKE-RH_30MIN_RAW;COSMOS-NWYKE-Q_30MIN_RAW,Y,No Humidity readings
NWYKE,2015-10-27 11:00:00,2016-01-20 12:00:00,COSMOS-NWYKE-PRECIP_30MIN_RAW,Y,Pluvio readings too small- error in programme
NWYKE,2015-10-30 10:00:00,2015-11-04 12:00:00,COSMOS-NWYKE-PROFILE_VWC40_30MIN_RAW;COSMOS-NWYKE-PROFILE_VWC65_30MIN_RAW,Y,IMKO tube waterlogged
NWYKE,2015-11-04 12:00:00,2099-12-31 23:30:00,COSMOS-NWYKE-PROFILE_VWC15_30MIN_RAW;COSMOS-NWYKE-PROFILE_VWC40_30MIN_RAW;COSMOS-NWYKE-PROFILE_VWC65_30MIN_RAW,Y,IMKO tube removed
NWYKE,2016-01-03 21:00:00,2099-12-31 23:30:00,COSMOS-NWYKE-TDT1_VWC_30MIN_RAW;COSMOS-NWYKE-TDT1_TSOIL_30MIN_RAW;COSMOS-NWYKE-TDT1_SOILPERM_30MIN_RAW;COSMOS-NWYKE-TDT1_SOILEC_30MIN_RAW;COSMOS-NWYKE-TDT2_VWC_30MIN_RAW;COSMOS-NWYKE-TDT2_TSOIL_30MIN_RAW;COSMOS-NWYKE-TDT2_SOILPERM_30MIN_RAW;COSMOS-NWYKE-TDT2_SOILEC_30MIN_RAW;COSMOS-NWYKE-CTS_MOD_30MIN_RAW;COSMOS-NWYKE-CTS_MOD_RH_30MIN_RAW;COSMOS-NWYKE-CTS_MOD_TEMP_30MIN_RAW,N,TDTs and Moderated tube stopped
NWYKE,2016-01-11 10:00:00,2016-01-19 10:30:00,COSMOS-NWYKE-WD_30MIN_RAW;COSMOS-NWYKE-WS_30MIN_RAW,N,WindMaster not working
NWYKE,2016-06-20 14:00:00,2016-09-16 10:00:00,COSMOS-NWYKE-PRECIP_30MIN_RAW,Y,Pluvio giving daily incorrect readings
PLYNL,2014-05-01 23:30:00,2014-05-01 00:00:00,ALL,N,Data Missing
PLYNL,2014-11-05 12:30:00,2014-11-05 12:30:00,COSMOS-PLYNL-PA_30MIN_RAW;COSMOS-PLYNL-CTS_MOD_30MIN_RAW,Y,First hour of recording. PA and CTS_MOD readings too low.
PLYNL,2014-12-18 11:00:00,2099-12-31 23:30:00,COSMOS-PLYNL-SNOWD_DISTANCE_COR_30MIN_RAW,N,SNOW_DISTANCE values missing
PLYNL,2015-06-05 06:02:00,2015-06-05 06:14:00,ALL,N,1 minute precip data missing during fixed IP switchover
PORTN,2014-12-18 10:30:00,2014-12-18 10:30:00,COSMOS-PORTN-PA_30MIN_RAW;COSMOS-PORTN-CTS_MOD_30MIN_RAW,Y,First hour of recording. PA and CTS_MOD readings too low.
PORTN,2016-07-16 23:30:00,2017-04-27 08:30:00,COSMOS-PORTN-G1_30MIN_RAW,Y,Heat flux plate 1 not working
RDMER,2016-09-25 00:30:00,2016-10-04 14:00:00,COSMOS-RDMER-PRECIP_30MIN_RAW,Y,Erratic pluvio readings
REDHL,2017-03-07 17:30:00,2017-03-07 17:30:00,COSMOS-REDHL-TDT2_TSOIL_30MIN_RAW,Y,TDT2 drops out to 0
ROTHD,2015-06-02 04:00:00,2015-06-02 14:30:00,ALL,N,Data Missing
ROTHD,2015-06-02 14:28:00,2015-08-03 13:00:00,ALL,N,1 minute precipitation data intermittent during this period
ROTHD,2015-06-02 14:28:00,2015-06-02 14:56:00,ALL,N,1 minute precip data missing during switch to fixde IP
SHEEP,2013-10-24 00:30:00,2014-04-30 15:00:00,COSMOS-SHEEP-STP_TSOIL50_30MIN_RAW;COSMOS-SHEEP-STP_TSOIL20_30MIN_RAW;COSMOS-SHEEP-STP_TSOIL10_30MIN_RAW;COSMOS-SHEEP-STP_TSOIL5_30MIN_RAW;COSMOS-SHEEP-STP_TSOIL2_30MIN_RAW,Y,Soil temperature profile not yet installed below ground. Do not use these data!
SHEEP,2013-10-24 14:30:00,2013-10-24 15:00:00,COSMOS-SHEEP-WS_30MIN_RAW;COSMOS-SHEEP-WD_30MIN_RAW;COSMOS-SHEEP-PA_30MIN_RAW;COSMOS-SHEEP-RH_30MIN_RAW;COSMOS-SHEEP-TA_30MIN_RAW;COSMOS-SHEEP-Q_30MIN_RAW,Y,First measurements from MetPak unrealistically low.
SHEEP,2014-07-26 11:00:00,2014-10-25 17:00:00,COSMOS-SHEEP-PRECIP_30MIN_RAW,Y,Pluvio fault-constant precipitation
SHEEP,2015-02-21 09:30:00,2017-04-12 11:00:00,COSMOS-SHEEP-TDT1_TSOIL_30MIN_RAW,Y,TDT1 soil temp flatlining
SHEEP,2016-03-05 06:30:00,2016-03-05 08:30:00,COSMOS-SHEEP-WS_30MIN_RAW;COSMOS-SHEEP-WD_30MIN_RAW,Y,Erroneous high wind speed measurements
SHEEP,2016-08-24 09:30:00,2016-08-24 10:30:00,COSMOS-SHEEP-CTS_MOD_30MIN_RAW;COSMOS-SHEEP-CTS_MOD2_30MIN_RAW,Y,Previously faulty tube re-installed.Now running two mod tubes.
SOURH,2014-11-19 10:30:00,2014-11-19 11:00:00,COSMOS-SOURH-PA_30MIN_RAW,Y,First hour of recording. PA readings too high.
SOURH,2015-11-04 16:00:00,2015-12-07 15:30:00,COSMOS-SOURH-TA_30MIN_RAW;COSMOS-SOURH-RH_30MIN_RAW;COSMOS-SOURH-Q_30MIN_RAW,Y,TA and RH flatlining
SOURH,2015-11-11 19:30:00,2016-04-06 08:30:00,COSMOS-SOURH-PRECIP_30MIN_RAW,Y,New prog COSMOS-COV1-06. Precip readings too small
SPENF,2017-03-20 13:00:00,2017-03-20 14:00:00,COSMOS-SPENF-PA_30MIN_RAW,Y,CSL PPM visit. Down spike in PA
STIPS,2015-06-05 09:05:00,2015-06-05 12:02:00,ALL,N,Switchover to fixed IP. 1 minute precip data missing.
STIPS,2016-02-15 03:00:00,2099-12-31 23:30:00,COSMOS-STIPS-PROFILE_VWC15_30MIN_RAW;COSMOS-STIPS-PROFILE_VWC40_30MIN_RAW;COSMOS-STIPS-PROFILE_VWC65_30MIN_RAW,Y,IMKO tube flooded
TADHM,2014-10-14 12:00:00,2014-10-14 12:00:00,COSMOS-TADHM-PA_30MIN_RAW;COSMOS-TADHM-CTS_MOD_30MIN_RAW,Y,First hour of recording. PA and CTS_MOD readings too low.
TADHM,2015-10-23 18:00:00,2016-03-01 14:00:00,COSMOS-TADHM-PROFILE_VWC40_30MIN_RAW;COSMOS-TADHM-PROFILE_VWC65_30MIN_RAW,Y,"IMKO waterlogged, INF values"
TADHM,2015-10-24 16:00:00,2015-10-25 20:30:00,COSMOS-TADHM-CTS_MOD_30MIN_RAW,Y,COSMOS moderated counts missing
TADHM,2015-10-31 18:30:00,2015-11-11 10:00:00,COSMOS-TADHM-CTS_MOD_30MIN_RAW,Y,COSMOS moderated counts missing
TADHM,2015-11-26 00:30:00,2016-03-01 11:30:00,COSMOS-TADHM-PRECIP_30MIN_RAW,Y,Pluvio fault
WADDN,2013-11-04 00:30:00,2013-11-05 15:00:00,COSMOS-WADDN-TDT1_VWC_30MIN_RAW;COSMOS-WADDN-TDT1_TSOIL_30MIN_RAW;COSMOS-WADDN-TDT1_SOILPERM_30MIN_RAW;COSMOS-WADDN-TDT1_SOILEC_30MIN_RAW;COSMOS-WADDN-TDT2_VWC_30MIN_RAW;COSMOS-WADDN-TDT2_TSOIL_30MIN_RAW;COSMOS-WADDN-TDT2_SOILPERM_30MIN_RAW;COSMOS-WADDN-TDT2_SOILEC_30MIN_RAW,Y,TDT probes settling in?
WADDN,2013-11-04 00:30:00,2014-01-27 16:30:00,COSMOS-WADDN-STP_TSOIL50_30MIN_RAW;COSMOS-WADDN-STP_TSOIL20_30MIN_RAW;COSMOS-WADDN-STP_TSOIL10_30MIN_RAW;COSMOS-WADDN-STP_TSOIL5_30MIN_RAW;COSMOS-WADDN-STP_TSOIL2_30MIN_RAW,Y,Soil temperature profile not yet installed below ground. Do not use these data!
WADDN,2013-11-04 00:30:00,2014-01-27 16:30:00,COSMOS-WADDN-G1_30MIN_RAW,Y,Heat flux plate calibration coefficients become significantly different from the nominal 15 W m-2 uV-1. For plate 1
WADDN,2013-11-04 00:30:00,2014-01-25 00:00:00,COSMOS-WADDN-PROFILE_VWC65_30MIN_RAW;COSMOS-WADDN-PROFILE_VWC40_30MIN_RAW;COSMOS-WADDN-PROFILE_VWC15_30MIN_RAW,Y,IMKO not installed.
WADDN,2014-01-27 15:00:00,2014-01-27 16:30:00,ALL,N,Data Missing
WADDN,2014-09-26 00:00:00,2014-10-16 14:30:00,COSMOS-WADDN-Q_30MIN_RAW;COSMOS-WADDN-RH_30MIN_RAW,Y,Absolute humidity readings (Q) are zero.
WADDN,2014-09-30 17:30:00,2014-10-16 14:30:00,COSMOS-WADDN-PA_30MIN_RAW;COSMOS-WADDN-TA_30MIN_RAW;COSMOS-WADDN-WS_30MIN_RAW;COSMOS-WADDN-WD_30MIN_RAW,Y,Values remain constant then drop to zero
WADDN,2014-10-04 03:30:00,2014-10-16 15:00:00,COSMOS-WADDN-PRECIP_30MIN_RAW,Y,Precip values very high (possibly x200?)
WADDN,2015-07-02 00:30:00,2015-10-15 19:00:00,COSMOS-WADDN-PRECIP_30MIN_RAW,Y,Pluvio fault- constant precipitation
WADDN,2016-05-06 07:30:00,2016-05-09 17:30:00,COSMOS-WADDN-CTS_MOD_30MIN_RAW,Y,Erratic CRS readings
WADDN,2016-06-21 13:00:00,2016-06-28 15:00:00,COSMOS-WADDN-CTS_MOD_30MIN_RAW,Y,Erratic CRS readings
WYTH1,2013-11-22 00:30:00,2014-01-28 16:00:00,COSMOS-WYTH1-STP_TSOIL50_30MIN_RAW;COSMOS-WYTH1-STP_TSOIL20_30MIN_RAW;COSMOS-WYTH1-STP_TSOIL10_30MIN_RAW;COSMOS-WYTH1-STP_TSOIL5_30MIN_RAW;COSMOS-WYTH1-STP_TSOIL2_30MIN_RAW,Y,Soil temperature profile not yet installed below ground. Do not use these data!
WYTH1,2013-11-22 00:30:00,2014-02-27 14:30:00,COSMOS-WYTH1-PROFILE_VWC65_30MIN_RAW;COSMOS-WYTH1-PROFILE_VWC40_30MIN_RAW;COSMOS-WYTH1-PROFILE_VWC15_30MIN_RAW,Y,IMKO not installed. Tube checked to be dry and inserted probe on 27/02/2014.
WYTH1,2013-11-22 00:30:00,2014-01-29 00:30:00,COSMOS-WYTH1-G2_30MIN_RAW,Y,Installation not complete.
WYTH1,2013-11-22 00:30:00,2014-01-29 13:30:00,COSMOS-WYTH1-TDT1_VWC_30MIN_RAW;COSMOS-WYTH1-TDT1_TSOIL_30MIN_RAW;COSMOS-WYTH1-TDT1_SOILPERM_30MIN_RAW;COSMOS-WYTH1-TDT1_SOILEC_30MIN_RAW;COSMOS-WYTH1-TDT2_VWC_30MIN_RAW;COSMOS-WYTH1-TDT2_TSOIL_30MIN_RAW;COSMOS-WYTH1-TDT2_SOILPERM_30MIN_RAW;COSMOS-WYTH1-TDT2_SOILEC_30MIN_RAW,Y,TDT probes moved?
WYTH1,2013-11-26 00:30:00,2013-12-13 09:00:00,COSMOS-WYTH1-PRECIP_30MIN_RAW,Y,Pluvio flatlining
WYTH1,2013-12-13 09:00:00,2013-12-20 09:30:00,ALL,N,Data Missing
WYTH1,2015-01-12 09:35:00,2015-01-12 09:45:00,COSMOS-WYTH1-PRECIP_30MIN_RAW,N,Raingauge emptied
WYTH1,2015-02-09 11:00:00,2099-12-31 23:30:00,COSMOS-WYTH1-RH_30MIN_RAW;COSMOS-WYTH1-Q_30MIN_RAW,Y,RH reading 0
WYTH1,2015-06-21 01:00:00,2099-12-31 23:30:00,COSMOS-WYTH1-PRECIP_30MIN_RAW,Y,Pluvio readings 0
WYTH1,2015-12-30 09:00:00,2099-12-31 23:30:00,COSMOS-WYTH1-PA_30MIN_RAW,Y,Atmospheric pressure flatlining
WYTH1,2015-12-30 11:30:00,2099-12-31 23:30:00,COSMOS-WYTH1-TA_30MIN_RAW,Y,Temperature flatlining
WYTH1,2015-12-30 12:00:00,2099-12-31 23:30:00,COSMOS-WYTH1-WS_30MIN_RAW;COSMOS-WYTH1-WD_30MIN_RAW,Y,Wind speed and direction flatlining
NWYKE,2014-12-09 08:00:00,2016-12-09 00:00:00,COSMOS-NWYKE-RH_30MIN_RAW;COSMOS-NWYKE-Q_30MIN_RAW,N,Q values zero
RDMER,2017-04-05 10:30:00,2017-04-05 11:00:00,COSMOS-RDMER-PRECIP_30MIN_RAW,Y,Crop watering
RDMER,2017-05-30 04:30:00,2017-05-31 00:00:00,COSMOS-RDMER-PRECIP_30MIN_RAW,Y,Erratic pluvio readings
CHIMN,2014-06-12 15:30:00,2014-07-01 16:00:00,COSMOS-CHIMN-PRECIP_30MIN_RAW,Y,Incorrect rain gauge readings
COCLP,2017-05-26 10:30:00,2017-05-26 10:30:00,COSMOS-COCLP-CTS_MOD_30MIN_RAW,Y,Site visit to fix COSMOS probe
COCLP,2017-05-26 09:30:00,2017-06-15 14:30:00,COSMOS-COCLP-STP_TSOIL2_30MIN_RAW;COSMOS-COCLP-STP_TSOIL5_30MIN_RAW;COSMOS-COCLP-STP_TSOIL10_30MIN_RAW;COSMOS-COCLP-STP_TSOIL20_30MIN_RAW;COSMOS-COCLP-STP_TSOIL50_30MIN_RAW;COSMOS-COCLP-LWIN_30MIN_RAW;COSMOS-COCLP-LWOUT_30MIN_RAW,Y,Fault with radiometer body temperature affecting STP and NR01
ROTHD,2014-07-28 14:30:00,2014-07-28 15:00:00,COSMOS-ROTHD-PRECIP_30MIN_RAW,Y,High precipitation readings- assumed irrigation
FINCH,2017-06-07 11:30:00,2017-06-21 17:30:00,COSMOS-FINCH-RH_30MIN_RAW,Y,RH readings showing no diurnal pattern
EASTB,2014-10-04 22:00:00,2016-11-15 13:00:00,COSMOS-EASTB-TDT1_TSOIL_30MIN_RAW,Y,TDT1 TSOIL failure- TDTs disconnected
EASTB,2015-03-24 08:00:00,2016-11-15 13:00:00,COSMOS-EASTB-TDT2_TSOIL_30MIN_RAW,Y,TDT2 TSOIL failure- TDTs disconnected
MOORH,2017-07-05 00:00:00,2017-07-14 09:00:00,COSMOS-MOORH-RH_30MIN_RAW;COSMOS-MOORH-Q_30MIN_RAW,Y,Hygroclip fault
MOORH,2015-04-08 11:00:00,2017-01-19 10:30:00,COSMOS-MOORH-SNOWD_DISTANCE_UNC_30MIN_RAW;COSMOS-MOORH-SNOWD_DISTANCE_COR_30MIN_RAW,Y,Snow depth sensor faulty
WRTTL,2017-07-04 10:30:00,2017-07-04 10:30:00,COSMOS-WRTTL-RHO_A_MEAN_30MIN_RAW;COSMOS-WRTTL-PA_30MIN_RAW,Y,First reading too low
HARWD,2015-05-22 12:00:00,2015-05-22 18:30:00,COSMOS-HARWD-LWIN_30MIN_RAW,Y,First readings from sensor too high
PLYNL,2015-12-23 11:30:00,2015-12-23 12:00:00,COSMOS-PLYNL-SWOUT_30MIN_RAW,Y,Unrealistically high values. Corresponding with when all other radiation components are null
HARWD,2015-05-20 00:00:00,2015-06-16 12:30:00,COSMOS-HARWD-G2_30MIN_RAW,Y,Soil heat flux plate not working after installation
HARWD,2015-07-28 01:00:00,2015-07-29 00:30:00,COSMOS-HARWD-G1_30MIN_RAW;COSMOS-HARWD-G2_30MIN_RAW,Y,Heat flux plates flatlining
LULLN,2015-08-30 09:30:00,2018-11-04 00:00:00,COSMOS-LULLN-G1_30MIN_RAW,Y,Erratic heat flux plate readings
RDMER,2015-07-16 23:30:00,2015-07-17 03:30:00,COSMOS-RDMER-G1_30MIN_RAW;COSMOS-RDMER-G2_30MIN_RAW,Y,Heat flux plate dropouts
ALIC1,2015-03-06 00:00:00,2015-04-14 13:30:00,COSMOS-ALIC1-TDT2_TSOIL_30MIN_RAW,Y,TDT2 tsoil flatlining
STGHT,2023-08-14 12:00:00,2023-08-18 00:00:00,COSMOS-STGHT-PRECIP_30MIN_RAW,Y,False rain with extremely noisy bucket level
COCLP,2015-12-03 12:30:00,2015-12-07 13:30:00,COSMOS-COCLP-TDT1_TSOIL_30MIN_RAW;COSMOS-COCLP-TDT2_TSOIL_30MIN_RAW,Y,TDT TSOIL readings flatlining
GLENS,2015-01-15 21:30:00,2015-02-15 13:00:00,COSMOS-GLENS-TDT2_TSOIL_30MIN_RAW,Y,Flatlining
HARTW,2015-01-28 08:00:00,2015-03-17 15:30:00,COSMOS-HARTW-TDT1_TSOIL_30MIN_RAW,Y,Flatlining
PLYNL,2015-01-16 00:30:00,2015-01-17 00:00:00,COSMOS-PLYNL-CTS_MOD_30MIN_RAW,N,CTS_MOD data unreliable due to snow.
GISBN,2015-01-17 00:30:00,2015-01-18 00:00:00,COSMOS-GISBN-CTS_MOD_30MIN_RAW,N,CTS_MOD data unreliable due to snow.
MOORH,2015-01-17 00:30:00,2015-01-18 00:00:00,COSMOS-MOORH-CTS_MOD_30MIN_RAW,N,CTS_MOD data unreliable due to snow.
MOORH,2018-02-14 00:30:00,2018-02-15 00:00:00,COSMOS-MOORH-CTS_MOD_30MIN_RAW,N,CTS_MOD data unreliable due to snow.
STIPS,2017-12-13 00:30:00,2017-12-14 00:00:00,COSMOS-STIPS-CTS_MOD_30MIN_RAW,N,CTS_MOD data unreliable due to snow.
SOURH,2018-02-13 00:30:00,2018-02-14 00:00:00,COSMOS-SOURH-CTS_MOD_30MIN_RAW,N,CTS_MOD data unreliable due to snow.
WADDN,2017-12-11 00:30:00,2017-12-12 00:00:00,COSMOS-WADDN-CTS_MOD_30MIN_RAW,N,CTS_MOD data unreliable due to snow.
CGARW,2017-12-11 00:30:00,2017-12-12 00:00:00,COSMOS-CGARW-CTS_MOD_30MIN_RAW,N,CTS_MOD data unreliable due to snow.
SHEEP,2017-12-11 00:30:00,2017-12-12 00:00:00,COSMOS-SHEEP-CTS_MOD_30MIN_RAW,N,CTS_MOD data unreliable due to snow.
SHEEP,2017-12-27 00:30:00,2017-12-28 00:00:00,COSMOS-SHEEP-CTS_MOD_30MIN_RAW,N,CTS_MOD data unreliable due to snow.
MOORH,2015-01-30 00:30:00,2015-01-31 00:00:00,COSMOS-MOORH-CTS_MOD_30MIN_RAW,N,CTS_MOD data unreliable due to snow.
CRICH,2015-02-02 00:30:00,2015-02-03 00:00:00,COSMOS-CRICH-CTS_MOD_30MIN_RAW,N,CTS_MOD data unreliable due to snow.
PLYNL,2015-01-31 00:30:00,2015-02-01 00:00:00,COSMOS-PLYNL-CTS_MOD_30MIN_RAW,N,CTS_MOD data unreliable due to snow.
PLYNL,2015-02-05 00:30:00,2015-02-06 00:00:00,COSMOS-PLYNL-CTS_MOD_30MIN_RAW,N,CTS_MOD data unreliable due to snow.
MOORH,2015-02-04 00:30:00,2015-02-05 00:00:00,COSMOS-MOORH-CTS_MOD_30MIN_RAW,N,CTS_MOD data unreliable due to snow.
GLENS,2017-02-10 00:30:00,2017-02-11 00:00:00,COSMOS-GLENS-CTS_MOD_30MIN_RAW,N,CTS_MOD data unreliable due to snow.
GLENS,2015-01-20 00:30:00,2015-01-21 00:00:00,COSMOS-GLENS-CTS_MOD_30MIN_RAW,N,CTS_MOD data unreliable due to snow.
MOORH,2016-01-16 00:30:00,2016-01-17 00:00:00,COSMOS-MOORH-CTS_MOD_30MIN_RAW,N,CTS_MOD data unreliable due to snow.
MOORH,2017-01-13 00:30:00,2017-01-14 00:00:00,COSMOS-MOORH-CTS_MOD_30MIN_RAW,N,CTS_MOD data unreliable due to snow.
GISBN,2015-01-23 00:30:00,2015-01-24 00:00:00,COSMOS-GISBN-CTS_MOD_30MIN_RAW,N,CTS_MOD data unreliable due to snow.
PLYNL,2015-01-23 00:30:00,2015-01-24 00:00:00,COSMOS-PLYNL-CTS_MOD_30MIN_RAW,N,CTS_MOD data unreliable due to snow.
MOORH,2016-01-17 00:30:00,2016-01-18 00:00:00,COSMOS-MOORH-CTS_MOD_30MIN_RAW,N,CTS_MOD data unreliable due to snow.
GLENW,2017-01-14 00:30:00,2017-01-15 00:00:00,COSMOS-GLENW-CTS_MOD_30MIN_RAW,N,CTS_MOD data unreliable due to snow.
SOURH,2016-01-17 00:30:00,2016-01-18 00:00:00,COSMOS-SOURH-CTS_MOD_30MIN_RAW,N,CTS_MOD data unreliable due to snow.
MOORH,2017-01-14 00:30:00,2017-01-15 00:00:00,COSMOS-MOORH-CTS_MOD_30MIN_RAW,N,CTS_MOD data unreliable due to snow.
SOURH,2016-02-15 00:30:00,2016-02-16 00:00:00,COSMOS-SOURH-CTS_MOD_30MIN_RAW,N,CTS_MOD data unreliable due to snow.
GLENS,2016-02-14 00:30:00,2016-02-15 00:00:00,COSMOS-GLENS-CTS_MOD_30MIN_RAW,N,CTS_MOD data unreliable due to snow.
MOORH,2016-02-14 00:30:00,2016-02-15 00:00:00,COSMOS-MOORH-CTS_MOD_30MIN_RAW,N,CTS_MOD data unreliable due to snow.
SOURH,2018-01-17 00:30:00,2018-01-18 00:00:00,COSMOS-SOURH-CTS_MOD_30MIN_RAW,N,CTS_MOD data unreliable due to snow.
GLENW,2018-01-21 00:30:00,2018-01-22 00:00:00,COSMOS-GLENW-CTS_MOD_30MIN_RAW,N,CTS_MOD data unreliable due to snow.
COCHN,2018-01-19 00:30:00,2018-01-20 00:00:00,COSMOS-COCHN-CTS_MOD_30MIN_RAW,N,CTS_MOD data unreliable due to snow.
GLENS,2016-04-27 00:30:00,2016-04-28 00:00:00,COSMOS-GLENS-CTS_MOD_30MIN_RAW,N,CTS_MOD data unreliable due to snow.
PLYNL,2015-01-17 00:30:00,2015-01-18 00:00:00,COSMOS-PLYNL-CTS_MOD_30MIN_RAW,N,CTS_MOD data unreliable due to snow.
MOORH,2018-02-15 00:30:00,2018-02-16 00:00:00,COSMOS-MOORH-CTS_MOD_30MIN_RAW,N,CTS_MOD data unreliable due to snow.
STIPS,2017-12-08 00:30:00,2017-12-09 00:00:00,COSMOS-STIPS-CTS_MOD_30MIN_RAW,N,CTS_MOD data unreliable due to snow.
STIPS,2017-12-12 00:30:00,2017-12-13 00:00:00,COSMOS-STIPS-CTS_MOD_30MIN_RAW,N,CTS_MOD data unreliable due to snow.
GLENW,2017-11-25 00:30:00,2017-11-26 00:00:00,COSMOS-GLENW-CTS_MOD_30MIN_RAW,N,CTS_MOD data unreliable due to snow.
HOLLN,2017-11-30 00:30:00,2017-12-01 00:00:00,COSMOS-HOLLN-CTS_MOD_30MIN_RAW,N,CTS_MOD data unreliable due to snow.
GLENS,2017-11-30 00:30:00,2017-12-01 00:00:00,COSMOS-GLENS-CTS_MOD_30MIN_RAW,N,CTS_MOD data unreliable due to snow.
GLENW,2017-12-11 00:30:00,2017-12-12 00:00:00,COSMOS-GLENW-CTS_MOD_30MIN_RAW,N,CTS_MOD data unreliable due to snow.
HILLB,2017-12-09 00:30:00,2017-12-10 00:00:00,COSMOS-HILLB-CTS_MOD_30MIN_RAW,N,CTS_MOD data unreliable due to snow.
HENFS,2017-12-11 00:30:00,2017-12-12 00:00:00,COSMOS-HENFS-CTS_MOD_30MIN_RAW,N,CTS_MOD data unreliable due to snow.
CARDT,2017-12-10 00:30:00,2017-12-11 00:00:00,COSMOS-CARDT-CTS_MOD_30MIN_RAW,N,CTS_MOD data unreliable due to snow.
WRTTL,2017-12-10 00:30:00,2017-12-11 00:00:00,COSMOS-WRTTL-CTS_MOD_30MIN_RAW,N,CTS_MOD data unreliable due to snow.
PLYNL,2017-12-11 00:30:00,2017-12-12 00:00:00,COSMOS-PLYNL-CTS_MOD_30MIN_RAW,N,CTS_MOD data unreliable due to snow.
GISBN,2017-12-12 00:30:00,2017-12-13 00:00:00,COSMOS-GISBN-CTS_MOD_30MIN_RAW,N,CTS_MOD data unreliable due to snow.
MOORH,2017-12-15 00:30:00,2017-12-16 00:00:00,COSMOS-MOORH-CTS_MOD_30MIN_RAW,N,CTS_MOD data unreliable due to snow.
HOLLN,2017-12-29 00:30:00,2017-12-30 00:00:00,COSMOS-HOLLN-CTS_MOD_30MIN_RAW,N,CTS_MOD data unreliable due to snow.
MOORH,2017-12-27 00:30:00,2017-12-28 00:00:00,COSMOS-MOORH-CTS_MOD_30MIN_RAW,N,CTS_MOD data unreliable due to snow.
PLYNL,2017-12-29 00:30:00,2017-12-30 00:00:00,COSMOS-PLYNL-CTS_MOD_30MIN_RAW,N,CTS_MOD data unreliable due to snow.
SPENF,2017-12-29 00:30:00,2017-12-30 00:00:00,COSMOS-SPENF-CTS_MOD_30MIN_RAW,N,CTS_MOD data unreliable due to snow.
GLENS,2016-01-08 00:30:00,2016-01-09 00:00:00,COSMOS-GLENS-CTS_MOD_30MIN_RAW,N,CTS_MOD data unreliable due to snow.
EASTB,2015-01-14 00:30:00,2015-01-15 00:00:00,COSMOS-EASTB-CTS_MOD_30MIN_RAW,N,CTS_MOD data unreliable due to snow.
MOORH,2015-01-31 00:30:00,2015-02-01 00:00:00,COSMOS-MOORH-CTS_MOD_30MIN_RAW,N,CTS_MOD data unreliable due to snow.
PLYNL,2015-02-01 00:30:00,2015-02-02 00:00:00,COSMOS-PLYNL-CTS_MOD_30MIN_RAW,N,CTS_MOD data unreliable due to snow.
STIPS,2015-02-02 00:30:00,2015-02-03 00:00:00,COSMOS-STIPS-CTS_MOD_30MIN_RAW,N,CTS_MOD data unreliable due to snow.
MOORH,2015-02-03 00:30:00,2015-02-04 00:00:00,COSMOS-MOORH-CTS_MOD_30MIN_RAW,N,CTS_MOD data unreliable due to snow.
SOURH,2015-02-04 00:30:00,2015-02-05 00:00:00,COSMOS-SOURH-CTS_MOD_30MIN_RAW,N,CTS_MOD data unreliable due to snow.
SOURH,2015-02-05 00:30:00,2015-02-06 00:00:00,COSMOS-SOURH-CTS_MOD_30MIN_RAW,N,CTS_MOD data unreliable due to snow.
PLYNL,2015-02-06 00:30:00,2015-02-07 00:00:00,COSMOS-PLYNL-CTS_MOD_30MIN_RAW,N,CTS_MOD data unreliable due to snow.
SOURH,2015-01-18 00:30:00,2015-01-19 00:00:00,COSMOS-SOURH-CTS_MOD_30MIN_RAW,N,CTS_MOD data unreliable due to snow.
MOORH,2016-01-14 00:30:00,2016-01-15 00:00:00,COSMOS-MOORH-CTS_MOD_30MIN_RAW,N,CTS_MOD data unreliable due to snow.
PLYNL,2015-01-19 00:30:00,2015-01-20 00:00:00,COSMOS-PLYNL-CTS_MOD_30MIN_RAW,N,CTS_MOD data unreliable due to snow.
MOORH,2015-01-21 00:30:00,2015-01-22 00:00:00,COSMOS-MOORH-CTS_MOD_30MIN_RAW,N,CTS_MOD data unreliable due to snow.
EASTB,2016-01-17 00:30:00,2016-01-18 00:00:00,COSMOS-EASTB-CTS_MOD_30MIN_RAW,N,CTS_MOD data unreliable due to snow.
PLYNL,2017-01-14 00:30:00,2017-01-15 00:00:00,COSMOS-PLYNL-CTS_MOD_30MIN_RAW,N,CTS_MOD data unreliable due to snow.
CRICH,2015-01-30 00:30:00,2015-01-31 00:00:00,COSMOS-CRICH-CTS_MOD_30MIN_RAW,N,CTS_MOD data unreliable due to snow.
GLENS,2018-01-07 00:30:00,2018-01-08 00:00:00,COSMOS-GLENS-CTS_MOD_30MIN_RAW,N,CTS_MOD data unreliable due to snow.
MOORH,2015-03-03 00:30:00,2015-03-04 00:00:00,COSMOS-MOORH-CTS_MOD_30MIN_RAW,N,CTS_MOD data unreliable due to snow.
SOURH,2016-02-16 00:30:00,2016-02-17 00:00:00,COSMOS-SOURH-CTS_MOD_30MIN_RAW,N,CTS_MOD data unreliable due to snow.
EASTB,2018-01-16 00:30:00,2018-01-17 00:00:00,COSMOS-EASTB-CTS_MOD_30MIN_RAW,N,CTS_MOD data unreliable due to snow.
MOORH,2018-01-21 00:30:00,2018-01-22 00:00:00,COSMOS-MOORH-CTS_MOD_30MIN_RAW,N,CTS_MOD data unreliable due to snow.
SOURH,2018-01-20 00:30:00,2018-01-21 00:00:00,COSMOS-SOURH-CTS_MOD_30MIN_RAW,N,CTS_MOD data unreliable due to snow.
PLYNL,2018-01-20 00:30:00,2018-01-21 00:00:00,COSMOS-PLYNL-CTS_MOD_30MIN_RAW,N,CTS_MOD data unreliable due to snow.
GISBN,2015-03-02 00:30:00,2015-03-03 00:00:00,COSMOS-GISBN-CTS_MOD_30MIN_RAW,N,CTS_MOD data unreliable due to snow.
GLENS,2017-02-09 00:30:00,2017-02-10 00:00:00,COSMOS-GLENS-CTS_MOD_30MIN_RAW,N,CTS_MOD data unreliable due to snow.
MOORH,2017-03-22 00:30:00,2017-03-23 00:00:00,COSMOS-MOORH-CTS_MOD_30MIN_RAW,N,CTS_MOD data unreliable due to snow.
MOORH,2016-04-29 00:30:00,2016-04-30 00:00:00,COSMOS-MOORH-CTS_MOD_30MIN_RAW,N,CTS_MOD data unreliable due to snow.
GLENS,2016-04-29 00:30:00,2016-04-30 00:00:00,COSMOS-GLENS-CTS_MOD_30MIN_RAW,N,CTS_MOD data unreliable due to snow.
MOORH,2015-11-21 00:30:00,2015-11-22 00:00:00,COSMOS-MOORH-CTS_MOD_30MIN_RAW,N,CTS_MOD data unreliable due to snow.
MOORH,2015-12-13 00:30:00,2015-12-14 00:00:00,COSMOS-MOORH-CTS_MOD_30MIN_RAW,N,CTS_MOD data unreliable due to snow.
MOORH,2017-12-26 00:30:00,2017-12-27 00:00:00,COSMOS-MOORH-CTS_MOD_30MIN_RAW,N,CTS_MOD data unreliable due to snow.
GLENS,2018-02-15 00:30:00,2018-02-16 00:00:00,COSMOS-GLENS-CTS_MOD_30MIN_RAW,N,CTS_MOD data unreliable due to snow.
STIPS,2017-12-09 00:30:00,2017-12-10 00:00:00,COSMOS-STIPS-CTS_MOD_30MIN_RAW,N,CTS_MOD data unreliable due to snow.
STIPS,2017-12-15 00:30:00,2017-12-16 00:00:00,COSMOS-STIPS-CTS_MOD_30MIN_RAW,N,CTS_MOD data unreliable due to snow.
MOORH,2018-02-06 00:30:00,2018-02-07 00:00:00,COSMOS-MOORH-CTS_MOD_30MIN_RAW,N,CTS_MOD data unreliable due to snow.
MOORH,2018-02-13 00:30:00,2018-02-14 00:00:00,COSMOS-MOORH-CTS_MOD_30MIN_RAW,N,CTS_MOD data unreliable due to snow.
SOURH,2018-02-11 00:30:00,2018-02-12 00:00:00,COSMOS-SOURH-CTS_MOD_30MIN_RAW,N,CTS_MOD data unreliable due to snow.
PLYNL,2017-12-09 00:30:00,2017-12-10 00:00:00,COSMOS-PLYNL-CTS_MOD_30MIN_RAW,N,CTS_MOD data unreliable due to snow.
CHIMN,2017-12-10 00:30:00,2017-12-11 00:00:00,COSMOS-CHIMN-CTS_MOD_30MIN_RAW,N,CTS_MOD data unreliable due to snow.
HENFS,2017-12-12 00:30:00,2017-12-13 00:00:00,COSMOS-HENFS-CTS_MOD_30MIN_RAW,N,CTS_MOD data unreliable due to snow.
GLENW,2017-12-12 00:30:00,2017-12-13 00:00:00,COSMOS-GLENW-CTS_MOD_30MIN_RAW,N,CTS_MOD data unreliable due to snow.
MOORH,2017-12-29 00:30:00,2017-12-30 00:00:00,COSMOS-MOORH-CTS_MOD_30MIN_RAW,N,CTS_MOD data unreliable due to snow.
MOORH,2017-12-28 00:30:00,2017-12-29 00:00:00,COSMOS-MOORH-CTS_MOD_30MIN_RAW,N,CTS_MOD data unreliable due to snow.
GLENS,2015-01-13 00:30:00,2015-01-14 00:00:00,COSMOS-GLENS-CTS_MOD_30MIN_RAW,N,CTS_MOD data unreliable due to snow.
CRICH,2015-01-31 00:30:00,2015-02-01 00:00:00,COSMOS-CRICH-CTS_MOD_30MIN_RAW,N,CTS_MOD data unreliable due to snow.
STIPS,2015-01-31 00:30:00,2015-02-01 00:00:00,COSMOS-STIPS-CTS_MOD_30MIN_RAW,N,CTS_MOD data unreliable due to snow.
STIPS,2015-02-03 00:30:00,2015-02-04 00:00:00,COSMOS-STIPS-CTS_MOD_30MIN_RAW,N,CTS_MOD data unreliable due to snow.
GISBN,2017-01-13 00:30:00,2017-01-14 00:00:00,COSMOS-GISBN-CTS_MOD_30MIN_RAW,N,CTS_MOD data unreliable due to snow.
EASTB,2015-01-29 00:30:00,2015-01-30 00:00:00,COSMOS-EASTB-CTS_MOD_30MIN_RAW,N,CTS_MOD data unreliable due to snow.
GISBN,2015-01-29 00:30:00,2015-01-30 00:00:00,COSMOS-GISBN-CTS_MOD_30MIN_RAW,N,CTS_MOD data unreliable due to snow.
PLYNL,2015-01-18 00:30:00,2015-01-19 00:00:00,COSMOS-PLYNL-CTS_MOD_30MIN_RAW,N,CTS_MOD data unreliable due to snow.
GLENS,2015-01-19 00:30:00,2015-01-20 00:00:00,COSMOS-GLENS-CTS_MOD_30MIN_RAW,N,CTS_MOD data unreliable due to snow.
SOURH,2015-02-07 00:30:00,2015-02-08 00:00:00,COSMOS-SOURH-CTS_MOD_30MIN_RAW,N,CTS_MOD data unreliable due to snow.
PLYNL,2015-02-10 00:30:00,2015-02-11 00:00:00,COSMOS-PLYNL-CTS_MOD_30MIN_RAW,N,CTS_MOD data unreliable due to snow.
SOURH,2016-01-15 00:30:00,2016-01-16 00:00:00,COSMOS-SOURH-CTS_MOD_30MIN_RAW,N,CTS_MOD data unreliable due to snow.
STIPS,2015-01-21 00:30:00,2015-01-22 00:00:00,COSMOS-STIPS-CTS_MOD_30MIN_RAW,N,CTS_MOD data unreliable due to snow.
PLYNL,2016-03-04 00:30:00,2016-03-05 00:00:00,COSMOS-PLYNL-CTS_MOD_30MIN_RAW,N,CTS_MOD data unreliable due to snow.
PLYNL,2016-01-17 00:30:00,2016-01-18 00:00:00,COSMOS-PLYNL-CTS_MOD_30MIN_RAW,N,CTS_MOD data unreliable due to snow.
MOORH,2016-01-18 00:30:00,2016-01-19 00:00:00,COSMOS-MOORH-CTS_MOD_30MIN_RAW,N,CTS_MOD data unreliable due to snow.
MOORH,2015-01-29 00:30:00,2015-01-30 00:00:00,COSMOS-MOORH-CTS_MOD_30MIN_RAW,N,CTS_MOD data unreliable due to snow.
SOURH,2018-01-22 00:30:00,2018-01-23 00:00:00,COSMOS-SOURH-CTS_MOD_30MIN_RAW,N,CTS_MOD data unreliable due to snow.
MOORH,2018-01-19 00:30:00,2018-01-20 00:00:00,COSMOS-MOORH-CTS_MOD_30MIN_RAW,N,CTS_MOD data unreliable due to snow.
MOORH,2018-02-05 00:30:00,2018-02-06 00:00:00,COSMOS-MOORH-CTS_MOD_30MIN_RAW,N,CTS_MOD data unreliable due to snow.
SOURH,2014-12-12 00:30:00,2014-12-13 00:00:00,COSMOS-SOURH-CTS_MOD_30MIN_RAW,N,CTS_MOD data unreliable due to snow.
GLENS,2014-12-12 00:30:00,2014-12-13 00:00:00,COSMOS-GLENS-CTS_MOD_30MIN_RAW,N,CTS_MOD data unreliable due to snow.
MOORH,2014-12-11 00:30:00,2014-12-12 00:00:00,COSMOS-MOORH-CTS_MOD_30MIN_RAW,N,CTS_MOD data unreliable due to snow. Data not being removed as this was the calibration day.
SOURH,2014-12-11 00:30:00,2014-12-12 00:00:00,COSMOS-SOURH-CTS_MOD_30MIN_RAW,N,CTS_MOD data unreliable due to snow.
MOORH,2014-12-12 00:30:00,2014-12-13 00:00:00,COSMOS-MOORH-CTS_MOD_30MIN_RAW,N,CTS_MOD data unreliable due to snow.
SOURH,2014-12-28 00:30:00,2014-12-29 00:00:00,COSMOS-SOURH-CTS_MOD_30MIN_RAW,N,CTS_MOD data unreliable due to snow.
SOURH,2014-12-29 00:30:00,2014-12-30 00:00:00,COSMOS-SOURH-CTS_MOD_30MIN_RAW,N,CTS_MOD data unreliable due to snow.
GLENS,2015-12-01 00:30:00,2015-12-02 00:00:00,COSMOS-GLENS-CTS_MOD_30MIN_RAW,N,CTS_MOD data unreliable due to snow.
PLYNL,2015-01-14 00:30:00,2015-01-15 00:00:00,COSMOS-PLYNL-CTS_MOD_30MIN_RAW,N,CTS_MOD data unreliable due to snow.
PLYNL,2015-01-15 00:30:00,2015-01-16 00:00:00,COSMOS-PLYNL-CTS_MOD_30MIN_RAW,N,CTS_MOD data unreliable due to snow.
MOORH,2018-02-09 00:30:00,2018-02-10 00:00:00,COSMOS-MOORH-CTS_MOD_30MIN_RAW,N,CTS_MOD data unreliable due to snow.
STIPS,2017-12-14 00:30:00,2017-12-15 00:00:00,COSMOS-STIPS-CTS_MOD_30MIN_RAW,N,CTS_MOD data unreliable due to snow.
GLENS,2018-02-13 00:30:00,2018-02-14 00:00:00,COSMOS-GLENS-CTS_MOD_30MIN_RAW,N,CTS_MOD data unreliable due to snow.
GLENW,2018-02-11 00:30:00,2018-02-12 00:00:00,COSMOS-GLENW-CTS_MOD_30MIN_RAW,N,CTS_MOD data unreliable due to snow.
GLENS,2017-12-01 00:30:00,2017-12-02 00:00:00,COSMOS-GLENS-CTS_MOD_30MIN_RAW,N,CTS_MOD data unreliable due to snow.
WADDN,2017-12-10 00:30:00,2017-12-11 00:00:00,COSMOS-WADDN-CTS_MOD_30MIN_RAW,N,CTS_MOD data unreliable due to snow.
PLYNL,2017-12-12 00:30:00,2017-12-13 00:00:00,COSMOS-PLYNL-CTS_MOD_30MIN_RAW,N,CTS_MOD data unreliable due to snow.
CGARW,2017-12-27 00:30:00,2017-12-28 00:00:00,COSMOS-CGARW-CTS_MOD_30MIN_RAW,N,CTS_MOD data unreliable due to snow.
PLYNL,2017-12-28 00:30:00,2017-12-29 00:00:00,COSMOS-PLYNL-CTS_MOD_30MIN_RAW,N,CTS_MOD data unreliable due to snow.
COCLP,2017-12-29 00:30:00,2017-12-30 00:00:00,COSMOS-COCLP-CTS_MOD_30MIN_RAW,N,CTS_MOD data unreliable due to snow.
GLENS,2016-01-09 00:30:00,2016-01-10 00:00:00,COSMOS-GLENS-CTS_MOD_30MIN_RAW,N,CTS_MOD data unreliable due to snow.
GISBN,2015-01-14 00:30:00,2015-01-15 00:00:00,COSMOS-GISBN-CTS_MOD_30MIN_RAW,N,CTS_MOD data unreliable due to snow.
PLYNL,2015-01-30 00:30:00,2015-01-31 00:00:00,COSMOS-PLYNL-CTS_MOD_30MIN_RAW,N,CTS_MOD data unreliable due to snow.
GLENS,2015-02-01 00:30:00,2015-02-02 00:00:00,COSMOS-GLENS-CTS_MOD_30MIN_RAW,N,CTS_MOD data unreliable due to snow.
MOORH,2015-02-02 00:30:00,2015-02-03 00:00:00,COSMOS-MOORH-CTS_MOD_30MIN_RAW,N,CTS_MOD data unreliable due to snow.
GLENS,2015-02-03 00:30:00,2015-02-04 00:00:00,COSMOS-GLENS-CTS_MOD_30MIN_RAW,N,CTS_MOD data unreliable due to snow.
PLYNL,2015-02-07 00:30:00,2015-02-08 00:00:00,COSMOS-PLYNL-CTS_MOD_30MIN_RAW,N,CTS_MOD data unreliable due to snow.
PLYNL,2015-01-22 00:30:00,2015-01-23 00:00:00,COSMOS-PLYNL-CTS_MOD_30MIN_RAW,N,CTS_MOD data unreliable due to snow.
SOURH,2016-01-14 00:30:00,2016-01-15 00:00:00,COSMOS-SOURH-CTS_MOD_30MIN_RAW,N,CTS_MOD data unreliable due to snow.
PLYNL,2017-01-12 00:30:00,2017-01-13 00:00:00,COSMOS-PLYNL-CTS_MOD_30MIN_RAW,N,CTS_MOD data unreliable due to snow.
PLYNL,2016-01-15 00:30:00,2016-01-16 00:00:00,COSMOS-PLYNL-CTS_MOD_30MIN_RAW,N,CTS_MOD data unreliable due to snow.
SOURH,2016-01-16 00:30:00,2016-01-17 00:00:00,COSMOS-SOURH-CTS_MOD_30MIN_RAW,N,CTS_MOD data unreliable due to snow.
GISBN,2016-01-17 00:30:00,2016-01-18 00:00:00,COSMOS-GISBN-CTS_MOD_30MIN_RAW,N,CTS_MOD data unreliable due to snow.
PLYNL,2015-01-29 00:30:00,2015-01-30 00:00:00,COSMOS-PLYNL-CTS_MOD_30MIN_RAW,N,CTS_MOD data unreliable due to snow.
COCHN,2018-01-18 00:30:00,2018-01-19 00:00:00,COSMOS-COCHN-CTS_MOD_30MIN_RAW,N,CTS_MOD data unreliable due to snow.
STIPS,2018-01-21 00:30:00,2018-01-22 00:00:00,COSMOS-STIPS-CTS_MOD_30MIN_RAW,N,CTS_MOD data unreliable due to snow.
GISBN,2018-01-21 00:30:00,2018-01-22 00:00:00,COSMOS-GISBN-CTS_MOD_30MIN_RAW,N,CTS_MOD data unreliable due to snow.
STIPS,2018-01-20 00:30:00,2018-01-21 00:00:00,COSMOS-STIPS-CTS_MOD_30MIN_RAW,N,CTS_MOD data unreliable due to snow.
GLENW,2018-01-20 00:30:00,2018-01-21 00:00:00,COSMOS-GLENW-CTS_MOD_30MIN_RAW,N,CTS_MOD data unreliable due to snow.
PLYNL,2016-03-07 00:30:00,2016-03-08 00:00:00,COSMOS-PLYNL-CTS_MOD_30MIN_RAW,N,CTS_MOD data unreliable due to snow.
PLYNL,2018-02-01 00:30:00,2018-02-02 00:00:00,COSMOS-PLYNL-CTS_MOD_30MIN_RAW,N,CTS_MOD data unreliable due to snow.
MOORH,2016-02-15 00:30:00,2016-02-16 00:00:00,COSMOS-MOORH-CTS_MOD_30MIN_RAW,N,CTS_MOD data unreliable due to snow.
MOORH,2015-03-02 00:30:00,2015-03-03 00:00:00,COSMOS-MOORH-CTS_MOD_30MIN_RAW,N,CTS_MOD data unreliable due to snow.
PLYNL,2014-12-29 00:30:00,2014-12-30 00:00:00,COSMOS-PLYNL-CTS_MOD_30MIN_RAW,N,CTS_MOD data unreliable due to snow.
PLYNL,2017-02-28 00:30:00,2017-03-01 00:00:00,COSMOS-PLYNL-CTS_MOD_30MIN_RAW,N,CTS_MOD data unreliable due to snow.
PLYNL,2017-03-22 00:30:00,2017-03-23 00:00:00,COSMOS-PLYNL-CTS_MOD_30MIN_RAW,N,CTS_MOD data unreliable due to snow.
GLENS,2016-04-26 00:30:00,2016-04-27 00:00:00,COSMOS-GLENS-CTS_MOD_30MIN_RAW,N,CTS_MOD data unreliable due to snow.
GLENS,2015-11-29 00:30:00,2015-11-30 00:00:00,COSMOS-GLENS-CTS_MOD_30MIN_RAW,N,CTS_MOD data unreliable due to snow.
MOORH,2015-12-12 00:30:00,2015-12-13 00:00:00,COSMOS-MOORH-CTS_MOD_30MIN_RAW,N,CTS_MOD data unreliable due to snow.
MOORH,2016-11-09 00:30:00,2016-11-10 00:00:00,COSMOS-MOORH-CTS_MOD_30MIN_RAW,N,CTS_MOD data unreliable due to snow.
MOORH,2016-11-20 00:30:00,2016-11-21 00:00:00,COSMOS-MOORH-CTS_MOD_30MIN_RAW,N,CTS_MOD data unreliable due to snow.
GLENS,2016-12-24 00:30:00,2016-12-25 00:00:00,COSMOS-GLENS-CTS_MOD_30MIN_RAW,N,CTS_MOD data unreliable due to snow.
STIPS,2015-01-14 00:30:00,2015-01-15 00:00:00,COSMOS-STIPS-CTS_MOD_30MIN_RAW,N,CTS_MOD data unreliable due to snow.
COCHN,2018-02-07 00:30:00,2018-02-08 00:00:00,COSMOS-COCHN-CTS_MOD_30MIN_RAW,N,CTS_MOD data unreliable due to snow.
PLYNL,2018-02-09 00:30:00,2018-02-10 00:00:00,COSMOS-PLYNL-CTS_MOD_30MIN_RAW,N,CTS_MOD data unreliable due to snow.
COCHN,2018-02-06 00:30:00,2018-02-07 00:00:00,COSMOS-COCHN-CTS_MOD_30MIN_RAW,N,CTS_MOD data unreliable due to snow.
STIPS,2015-01-17 00:30:00,2015-01-18 00:00:00,COSMOS-STIPS-CTS_MOD_30MIN_RAW,N,CTS_MOD data unreliable due to snow.
GISBN,2015-01-18 00:30:00,2015-01-19 00:00:00,COSMOS-GISBN-CTS_MOD_30MIN_RAW,N,CTS_MOD data unreliable due to snow.
GLENW,2018-02-12 00:30:00,2018-02-13 00:00:00,COSMOS-GLENW-CTS_MOD_30MIN_RAW,N,CTS_MOD data unreliable due to snow.
HILLB,2018-01-17 00:30:00,2018-01-18 00:00:00,COSMOS-HILLB-CTS_MOD_30MIN_RAW,N,CTS_MOD data unreliable due to snow.
PLYNL,2018-02-13 00:30:00,2018-02-14 00:00:00,COSMOS-PLYNL-CTS_MOD_30MIN_RAW,N,CTS_MOD data unreliable due to snow.
HILLB,2017-12-08 00:30:00,2017-12-09 00:00:00,COSMOS-HILLB-CTS_MOD_30MIN_RAW,N,CTS_MOD data unreliable due to snow.
GLENW,2017-12-09 00:30:00,2017-12-10 00:00:00,COSMOS-GLENW-CTS_MOD_30MIN_RAW,N,CTS_MOD data unreliable due to snow.
PLYNL,2017-12-10 00:30:00,2017-12-11 00:00:00,COSMOS-PLYNL-CTS_MOD_30MIN_RAW,N,CTS_MOD data unreliable due to snow.
HILLB,2017-12-11 00:30:00,2017-12-12 00:00:00,COSMOS-HILLB-CTS_MOD_30MIN_RAW,N,CTS_MOD data unreliable due to snow.
GLENW,2017-12-14 00:30:00,2017-12-15 00:00:00,COSMOS-GLENW-CTS_MOD_30MIN_RAW,N,CTS_MOD data unreliable due to snow.
GISBN,2017-12-29 00:30:00,2017-12-30 00:00:00,COSMOS-GISBN-CTS_MOD_30MIN_RAW,N,CTS_MOD data unreliable due to snow.
COCHN,2017-12-30 00:30:00,2017-12-31 00:00:00,COSMOS-COCHN-CTS_MOD_30MIN_RAW,N,CTS_MOD data unreliable due to snow.
ROTHD,2023-09-11 00:00:00,2023-09-12 00:00:00,COSMOS-ROTHD-PRECIP_30MIN_RAW,Y,False rain events
STIPS,2015-01-30 00:30:00,2015-01-31 00:00:00,COSMOS-STIPS-CTS_MOD_30MIN_RAW,N,CTS_MOD data unreliable due to snow.
SOURH,2015-01-31 00:30:00,2015-02-01 00:00:00,COSMOS-SOURH-CTS_MOD_30MIN_RAW,N,CTS_MOD data unreliable due to snow.
PLYNL,2015-02-02 00:30:00,2015-02-03 00:00:00,COSMOS-PLYNL-CTS_MOD_30MIN_RAW,N,CTS_MOD data unreliable due to snow.
CRICH,2015-01-29 00:30:00,2015-01-30 00:00:00,COSMOS-CRICH-CTS_MOD_30MIN_RAW,N,CTS_MOD data unreliable due to snow.
GLENS,2018-01-06 00:30:00,2018-01-07 00:00:00,COSMOS-GLENS-CTS_MOD_30MIN_RAW,N,CTS_MOD data unreliable due to snow.
GLENS,2016-02-12 00:30:00,2016-02-13 00:00:00,COSMOS-GLENS-CTS_MOD_30MIN_RAW,N,CTS_MOD data unreliable due to snow.
MOORH,2016-01-15 00:30:00,2016-01-16 00:00:00,COSMOS-MOORH-CTS_MOD_30MIN_RAW,N,CTS_MOD data unreliable due to snow.
GISBN,2015-01-22 00:30:00,2015-01-23 00:00:00,COSMOS-GISBN-CTS_MOD_30MIN_RAW,N,CTS_MOD data unreliable due to snow.
PLYNL,2017-01-13 00:30:00,2017-01-14 00:00:00,COSMOS-PLYNL-CTS_MOD_30MIN_RAW,N,CTS_MOD data unreliable due to snow.
PLYNL,2016-03-06 00:30:00,2016-03-07 00:00:00,COSMOS-PLYNL-CTS_MOD_30MIN_RAW,N,CTS_MOD data unreliable due to snow.
GISBN,2016-01-18 00:30:00,2016-01-19 00:00:00,COSMOS-GISBN-CTS_MOD_30MIN_RAW,N,CTS_MOD data unreliable due to snow.
COCHN,2018-01-16 00:30:00,2018-01-17 00:00:00,COSMOS-COCHN-CTS_MOD_30MIN_RAW,N,CTS_MOD data unreliable due to snow.
MOORH,2018-01-17 00:30:00,2018-01-18 00:00:00,COSMOS-MOORH-CTS_MOD_30MIN_RAW,N,CTS_MOD data unreliable due to snow.
SOURH,2018-01-18 00:30:00,2018-01-19 00:00:00,COSMOS-SOURH-CTS_MOD_30MIN_RAW,N,CTS_MOD data unreliable due to snow.
COCHN,2018-01-20 00:30:00,2018-01-21 00:00:00,COSMOS-COCHN-CTS_MOD_30MIN_RAW,N,CTS_MOD data unreliable due to snow.
MOORH,2018-01-18 00:30:00,2018-01-19 00:00:00,COSMOS-MOORH-CTS_MOD_30MIN_RAW,N,CTS_MOD data unreliable due to snow.
MOORH,2018-02-03 00:30:00,2018-02-04 00:00:00,COSMOS-MOORH-CTS_MOD_30MIN_RAW,N,CTS_MOD data unreliable due to snow.
GLENS,2017-04-25 00:30:00,2017-04-26 00:00:00,COSMOS-GLENS-CTS_MOD_30MIN_RAW,N,CTS_MOD data unreliable due to snow.
MOORH,2017-02-12 00:30:00,2017-02-13 00:00:00,COSMOS-MOORH-CTS_MOD_30MIN_RAW,N,CTS_MOD data unreliable due to snow.
GLENS,2017-02-11 00:30:00,2017-02-12 00:00:00,COSMOS-GLENS-CTS_MOD_30MIN_RAW,N,CTS_MOD data unreliable due to snow.
EASTB,2017-02-23 00:30:00,2017-02-24 00:00:00,COSMOS-EASTB-CTS_MOD_30MIN_RAW,N,CTS_MOD data unreliable due to snow.
GLENS,2017-02-24 00:30:00,2017-02-25 00:00:00,COSMOS-GLENS-CTS_MOD_30MIN_RAW,N,CTS_MOD data unreliable due to snow.
GLENS,2017-02-13 00:30:00,2017-02-14 00:00:00,COSMOS-GLENS-CTS_MOD_30MIN_RAW,N,CTS_MOD data unreliable due to snow.
MOORH,2016-11-18 00:30:00,2016-11-19 00:00:00,COSMOS-MOORH-CTS_MOD_30MIN_RAW,N,CTS_MOD data unreliable due to snow.
GLENS,2016-01-12 00:30:00,2016-01-13 00:00:00,COSMOS-GLENS-CTS_MOD_30MIN_RAW,N,CTS_MOD data unreliable due to snow.
MOORH,2018-02-07 00:30:00,2018-02-08 00:00:00,COSMOS-MOORH-CTS_MOD_30MIN_RAW,N,CTS_MOD data unreliable due to snow.
GLENW,2018-02-07 00:30:00,2018-02-08 00:00:00,COSMOS-GLENW-CTS_MOD_30MIN_RAW,N,CTS_MOD data unreliable due to snow.
SOURH,2018-02-07 00:30:00,2018-02-08 00:00:00,COSMOS-SOURH-CTS_MOD_30MIN_RAW,N,CTS_MOD data unreliable due to snow.
GLENW,2018-02-09 00:30:00,2018-02-10 00:00:00,COSMOS-GLENW-CTS_MOD_30MIN_RAW,N,CTS_MOD data unreliable due to snow.
COCHN,2018-02-12 00:30:00,2018-02-13 00:00:00,COSMOS-COCHN-CTS_MOD_30MIN_RAW,N,CTS_MOD data unreliable due to snow.
STIPS,2017-12-10 00:30:00,2017-12-11 00:00:00,COSMOS-STIPS-CTS_MOD_30MIN_RAW,N,CTS_MOD data unreliable due to snow.
SOURH,2018-02-14 00:30:00,2018-02-15 00:00:00,COSMOS-SOURH-CTS_MOD_30MIN_RAW,N,CTS_MOD data unreliable due to snow.
GISBN,2017-12-09 00:30:00,2017-12-10 00:00:00,COSMOS-GISBN-CTS_MOD_30MIN_RAW,N,CTS_MOD data unreliable due to snow.
GISBN,2017-12-10 00:30:00,2017-12-11 00:00:00,COSMOS-GISBN-CTS_MOD_30MIN_RAW,N,CTS_MOD data unreliable due to snow.
GLENW,2017-12-10 00:30:00,2017-12-11 00:00:00,COSMOS-GLENW-CTS_MOD_30MIN_RAW,N,CTS_MOD data unreliable due to snow.
CGARW,2017-12-10 00:30:00,2017-12-11 00:00:00,COSMOS-CGARW-CTS_MOD_30MIN_RAW,N,CTS_MOD data unreliable due to snow.
SHEEP,2017-12-12 00:30:00,2017-12-13 00:00:00,COSMOS-SHEEP-CTS_MOD_30MIN_RAW,N,CTS_MOD data unreliable due to snow.
STIPS,2017-12-27 00:30:00,2017-12-28 00:00:00,COSMOS-STIPS-CTS_MOD_30MIN_RAW,N,CTS_MOD data unreliable due to snow.
MOORH,2017-12-30 00:30:00,2017-12-31 00:00:00,COSMOS-MOORH-CTS_MOD_30MIN_RAW,N,CTS_MOD data unreliable due to snow.
SOURH,2017-12-29 00:30:00,2017-12-30 00:00:00,COSMOS-SOURH-CTS_MOD_30MIN_RAW,N,CTS_MOD data unreliable due to snow.
ROTHD,2023-09-13 00:00:00,2023-09-15 00:00:00,COSMOS-ROTHD-PRECIP_30MIN_RAW,Y,False rain events
CRICH,2015-02-03 00:30:00,2015-02-04 00:00:00,COSMOS-CRICH-CTS_MOD_30MIN_RAW,N,CTS_MOD data unreliable due to snow.
MOORH,2015-02-05 00:30:00,2015-02-06 00:00:00,COSMOS-MOORH-CTS_MOD_30MIN_RAW,N,CTS_MOD data unreliable due to snow.
GLENS,2015-01-31 00:30:00,2015-02-01 00:00:00,COSMOS-GLENS-CTS_MOD_30MIN_RAW,N,CTS_MOD data unreliable due to snow.
GISBN,2015-01-19 00:30:00,2015-01-20 00:00:00,COSMOS-GISBN-CTS_MOD_30MIN_RAW,N,CTS_MOD data unreliable due to snow.
PLYNL,2015-02-12 00:30:00,2015-02-13 00:00:00,COSMOS-PLYNL-CTS_MOD_30MIN_RAW,N,CTS_MOD data unreliable due to snow.
STIPS,2015-01-19 00:30:00,2015-01-20 00:00:00,COSMOS-STIPS-CTS_MOD_30MIN_RAW,N,CTS_MOD data unreliable due to snow.
GISBN,2015-01-20 00:30:00,2015-01-21 00:00:00,COSMOS-GISBN-CTS_MOD_30MIN_RAW,N,CTS_MOD data unreliable due to snow.
SOURH,2017-01-12 00:30:00,2017-01-13 00:00:00,COSMOS-SOURH-CTS_MOD_30MIN_RAW,N,CTS_MOD data unreliable due to snow.
EASTB,2016-01-15 00:30:00,2016-01-16 00:00:00,COSMOS-EASTB-CTS_MOD_30MIN_RAW,N,CTS_MOD data unreliable due to snow.
EASTB,2016-01-16 00:30:00,2016-01-17 00:00:00,COSMOS-EASTB-CTS_MOD_30MIN_RAW,N,CTS_MOD data unreliable due to snow.
SOURH,2015-01-20 00:30:00,2015-01-21 00:00:00,COSMOS-SOURH-CTS_MOD_30MIN_RAW,N,CTS_MOD data unreliable due to snow.
GISBN,2016-03-04 00:30:00,2016-03-05 00:00:00,COSMOS-GISBN-CTS_MOD_30MIN_RAW,N,CTS_MOD data unreliable due to snow.
SOURH,2015-01-29 00:30:00,2015-01-30 00:00:00,COSMOS-SOURH-CTS_MOD_30MIN_RAW,N,CTS_MOD data unreliable due to snow.
EASTB,2018-01-17 00:30:00,2018-01-18 00:00:00,COSMOS-EASTB-CTS_MOD_30MIN_RAW,N,CTS_MOD data unreliable due to snow.
GLENS,2016-02-15 00:30:00,2016-02-16 00:00:00,COSMOS-GLENS-CTS_MOD_30MIN_RAW,N,CTS_MOD data unreliable due to snow.
COCHN,2018-01-22 00:30:00,2018-01-23 00:00:00,COSMOS-COCHN-CTS_MOD_30MIN_RAW,N,CTS_MOD data unreliable due to snow.
MOORH,2018-02-04 00:30:00,2018-02-05 00:00:00,COSMOS-MOORH-CTS_MOD_30MIN_RAW,N,CTS_MOD data unreliable due to snow.
MOORH,2014-12-13 00:30:00,2014-12-14 00:00:00,COSMOS-MOORH-CTS_MOD_30MIN_RAW,N,CTS_MOD data unreliable due to snow.
PLYNL,2014-12-27 00:30:00,2014-12-28 00:00:00,COSMOS-PLYNL-CTS_MOD_30MIN_RAW,N,CTS_MOD data unreliable due to snow.
GLENS,2017-02-12 00:30:00,2017-02-13 00:00:00,COSMOS-GLENS-CTS_MOD_30MIN_RAW,N,CTS_MOD data unreliable due to snow.
PLYNL,2015-11-21 00:30:00,2015-11-22 00:00:00,COSMOS-PLYNL-CTS_MOD_30MIN_RAW,N,CTS_MOD data unreliable due to snow.
GLENS,2015-11-30 00:30:00,2015-12-01 00:00:00,COSMOS-GLENS-CTS_MOD_30MIN_RAW,N,CTS_MOD data unreliable due to snow.
GISBN,2016-11-09 00:30:00,2016-11-10 00:00:00,COSMOS-GISBN-CTS_MOD_30MIN_RAW,N,CTS_MOD data unreliable due to snow.
MOORH,2016-11-21 00:30:00,2016-11-22 00:00:00,COSMOS-MOORH-CTS_MOD_30MIN_RAW,N,CTS_MOD data unreliable due to snow.
MOORH,2015-01-14 00:30:00,2015-01-15 00:00:00,COSMOS-MOORH-CTS_MOD_30MIN_RAW,N,CTS_MOD data unreliable due to snow.
GLENS,2018-02-14 00:30:00,2018-02-15 00:00:00,COSMOS-GLENS-CTS_MOD_30MIN_RAW,N,CTS_MOD data unreliable due to snow.
STIPS,2017-12-11 00:30:00,2017-12-12 00:00:00,COSMOS-STIPS-CTS_MOD_30MIN_RAW,N,CTS_MOD data unreliable due to snow.
GLENW,2018-02-06 00:30:00,2018-02-07 00:00:00,COSMOS-GLENW-CTS_MOD_30MIN_RAW,N,CTS_MOD data unreliable due to snow.
MOORH,2018-02-10 00:30:00,2018-02-11 00:00:00,COSMOS-MOORH-CTS_MOD_30MIN_RAW,N,CTS_MOD data unreliable due to snow.
GLENW,2017-12-08 00:30:00,2017-12-09 00:00:00,COSMOS-GLENW-CTS_MOD_30MIN_RAW,N,CTS_MOD data unreliable due to snow.
CARDT,2017-12-12 00:30:00,2017-12-13 00:00:00,COSMOS-CARDT-CTS_MOD_30MIN_RAW,N,CTS_MOD data unreliable due to snow.
CHIMN,2017-12-12 00:30:00,2017-12-13 00:00:00,COSMOS-CHIMN-CTS_MOD_30MIN_RAW,N,CTS_MOD data unreliable due to snow.
CHIMN,2017-12-11 00:30:00,2017-12-12 00:00:00,COSMOS-CHIMN-CTS_MOD_30MIN_RAW,N,CTS_MOD data unreliable due to snow.
HENFS,2017-12-10 00:30:00,2017-12-11 00:00:00,COSMOS-HENFS-CTS_MOD_30MIN_RAW,N,CTS_MOD data unreliable due to snow.
HILLB,2017-12-12 00:30:00,2017-12-13 00:00:00,COSMOS-HILLB-CTS_MOD_30MIN_RAW,N,CTS_MOD data unreliable due to snow.
PLYNL,2017-12-14 00:30:00,2017-12-15 00:00:00,COSMOS-PLYNL-CTS_MOD_30MIN_RAW,N,CTS_MOD data unreliable due to snow.
MOORH,2017-12-16 00:30:00,2017-12-17 00:00:00,COSMOS-MOORH-CTS_MOD_30MIN_RAW,N,CTS_MOD data unreliable due to snow.
CGARW,2017-12-28 00:30:00,2017-12-29 00:00:00,COSMOS-CGARW-CTS_MOD_30MIN_RAW,N,CTS_MOD data unreliable due to snow.
SOURH,2017-12-28 00:30:00,2017-12-29 00:00:00,COSMOS-SOURH-CTS_MOD_30MIN_RAW,N,CTS_MOD data unreliable due to snow.
COCHN,2017-12-29 00:30:00,2017-12-30 00:00:00,COSMOS-COCHN-CTS_MOD_30MIN_RAW,N,CTS_MOD data unreliable due to snow.
SOURH,2015-01-30 00:30:00,2015-01-31 00:00:00,COSMOS-SOURH-CTS_MOD_30MIN_RAW,N,CTS_MOD data unreliable due to snow.
MOORH,2015-02-01 00:30:00,2015-02-02 00:00:00,COSMOS-MOORH-CTS_MOD_30MIN_RAW,N,CTS_MOD data unreliable due to snow.
CRICH,2015-02-01 00:30:00,2015-02-02 00:00:00,COSMOS-CRICH-CTS_MOD_30MIN_RAW,N,CTS_MOD data unreliable due to snow.
STIPS,2015-02-01 00:30:00,2015-02-02 00:00:00,COSMOS-STIPS-CTS_MOD_30MIN_RAW,N,CTS_MOD data unreliable due to snow.
PLYNL,2015-02-04 00:30:00,2015-02-05 00:00:00,COSMOS-PLYNL-CTS_MOD_30MIN_RAW,N,CTS_MOD data unreliable due to snow.
GLENS,2015-02-04 00:30:00,2015-02-05 00:00:00,COSMOS-GLENS-CTS_MOD_30MIN_RAW,N,CTS_MOD data unreliable due to snow.
SOURH,2015-02-03 00:30:00,2015-02-04 00:00:00,COSMOS-SOURH-CTS_MOD_30MIN_RAW,N,CTS_MOD data unreliable due to snow.
SOURH,2015-02-06 00:30:00,2015-02-07 00:00:00,COSMOS-SOURH-CTS_MOD_30MIN_RAW,N,CTS_MOD data unreliable due to snow.
SOURH,2015-01-24 00:30:00,2015-01-25 00:00:00,COSMOS-SOURH-CTS_MOD_30MIN_RAW,N,CTS_MOD data unreliable due to snow.
SOURH,2015-01-23 00:30:00,2015-01-24 00:00:00,COSMOS-SOURH-CTS_MOD_30MIN_RAW,N,CTS_MOD data unreliable due to snow.
PLYNL,2015-02-11 00:30:00,2015-02-12 00:00:00,COSMOS-PLYNL-CTS_MOD_30MIN_RAW,N,CTS_MOD data unreliable due to snow.
GLENS,2015-02-23 00:30:00,2015-02-24 00:00:00,COSMOS-GLENS-CTS_MOD_30MIN_RAW,N,CTS_MOD data unreliable due to snow.
GLENS,2016-02-13 00:30:00,2016-02-14 00:00:00,COSMOS-GLENS-CTS_MOD_30MIN_RAW,N,CTS_MOD data unreliable due to snow.
GISBN,2015-01-21 00:30:00,2015-01-22 00:00:00,COSMOS-GISBN-CTS_MOD_30MIN_RAW,N,CTS_MOD data unreliable due to snow.
GLENW,2017-01-13 00:30:00,2017-01-14 00:00:00,COSMOS-GLENW-CTS_MOD_30MIN_RAW,N,CTS_MOD data unreliable due to snow.
GLENS,2015-01-22 00:30:00,2015-01-23 00:00:00,COSMOS-GLENS-CTS_MOD_30MIN_RAW,N,CTS_MOD data unreliable due to snow.
HENFS,2016-03-04 00:30:00,2016-03-05 00:00:00,COSMOS-HENFS-CTS_MOD_30MIN_RAW,N,CTS_MOD data unreliable due to snow.
MOORH,2015-01-22 00:30:00,2015-01-23 00:00:00,COSMOS-MOORH-CTS_MOD_30MIN_RAW,N,CTS_MOD data unreliable due to snow.
MOORH,2015-01-23 00:30:00,2015-01-24 00:00:00,COSMOS-MOORH-CTS_MOD_30MIN_RAW,N,CTS_MOD data unreliable due to snow.
STIPS,2015-01-29 00:30:00,2015-01-30 00:00:00,COSMOS-STIPS-CTS_MOD_30MIN_RAW,N,CTS_MOD data unreliable due to snow.
EASTB,2015-01-30 00:30:00,2015-01-31 00:00:00,COSMOS-EASTB-CTS_MOD_30MIN_RAW,N,CTS_MOD data unreliable due to snow.
GISBN,2015-01-30 00:30:00,2015-01-31 00:00:00,COSMOS-GISBN-CTS_MOD_30MIN_RAW,N,CTS_MOD data unreliable due to snow.
GLENS,2018-01-08 00:30:00,2018-01-09 00:00:00,COSMOS-GLENS-CTS_MOD_30MIN_RAW,N,CTS_MOD data unreliable due to snow.
COCHN,2018-01-17 00:30:00,2018-01-18 00:00:00,COSMOS-COCHN-CTS_MOD_30MIN_RAW,N,CTS_MOD data unreliable due to snow.
PLYNL,2015-03-03 00:30:00,2015-03-04 00:00:00,COSMOS-PLYNL-CTS_MOD_30MIN_RAW,N,CTS_MOD data unreliable due to snow.
MOORH,2016-02-16 00:30:00,2016-02-17 00:00:00,COSMOS-MOORH-CTS_MOD_30MIN_RAW,N,CTS_MOD data unreliable due to snow.
GLENW,2018-01-16 00:30:00,2018-01-17 00:00:00,COSMOS-GLENW-CTS_MOD_30MIN_RAW,N,CTS_MOD data unreliable due to snow.
GLENW,2018-01-17 00:30:00,2018-01-18 00:00:00,COSMOS-GLENW-CTS_MOD_30MIN_RAW,N,CTS_MOD data unreliable due to snow.
SOURH,2018-01-21 00:30:00,2018-01-22 00:00:00,COSMOS-SOURH-CTS_MOD_30MIN_RAW,N,CTS_MOD data unreliable due to snow.
EASTB,2018-01-21 00:30:00,2018-01-22 00:00:00,COSMOS-EASTB-CTS_MOD_30MIN_RAW,N,CTS_MOD data unreliable due to snow.
COCHN,2018-01-21 00:30:00,2018-01-22 00:00:00,COSMOS-COCHN-CTS_MOD_30MIN_RAW,N,CTS_MOD data unreliable due to snow.
SOURH,2018-01-19 00:30:00,2018-01-20 00:00:00,COSMOS-SOURH-CTS_MOD_30MIN_RAW,N,CTS_MOD data unreliable due to snow.
EASTB,2018-01-20 00:30:00,2018-01-21 00:00:00,COSMOS-EASTB-CTS_MOD_30MIN_RAW,N,CTS_MOD data unreliable due to snow.
EASTB,2018-01-19 00:30:00,2018-01-20 00:00:00,COSMOS-EASTB-CTS_MOD_30MIN_RAW,N,CTS_MOD data unreliable due to snow.
GLENW,2018-01-18 00:30:00,2018-01-19 00:00:00,COSMOS-GLENW-CTS_MOD_30MIN_RAW,N,CTS_MOD data unreliable due to snow.
GLENS,2014-12-10 00:30:00,2014-12-11 00:00:00,COSMOS-GLENS-CTS_MOD_30MIN_RAW,N,CTS_MOD data unreliable due to snow.
GLENS,2014-12-11 00:30:00,2014-12-12 00:00:00,COSMOS-GLENS-CTS_MOD_30MIN_RAW,N,CTS_MOD data unreliable due to snow.
PLYNL,2015-02-21 00:30:00,2015-02-22 00:00:00,COSMOS-PLYNL-CTS_MOD_30MIN_RAW,N,CTS_MOD data unreliable due to snow.
SOURH,2014-12-13 00:30:00,2014-12-14 00:00:00,COSMOS-SOURH-CTS_MOD_30MIN_RAW,N,CTS_MOD data unreliable due to snow.
PLYNL,2014-12-28 00:30:00,2014-12-29 00:00:00,COSMOS-PLYNL-CTS_MOD_30MIN_RAW,N,CTS_MOD data unreliable due to snow.
GLENS,2017-02-23 00:30:00,2017-02-24 00:00:00,COSMOS-GLENS-CTS_MOD_30MIN_RAW,N,CTS_MOD data unreliable due to snow.
GLENS,2015-11-21 00:30:00,2015-11-22 00:00:00,COSMOS-GLENS-CTS_MOD_30MIN_RAW,N,CTS_MOD data unreliable due to snow.
PLYNL,2016-11-21 00:30:00,2016-11-22 00:00:00,COSMOS-PLYNL-CTS_MOD_30MIN_RAW,N,CTS_MOD data unreliable due to snow.
SOURH,2018-02-09 00:30:00,2018-02-10 00:00:00,COSMOS-SOURH-CTS_MOD_30MIN_RAW,N,CTS_MOD data unreliable due to snow.
MOORH,2015-01-18 00:30:00,2015-01-19 00:00:00,COSMOS-MOORH-CTS_MOD_30MIN_RAW,N,CTS_MOD data unreliable due to snow.
MOORH,2018-02-12 00:30:00,2018-02-13 00:00:00,COSMOS-MOORH-CTS_MOD_30MIN_RAW,N,CTS_MOD data unreliable due to snow.
STIPS,2017-12-16 00:30:00,2017-12-17 00:00:00,COSMOS-STIPS-CTS_MOD_30MIN_RAW,N,CTS_MOD data unreliable due to snow.
SOURH,2018-02-06 00:30:00,2018-02-07 00:00:00,COSMOS-SOURH-CTS_MOD_30MIN_RAW,N,CTS_MOD data unreliable due to snow.
PLYNL,2018-02-06 00:30:00,2018-02-07 00:00:00,COSMOS-PLYNL-CTS_MOD_30MIN_RAW,N,CTS_MOD data unreliable due to snow.
MOORH,2018-02-11 00:30:00,2018-02-12 00:00:00,COSMOS-MOORH-CTS_MOD_30MIN_RAW,N,CTS_MOD data unreliable due to snow.
COCHN,2017-11-24 00:30:00,2017-11-25 00:00:00,COSMOS-COCHN-CTS_MOD_30MIN_RAW,N,CTS_MOD data unreliable due to snow.
HENFS,2017-12-09 00:30:00,2017-12-10 00:00:00,COSMOS-HENFS-CTS_MOD_30MIN_RAW,N,CTS_MOD data unreliable due to snow.
PLYNL,2017-12-08 00:30:00,2017-12-09 00:00:00,COSMOS-PLYNL-CTS_MOD_30MIN_RAW,N,CTS_MOD data unreliable due to snow.
SHEEP,2017-12-10 00:30:00,2017-12-11 00:00:00,COSMOS-SHEEP-CTS_MOD_30MIN_RAW,N,CTS_MOD data unreliable due to snow.
HILLB,2017-12-10 00:30:00,2017-12-11 00:00:00,COSMOS-HILLB-CTS_MOD_30MIN_RAW,N,CTS_MOD data unreliable due to snow.
CARDT,2017-12-11 00:30:00,2017-12-12 00:00:00,COSMOS-CARDT-CTS_MOD_30MIN_RAW,N,CTS_MOD data unreliable due to snow.
BICKL,2017-12-08 00:30:00,2017-12-09 00:00:00,COSMOS-BICKL-CTS_MOD_30MIN_RAW,N,CTS_MOD data unreliable due to snow.
WADDN,2017-12-12 00:30:00,2017-12-13 00:00:00,COSMOS-WADDN-CTS_MOD_30MIN_RAW,N,CTS_MOD data unreliable due to snow.
SOURH,2017-12-26 00:30:00,2017-12-27 00:00:00,COSMOS-SOURH-CTS_MOD_30MIN_RAW,N,CTS_MOD data unreliable due to snow.
HARTW,2017-12-28 00:30:00,2017-12-29 00:00:00,COSMOS-HARTW-CTS_MOD_30MIN_RAW,N,CTS_MOD data unreliable due to snow.
SOURH,2017-12-27 00:30:00,2017-12-28 00:00:00,COSMOS-SOURH-CTS_MOD_30MIN_RAW,N,CTS_MOD data unreliable due to snow.
PLYNL,2017-12-27 00:30:00,2017-12-28 00:00:00,COSMOS-PLYNL-CTS_MOD_30MIN_RAW,N,CTS_MOD data unreliable due to snow.
PLYNL,2015-01-13 00:30:00,2015-01-14 00:00:00,COSMOS-PLYNL-CTS_MOD_30MIN_RAW,N,CTS_MOD data unreliable due to snow.
GLENS,2015-01-14 00:30:00,2015-01-15 00:00:00,COSMOS-GLENS-CTS_MOD_30MIN_RAW,N,CTS_MOD data unreliable due to snow.
LODTN,2018-01-21 00:30:00,2018-01-22 00:00:00,COSMOS-LODTN-CTS_MOD_30MIN_RAW,N,CTS_MOD data unreliable due to snow.
HARTW,2015-01-17 00:30:00,2015-01-18 00:00:00,COSMOS-HARTW-CTS_MOD_30MIN_RAW,N,CTS_MOD data unreliable due to snow.
SOURH,2015-02-01 00:30:00,2015-02-02 00:00:00,COSMOS-SOURH-CTS_MOD_30MIN_RAW,N,CTS_MOD data unreliable due to snow.
PLYNL,2015-02-03 00:30:00,2015-02-04 00:00:00,COSMOS-PLYNL-CTS_MOD_30MIN_RAW,N,CTS_MOD data unreliable due to snow.
PORTN,2015-02-03 00:30:00,2015-02-04 00:00:00,COSMOS-PORTN-CTS_MOD_30MIN_RAW,N,CTS_MOD data unreliable due to snow.
STGHT,2016-01-17 00:30:00,2016-01-18 00:00:00,COSMOS-STGHT-CTS_MOD_30MIN_RAW,N,CTS_MOD data unreliable due to snow.
GLENS,2015-02-02 00:30:00,2015-02-03 00:00:00,COSMOS-GLENS-CTS_MOD_30MIN_RAW,N,CTS_MOD data unreliable due to snow.
SOURH,2015-02-02 00:30:00,2015-02-03 00:00:00,COSMOS-SOURH-CTS_MOD_30MIN_RAW,N,CTS_MOD data unreliable due to snow.
CRICH,2016-01-17 00:30:00,2016-01-18 00:00:00,COSMOS-CRICH-CTS_MOD_30MIN_RAW,N,CTS_MOD data unreliable due to snow.
HARTW,2015-01-20 00:30:00,2015-01-21 00:00:00,COSMOS-HARTW-CTS_MOD_30MIN_RAW,N,CTS_MOD data unreliable due to snow.
SOURH,2015-02-08 00:30:00,2015-02-09 00:00:00,COSMOS-SOURH-CTS_MOD_30MIN_RAW,N,CTS_MOD data unreliable due to snow.
PLYNL,2015-02-08 00:30:00,2015-02-09 00:00:00,COSMOS-PLYNL-CTS_MOD_30MIN_RAW,N,CTS_MOD data unreliable due to snow.
EASTB,2016-02-13 00:30:00,2016-02-14 00:00:00,COSMOS-EASTB-CTS_MOD_30MIN_RAW,N,CTS_MOD data unreliable due to snow.
PLYNL,2015-02-09 00:30:00,2015-02-10 00:00:00,COSMOS-PLYNL-CTS_MOD_30MIN_RAW,N,CTS_MOD data unreliable due to snow.
MOORH,2015-01-19 00:30:00,2015-01-20 00:00:00,COSMOS-MOORH-CTS_MOD_30MIN_RAW,N,CTS_MOD data unreliable due to snow.
PLYNL,2016-01-14 00:30:00,2016-01-15 00:00:00,COSMOS-PLYNL-CTS_MOD_30MIN_RAW,N,CTS_MOD data unreliable due to snow.
SOURH,2015-01-19 00:30:00,2015-01-20 00:00:00,COSMOS-SOURH-CTS_MOD_30MIN_RAW,N,CTS_MOD data unreliable due to snow.
PLYNL,2015-01-20 00:30:00,2015-01-21 00:00:00,COSMOS-PLYNL-CTS_MOD_30MIN_RAW,N,CTS_MOD data unreliable due to snow.
PLYNL,2015-01-21 00:30:00,2015-01-22 00:00:00,COSMOS-PLYNL-CTS_MOD_30MIN_RAW,N,CTS_MOD data unreliable due to snow.
MOORH,2015-01-20 00:30:00,2015-01-21 00:00:00,COSMOS-MOORH-CTS_MOD_30MIN_RAW,N,CTS_MOD data unreliable due to snow.
STIPS,2015-01-20 00:30:00,2015-01-21 00:00:00,COSMOS-STIPS-CTS_MOD_30MIN_RAW,N,CTS_MOD data unreliable due to snow.
SOURH,2015-01-21 00:30:00,2015-01-22 00:00:00,COSMOS-SOURH-CTS_MOD_30MIN_RAW,N,CTS_MOD data unreliable due to snow.
SOURH,2015-01-22 00:30:00,2015-01-23 00:00:00,COSMOS-SOURH-CTS_MOD_30MIN_RAW,N,CTS_MOD data unreliable due to snow.
SOURH,2017-01-13 00:30:00,2017-01-14 00:00:00,COSMOS-SOURH-CTS_MOD_30MIN_RAW,N,CTS_MOD data unreliable due to snow.
PLYNL,2016-01-16 00:30:00,2016-01-17 00:00:00,COSMOS-PLYNL-CTS_MOD_30MIN_RAW,N,CTS_MOD data unreliable due to snow.
PLYNL,2016-03-05 00:30:00,2016-03-06 00:00:00,COSMOS-PLYNL-CTS_MOD_30MIN_RAW,N,CTS_MOD data unreliable due to snow.
SOURH,2017-01-14 00:30:00,2017-01-15 00:00:00,COSMOS-SOURH-CTS_MOD_30MIN_RAW,N,CTS_MOD data unreliable due to snow.
SOURH,2016-01-18 00:30:00,2016-01-19 00:00:00,COSMOS-SOURH-CTS_MOD_30MIN_RAW,N,CTS_MOD data unreliable due to snow.
MOORH,2016-01-19 00:30:00,2016-01-20 00:00:00,COSMOS-MOORH-CTS_MOD_30MIN_RAW,N,CTS_MOD data unreliable due to snow.
SOURH,2016-02-14 00:30:00,2016-02-15 00:00:00,COSMOS-SOURH-CTS_MOD_30MIN_RAW,N,CTS_MOD data unreliable due to snow.
COCLP,2018-01-18 00:30:00,2018-01-19 00:00:00,COSMOS-COCLP-CTS_MOD_30MIN_RAW,N,CTS_MOD data unreliable due to snow.
EASTB,2018-01-18 00:30:00,2018-01-19 00:00:00,COSMOS-EASTB-CTS_MOD_30MIN_RAW,N,CTS_MOD data unreliable due to snow.
CRICH,2018-01-21 00:30:00,2018-01-22 00:00:00,COSMOS-CRICH-CTS_MOD_30MIN_RAW,N,CTS_MOD data unreliable due to snow.
HARTW,2015-01-30 00:30:00,2015-01-31 00:00:00,COSMOS-HARTW-CTS_MOD_30MIN_RAW,N,CTS_MOD data unreliable due to snow.
GLENW,2018-01-19 00:30:00,2018-01-20 00:00:00,COSMOS-GLENW-CTS_MOD_30MIN_RAW,N,CTS_MOD data unreliable due to snow.
MOORH,2018-01-20 00:30:00,2018-01-21 00:00:00,COSMOS-MOORH-CTS_MOD_30MIN_RAW,N,CTS_MOD data unreliable due to snow.
GLENS,2016-02-16 00:30:00,2016-02-17 00:00:00,COSMOS-GLENS-CTS_MOD_30MIN_RAW,N,CTS_MOD data unreliable due to snow.
MOORH,2016-11-19 00:30:00,2016-11-20 00:00:00,COSMOS-MOORH-CTS_MOD_30MIN_RAW,N,CTS_MOD data unreliable due to snow.
GLENS,2016-12-26 00:30:00,2016-12-27 00:00:00,COSMOS-GLENS-CTS_MOD_30MIN_RAW,N,CTS_MOD data unreliable due to snow.
STGHT,2017-12-10 00:30:00,2017-12-11 00:00:00,COSMOS-STGHT-CTS_MOD_30MIN_RAW,N,CTS_MOD data unreliable due to snow.
HARTW,2015-02-06 00:30:00,2015-02-07 00:00:00,COSMOS-HARTW-CTS_MOD_30MIN_RAW,N,CTS_MOD data unreliable due to snow.
HARTW,2016-02-17 00:30:00,2016-02-18 00:00:00,COSMOS-HARTW-CTS_MOD_30MIN_RAW,N,CTS_MOD data unreliable due to snow.
HARTW,2018-01-16 00:30:00,2018-01-17 00:00:00,COSMOS-HARTW-CTS_MOD_30MIN_RAW,N,CTS_MOD data unreliable due to snow.
BICKL,2017-12-11 00:30:00,2017-12-12 00:00:00,COSMOS-BICKL-CTS_MOD_30MIN_RAW,N,CTS_MOD data unreliable due to snow.
BICKL,2017-12-12 00:30:00,2017-12-13 00:00:00,COSMOS-BICKL-CTS_MOD_30MIN_RAW,N,CTS_MOD data unreliable due to snow.
LODTN,2017-12-27 00:30:00,2017-12-28 00:00:00,COSMOS-LODTN-CTS_MOD_30MIN_RAW,N,CTS_MOD data unreliable due to snow.
HARTW,2015-02-02 00:30:00,2015-02-03 00:00:00,COSMOS-HARTW-CTS_MOD_30MIN_RAW,N,CTS_MOD data unreliable due to snow.
HARTW,2015-01-29 00:30:00,2015-01-30 00:00:00,COSMOS-HARTW-CTS_MOD_30MIN_RAW,N,CTS_MOD data unreliable due to snow.
STGHT,2018-01-21 00:30:00,2018-01-22 00:00:00,COSMOS-STGHT-CTS_MOD_30MIN_RAW,N,CTS_MOD data unreliable due to snow.
HARTW,2018-02-06 00:30:00,2018-02-07 00:00:00,COSMOS-HARTW-CTS_MOD_30MIN_RAW,N,CTS_MOD data unreliable due to snow.
HARTW,2018-01-22 00:30:00,2018-01-23 00:00:00,COSMOS-HARTW-CTS_MOD_30MIN_RAW,N,CTS_MOD data unreliable due to snow.
BICKL,2017-12-09 00:30:00,2017-12-10 00:00:00,COSMOS-BICKL-CTS_MOD_30MIN_RAW,N,CTS_MOD data unreliable due to snow.
HARTW,2015-01-21 00:30:00,2015-01-22 00:00:00,COSMOS-HARTW-CTS_MOD_30MIN_RAW,N,CTS_MOD data unreliable due to snow.
HARTW,2015-02-03 00:30:00,2015-02-04 00:00:00,COSMOS-HARTW-CTS_MOD_30MIN_RAW,N,CTS_MOD data unreliable due to snow.
HARTW,2015-02-04 00:30:00,2015-02-05 00:00:00,COSMOS-HARTW-CTS_MOD_30MIN_RAW,N,CTS_MOD data unreliable due to snow.
STGHT,2017-12-28 00:30:00,2017-12-29 00:00:00,COSMOS-STGHT-CTS_MOD_30MIN_RAW,N,CTS_MOD data unreliable due to snow.
HARTW,2018-01-20 00:30:00,2018-01-21 00:00:00,COSMOS-HARTW-CTS_MOD_30MIN_RAW,N,CTS_MOD data unreliable due to snow.
HARTW,2018-02-07 00:30:00,2018-02-08 00:00:00,COSMOS-HARTW-CTS_MOD_30MIN_RAW,N,CTS_MOD data unreliable due to snow.
LODTN,2017-12-11 00:30:00,2017-12-12 00:00:00,COSMOS-LODTN-CTS_MOD_30MIN_RAW,N,CTS_MOD data unreliable due to snow.
HARTW,2015-01-22 00:30:00,2015-01-23 00:00:00,COSMOS-HARTW-CTS_MOD_30MIN_RAW,N,CTS_MOD data unreliable due to snow.
HARTW,2017-12-29 00:30:00,2017-12-30 00:00:00,COSMOS-HARTW-CTS_MOD_30MIN_RAW,N,CTS_MOD data unreliable due to snow.
LODTN,2017-12-12 00:30:00,2017-12-13 00:00:00,COSMOS-LODTN-CTS_MOD_30MIN_RAW,N,CTS_MOD data unreliable due to snow.
STGHT,2017-12-27 00:30:00,2017-12-28 00:00:00,COSMOS-STGHT-CTS_MOD_30MIN_RAW,N,CTS_MOD data unreliable due to snow.
BICKL,2017-12-10 00:30:00,2017-12-11 00:00:00,COSMOS-BICKL-CTS_MOD_30MIN_RAW,N,CTS_MOD data unreliable due to snow.
HARTW,2015-01-18 00:30:00,2015-01-19 00:00:00,COSMOS-HARTW-CTS_MOD_30MIN_RAW,N,CTS_MOD data unreliable due to snow.
LODTN,2017-12-29 00:30:00,2017-12-30 00:00:00,COSMOS-LODTN-CTS_MOD_30MIN_RAW,N,CTS_MOD data unreliable due to snow.
HARTW,2018-01-17 00:30:00,2018-01-18 00:00:00,COSMOS-HARTW-CTS_MOD_30MIN_RAW,N,CTS_MOD data unreliable due to snow.
HARTW,2018-01-21 00:30:00,2018-01-22 00:00:00,COSMOS-HARTW-CTS_MOD_30MIN_RAW,N,CTS_MOD data unreliable due to snow.
LODTN,2017-12-10 00:30:00,2017-12-11 00:00:00,COSMOS-LODTN-CTS_MOD_30MIN_RAW,N,CTS_MOD data unreliable due to snow.
STGHT,2017-12-11 00:30:00,2017-12-12 00:00:00,COSMOS-STGHT-CTS_MOD_30MIN_RAW,N,CTS_MOD data unreliable due to snow.
HARTW,2017-12-30 00:30:00,2017-12-31 00:00:00,COSMOS-HARTW-CTS_MOD_30MIN_RAW,N,CTS_MOD data unreliable due to snow.
HARTW,2016-01-17 00:30:00,2016-01-18 00:00:00,COSMOS-HARTW-CTS_MOD_30MIN_RAW,N,CTS_MOD data unreliable due to snow.
HARTW,2018-01-18 00:30:00,2018-01-19 00:00:00,COSMOS-HARTW-CTS_MOD_30MIN_RAW,N,CTS_MOD data unreliable due to snow.
HARTW,2015-01-31 00:30:00,2015-02-01 00:00:00,COSMOS-HARTW-CTS_MOD_30MIN_RAW,N,CTS_MOD data unreliable due to snow.
HARTW,2015-02-01 00:30:00,2015-02-02 00:00:00,COSMOS-HARTW-CTS_MOD_30MIN_RAW,N,CTS_MOD data unreliable due to snow.
HARTW,2015-02-05 00:30:00,2015-02-06 00:00:00,COSMOS-HARTW-CTS_MOD_30MIN_RAW,N,CTS_MOD data unreliable due to snow.
HARTW,2017-12-27 00:30:00,2017-12-28 00:00:00,COSMOS-HARTW-CTS_MOD_30MIN_RAW,N,CTS_MOD data unreliable due to snow.
HARTW,2018-01-19 00:30:00,2018-01-20 00:00:00,COSMOS-HARTW-CTS_MOD_30MIN_RAW,N,CTS_MOD data unreliable due to snow.
MOORH,2018-02-27 00:30:00,2018-02-28 00:00:00,COSMOS-MOORH-CTS_MOD_30MIN_RAW,N,CTS_MOD data unreliable due to snow.
PLYNL,2018-02-27 00:30:00,2018-02-28 00:00:00,COSMOS-PLYNL-CTS_MOD_30MIN_RAW,N,CTS_MOD data unreliable due to snow.
REDHL,2018-02-27 00:30:00,2018-02-28 00:00:00,COSMOS-REDHL-CTS_MOD_30MIN_RAW,N,CTS_MOD data unreliable due to snow.
HENFS,2018-02-27 00:30:00,2018-02-28 00:00:00,COSMOS-HENFS-CTS_MOD_30MIN_RAW,N,CTS_MOD data unreliable due to snow.
COCLP,2018-02-27 00:30:00,2018-02-28 00:00:00,COSMOS-COCLP-CTS_MOD_30MIN_RAW,N,CTS_MOD data unreliable due to snow.
SOURH,2018-02-27 00:30:00,2018-02-28 00:00:00,COSMOS-SOURH-CTS_MOD_30MIN_RAW,N,CTS_MOD data unreliable due to snow.
LODTN,2018-02-27 00:30:00,2018-02-28 00:00:00,COSMOS-LODTN-CTS_MOD_30MIN_RAW,N,CTS_MOD data unreliable due to snow.
FINCH,2018-02-28 00:30:00,2018-03-01 00:00:00,COSMOS-FINCH-CTS_MOD_30MIN_RAW,N,CTS_MOD data unreliable due to snow.
RDMER,2018-02-28 00:30:00,2018-03-01 00:00:00,COSMOS-RDMER-CTS_MOD_30MIN_RAW,N,CTS_MOD data unreliable due to snow.
SOURH,2018-02-28 00:30:00,2018-03-01 00:00:00,COSMOS-SOURH-CTS_MOD_30MIN_RAW,N,CTS_MOD data unreliable due to snow.
STGHT,2018-02-28 00:30:00,2018-03-01 00:00:00,COSMOS-STGHT-CTS_MOD_30MIN_RAW,N,CTS_MOD data unreliable due to snow.
GLENS,2018-02-28 00:30:00,2018-03-01 00:00:00,COSMOS-GLENS-CTS_MOD_30MIN_RAW,N,CTS_MOD data unreliable due to snow.
HENFS,2018-02-28 00:30:00,2018-03-01 00:00:00,COSMOS-HENFS-CTS_MOD_30MIN_RAW,N,CTS_MOD data unreliable due to snow.
HARTW,2018-02-28 00:30:00,2018-03-01 00:00:00,COSMOS-HARTW-CTS_MOD_30MIN_RAW,N,CTS_MOD data unreliable due to snow.
EASTB,2018-02-28 00:30:00,2018-03-01 00:00:00,COSMOS-EASTB-CTS_MOD_30MIN_RAW,N,CTS_MOD data unreliable due to snow.
HOLLN,2018-02-28 00:30:00,2018-03-01 00:00:00,COSMOS-HOLLN-CTS_MOD_30MIN_RAW,N,CTS_MOD data unreliable due to snow.
REDHL,2018-02-28 00:30:00,2018-03-01 00:00:00,COSMOS-REDHL-CTS_MOD_30MIN_RAW,N,CTS_MOD data unreliable due to snow.
SPENF,2018-02-28 00:30:00,2018-03-01 00:00:00,COSMOS-SPENF-CTS_MOD_30MIN_RAW,N,CTS_MOD data unreliable due to snow.
MORLY,2018-02-28 00:30:00,2018-03-01 00:00:00,COSMOS-MORLY-CTS_MOD_30MIN_RAW,N,CTS_MOD data unreliable due to snow.
LODTN,2018-02-28 00:30:00,2018-03-01 00:00:00,COSMOS-LODTN-CTS_MOD_30MIN_RAW,N,CTS_MOD data unreliable due to snow.
LIZRD,2018-02-28 00:30:00,2018-03-01 00:00:00,COSMOS-LIZRD-CTS_MOD_30MIN_RAW,N,CTS_MOD data unreliable due to snow.
WRTTL,2018-02-28 00:30:00,2018-03-01 00:00:00,COSMOS-WRTTL-CTS_MOD_30MIN_RAW,N,CTS_MOD data unreliable due to snow.
CARDT,2018-02-28 00:30:00,2018-03-01 00:00:00,COSMOS-CARDT-CTS_MOD_30MIN_RAW,N,CTS_MOD data unreliable due to snow.
RISEH,2018-02-28 00:30:00,2018-03-01 00:00:00,COSMOS-RISEH-CTS_MOD_30MIN_RAW,N,CTS_MOD data unreliable due to snow.
ELMST,2018-02-28 00:30:00,2018-03-01 00:00:00,COSMOS-ELMST-CTS_MOD_30MIN_RAW,N,CTS_MOD data unreliable due to snow.
COCHN,2018-02-28 00:30:00,2018-03-01 00:00:00,COSMOS-COCHN-CTS_MOD_30MIN_RAW,N,CTS_MOD data unreliable due to snow.
COCLP,2018-02-28 00:30:00,2018-03-01 00:00:00,COSMOS-COCLP-CTS_MOD_30MIN_RAW,N,CTS_MOD data unreliable due to snow.
BALRD,2018-02-28 00:30:00,2018-03-01 00:00:00,COSMOS-BALRD-CTS_MOD_30MIN_RAW,N,CTS_MOD data unreliable due to snow.
ROTHD,2018-02-28 00:30:00,2018-03-01 00:00:00,COSMOS-ROTHD-CTS_MOD_30MIN_RAW,N,CTS_MOD data unreliable due to snow.
PLYNL,2018-02-28 00:30:00,2018-03-01 00:00:00,COSMOS-PLYNL-CTS_MOD_30MIN_RAW,N,CTS_MOD data unreliable due to snow.
EUSTN,2018-02-28 00:30:00,2018-03-01 00:00:00,COSMOS-EUSTN-CTS_MOD_30MIN_RAW,N,CTS_MOD data unreliable due to snow.
GLENS,2018-03-05 00:30:00,2018-03-06 00:00:00,COSMOS-GLENS-CTS_MOD_30MIN_RAW,N,CTS_MOD data unreliable due to snow.
SOURH,2018-03-05 00:30:00,2018-03-06 00:00:00,COSMOS-SOURH-CTS_MOD_30MIN_RAW,N,CTS_MOD data unreliable due to snow.
EASTB,2018-03-05 00:30:00,2018-03-06 00:00:00,COSMOS-EASTB-CTS_MOD_30MIN_RAW,N,CTS_MOD data unreliable due to snow.
BALRD,2018-03-05 00:30:00,2018-03-06 00:00:00,COSMOS-BALRD-CTS_MOD_30MIN_RAW,N,CTS_MOD data unreliable due to snow.
COCHN,2018-03-05 00:30:00,2018-03-06 00:00:00,COSMOS-COCHN-CTS_MOD_30MIN_RAW,N,CTS_MOD data unreliable due to snow.
BICKL,2018-02-19 09:00:00,2018-03-06 12:00:00,COSMOS-BICKL-RH_30MIN_RAW;COSMOS-BICKL-Q_30MIN_RAW,Y,Hygroclip failure
GLENS,2018-03-06 00:30:00,2018-03-07 00:00:00,COSMOS-GLENS-CTS_MOD_30MIN_RAW,N,CTS_MOD data unreliable due to snow.
SOURH,2018-03-06 00:30:00,2018-03-07 00:00:00,COSMOS-SOURH-CTS_MOD_30MIN_RAW,N,CTS_MOD data unreliable due to snow.
COCHN,2018-03-06 00:30:00,2018-03-07 00:00:00,COSMOS-COCHN-CTS_MOD_30MIN_RAW,N,CTS_MOD data unreliable due to snow.
EASTB,2018-03-06 00:30:00,2018-03-07 00:00:00,COSMOS-EASTB-CTS_MOD_30MIN_RAW,N,CTS_MOD data unreliable due to snow.
BALRD,2018-03-06 00:30:00,2018-03-07 00:00:00,COSMOS-BALRD-CTS_MOD_30MIN_RAW,N,CTS_MOD data unreliable due to snow.
SOURH,2018-03-07 00:30:00,2018-03-08 00:00:00,COSMOS-SOURH-CTS_MOD_30MIN_RAW,N,CTS_MOD data unreliable due to snow.
GLENS,2018-03-07 00:30:00,2018-03-08 00:00:00,COSMOS-GLENS-CTS_MOD_30MIN_RAW,N,CTS_MOD data unreliable due to snow.
COCHN,2018-03-07 00:30:00,2018-03-08 00:00:00,COSMOS-COCHN-CTS_MOD_30MIN_RAW,N,CTS_MOD data unreliable due to snow.
BALRD,2018-03-07 00:30:00,2018-03-08 00:00:00,COSMOS-BALRD-CTS_MOD_30MIN_RAW,N,CTS_MOD data unreliable due to snow.
EASTB,2018-03-07 00:30:00,2018-03-08 00:00:00,COSMOS-EASTB-CTS_MOD_30MIN_RAW,N,CTS_MOD data unreliable due to snow.
GLENS,2018-03-09 00:30:00,2018-03-10 00:00:00,COSMOS-GLENS-CTS_MOD_30MIN_RAW,N,CTS_MOD data unreliable due to snow.
GLENS,2018-03-10 00:30:00,2018-03-11 00:00:00,COSMOS-GLENS-CTS_MOD_30MIN_RAW,N,CTS_MOD data unreliable due to snow.
GLENS,2018-03-11 00:30:00,2018-03-12 00:00:00,COSMOS-GLENS-CTS_MOD_30MIN_RAW,N,CTS_MOD data unreliable due to snow.
GLENS,2018-03-12 00:30:00,2018-03-13 00:00:00,COSMOS-GLENS-CTS_MOD_30MIN_RAW,N,CTS_MOD data unreliable due to snow.
GLENS,2018-03-13 00:30:00,2018-03-14 00:00:00,COSMOS-GLENS-CTS_MOD_30MIN_RAW,N,CTS_MOD data unreliable due to snow.
GLENS,2018-03-16 00:30:00,2018-03-17 00:00:00,COSMOS-GLENS-CTS_MOD_30MIN_RAW,N,CTS_MOD data unreliable due to snow.
MOORH,2018-03-17 00:30:00,2018-03-18 00:00:00,COSMOS-MOORH-CTS_MOD_30MIN_RAW,N,CTS_MOD data unreliable due to snow.
SOURH,2018-03-17 00:30:00,2018-03-18 00:00:00,COSMOS-SOURH-CTS_MOD_30MIN_RAW,N,CTS_MOD data unreliable due to snow.
GLENS,2018-03-17 00:30:00,2018-03-18 00:00:00,COSMOS-GLENS-CTS_MOD_30MIN_RAW,N,CTS_MOD data unreliable due to snow.
ELMST,2018-03-17 00:30:00,2018-03-18 00:00:00,COSMOS-ELMST-CTS_MOD_30MIN_RAW,N,CTS_MOD data unreliable due to snow.
WADDN,2018-03-18 00:30:00,2018-03-19 00:00:00,COSMOS-WADDN-CTS_MOD_30MIN_RAW,N,CTS_MOD data unreliable due to snow.
WRTTL,2018-03-18 00:30:00,2018-03-19 00:00:00,COSMOS-WRTTL-CTS_MOD_30MIN_RAW,N,CTS_MOD data unreliable due to snow.
BUNNY,2018-03-18 00:30:00,2018-03-19 00:00:00,COSMOS-BUNNY-CTS_MOD_30MIN_RAW,N,CTS_MOD data unreliable due to snow.
CHOBH,2018-03-18 00:30:00,2018-03-19 00:00:00,COSMOS-CHOBH-CTS_MOD_30MIN_RAW,N,CTS_MOD data unreliable due to snow.
HENFS,2018-03-18 00:30:00,2018-03-19 00:00:00,COSMOS-HENFS-CTS_MOD_30MIN_RAW,N,CTS_MOD data unreliable due to snow.
CHIMN,2018-03-18 00:30:00,2018-03-19 00:00:00,COSMOS-CHIMN-CTS_MOD_30MIN_RAW,N,CTS_MOD data unreliable due to snow.
LODTN,2018-03-18 00:30:00,2018-03-19 00:00:00,COSMOS-LODTN-CTS_MOD_30MIN_RAW,N,CTS_MOD data unreliable due to snow.
TADHM,2018-03-18 00:30:00,2018-03-19 00:00:00,COSMOS-TADHM-CTS_MOD_30MIN_RAW,N,CTS_MOD data unreliable due to snow.
RISEH,2018-03-18 00:30:00,2018-03-19 00:00:00,COSMOS-RISEH-CTS_MOD_30MIN_RAW,N,CTS_MOD data unreliable due to snow.
NWYKE,2018-03-18 00:30:00,2018-03-19 00:00:00,COSMOS-NWYKE-CTS_MOD_30MIN_RAW,N,CTS_MOD data unreliable due to snow.
STGHT,2018-03-18 00:30:00,2018-03-19 00:00:00,COSMOS-STGHT-CTS_MOD_30MIN_RAW,N,CTS_MOD data unreliable due to snow.
SOURH,2018-03-18 00:30:00,2018-03-19 00:00:00,COSMOS-SOURH-CTS_MOD_30MIN_RAW,N,CTS_MOD data unreliable due to snow.
BICKL,2018-03-18 00:30:00,2018-03-19 00:00:00,COSMOS-BICKL-CTS_MOD_30MIN_RAW,N,CTS_MOD data unreliable due to snow.
COCHN,2018-03-18 00:30:00,2018-03-19 00:00:00,COSMOS-COCHN-CTS_MOD_30MIN_RAW,N,CTS_MOD data unreliable due to snow.
GLENS,2018-03-18 00:30:00,2018-03-19 00:00:00,COSMOS-GLENS-CTS_MOD_30MIN_RAW,N,CTS_MOD data unreliable due to snow.
ELMST,2018-03-18 00:30:00,2018-03-19 00:00:00,COSMOS-ELMST-CTS_MOD_30MIN_RAW,N,CTS_MOD data unreliable due to snow.
HYBRY,2018-03-18 00:30:00,2018-03-19 00:00:00,COSMOS-HYBRY-CTS_MOD_30MIN_RAW,N,CTS_MOD data unreliable due to snow.
PORTN,2018-03-18 00:30:00,2018-03-19 00:00:00,COSMOS-PORTN-CTS_MOD_30MIN_RAW,N,CTS_MOD data unreliable due to snow.
STIPS,2018-03-18 00:30:00,2018-03-19 00:00:00,COSMOS-STIPS-CTS_MOD_30MIN_RAW,N,CTS_MOD data unreliable due to snow.
EASTB,2018-03-18 00:30:00,2018-03-19 00:00:00,COSMOS-EASTB-CTS_MOD_30MIN_RAW,N,CTS_MOD data unreliable due to snow.
ROTHD,2018-03-18 00:30:00,2018-03-19 00:00:00,COSMOS-ROTHD-CTS_MOD_30MIN_RAW,N,CTS_MOD data unreliable due to snow.
MOORH,2018-03-18 00:30:00,2018-03-19 00:00:00,COSMOS-MOORH-CTS_MOD_30MIN_RAW,N,CTS_MOD data unreliable due to snow.
SHEEP,2018-03-18 00:30:00,2018-03-19 00:00:00,COSMOS-SHEEP-CTS_MOD_30MIN_RAW,N,CTS_MOD data unreliable due to snow.
PLYNL,2018-03-18 00:30:00,2018-03-19 00:00:00,COSMOS-PLYNL-CTS_MOD_30MIN_RAW,N,CTS_MOD data unreliable due to snow.
GLENS,2018-03-19 00:30:00,2018-03-20 00:00:00,COSMOS-GLENS-CTS_MOD_30MIN_RAW,N,CTS_MOD data unreliable due to snow.
PORTN,2018-03-19 00:30:00,2018-03-20 00:00:00,COSMOS-PORTN-CTS_MOD_30MIN_RAW,N,CTS_MOD data unreliable due to snow.
LIZRD,2018-03-19 00:30:00,2018-03-20 00:00:00,COSMOS-LIZRD-CTS_MOD_30MIN_RAW,N,CTS_MOD data unreliable due to snow.
PLYNL,2018-03-19 00:30:00,2018-03-20 00:00:00,COSMOS-PLYNL-CTS_MOD_30MIN_RAW,N,CTS_MOD data unreliable due to snow.
SHEEP,2018-03-19 00:30:00,2018-03-20 00:00:00,COSMOS-SHEEP-CTS_MOD_30MIN_RAW,N,CTS_MOD data unreliable due to snow.
STIPS,2018-03-19 00:30:00,2018-03-20 00:00:00,COSMOS-STIPS-CTS_MOD_30MIN_RAW,N,CTS_MOD data unreliable due to snow.
HYBRY,2018-03-19 00:30:00,2018-03-20 00:00:00,COSMOS-HYBRY-CTS_MOD_30MIN_RAW,N,CTS_MOD data unreliable due to snow.
HENFS,2018-03-19 00:30:00,2018-03-20 00:00:00,COSMOS-HENFS-CTS_MOD_30MIN_RAW,N,CTS_MOD data unreliable due to snow.
MOORH,2018-03-19 00:30:00,2018-03-20 00:00:00,COSMOS-MOORH-CTS_MOD_30MIN_RAW,N,CTS_MOD data unreliable due to snow.
NWYKE,2018-03-19 00:30:00,2018-03-20 00:00:00,COSMOS-NWYKE-CTS_MOD_30MIN_RAW,N,CTS_MOD data unreliable due to snow.
SOURH,2018-03-19 00:30:00,2018-03-20 00:00:00,COSMOS-SOURH-CTS_MOD_30MIN_RAW,N,CTS_MOD data unreliable due to snow.
GLENS,2018-03-31 00:30:00,2018-04-01 00:00:00,COSMOS-GLENS-CTS_MOD_30MIN_RAW,N,CTS_MOD data unreliable due to snow.
HARWD,2018-03-16 18:00:00,2018-03-17 12:00:00,COSMOS-HARWD-TA_30MIN_RAW;COSMOS-HARWD-RH_30MIN_RAW;COSMOS-HARWD-PA_30MIN_RAW;COSMOS-HARWD-Q_30MIN_RAW,Y,Erratic wind sonic and metpak data
HARWD,2018-03-05 20:30:00,2018-03-06 03:00:00,COSMOS-HARWD-TA_30MIN_RAW;COSMOS-HARWD-RH_30MIN_RAW;COSMOS-HARWD-PA_30MIN_RAW;COSMOS-HARWD-Q_30MIN_RAW,Y,Erratic wind sonic and metpak data
HARWD,2018-03-04 14:30:00,2018-03-04 16:30:00,COSMOS-HARWD-TA_30MIN_RAW;COSMOS-HARWD-RH_30MIN_RAW;COSMOS-HARWD-PA_30MIN_RAW;COSMOS-HARWD-Q_30MIN_RAW,Y,Erratic wind sonic and metpak data
HARWD,2018-04-02 18:00:00,2018-04-02 22:30:00,COSMOS-HARWD-TA_30MIN_RAW;COSMOS-HARWD-RH_30MIN_RAW;COSMOS-HARWD-PA_30MIN_RAW;COSMOS-HARWD-Q_30MIN_RAW,Y,Erratic wind sonic and metpak data
HARWD,2018-02-11 00:30:00,2018-02-11 09:30:00,COSMOS-HARWD-TA_30MIN_RAW;COSMOS-HARWD-RH_30MIN_RAW;COSMOS-HARWD-Q_30MIN_RAW,Y,Erratic wind sonic and metpak data
HARWD,2018-03-05 15:30:00,2018-03-05 16:00:00,COSMOS-HARWD-TA_30MIN_RAW;COSMOS-HARWD-RH_30MIN_RAW;COSMOS-HARWD-PA_30MIN_RAW;COSMOS-HARWD-Q_30MIN_RAW,Y,Erratic wind sonic and metpak data
HARWD,2017-10-05 23:30:00,2017-10-07 15:30:00,COSMOS-HARWD-RH_30MIN_RAW;COSMOS-HARWD-Q_30MIN_RAW,Y,Erratic hygroclip humidity data
HARWD,2017-10-13 12:00:00,2017-10-16 18:30:00,COSMOS-HARWD-RH_30MIN_RAW;COSMOS-HARWD-Q_30MIN_RAW,Y,Erratic hygroclip humidity data
HARWD,2017-10-18 02:30:00,2017-10-22 15:00:00,COSMOS-HARWD-RH_30MIN_RAW;COSMOS-HARWD-Q_30MIN_RAW,Y,Erratic hygroclip humidity data
HARWD,2017-10-28 09:30:00,2017-10-29 02:30:00,COSMOS-HARWD-RH_30MIN_RAW;COSMOS-HARWD-Q_30MIN_RAW,Y,Erratic hygroclip humidity data
HARWD,2017-10-31 05:00:00,2017-11-03 09:00:00,COSMOS-HARWD-RH_30MIN_RAW;COSMOS-HARWD-Q_30MIN_RAW,Y,Erratic hygroclip humidity data
HARWD,2017-11-08 23:00:00,2017-11-09 12:00:00,COSMOS-HARWD-RH_30MIN_RAW;COSMOS-HARWD-Q_30MIN_RAW,Y,Erratic hygroclip humidity data
HARWD,2017-10-24 12:00:00,2017-10-24 15:00:00,COSMOS-HARWD-RH_30MIN_RAW;COSMOS-HARWD-Q_30MIN_RAW,Y,Erratic hygroclip humidity data
LODTN,2017-12-28 00:30:00,2017-12-29 00:00:00,COSMOS-LODTN-CTS_MOD_30MIN_RAW,N,CTS_MOD data unreliable due to snow.
HARTW,2017-12-26 00:30:00,2017-12-27 00:00:00,COSMOS-HARTW-CTS_MOD_30MIN_RAW,N,CTS_MOD data unreliable due to snow.
HARTW,2017-01-12 00:30:00,2017-01-13 00:00:00,COSMOS-HARTW-CTS_MOD_30MIN_RAW,N,CTS_MOD data unreliable due to snow.
STGHT,2017-12-12 00:30:00,2017-12-13 00:00:00,COSMOS-STGHT-CTS_MOD_30MIN_RAW,N,CTS_MOD data unreliable due to snow.
BICKL,2017-12-13 00:30:00,2017-12-14 00:00:00,COSMOS-BICKL-CTS_MOD_30MIN_RAW,N,CTS_MOD data unreliable due to snow.
HARTW,2015-01-19 00:30:00,2015-01-20 00:00:00,COSMOS-HARTW-CTS_MOD_30MIN_RAW,N,CTS_MOD data unreliable due to snow.
STGHT,2017-12-29 00:30:00,2017-12-30 00:00:00,COSMOS-STGHT-CTS_MOD_30MIN_RAW,N,CTS_MOD data unreliable due to snow.
HOLLN,2018-02-27 00:30:00,2018-02-28 00:00:00,COSMOS-HOLLN-CTS_MOD_30MIN_RAW,N,CTS_MOD data unreliable due to snow.
MOORH,2018-02-28 00:30:00,2018-03-01 00:00:00,COSMOS-MOORH-CTS_MOD_30MIN_RAW,N,CTS_MOD data unreliable due to snow.
CRICH,2018-02-28 00:30:00,2018-03-01 00:00:00,COSMOS-CRICH-CTS_MOD_30MIN_RAW,N,CTS_MOD data unreliable due to snow.
EASTB,2018-04-04 00:30:00,2018-04-05 00:00:00,COSMOS-EASTB-CTS_MOD_30MIN_RAW,N,CTS_MOD data unreliable due to snow.
EASTB,2018-04-05 00:30:00,2018-04-06 00:00:00,COSMOS-EASTB-CTS_MOD_30MIN_RAW,N,CTS_MOD data unreliable due to snow.
GLENS,2018-04-05 00:30:00,2018-04-06 00:00:00,COSMOS-GLENS-CTS_MOD_30MIN_RAW,N,CTS_MOD data unreliable due to snow.
GLENS,2018-04-06 00:30:00,2018-04-07 00:00:00,COSMOS-GLENS-CTS_MOD_30MIN_RAW,N,CTS_MOD data unreliable due to snow.
TADHM,2018-04-20 06:00:00,2018-04-26 12:00:00,COSMOS-TADHM-RH_30MIN_RAW;COSMOS-TADHM-Q_30MIN_RAW,Y,Hygroclip sensor failed.
LIZRD,2018-05-08 21:00:00,2018-05-09 10:00:00,COSMOS-LIZRD-CTS_MOD_30MIN_RAW,Y,CTS_MOD flatlining
BICKL,2017-12-03 16:00:00,2018-08-21 14:00:00,COSMOS-BICKL-G2_30MIN_RAW,Y,Heat flux plate 2 flatlining
SHEEP,2017-07-26 05:00:00,2017-11-09 13:30:00,COSMOS-SHEEP-TDT1_TSOIL_30MIN_RAW,Y,TDT1 soil temp flatlining
WYTH1,2013-11-26 00:30:00,2013-12-13 09:30:00,COSMOS-WYTH1-TDT1_TSOIL_30MIN_RAW,Y,TDT1 soil temp flatlining at 0
RDMER,2018-06-18 12:30:00,2018-06-18 13:00:00,COSMOS-RDMER-PRECIP_30MIN_RAW,Y,Irrigation - false rain recorded
BUNNY,2018-06-11 12:00:00,2018-08-22 17:00:00,COSMOS-BUNNY-PRECIP_30MIN_RAW,Y,Daily 'rainfall' readings due to low bucket level
RDMER,2018-05-27 00:30:00,2018-06-28 23:00:00,COSMOS-RDMER-PRECIP_30MIN_RAW,Y,Frequent precipitation readings. Probably due to low bucket level
FIVET,2018-06-26 15:30:00,2018-06-26 15:30:00,COSMOS-FIVET-G1_STD_30MIN_RAW;COSMOS-FIVET-G2_STD_30MIN_RAW;COSMOS-FIVET-CTS_MOD_30MIN_RAW;COSMOS-FIVET-PA_30MIN_RAW;COSMOS-FIVET-RHO_A_MEAN_30MIN_RAW;COSMOS-FIVET-TDT3_VWC_30MIN_RAW;COSMOS-FIVET-TDT5_VWC_30MIN_RAW,Y,First values too low.
WADDN,2018-06-01 00:00:00,2018-07-22 00:00:00,COSMOS-WADDN-PRECIP_30MIN_RAW,Y,"Continuous precipitation data, bucket level too low. Data unreliable."
MORLY,2018-06-01 00:00:00,2018-07-19 16:00:00,COSMOS-MORLY-PRECIP_30MIN_RAW,Y,Unreliable precip data due to low bucket level
CHIMN,2018-07-02 00:00:00,2018-07-28 00:00:00,COSMOS-CHIMN-PRECIP_30MIN_RAW,Y,Daily 'rainfall' readings due to low bucket level
NWYKE,2018-07-03 00:00:00,2018-10-31 00:00:00,COSMOS-NWYKE-PRECIP_30MIN_RAW,Y,Daily 'rainfall' readings due to low bucket level
STGHT,2018-07-07 00:00:00,2018-08-01 00:00:00,COSMOS-STGHT-PRECIP_30MIN_RAW,Y,Daily 'rainfall' readings due to low bucket level
GLENS,2018-01-05 22:00:00,2018-01-05 22:00:00,COSMOS-GLENS-TDT2_VWC_30MIN_RAW,Y,TDT2 drop out
GLENS,2018-01-11 07:00:00,2018-01-11 07:00:00,COSMOS-GLENS-TDT2_VWC_30MIN_RAW,Y,TDT2 drop out
GLENS,2018-02-04 04:30:00,2018-02-04 04:30:00,COSMOS-GLENS-TDT2_VWC_30MIN_RAW,Y,TDT2 drop out
EASTB,2018-05-04 06:00:00,2018-05-04 06:00:00,COSMOS-EASTB-TDT2_VWC_30MIN_RAW,Y,TDT2 spike
HOLLN,2018-01-27 03:30:00,2018-01-27 03:30:00,COSMOS-HOLLN-TDT2_VWC_30MIN_RAW,Y,TDT2 drop out
HOLLN,2018-02-04 03:00:00,2018-02-04 03:00:00,COSMOS-HOLLN-TDT2_VWC_30MIN_RAW,Y,TDT2 drop out
HILLB,2018-11-15 14:55:00,2019-08-21 11:30:00,COSMOS-HILLB-PRECIP_30MIN_RAW,Y,Phantom rainfall
HYBRY,2018-08-08 13:30:00,2019-08-01 09:30:00,COSMOS-HYBRY-PRECIP_30MIN_RAW,Y,Phantom rainfall
LULLN,2019-01-31 23:00:00,2019-03-07 00:00:00,COSMOS-LULLN-PRECIP_30MIN_RAW,Y,Phantom rainfall
MOORH,2019-02-11 00:30:00,2019-03-02 00:30:00,COSMOS-MOORH-PRECIP_30MIN_RAW,Y,Phantom rainfall - TO BE REVISED
MOREM,2018-11-15 00:00:00,2019-05-21 00:30:00,COSMOS-MOREM-PRECIP_30MIN_RAW,Y,Phantom rainfall
SYDLG,2018-11-27 00:00:00,2019-07-25 09:00:00,COSMOS-SYDLG-PRECIP_30MIN_RAW,Y,Phantom rainfall
ALIC1,2019-04-13 00:30:00,2019-04-28 00:30:00,COSMOS-ALIC1-PRECIP_30MIN_RAW,Y,Period of erroneous data
ALIC1,2019-07-01 10:04:00,2019-10-10 13:00:00,COSMOS-ALIC1-PRECIP_30MIN_RAW,Y,Erroneous precip since site visit
REDHL,2019-06-29 00:30:00,2019-10-04 08:20:00,COSMOS-REDHL-PRECIP_30MIN_RAW,Y,Phantom rainfall
WADDN,2019-07-12 00:30:00,2019-09-30 11:36:00,COSMOS-WADDN-PRECIP_30MIN_RAW,Y,Phantom rainfall
BUNNY,2019-06-21 00:30:00,2019-11-18 11:30:00,COSMOS-BUNNY-PRECIP_30MIN_RAW,Y,Phantom rainfall
CHIMN,2019-07-27 00:30:00,2019-08-02 00:00:00,COSMOS-CHIMN-PRECIP_30MIN_RAW,Y,Pluvio fault - spikes in data
SHEEP,2019-05-10 00:00:00,2019-05-26 23:30:00,COSMOS-SHEEP-PRECIP_30MIN_RAW,Y,Temperature induced erroneous rain
MOORH,2019-03-17 00:30:00,2019-04-01 00:30:00,COSMOS-MOORH-PRECIP_30MIN_RAW,Y,Phantom rainfall - TO BE REVISED
MOORH,2019-06-25 00:30:00,2019-07-17 00:30:00,COSMOS-MOORH-PRECIP_30MIN_RAW,Y,Phantom rainfall - TO BE REVISED
BALRD,2018-08-21 00:30:00,2018-11-19 00:30:00,COSMOS-BALRD-PRECIP_30MIN_RAW,Y,Pluvio fault
BALRD,2018-11-30 00:30:00,2019-02-01 00:30:00,COSMOS-BALRD-PRECIP_30MIN_RAW,Y,Pluvio fault
BALRD,2019-06-27 00:30:00,2019-07-04 00:30:00,COSMOS-BALRD-PRECIP_30MIN_RAW,Y,Phantom rain
STGHT,2018-08-01 00:00:00,2018-08-23 17:00:00,COSMOS-STGHT-PRECIP_30MIN_RAW,Y,Erratic pluvio readings
HYBRY,2018-06-22 00:30:00,2018-07-18 00:00:00,COSMOS-HYBRY-PRECIP_30MIN_RAW,Y,Phantom rainfall
ELMST,2019-10-13 00:30:00,2019-11-19 12:00:00,COSMOS-ELMST-PRECIP_30MIN_RAW,Y,Phantom rainfall
EUSTN,2019-10-17 00:30:00,2019-11-20 09:00:00,COSMOS-EUSTN-PRECIP_30MIN_RAW,Y,Phantom rainfall
NWYKE,2019-10-15 00:30:00,2019-11-20 14:00:00,COSMOS-NWYKE-PRECIP_30MIN_RAW,Y,Phantom rainfall
BICKL,2019-08-21 00:30:00,2019-11-27 12:30:00,COSMOS-BICKL-PRECIP_30MIN_RAW,Y,Pluvio noise
SHEEP,2019-11-28 15:00:00,2019-12-10 14:30:00,COSMOS-SHEEP-WS_30MIN_RAW;COSMOS-SHEEP-WD_30MIN_RAW,Y,Wind speed and direction flatlining
SOURH,2019-10-30 12:30:00,2019-10-30 12:30:00,COSMOS-SOURH-TA_30MIN_RAW,Y,Temp spike during PPM
WADDN,2020-07-23 10:30:00,2020-07-23 11:00:00,COSMOS-WADDN-PA_30MIN_RAW,Y,MetPak error
GLENS,2019-12-05 00:30:00,2020-01-19 00:30:00,COSMOS-GLENS-PRECIP_30MIN_RAW,Y,Phantom rainfall
ALIC1,2020-01-29 11:00:00,2020-01-29 13:00:00,COSMOS-ALIC1-RH_30MIN_RAW;COSMOS-ALIC1-Q_30MIN_RAW;COSMOS-ALIC1-TA_30MIN_RAW;COSMOS-ALIC1-PA_30MIN_RAW;COSMOS-ALIC1-WS_30MIN_RAW;COSMOS-ALIC1-WD_30MIN_RAW,Y,Erratic metpack data during PPM
REDHL,2020-01-30 11:00:00,2020-01-30 11:00:00,COSMOS-REDHL-RH_30MIN_RAW;COSMOS-REDHL-Q_30MIN_RAW;COSMOS-REDHL-TA_30MIN_RAW;COSMOS-REDHL-PA_30MIN_RAW,Y,Erratic metpack data during PPM
HARWD,2020-02-09 20:30:00,2020-03-01 10:30:00,COSMOS-HARWD-PA_30MIN_RAW;COSMOS-HARWD-RH_30MIN_RAW;COSMOS-HARWD-TA_30MIN_RAW,Y,"Pressure, humidity and temperature erratic - revise for sensible periods."
EUSTN,2020-04-05 05:30:00,2020-04-05 05:30:00,COSMOS-EUSTN-TDT2_VWC_30MIN_RAW;COSMOS-EUSTN-TDT2_SOILPERM_30MIN_RAW,Y,Spike from sensor
CHOBH,2020-04-21 00:30:00,2020-05-16 00:00:00,COSMOS-CHOBH-PRECIP_30MIN_RAW,Y,Suspect precip
CRICH,2020-04-19 00:30:00,2020-04-27 00:30:00,COSMOS-CRICH-PRECIP_30MIN_RAW,Y,Suspect precip
LODTN,2020-04-06 00:30:00,2020-04-17 00:30:00,COSMOS-LODTN-PRECIP_30MIN_RAW,Y,Suspect precip
MOORH,2020-04-12 00:30:00,2020-04-26 00:30:00,COSMOS-MOORH-PRECIP_30MIN_RAW,Y,Suspect precip
PORTN,2020-04-21 00:30:00,2020-04-27 22:00:00,COSMOS-PORTN-PRECIP_30MIN_RAW,Y,Suspect precip
SHEEP,2020-04-22 00:30:00,2020-04-25 00:00:00,COSMOS-SHEEP-PRECIP_30MIN_RAW,Y,Suspect precip
STIPS,2020-01-23 00:30:00,2020-06-17 10:00:00,COSMOS-STIPS-PRECIP_30MIN_RAW,Y,Suspect precip
WADDN,2020-04-24 00:30:00,2020-04-27 00:00:00,COSMOS-WADDN-PRECIP_30MIN_RAW,Y,Suspect precip
GISBN,2020-04-26 23:30:00,2020-04-26 23:30:00,COSMOS-GISBN-PRECIP_30MIN_RAW,Y,Suspect precip
SYDLG,2020-04-26 12:00:00,2020-04-26 12:00:00,COSMOS-SYDLG-PRECIP_30MIN_RAW,Y,Suspect precip
BUNNY,2020-04-18 06:30:00,2020-04-18 06:30:00,COSMOS-BUNNY-TDT1_VWC_30MIN_RAW,Y,Large spike
BUNNY,2020-04-20 12:00:00,2020-04-20 19:00:00,COSMOS-BUNNY-TDT1_VWC_30MIN_RAW,Y,Large spike
LODTN,2020-04-19 00:30:00,2020-04-28 00:30:00,COSMOS-LODTN-PRECIP_30MIN_RAW,Y,Suspect precip
LODTN,2020-05-04 00:30:00,2020-05-10 00:30:00,COSMOS-LODTN-PRECIP_30MIN_RAW,Y,Suspect precip
HARTW,2020-04-30 00:30:00,2020-05-02 00:30:00,COSMOS-HARTW-PRECIP_30MIN_RAW,Y,Suspect precip
HARTW,2020-05-03 00:30:00,2020-05-05 00:30:00,COSMOS-HARTW-PRECIP_30MIN_RAW,Y,Suspect precip
HARTW,2020-05-07 00:30:00,2020-05-09 21:30:00,COSMOS-HARTW-PRECIP_30MIN_RAW,Y,Suspect precip
HARTW,2020-05-10 09:00:00,2020-05-17 00:30:00,COSMOS-HARTW-PRECIP_30MIN_RAW,Y,Suspect precip
LODTN,2020-05-11 00:30:00,2020-06-03 12:00:00,COSMOS-LODTN-PRECIP_30MIN_RAW,Y,Suspect precip
BALRD,2020-05-25 00:30:00,2020-06-02 20:00:00,COSMOS-BALRD-PRECIP_30MIN_RAW,Y,Pluvio fault
FINCH,2020-05-20 00:30:00,2020-05-26 23:30:00,COSMOS-FINCH-PRECIP_30MIN_RAW,Y,Pluvio fault
LULLN,2020-05-30 00:30:00,2020-06-03 20:30:00,COSMOS-LULLN-PRECIP_30MIN_RAW,Y,Pluvio fault
SPENF,2020-05-25 00:30:00,2020-05-31 23:30:00,COSMOS-SPENF-PRECIP_30MIN_RAW,Y,Pluvio fault
WIMPL,2020-05-28 00:30:00,2020-05-31 23:30:00,COSMOS-WIMPL-PRECIP_30MIN_RAW,Y,Pluvio fault
RISEH,2020-05-19 00:30:00,2020-06-02 12:00:00,COSMOS-RISEH-PRECIP_30MIN_RAW,Y,Pluvio fault
HYBRY,2020-06-03 09:00:00,2020-06-12 00:00:00,COSMOS-HYBRY-PRECIP_30MIN_RAW,Y,Suspect precip
MOREM,2020-06-01 04:30:00,2020-06-02 07:30:00,COSMOS-MOREM-PRECIP_30MIN_RAW,Y,Suspect precip
SHEEP,2020-06-06 13:30:00,2020-06-26 00:30:00,COSMOS-SHEEP-G1_30MIN_RAW;COSMOS-SHEEP-G2_30MIN_RAW,Y,Heat flux plates flatlining
MORLY,2020-06-23 23:00:00,2020-06-24 05:30:00,COSMOS-MORLY-PRECIP_30MIN_RAW,Y,Erroneous bucket level with precip
GLENS,2018-04-03 00:30:00,2018-04-04 00:00:00,COSMOS-GLENS-CTS_MOD_30MIN_RAW,N,CTS_MOD data unreliable due to snow.
GLENS,2018-04-04 00:30:00,2018-04-05 00:00:00,COSMOS-GLENS-CTS_MOD_30MIN_RAW,N,CTS_MOD data unreliable due to snow.
CHIMN,2020-06-17 04:30:00,2020-06-17 04:30:00,COSMOS-CHIMN-PRECIP_TIPPING_A_30MIN_RAW;COSMOS-CHIMN-PRECIP_TIPPING_B_30MIN_RAW,Y,Miss read on tipping bucket
CHIMN,2020-06-17 15:00:00,2020-06-17 15:00:00,COSMOS-CHIMN-PRECIP_TIPPING_A_30MIN_RAW;COSMOS-CHIMN-PRECIP_TIPPING_B_30MIN_RAW,Y,Miss read on tipping bucket
COCLP,2018-01-31 11:00:00,2018-02-02 11:00:00,COSMOS-COCLP-CTS_MOD2_30MIN_RAW,Y,Erroneous values including flatlining
WADDN,2020-07-23 11:30:00,2020-07-23 11:30:00,COSMOS-WADDN-TA_30MIN_RAW,Y,MetPak error
COCLP,2020-08-03 12:00:00,2020-08-03 16:30:00,COSMOS-COCLP-PRECIP_30MIN_RAW,Y,Erroneous data
NWYKE,2020-08-01 16:30:00,2020-08-01 17:30:00,COSMOS-NWYKE-PRECIP_30MIN_RAW,Y,Erroneous data
NWYKE,2020-08-02 13:00:00,2020-08-02 15:00:00,COSMOS-NWYKE-PRECIP_30MIN_RAW,Y,Erroneous data
NWYKE,2020-08-03 13:00:00,2020-08-03 15:30:00,COSMOS-NWYKE-PRECIP_30MIN_RAW,Y,Erroneous data
ROTHD,2020-07-13 15:00:00,2020-08-05 12:00:00,COSMOS-ROTHD-LWIN_30MIN_RAW,Y,Broken radiometer
SHEEP,2020-08-01 08:00:00,2020-08-18 12:30:00,COSMOS-SHEEP-PRECIP_30MIN_RAW,Y,Erroneous data
HOLLN,2020-08-06 13:30:00,2020-09-24 10:30:00,COSMOS-HOLLN-PRECIP_30MIN_RAW,Y,Suspect daily precip since PPM
WRTTL,2020-08-21 14:30:00,2020-09-02 17:00:00,COSMOS-WRTTL-PRECIP_30MIN_RAW,Y,Suspect daily precip since PPM
SYDLG,2020-08-28 20:30:00,2020-09-03 10:30:00,COSMOS-SYDLG-CTS_MOD_30MIN_RAW;COSMOS-SYDLG-CTS_MOD_TEMP_30MIN_RAW;COSMOS-SYDLG-CTS_MOD_RH_30MIN_RAW,Y,"Logger recompiling, incomplete time periods and false values"
LIZRD,2020-08-27 12:00:00,2020-08-27 12:30:00,COSMOS-LIZRD-TA_30MIN_RAW;COSMOS-LIZRD-PA_30MIN_RAW;COSMOS-LIZRD-RH_30MIN_RAW;COSMOS-LIZRD-SWIN_30MIN_RAW;COSMOS-LIZRD-SWOUT_30MIN_RAW;COSMOS-LIZRD-LWIN_30MIN_RAW;COSMOS-LIZRD-LWOUT_30MIN_RAW;COSMOS-LIZRD-G1_30MIN_RAW;COSMOS-LIZRD-G2_30MIN_RAW,Y,Bad values during PPM
LIZRD,2020-08-27 12:00:00,2020-08-27 12:00:00,COSMOS-LIZRD-WD_30MIN_RAW;COSMOS-LIZRD-WS_30MIN_RAW,Y,Bad wind values during PPM
LIZRD,2020-08-27 14:30:00,2020-08-27 14:30:00,COSMOS-LIZRD-CTS_MOD_30MIN_RAW,Y,Bad counts value during PPM
NWYKE,2020-08-28 11:30:00,2020-08-28 14:30:00,COSMOS-NWYKE-SWIN_30MIN_RAW;COSMOS-NWYKE-SWOUT_30MIN_RAW;COSMOS-NWYKE-LWIN_30MIN_RAW;COSMOS-NWYKE-LWOUT_30MIN_RAW,Y,Bad NR01 values during PPM
NWYKE,2020-08-28 14:00:00,2020-08-28 14:00:00,COSMOS-NWYKE-TA_30MIN_RAW;COSMOS-NWYKE-PA_30MIN_RAW;COSMOS-NWYKE-RH_30MIN_RAW,Y,Bad met values during PPM
SYDLG,2020-08-25 09:30:00,2020-08-25 11:00:00,COSMOS-SYDLG-PA_30MIN_RAW,Y,Bad PA values during PPM
SYDLG,2020-08-25 14:30:00,2020-08-25 14:30:00,COSMOS-SYDLG-PA_30MIN_RAW,Y,Bad PA values during PPM
GLENS,2020-09-03 09:30:00,2020-09-03 09:30:00,COSMOS-GLENS-CTS_MOD_30MIN_RAW;COSMOS-GLENS-CTS_SNOW_30MIN_RAW,Y,Bad counts values during PPM
GLENS,2020-09-03 15:00:00,2020-09-03 15:00:00,COSMOS-GLENS-CTS_MOD_30MIN_RAW;COSMOS-GLENS-CTS_SNOW_30MIN_RAW,Y,Bad counts values during PPM
EUSTN,2020-08-25 00:30:00,2020-08-25 00:30:00,COSMOS-EUSTN-TDT8_SOILEC_30MIN_RAW;COSMOS-EUSTN-TDT8_SOILPERM_30MIN_RAW;COSMOS-EUSTN-TDT8_TSOIL_30MIN_RAW;COSMOS-EUSTN-TDT8_VWC_30MIN_RAW,Y,Bad TDT8 data
SYDLG,2020-09-09 01:00:00,2021-04-22 00:30:00,COSMOS-SYDLG-G2_30MIN_RAW,Y,Heat flux plate flat lining
BALRD,2020-08-28 00:30:00,2020-10-18 00:30:00,COSMOS-BALRD-PRECIP_30MIN_RAW,Y,Pluvio fault
SYDLG,2020-09-24 11:30:00,2020-09-24 11:30:00,COSMOS-SYDLG-PA_30MIN_RAW;COSMOS-SYDLG-CTS_MOD_30MIN_RAW,Y,Low values due to maintenance
SYDLG,2020-09-24 12:30:00,2020-09-24 12:30:00,COSMOS-SYDLG-PA_30MIN_RAW;COSMOS-SYDLG-CTS_MOD_30MIN_RAW,Y,Low values due to maintenance
SHEEP,2020-09-12 15:30:00,2020-09-12 15:30:00,COSMOS-SHEEP-PA_30MIN_RAW,Y,Dropout due to program restart
LIZRD,2018-03-01 00:30:00,2018-03-02 00:00:00,COSMOS-LIZRD-CTS_MOD_30MIN_RAW,N,CTS_MOD data unreliable due to snow.
EUSTN,2018-03-01 00:30:00,2018-03-02 00:00:00,COSMOS-EUSTN-CTS_MOD_30MIN_RAW,N,CTS_MOD data unreliable due to snow.
STGHT,2018-03-01 00:30:00,2018-03-02 00:00:00,COSMOS-STGHT-CTS_MOD_30MIN_RAW,N,CTS_MOD data unreliable due to snow.
HENFS,2018-03-01 00:30:00,2018-03-02 00:00:00,COSMOS-HENFS-CTS_MOD_30MIN_RAW,N,CTS_MOD data unreliable due to snow.
GLENS,2018-03-01 00:30:00,2018-03-02 00:00:00,COSMOS-GLENS-CTS_MOD_30MIN_RAW,N,CTS_MOD data unreliable due to snow.
ELMST,2018-03-01 00:30:00,2018-03-02 00:00:00,COSMOS-ELMST-CTS_MOD_30MIN_RAW,N,CTS_MOD data unreliable due to snow.
RISEH,2018-03-01 00:30:00,2018-03-02 00:00:00,COSMOS-RISEH-CTS_MOD_30MIN_RAW,N,CTS_MOD data unreliable due to snow.
STIPS,2018-03-01 00:30:00,2018-03-02 00:00:00,COSMOS-STIPS-CTS_MOD_30MIN_RAW,N,CTS_MOD data unreliable due to snow.
COCHN,2018-03-01 00:30:00,2018-03-02 00:00:00,COSMOS-COCHN-CTS_MOD_30MIN_RAW,N,CTS_MOD data unreliable due to snow.
FINCH,2018-03-01 00:30:00,2018-03-02 00:00:00,COSMOS-FINCH-CTS_MOD_30MIN_RAW,N,CTS_MOD data unreliable due to snow.
BALRD,2018-03-01 00:30:00,2018-03-02 00:00:00,COSMOS-BALRD-CTS_MOD_30MIN_RAW,N,CTS_MOD data unreliable due to snow.
MOORH,2018-03-01 00:30:00,2018-03-02 00:00:00,COSMOS-MOORH-CTS_MOD_30MIN_RAW,N,CTS_MOD data unreliable due to snow.
CHOBH,2018-03-01 00:30:00,2018-03-02 00:00:00,COSMOS-CHOBH-CTS_MOD_30MIN_RAW,N,CTS_MOD data unreliable due to snow.
MORLY,2018-03-01 00:30:00,2018-03-02 00:00:00,COSMOS-MORLY-CTS_MOD_30MIN_RAW,N,CTS_MOD data unreliable due to snow.
SPENF,2018-03-01 00:30:00,2018-03-02 00:00:00,COSMOS-SPENF-CTS_MOD_30MIN_RAW,N,CTS_MOD data unreliable due to snow.
PLYNL,2018-03-01 00:30:00,2018-03-02 00:00:00,COSMOS-PLYNL-CTS_MOD_30MIN_RAW,N,CTS_MOD data unreliable due to snow.
CRICH,2018-03-01 00:30:00,2018-03-02 00:00:00,COSMOS-CRICH-CTS_MOD_30MIN_RAW,N,CTS_MOD data unreliable due to snow.
PORTN,2018-03-01 00:30:00,2018-03-02 00:00:00,COSMOS-PORTN-CTS_MOD_30MIN_RAW,N,CTS_MOD data unreliable due to snow.
GISBN,2018-03-01 00:30:00,2018-03-02 00:00:00,COSMOS-GISBN-CTS_MOD_30MIN_RAW,N,CTS_MOD data unreliable due to snow.
BUNNY,2018-03-01 00:30:00,2018-03-02 00:00:00,COSMOS-BUNNY-CTS_MOD_30MIN_RAW,N,CTS_MOD data unreliable due to snow.
WRTTL,2018-03-01 00:30:00,2018-03-02 00:00:00,COSMOS-WRTTL-CTS_MOD_30MIN_RAW,N,CTS_MOD data unreliable due to snow.
SHEEP,2018-03-01 00:30:00,2018-03-02 00:00:00,COSMOS-SHEEP-CTS_MOD_30MIN_RAW,N,CTS_MOD data unreliable due to snow.
LODTN,2018-03-01 00:30:00,2018-03-02 00:00:00,COSMOS-LODTN-CTS_MOD_30MIN_RAW,N,CTS_MOD data unreliable due to snow.
CARDT,2018-03-01 00:30:00,2018-03-02 00:00:00,COSMOS-CARDT-CTS_MOD_30MIN_RAW,N,CTS_MOD data unreliable due to snow.
SOURH,2018-03-01 00:30:00,2018-03-02 00:00:00,COSMOS-SOURH-CTS_MOD_30MIN_RAW,N,CTS_MOD data unreliable due to snow.
COCLP,2018-03-01 00:30:00,2018-03-02 00:00:00,COSMOS-COCLP-CTS_MOD_30MIN_RAW,N,CTS_MOD data unreliable due to snow.
HOLLN,2018-03-01 00:30:00,2018-03-02 00:00:00,COSMOS-HOLLN-CTS_MOD_30MIN_RAW,N,CTS_MOD data unreliable due to snow.
EASTB,2018-03-01 00:30:00,2018-03-02 00:00:00,COSMOS-EASTB-CTS_MOD_30MIN_RAW,N,CTS_MOD data unreliable due to snow.
REDHL,2018-03-01 00:30:00,2018-03-02 00:00:00,COSMOS-REDHL-CTS_MOD_30MIN_RAW,N,CTS_MOD data unreliable due to snow.
ROTHD,2018-03-01 00:30:00,2018-03-02 00:00:00,COSMOS-ROTHD-CTS_MOD_30MIN_RAW,N,CTS_MOD data unreliable due to snow.
HARTW,2018-03-01 00:30:00,2018-03-02 00:00:00,COSMOS-HARTW-CTS_MOD_30MIN_RAW,N,CTS_MOD data unreliable due to snow.
SPENF,2018-03-03 00:30:00,2018-03-04 00:00:00,COSMOS-SPENF-CTS_MOD_30MIN_RAW,N,CTS_MOD data unreliable due to snow.
MOORH,2018-03-03 00:30:00,2018-03-04 00:00:00,COSMOS-MOORH-CTS_MOD_30MIN_RAW,N,CTS_MOD data unreliable due to snow.
EUSTN,2018-03-03 00:30:00,2018-03-04 00:00:00,COSMOS-EUSTN-CTS_MOD_30MIN_RAW,N,CTS_MOD data unreliable due to snow.
RISEH,2018-03-03 00:30:00,2018-03-04 00:00:00,COSMOS-RISEH-CTS_MOD_30MIN_RAW,N,CTS_MOD data unreliable due to snow.
LODTN,2018-03-03 00:30:00,2018-03-04 00:00:00,COSMOS-LODTN-CTS_MOD_30MIN_RAW,N,CTS_MOD data unreliable due to snow.
STGHT,2018-03-03 00:30:00,2018-03-04 00:00:00,COSMOS-STGHT-CTS_MOD_30MIN_RAW,N,CTS_MOD data unreliable due to snow.
HARTW,2018-03-03 00:30:00,2018-03-04 00:00:00,COSMOS-HARTW-CTS_MOD_30MIN_RAW,N,CTS_MOD data unreliable due to snow.
NWYKE,2018-03-03 00:30:00,2018-03-04 00:00:00,COSMOS-NWYKE-CTS_MOD_30MIN_RAW,N,CTS_MOD data unreliable due to snow.
ROTHD,2018-03-03 00:30:00,2018-03-04 00:00:00,COSMOS-ROTHD-CTS_MOD_30MIN_RAW,N,CTS_MOD data unreliable due to snow.
GLENS,2018-03-03 00:30:00,2018-03-04 00:00:00,COSMOS-GLENS-CTS_MOD_30MIN_RAW,N,CTS_MOD data unreliable due to snow.
MORLY,2018-03-03 00:30:00,2018-03-04 00:00:00,COSMOS-MORLY-CTS_MOD_30MIN_RAW,N,CTS_MOD data unreliable due to snow.
REDHL,2018-03-03 00:30:00,2018-03-04 00:00:00,COSMOS-REDHL-CTS_MOD_30MIN_RAW,N,CTS_MOD data unreliable due to snow.
BALRD,2018-03-03 00:30:00,2018-03-04 00:00:00,COSMOS-BALRD-CTS_MOD_30MIN_RAW,N,CTS_MOD data unreliable due to snow.
COCHN,2018-03-03 00:30:00,2018-03-04 00:00:00,COSMOS-COCHN-CTS_MOD_30MIN_RAW,N,CTS_MOD data unreliable due to snow.
CRICH,2018-03-03 00:30:00,2018-03-04 00:00:00,COSMOS-CRICH-CTS_MOD_30MIN_RAW,N,CTS_MOD data unreliable due to snow.
EASTB,2018-03-03 00:30:00,2018-03-04 00:00:00,COSMOS-EASTB-CTS_MOD_30MIN_RAW,N,CTS_MOD data unreliable due to snow.
STIPS,2018-03-03 00:30:00,2018-03-04 00:00:00,COSMOS-STIPS-CTS_MOD_30MIN_RAW,N,CTS_MOD data unreliable due to snow.
ELMST,2018-03-03 00:30:00,2018-03-04 00:00:00,COSMOS-ELMST-CTS_MOD_30MIN_RAW,N,CTS_MOD data unreliable due to snow.
PLYNL,2018-03-03 00:30:00,2018-03-04 00:00:00,COSMOS-PLYNL-CTS_MOD_30MIN_RAW,N,CTS_MOD data unreliable due to snow.
GISBN,2018-03-03 00:30:00,2018-03-04 00:00:00,COSMOS-GISBN-CTS_MOD_30MIN_RAW,N,CTS_MOD data unreliable due to snow.
SOURH,2018-03-03 00:30:00,2018-03-04 00:00:00,COSMOS-SOURH-CTS_MOD_30MIN_RAW,N,CTS_MOD data unreliable due to snow.
PORTN,2018-03-03 00:30:00,2018-03-04 00:00:00,COSMOS-PORTN-CTS_MOD_30MIN_RAW,N,CTS_MOD data unreliable due to snow.
COCLP,2018-03-03 00:30:00,2018-03-04 00:00:00,COSMOS-COCLP-CTS_MOD_30MIN_RAW,N,CTS_MOD data unreliable due to snow.
CARDT,2018-03-03 00:30:00,2018-03-04 00:00:00,COSMOS-CARDT-CTS_MOD_30MIN_RAW,N,CTS_MOD data unreliable due to snow.
HOLLN,2018-03-03 00:30:00,2018-03-04 00:00:00,COSMOS-HOLLN-CTS_MOD_30MIN_RAW,N,CTS_MOD data unreliable due to snow.
HOLLN,2018-03-04 00:30:00,2018-03-05 00:00:00,COSMOS-HOLLN-CTS_MOD_30MIN_RAW,N,CTS_MOD data unreliable due to snow.
GLENS,2018-03-04 00:30:00,2018-03-05 00:00:00,COSMOS-GLENS-CTS_MOD_30MIN_RAW,N,CTS_MOD data unreliable due to snow.
HARTW,2018-03-04 00:30:00,2018-03-05 00:00:00,COSMOS-HARTW-CTS_MOD_30MIN_RAW,N,CTS_MOD data unreliable due to snow.
COCHN,2018-03-04 00:30:00,2018-03-05 00:00:00,COSMOS-COCHN-CTS_MOD_30MIN_RAW,N,CTS_MOD data unreliable due to snow.
LODTN,2018-03-04 00:30:00,2018-03-05 00:00:00,COSMOS-LODTN-CTS_MOD_30MIN_RAW,N,CTS_MOD data unreliable due to snow.
CRICH,2018-03-04 00:30:00,2018-03-05 00:00:00,COSMOS-CRICH-CTS_MOD_30MIN_RAW,N,CTS_MOD data unreliable due to snow.
STGHT,2018-03-04 00:30:00,2018-03-05 00:00:00,COSMOS-STGHT-CTS_MOD_30MIN_RAW,N,CTS_MOD data unreliable due to snow.
PLYNL,2018-03-04 00:30:00,2018-03-05 00:00:00,COSMOS-PLYNL-CTS_MOD_30MIN_RAW,N,CTS_MOD data unreliable due to snow.
SOURH,2018-03-04 00:30:00,2018-03-05 00:00:00,COSMOS-SOURH-CTS_MOD_30MIN_RAW,N,CTS_MOD data unreliable due to snow.
PORTN,2018-03-04 00:30:00,2018-03-05 00:00:00,COSMOS-PORTN-CTS_MOD_30MIN_RAW,N,CTS_MOD data unreliable due to snow.
EASTB,2018-03-04 00:30:00,2018-03-05 00:00:00,COSMOS-EASTB-CTS_MOD_30MIN_RAW,N,CTS_MOD data unreliable due to snow.
STIPS,2018-03-04 00:30:00,2018-03-05 00:00:00,COSMOS-STIPS-CTS_MOD_30MIN_RAW,N,CTS_MOD data unreliable due to snow.
BALRD,2018-03-04 00:30:00,2018-03-05 00:00:00,COSMOS-BALRD-CTS_MOD_30MIN_RAW,N,CTS_MOD data unreliable due to snow.
COCLP,2018-03-04 00:30:00,2018-03-05 00:00:00,COSMOS-COCLP-CTS_MOD_30MIN_RAW,N,CTS_MOD data unreliable due to snow.
MOORH,2018-03-04 00:30:00,2018-03-05 00:00:00,COSMOS-MOORH-CTS_MOD_30MIN_RAW,N,CTS_MOD data unreliable due to snow.
COCHN,2018-03-08 00:30:00,2018-03-09 00:00:00,COSMOS-COCHN-CTS_MOD_30MIN_RAW,N,CTS_MOD data unreliable due to snow.
GLENS,2018-03-08 00:30:00,2018-03-09 00:00:00,COSMOS-GLENS-CTS_MOD_30MIN_RAW,N,CTS_MOD data unreliable due to snow.
PLYNL,2018-03-08 00:30:00,2018-03-09 00:00:00,COSMOS-PLYNL-CTS_MOD_30MIN_RAW,N,CTS_MOD data unreliable due to snow.
HENFS,2018-03-08 00:30:00,2018-03-09 00:00:00,COSMOS-HENFS-CTS_MOD_30MIN_RAW,N,CTS_MOD data unreliable due to snow.
SHEEP,2019-08-19 00:30:00,2019-10-03 08:51:00,COSMOS-SHEEP-PRECIP_30MIN_RAW,Y,Phantom rainfall
LODTN,2017-05-01 00:30:00,2023-02-01 00:00:00,COSMOS-LODTN-TDT3_VWC_30MIN_RAW,Y,Poor quality (probably not completely covered with soil – or some air gaps around sensor) 
ELMST,2020-08-05 09:30:00,2020-08-05 10:30:00,COSMOS-ELMST-PRECIP_30MIN_RAW,Y,Spike during PPM
TADHM,2020-08-06 10:00:00,2020-08-12 00:30:00,COSMOS-TADHM-PRECIP_30MIN_RAW,Y,Pluvio fault
SHEEP,2020-09-13 15:30:00,2020-09-13 15:30:00,COSMOS-SHEEP-PA_30MIN_RAW,Y,Dropout due to program restart
SHEEP,2020-09-14 15:30:00,2020-09-14 15:30:00,COSMOS-SHEEP-PA_30MIN_RAW,Y,Dropout due to program restart
SHEEP,2020-09-15 15:30:00,2020-09-15 15:30:00,COSMOS-SHEEP-PA_30MIN_RAW,Y,Dropout due to program restart
SHEEP,2020-09-16 15:30:00,2020-09-16 15:30:00,COSMOS-SHEEP-PA_30MIN_RAW,Y,Dropout due to program restart
SHEEP,2020-09-17 15:30:00,2020-09-17 15:30:00,COSMOS-SHEEP-PA_30MIN_RAW,Y,Dropout due to program restart
SHEEP,2020-09-18 15:30:00,2020-09-18 15:30:00,COSMOS-SHEEP-PA_30MIN_RAW,Y,Dropout due to program restart
SHEEP,2020-09-19 15:30:00,2020-09-19 15:30:00,COSMOS-SHEEP-PA_30MIN_RAW,Y,Dropout due to program restart
SHEEP,2020-09-20 15:30:00,2020-09-20 15:30:00,COSMOS-SHEEP-PA_30MIN_RAW,Y,Dropout due to program restart
SHEEP,2020-09-21 15:30:00,2020-09-21 15:30:00,COSMOS-SHEEP-PA_30MIN_RAW,Y,Dropout due to program restart
SHEEP,2020-09-22 15:30:00,2020-09-22 15:30:00,COSMOS-SHEEP-PA_30MIN_RAW,Y,Dropout due to program restart
SHEEP,2020-09-13 03:30:00,2020-09-13 03:30:00,COSMOS-SHEEP-PA_30MIN_RAW,Y,Dropout due to program restart
SHEEP,2020-09-14 03:30:00,2020-09-14 03:30:00,COSMOS-SHEEP-PA_30MIN_RAW,Y,Dropout due to program restart
SHEEP,2020-09-15 03:30:00,2020-09-15 03:30:00,COSMOS-SHEEP-PA_30MIN_RAW,Y,Dropout due to program restart
SHEEP,2020-09-16 03:30:00,2020-09-16 03:30:00,COSMOS-SHEEP-PA_30MIN_RAW,Y,Dropout due to program restart
SHEEP,2020-09-17 03:30:00,2020-09-17 03:30:00,COSMOS-SHEEP-PA_30MIN_RAW,Y,Dropout due to program restart
SHEEP,2020-09-18 03:30:00,2020-09-18 03:30:00,COSMOS-SHEEP-PA_30MIN_RAW,Y,Dropout due to program restart
SHEEP,2020-09-19 03:30:00,2020-09-19 03:30:00,COSMOS-SHEEP-PA_30MIN_RAW,Y,Dropout due to program restart
SHEEP,2020-09-20 03:30:00,2020-09-20 03:30:00,COSMOS-SHEEP-PA_30MIN_RAW,Y,Dropout due to program restart
SHEEP,2020-09-21 03:30:00,2020-09-21 03:30:00,COSMOS-SHEEP-PA_30MIN_RAW,Y,Dropout due to program restart
SHEEP,2020-09-22 03:30:00,2020-09-22 03:30:00,COSMOS-SHEEP-PA_30MIN_RAW,Y,Dropout due to program restart
SHEEP,2020-09-23 03:30:00,2020-09-23 03:30:00,COSMOS-SHEEP-PA_30MIN_RAW,Y,Dropout due to program restart
CHIMN,2020-09-04 00:00:00,2020-09-14 00:00:00,COSMOS-CHIMN-PRECIP_30MIN_RAW,Y,Pluvio Fault
CHIMN,2020-09-15 00:00:00,2020-09-22 00:00:00,COSMOS-CHIMN-PRECIP_30MIN_RAW,Y,Pluvio Fault
HLACY,2018-04-11 10:00:00,2018-04-11 10:00:00,COSMOS-HLACY-CTS_MOD_30MIN_RAW;COSMOS-HLACY-PA_30MIN_RAW;COSMOS-HLACY-RHO_A_MEAN_30MIN_RAW,Y,First reading at site. Values too low.
MOORH,2019-09-04 14:00:00,2019-09-18 10:00:00,COSMOS-MOORH-CTS_SNOW_30MIN_RAW,Y,Snow tube counts flatlining
HOLLN,2020-01-24 12:00:00,2020-01-24 12:00:00,COSMOS-HOLLN-SWOUT_30MIN_RAW,Y,Part calculated with incorrect calibration
CHIMN,2020-02-12 15:00:00,2020-02-12 15:00:00,COSMOS-CHIMN-PA_30MIN_RAW,Y,Spike preceeded by NaN so not picked up in QC
WADDN,2020-02-13 15:30:00,2020-02-13 15:30:00,COSMOS-WADDN-PA_30MIN_RAW,Y,Spike preceeded by NaN so not picked up in QC
WADDN,2020-02-14 11:30:00,2020-02-14 11:30:00,COSMOS-WADDN-PA_30MIN_RAW,Y,Spike preceeded by NaN so not picked up in QC
PORTN,2019-05-12 00:30:00,2021-07-06 14:00:00,COSMOS-PORTN-STP_TSOIL2_30MIN_RAW;COSMOS-PORTN-STP_TSOIL5_30MIN_RAW;COSMOS-PORTN-STP_TSOIL10_30MIN_RAW;COSMOS-PORTN-STP_TSOIL20_30MIN_RAW;COSMOS-PORTN-STP_TSOIL50_30MIN_RAW,Y,Faulty STP01 diurnal patterns
MORLY,2020-07-01 03:30:00,2020-07-01 13:30:00,COSMOS-MORLY-PRECIP_30MIN_RAW,Y,Erroneous bucket level with precip
HENFS,2020-06-25 10:00:00,2020-06-25 13:00:00,COSMOS-HENFS-CTS_MOD_30MIN_RAW,Y,MetPak switched off so not full counts
CHIMN,2020-09-25 00:00:00,2020-09-29 00:00:00,COSMOS-CHIMN-PRECIP_30MIN_RAW,Y,Pluvio Fault
MOORH,2020-09-18 00:00:00,2020-09-22 00:00:00,COSMOS-MOORH-PRECIP_30MIN_RAW,Y,Phantom rain
MOORH,2020-09-26 00:00:00,2020-09-27 00:00:00,COSMOS-MOORH-PRECIP_30MIN_RAW,Y,Phantom rain
MOORH,2020-09-27 00:00:00,2020-09-28 00:00:00,COSMOS-MOORH-PRECIP_30MIN_RAW,Y,Phantom rain
STGHT,2020-09-29 19:30:00,2020-10-22 10:30:00,COSMOS-STGHT-WD_30MIN_RAW;COSMOS-STGHT-WS_30MIN_RAW,Y,Wind values flat lining
FIVET,2020-09-29 10:00:00,2020-09-29 10:00:00,COSMOS-FIVET-RH_30MIN_RAW;COSMOS-FIVET-CTS_MOD_30MIN_RAW,Y,PPM drop out
FIVET,2020-09-29 09:30:00,2020-09-29 09:30:00,COSMOS-FIVET-SWIN_30MIN_RAW;COSMOS-FIVET-SWOUT_30MIN_RAW,Y,PPM drop out
HILLB,2020-09-30 13:30:00,2020-09-30 13:30:00,COSMOS-HILLB-SWIN_30MIN_RAW;COSMOS-HILLB-SWOUT_30MIN_RAW,Y,PPM drop out
HILLB,2020-09-30 13:00:00,2020-09-30 13:00:00,COSMOS-HILLB-CTS_MOD_30MIN_RAW,Y,PPM drop out
HILLB,2020-09-30 14:30:00,2020-09-30 14:30:00,COSMOS-HILLB-CTS_MOD_30MIN_RAW,Y,PPM drop out
GLENW,2020-09-30 11:30:00,2020-09-30 11:30:00,COSMOS-GLENW-PA_30MIN_RAW;COSMOS-GLENW-CTS_MOD_30MIN_RAW,Y,PPM drop out
CGARW,2020-10-21 09:30:00,2020-10-21 12:00:00,COSMOS-CGARW-PA_30MIN_RAW,Y,Low values during PPM
CGARW,2020-10-21 11:00:00,2020-10-21 13:00:00,COSMOS-CGARW-SWOUT_30MIN_RAW;COSMOS-CGARW-LWIN_30MIN_RAW,Y,Low values during PPM
FIVET,2020-10-21 09:30:00,2020-10-23 11:00:00,COSMOS-FIVET-WS_30MIN_RAW;COSMOS-FIVET-WD_30MIN_RAW,Y,Values flatlining
FIVET,2020-09-20 10:00:00,2020-09-20 10:00:00,COSMOS-FIVET-PA_30MIN_RAW,Y,Drop out
EASTB,2020-10-08 12:00:00,2020-10-08 12:30:00,COSMOS-EASTB-TA_30MIN_RAW;COSMOS-EASTB-PA_30MIN_RAW;COSMOS-EASTB-RH_30MIN_RAW,Y,PPM drop
BICKL,2020-10-20 04:30:00,2020-10-21 02:30:00,COSMOS-BICKL-PRECIP_30MIN_RAW,Y,Pluvio fault
CGARW,2020-10-21 09:00:00,2020-10-21 11:30:00,COSMOS-CGARW-CTS_MOD_30MIN_RAW;COSMOS-CGARW-CTS_SNOW_30MIN_RAW;COSMOS-CGARW-CTS_SNOW_RH_30MIN_RAW;COSMOS-CGARW-CTS_SNOW_TEMP_30MIN_RAW,Y,Low values during PPM
FIVET,2020-10-20 09:00:00,2020-10-20 10:00:00,COSMOS-FIVET-CTS_MOD_30MIN_RAW;COSMOS-FIVET-PA_30MIN_RAW;COSMOS-FIVET-RH_30MIN_RAW;COSMOS-FIVET-TA_30MIN_RAW,Y,PPM drops
GLENW,2020-08-14 08:00:00,2020-08-25 09:30:00,COSMOS-GLENW-CTS_MOD_30MIN_RAW,Y,Erroneous data
GLENW,2020-10-21 09:00:00,2020-10-21 09:00:00,COSMOS-GLENW-CTS_MOD_30MIN_RAW;COSMOS-GLENW-PA_30MIN_RAW,Y,Erroneous data when back online
HENFS,2020-10-20 09:30:00,2020-10-20 10:00:00,COSMOS-HENFS-CTS_MOD_30MIN_RAW,Y,PPM drop
PLYNL,2020-10-22 12:00:00,2020-10-22 12:00:00,COSMOS-PLYNL-LWIN_30MIN_RAW;COSMOS-PLYNL-LWOUT_30MIN_RAW;COSMOS-PLYNL-SWIN_30MIN_RAW;COSMOS-PLYNL-SWOUT_30MIN_RAW;COSMOS-PLYNL-RH_30MIN_RAW,Y,PPM drops
SHEEP,2020-10-27 12:30:00,2020-10-27 14:00:00,COSMOS-SHEEP-SWIN_30MIN_RAW;COSMOS-SHEEP-SWOUT_30MIN_RAW;COSMOS-SHEEP-LWIN_30MIN_RAW;COSMOS-SHEEP-LWOUT_30MIN_RAW;COSMOS-SHEEP-PA_30MIN_RAW,Y,PPM drops and spikes
SHEEP,2020-10-27 11:30:00,2020-10-27 11:30:00,COSMOS-SHEEP-CTS_MOD_30MIN_RAW,Y,PPM drop
BALRD,2020-10-25 00:30:00,2020-11-10 17:30:00,COSMOS-BALRD-PRECIP_30MIN_RAW,Y,Phantom rainfall
ROTHD,2020-10-28 10:30:00,2020-10-28 10:30:00,COSMOS-ROTHD-CTS_MOD_30MIN_RAW,Y,PPM spike
SHEEP,2020-10-27 12:00:00,2020-10-27 12:00:00,COSMOS-SHEEP-PRECIP_TIPPING_30MIN_RAW,Y,Spike during PPM
BUNNY,2020-09-02 00:30:00,2020-10-24 00:00:00,COSMOS-BUNNY-PRECIP_30MIN_RAW,Y,Phantom rainfall events
SHEEP,2017-09-27 10:30:00,2017-09-27 11:30:00,COSMOS-SHEEP-CTS_MOD_30MIN_RAW,Y,Very low count values
SHEEP,2017-09-27 14:00:00,2017-09-27 14:30:00,COSMOS-SHEEP-CTS_MOD_30MIN_RAW,Y,Very low count values
WIMPL,2020-01-09 11:00:00,2020-01-09 11:30:00,COSMOS-WIMPL-CTS_MOD_30MIN_RAW,Y,Very low counts
WIMPL,2020-11-03 13:30:00,2020-11-03 13:30:00,COSMOS-WIMPL-PA_30MIN_RAW,Y,PPM drop out
SPENF,2020-09-04 00:30:00,2020-11-23 00:00:00,COSMOS-SPENF-PRECIP_30MIN_RAW,Y,Noisy Pluvio
MOREM,2020-11-06 08:00:00,2020-11-06 08:30:00,COSMOS-MOREM-PRECIP_30MIN_RAW,Y,Precip spike
COCHN,2020-11-12 13:30:00,2020-11-12 13:30:00,COSMOS-COCHN-PA_30MIN_RAW,Y,Drop out during PPM
RISEH,2020-11-04 13:00:00,2020-11-04 13:30:00,COSMOS-RISEH-PA_30MIN_RAW,Y,PA drop out
HARTW,2020-11-11 12:00:00,2020-11-11 12:00:00,COSMOS-HARTW-PA_30MIN_RAW,Y,PA dropout
CGARW,2020-11-11 10:30:00,2020-11-11 11:00:00,COSMOS-CGARW-PA_30MIN_RAW,Y,PA dropout during PPM
ALIC1,2020-12-03 11:30:00,2020-12-03 11:30:00,COSMOS-ALIC1-SWIN_30MIN_RAW,Y,Spike during visit
HARWD,2020-12-04 01:00:00,2020-12-04 04:30:00,COSMOS-HARWD-PA_30MIN_RAW;COSMOS-HARWD-RH_30MIN_RAW;COSMOS-HARWD-TA_30MIN_RAW,Y,Erratic wind sonic and metpak data
GLENS,2020-12-15 06:30:00,2020-12-15 08:30:00,COSMOS-GLENS-G2_30MIN_RAW,Y,Spike in heat flux plate 2
RISEH,2020-12-08 10:30:00,2020-12-08 10:30:00,COSMOS-RISEH-PA_30MIN_RAW,Y,Spike in PA
BICKL,2020-12-22 10:30:00,2021-02-26 12:00:00,COSMOS-BICKL-PRECIP_30MIN_RAW,Y,Constant phantom rainfall
LODTN,2020-12-26 19:30:00,2020-12-26 21:00:00,COSMOS-LODTN-G2_30MIN_RAW,Y,Drop outs
WADDN,2021-01-02 11:30:00,2021-01-02 12:30:00,COSMOS-WADDN-PA_30MIN_RAW,Y,Drop out
LODTN,2020-12-25 16:30:00,2020-12-25 17:00:00,COSMOS-LODTN-G2_30MIN_RAW,Y,Drop outs
LODTN,2020-12-30 18:00:00,2020-12-30 18:00:00,COSMOS-LODTN-G2_30MIN_RAW,Y,Drop out
GLENW,2020-12-04 10:00:00,2020-12-04 14:30:00,COSMOS-GLENW-G1_30MIN_RAW,Y,Drop outs
GLENW,2020-12-08 01:00:00,2020-12-08 03:00:00,COSMOS-GLENW-G1_30MIN_RAW,Y,Drop outs
GLENW,2020-12-22 23:30:00,2020-12-23 01:00:00,COSMOS-GLENW-G1_30MIN_RAW,Y,Drop outs
GLENW,2020-12-26 20:30:00,2020-12-31 17:00:00,COSMOS-GLENW-G1_30MIN_RAW,Y,Drop outs
HARWD,2021-01-03 05:00:00,2021-01-03 05:00:00,COSMOS-HARWD-RH_30MIN_RAW;COSMOS-HARWD-TA_30MIN_RAW,Y,Drop outs
CHIMN,2021-01-08 00:30:00,2021-01-23 00:00:00,COSMOS-CHIMN-G1_30MIN_RAW;COSMOS-CHIMN-G2_30MIN_RAW,Y,HFPs flatlining
HARWD,2021-01-16 07:30:00,2021-01-16 07:30:00,COSMOS-HARWD-PA_30MIN_RAW;COSMOS-HARWD-RH_30MIN_RAW;COSMOS-HARWD-TA_30MIN_RAW,Y,Erratic metpak data
HARWD,2021-01-29 13:30:00,2021-01-29 13:30:00,COSMOS-HARWD-PA_30MIN_RAW;COSMOS-HARWD-RH_30MIN_RAW;COSMOS-HARWD-TA_30MIN_RAW,Y,Erratic metpak data
GLENW,2021-02-02 16:30:00,2021-02-02 17:00:00,COSMOS-GLENW-G1_30MIN_RAW,Y,Drop outs
CHIMN,2021-02-01 04:30:00,2021-02-21 10:30:00,COSMOS-CHIMN-G1_30MIN_RAW;COSMOS-CHIMN-G2_30MIN_RAW,Y,HFPs flatlining
HARWD,2021-01-19 07:00:00,2021-01-19 16:00:00,COSMOS-HARWD-PA_30MIN_RAW;COSMOS-HARWD-RH_30MIN_RAW;COSMOS-HARWD-TA_30MIN_RAW;COSMOS-HARWD-WD_30MIN_RAW;COSMOS-HARWD-WS_30MIN_RAW,Y,Erratic metpak data
HARWD,2021-01-28 09:00:00,2021-01-28 09:30:00,COSMOS-HARWD-PA_30MIN_RAW;COSMOS-HARWD-RH_30MIN_RAW;COSMOS-HARWD-TA_30MIN_RAW;COSMOS-HARWD-WD_30MIN_RAW;COSMOS-HARWD-WS_30MIN_RAW,Y,Erratic metpak data
HARWD,2021-01-29 08:00:00,2021-01-29 09:30:00,COSMOS-HARWD-PA_30MIN_RAW;COSMOS-HARWD-RH_30MIN_RAW;COSMOS-HARWD-TA_30MIN_RAW;COSMOS-HARWD-WD_30MIN_RAW;COSMOS-HARWD-WS_30MIN_RAW,Y,Erratic metpak data
HARWD,2021-02-02 09:30:00,2021-02-04 04:00:00,COSMOS-HARWD-PA_30MIN_RAW;COSMOS-HARWD-RH_30MIN_RAW;COSMOS-HARWD-TA_30MIN_RAW;COSMOS-HARWD-WD_30MIN_RAW;COSMOS-HARWD-WS_30MIN_RAW,Y,Erratic metpak data
HARWD,2021-02-06 16:30:00,2021-02-07 18:00:00,COSMOS-HARWD-PA_30MIN_RAW;COSMOS-HARWD-RH_30MIN_RAW;COSMOS-HARWD-TA_30MIN_RAW;COSMOS-HARWD-WD_30MIN_RAW;COSMOS-HARWD-WS_30MIN_RAW,Y,Erratic metpak data
SPENF,2021-02-13 00:30:00,2021-02-13 00:30:00,COSMOS-SPENF-PA_30MIN_RAW,Y,Downward spike in PA
CHIMN,2021-02-13 14:00:00,2021-02-13 14:00:00,COSMOS-CHIMN-PRECIP_30MIN_RAW,Y,Pluvio spike
GLENW,2021-03-12 14:30:00,2021-03-12 15:30:00,COSMOS-GLENW-G1_30MIN_RAW,Y,Drop outs
GLENW,2021-03-12 18:30:00,2021-03-12 19:30:00,COSMOS-GLENW-G1_30MIN_RAW,Y,Drop outs
CHIMN,2021-03-25 14:00:00,2021-03-25 14:00:00,COSMOS-CHIMN-PRECIP_30MIN_RAW,Y,Tip recorded but no pluvio
CHIMN,2021-03-25 15:30:00,2021-03-25 15:30:00,COSMOS-CHIMN-PRECIP_30MIN_RAW,Y,Tip recorded but no pluvio
STGHT,2021-04-11 00:30:00,2021-04-12 23:30:00,COSMOS-STGHT-PRECIP_30MIN_RAW,Y,Erratic pluvio readings
HLACY,2021-04-06 11:30:00,2021-04-10 00:30:00,COSMOS-HLACY-PRECIP_30MIN_RAW,Y,Erroneous Pluvio data
LODTN,2021-03-13 06:30:00,2021-03-13 12:00:00,COSMOS-LODTN-CTS_MOD_30MIN_RAW,Y,Drop outs
LODTN,2021-04-16 14:00:00,2021-04-16 14:00:00,COSMOS-LODTN-CTS_MOD_30MIN_RAW,Y,Not enough counts
EASTB,2021-04-22 12:30:00,2021-04-22 12:30:00,COSMOS-EASTB-CTS_MOD_30MIN_RAW,Y,Low counts on recovery
EASTB,2021-04-22 12:30:00,2022-04-21 23:30:00,COSMOS-EASTB-TDT1_VWC_30MIN_RAW;COSMOS-EASTB-TDT2_VWC_30MIN_RAW;COSMOS-EASTB-TDT1_TSOIL_30MIN_RAW;COSMOS-EASTB-TDT2_TSOIL_30MIN_RAW;COSMOS-EASTB-TDT1_SOILEC_30MIN_RAW;COSMOS-EASTB-TDT2_SOILEC_30MIN_RAW;COSMOS-EASTB-TDT1_SOILPERM_30MIN_RAW;COSMOS-EASTB-TDT2_SOILPERM_30MIN_RAW,N,TDTs settling in period.
BUNNY,2021-04-13 08:30:00,2021-04-13 14:30:00,ALL,Y,PPM
RISEH,2021-04-14 09:00:00,2021-04-14 12:00:00,ALL,Y,PPM
STGHT,2021-04-15 09:30:00,2021-04-15 12:30:00,ALL,Y,PPM
LODTN,2021-04-16 08:30:00,2021-04-16 14:30:00,ALL,Y,PPM
LIZRD,2021-04-20 09:30:00,2021-04-20 09:30:00,COSMOS-LIZRD-CTS_MOD_30MIN_RAW,Y,Counts drop out
GLENW,2021-04-29 07:30:00,2021-04-29 07:30:00,COSMOS-GLENW-G1_30MIN_RAW,Y,Drop outs
MORLY,2021-04-28 09:00:00,2021-04-28 10:00:00,COSMOS-MORLY-CTS_MOD_30MIN_RAW,Y,Counts drop outs
FINCH,2021-04-27 10:00:00,2021-04-27 10:00:00,COSMOS-FINCH-PA_30MIN_RAW,Y,PPM drop out
BICKL,2021-05-04 12:00:00,2021-05-04 12:00:00,COSMOS-BICKL-RH_30MIN_RAW;COSMOS-BICKL-TA_30MIN_RAW,Y,PPM spikes
CRICH,2021-05-12 09:00:00,2021-05-12 14:00:00,COSMOS-CRICH-G1_30MIN_RAW;COSMOS-CRICH-G2_30MIN_RAW,Y,Drop outs
GLENW,2021-05-04 22:30:00,2021-05-04 23:00:00,COSMOS-GLENW-G1_30MIN_RAW,Y,Drop outs
GLENW,2021-05-05 12:00:00,2021-05-05 12:00:00,COSMOS-GLENW-G1_30MIN_RAW,Y,Drop outs
HLACY,2021-05-06 10:30:00,2021-05-06 10:30:00,COSMOS-HLACY-PA_30MIN_RAW,Y,Drop out
HARWD,2021-05-08 17:30:00,2021-05-08 17:30:00,COSMOS-HARWD-PA_30MIN_RAW,Y,Drop out
GISBN,2021-05-19 11:30:00,2021-05-19 12:00:00,COSMOS-GISBN-TA_30MIN_RAW;COSMOS-GISBN-SWIN_30MIN_RAW;COSMOS-GISBN-SWOUT_30MIN_RAW;COSMOS-GISBN-LWIN_30MIN_RAW;COSMOS-GISBN-LWOUT_30MIN_RAW,Y,Suspect data during PPM
GISBN,2021-05-19 09:30:00,2021-05-19 09:30:00,COSMOS-GISBN-CTS_MOD_30MIN_RAW,Y,Suspect data during PPM
GISBN,2021-05-19 09:00:00,2021-05-19 09:00:00,COSMOS-GISBN-TDT1_VWC_30MIN_RAW;COSMOS-GISBN-TDT1_TSOIL_30MIN_RAW,Y,Drop out during PPM
GISBN,2021-05-19 11:30:00,2021-05-19 12:00:00,COSMOS-GISBN-TDT1_VWC_30MIN_RAW;COSMOS-GISBN-TDT1_TSOIL_30MIN_RAW,Y,Drop out during PPM
GISBN,2021-05-19 11:00:00,2021-05-19 11:00:00,COSMOS-GISBN-RH_30MIN_RAW,Y,Drop out during PPM
GLENW,2021-05-19 14:00:00,2021-05-19 14:30:00,COSMOS-GLENW-G1_30MIN_RAW,Y,Drop out and spike
GLENW,2021-05-23 11:30:00,2021-05-23 12:00:00,COSMOS-GLENW-G1_30MIN_RAW,Y,Drop out
GLENW,2021-05-23 16:30:00,2021-05-23 16:30:00,COSMOS-GLENW-G1_30MIN_RAW,Y,Drop out
HOLLN,2021-05-20 10:30:00,2021-05-20 10:30:00,COSMOS-HOLLN-CTS_MOD_30MIN_RAW,Y,Drop out during PPM
HOLLN,2021-05-20 10:30:00,2021-05-21 00:30:00,COSMOS-HOLLN-G1_30MIN_RAW,Y,Flat-lining during PPM to self-calibration
CARDT,2021-06-01 10:30:00,2021-06-09 11:00:00,COSMOS-CARDT-TNR01C_30MIN_RAW;COSMOS-CARDT-LWIN_30MIN_RAW;COSMOS-CARDT-LWOUT_30MIN_RAW,Y,TNR01C flat-lining since PPM
FINCH,2021-04-27 09:00:00,2021-05-26 10:00:00,COSMOS-FINCH-G1_30MIN_RAW,Y,Flat-lining at zero
HLACY,2021-05-06 10:30:00,2021-06-18 10:00:00,COSMOS-HLACY-G1_30MIN_RAW,Y,Flat-lining at zero
HYBRY,2021-05-27 09:12:00,2021-05-27 11:41:00,ALL,N,Timstamp for all data manually changed from BST to GMT
MORLY,2021-05-30 00:30:00,2021-06-01 12:00:00,COSMOS-MORLY-PRECIP_30MIN_RAW,Y,Erroneous bucket level with precip
ROTHD,2021-06-02 10:51:00,2021-06-02 12:43:00,ALL,N,Timestamp manually changed from BST to GMT in SoilMet and Precip split files
SHEEP,2021-05-26 00:30:00,2021-05-26 23:30:00,COSMOS-SHEEP-PRECIP_30MIN_RAW,Y,Erroneous data
ROTHD,2021-06-02 10:30:00,2021-06-02 10:30:00,COSMOS-ROTHD-CTS_MOD_30MIN_RAW,Y,PPM spike
SYDLG,2021-06-10 11:07:00,2021-06-10 11:09:00,ALL,N,Timstamp for Precip data manually changed from BST to GMT
MORLY,2021-06-05 10:00:00,2021-06-29 09:00:00,COSMOS-MORLY-PRECIP_30MIN_RAW,Y,Constant rainfall
SYDLG,2021-05-26 11:00:00,2022-06-07 11:00:00,COSMOS-SYDLG-TDT2_VWC_30MIN_RAW;COSMOS-SYDLG-TDT9_VWC_30MIN_RAW,N,Settling in period for new TDTs installed
COCLP,2021-06-27 14:00:00,2021-06-28 12:00:00,COSMOS-COCLP-CTS_MOD_30MIN_RAW;COSMOS-COCLP-TDT1_VWC_30MIN_RAW;COSMOS-COCLP-TDT1_TSOIL_30MIN_RAW;COSMOS-COCLP-TDT1_SOILPERM_30MIN_RAW;COSMOS-COCLP-TDT2_VWC_30MIN_RAW;COSMOS-COCLP-TDT2_TSOIL_30MIN_RAW;COSMOS-COCLP-TDT2_SOILPERM_30MIN_RAW;COSMOS-COCLP-PRECIP_30MIN_RAW,Y,Variables flat lining
WIMPL,2021-07-13 09:42:00,2021-07-13 09:42:00,ALL,N,Timstamp for Precip data manually changed from BST to GMT
EUSTN,2021-07-16 02:00:00,2021-07-16 02:30:00,COSMOS-EUSTN-LWIN_30MIN_RAW;COSMOS-EUSTN-LWOUT_30MIN_RAW;COSMOS-EUSTN-TNR01C_30MIN_RAW,Y,Dropout
EUSTN,2021-07-18 20:30:00,2021-07-18 21:00:00,COSMOS-EUSTN-LWIN_30MIN_RAW;COSMOS-EUSTN-LWOUT_30MIN_RAW;COSMOS-EUSTN-TNR01C_30MIN_RAW,Y,Dropout
FINCH,2021-07-20 16:30:00,2021-07-20 16:30:00,COSMOS-FINCH-G2_30MIN_RAW,Y,Drop out
HADLW,2021-07-21 13:30:00,2021-07-21 13:30:00,COSMOS-HADLW-PA_30MIN_RAW,Y,Drop out during PPM
CRICH,2021-12-12 15:00:00,2021-12-13 02:00:00,COSMOS-CRICH-LWIN_30MIN_RAW,COSMOS-CRICH-Y_30MIN_RAW,Sensor fault; values very high
CRICH,2021-12-14 10:30:00,2021-12-14 15:00:00,COSMOS-CRICH-LWIN_30MIN_RAW,COSMOS-CRICH-Y_30MIN_RAW,Sensor fault; values very high
HARWD,2022-03-29 07:30:00,2022-03-29 07:30:00,COSMOS-HARWD-TA_30MIN_RAW,Y,Spike
HARWD,2022-03-29 07:00:00,2022-03-29 07:00:00,COSMOS-HARWD-RH_30MIN_RAW,Y,Spike
COCLP,2022-04-19 00:30:00,2022-04-24 12:00:00,COSMOS-COCLP-PRECIP_30MIN_RAW,Y,Phantom rain
ALIC1,2022-04-08 12:30:00,2022-05-15 00:00:00,COSMOS-ALIC1-PRECIP_30MIN_RAW,Y,Phantom rain
MOORH,2022-04-22 00:30:00,2022-04-25 14:30:00,COSMOS-MOORH-PRECIP_30MIN_RAW,Y,Phantom rain
FINCH,2022-03-21 00:30:00,2022-05-19 12:00:00,COSMOS-FINCH-PRECIP_30MIN_RAW,Y,Erroneous rainfall
BUNNY,2022-04-20 00:30:00,2022-04-26 12:30:00,COSMOS-BUNNY-PRECIP_30MIN_RAW,Y,Phantom rainfall
STGHT,2022-04-27 11:00:00,2022-04-27 11:00:00,COSMOS-STGHT-PA_30MIN_RAW,Y,Drop out
LODTN,2022-04-28 12:30:00,2022-04-28 12:30:00,COSMOS-LODTN-PA_30MIN_RAW,Y,PA dropout
RISEH,2022-07-12 10:00:00,2022-07-12 10:00:00,COSMOS-RISEH-PA_30MIN_RAW,Y,Dropout during PPM
STGHT,2023-09-06 12:00:00,2023-09-10 00:00:00,COSMOS-STGHT-PRECIP_30MIN_RAW,Y,False rain with extremely noisy bucket level
SPENF,2022-06-19 01:00:00,2022-09-01 06:00:00,COSMOS-SPENF-PRECIP_30MIN_RAW,Y,False rain
WADDN,2022-06-26 01:00:00,2022-08-10 14:00:00,COSMOS-WADDN-PRECIP_30MIN_RAW,Y,False rain
SHEEP,2022-08-19 16:00:00,2022-08-22 20:30:00,COSMOS-SHEEP-PRECIP_30MIN_RAW,Y,Phantom rain
SHEEP,2022-08-27 16:30:00,2022-08-30 16:00:00,COSMOS-SHEEP-PRECIP_30MIN_RAW,Y,Phantom rain
HYBRY,2022-08-30 14:00:00,2023-08-29 23:30:00,COSMOS-HYBRY-TDT1_VWC_30MIN_RAW;COSMOS-HYBRY-TDT2_VWC_30MIN_RAW;COSMOS-HYBRY-TDT1_TSOIL_30MIN_RAW;COSMOS-HYBRY-TDT2_TSOIL_30MIN_RAW;COSMOS-HYBRY-TDT1_SOILEC_30MIN_RAW;COSMOS-HYBRY-TDT2_SOILEC_30MIN_RAW;COSMOS-HYBRY-TDT1_SOILPERM_30MIN_RAW;COSMOS-HYBRY-TDT2_SOILPERM_30MIN_RAW,Y,Settling in period for TDT's installed
BALRD,2022-09-01 11:30:00,2022-09-02 00:30:00,COSMOS-BALRD-G1_30MIN_RAW;COSMOS-BALRD-G2_30MIN_RAW,Y,Faulty during PPM
LODTN,2022-08-03 16:30:00,2022-08-03 16:30:00,COSMOS-LODTN-PRECIP_RAINE_30MIN_RAW,Y,Spike during compund strim
MOREM,2022-04-29 09:00:00,2022-09-08 08:00:00,COSMOS-MOREM-G2_30MIN_RAW,Y,HFP2 exposed
LIZRD,2022-08-07 00:30:00,2022-08-15 00:00:00,COSMOS-LIZRD-PRECIP_30MIN_RAW,Y,Phantom rain
HARTW,2022-08-18 00:30:00,2022-09-03 00:00:00,COSMOS-HARTW-PRECIP_30MIN_RAW,Y,Suspect precip
SHEEP,2022-09-13 10:00:00,2022-09-13 10:00:00,COSMOS-SHEEP-PA_30MIN_RAW,Y,Dropout
HADLW,2022-11-13 04:00:00,2022-11-13 04:30:00,COSMOS-HADLW-WS_30MIN_RAW,Y,Spike
CRICH,2023-01-16 06:00:00,2023-06-07 13:00:00,COSMOS-CRICH-LWIN_30MIN_RAW,Y,Values very erratic due to sensor fault
EASTB,2016-04-06 10:30:00,2016-04-06 10:30:00,COSMOS-EASTB-CTS_MOD_30MIN_RAW,Y,Spike
EASTB,2016-05-17 16:00:00,2016-05-17 16:00:00,COSMOS-EASTB-CTS_MOD_30MIN_RAW,Y,Spike
EASTB,2018-10-18 10:00:00,2018-10-18 10:00:00,COSMOS-EASTB-CTS_MOD_30MIN_RAW,Y,Spike
EASTB,2018-10-18 14:00:00,2018-10-18 14:00:00,COSMOS-EASTB-CTS_MOD_30MIN_RAW,Y,Spike
EASTB,2019-10-29 13:30:00,2019-10-29 13:30:00,COSMOS-EASTB-CTS_MOD_30MIN_RAW,Y,Spike
EASTB,2020-09-08 10:00:00,2020-09-08 10:00:00,COSMOS-EASTB-CTS_MOD_30MIN_RAW,Y,Spike
EASTB,2020-10-08 09:00:00,2020-10-08 10:00:00,COSMOS-EASTB-CTS_MOD_30MIN_RAW,Y,Spike
ELMST,2018-09-21 10:00:00,2018-09-21 10:00:00,COSMOS-ELMST-CTS_MOD_30MIN_RAW;COSMOS-ELMST-PA_30MIN_RAW,Y,Spike
EUSTN,2018-12-14 15:00:00,2018-12-14 15:00:00,COSMOS-EUSTN-CTS_MOD_30MIN_RAW,Y,Spike
EUSTN,2018-12-14 17:30:00,2018-12-14 17:30:00,COSMOS-EUSTN-CTS_MOD_30MIN_RAW;COSMOS-EUSTN-PA_30MIN_RAW,Y,Spike
EUSTN,2019-06-18 09:00:00,2019-06-18 09:00:00,COSMOS-EUSTN-CTS_MOD_30MIN_RAW;COSMOS-EUSTN-PA_30MIN_RAW,Y,Spike
EUSTN,2020-07-31 12:00:00,2020-07-31 12:00:00,COSMOS-EUSTN-CTS_MOD_30MIN_RAW,Y,Spike
FINCH,2018-09-17 13:00:00,2018-09-17 13:00:00,COSMOS-FINCH-CTS_MOD_30MIN_RAW;COSMOS-FINCH-PA_30MIN_RAW,Y,Spike
FIVET,2019-09-03 14:30:00,2019-09-03 14:30:00,COSMOS-FIVET-CTS_MOD_30MIN_RAW;COSMOS-FIVET-PA_30MIN_RAW;COSMOS-FIVET-RH_30MIN_RAW,Y,Spike
FIVET,2022-07-26 07:00:00,2022-07-26 07:00:00,COSMOS-FIVET-CTS_MOD_30MIN_RAW;COSMOS-FIVET-PA_30MIN_RAW,Y,Spike
GISBN,2015-10-13 10:30:00,2015-10-13 10:30:00,COSMOS-GISBN-CTS_MOD_30MIN_RAW,Y,Spike
NWYKE,2014-11-17 11:30:00,2014-11-17 11:30:00,COSMOS-NWYKE-PA_30MIN_RAW,Y,Spike
NWYKE,2015-03-18 14:00:00,2015-03-18 14:00:00,COSMOS-NWYKE-TA_30MIN_RAW;COSMOS-NWYKE-RH_30MIN_RAW,Y,Spike
PLYNL,2015-12-23 10:30:00,2015-12-23 10:30:00,COSMOS-PLYNL-PA_30MIN_RAW,Y,Spike
PLYNL,2016-01-27 11:00:00,2016-01-27 11:00:00,COSMOS-PLYNL-PA_30MIN_RAW,Y,Spike
PLYNL,2016-11-27 08:30:00,2016-11-27 08:30:00,COSMOS-PLYNL-PA_30MIN_RAW,Y,Spike
PLYNL,2019-03-08 14:30:00,2019-03-08 14:30:00,COSMOS-PLYNL-PA_30MIN_RAW;COSMOS-PLYNL-TA_30MIN_RAW,Y,Spike
PORTN,2015-09-10 14:00:00,2015-09-10 14:00:00,COSMOS-PORTN-PA_30MIN_RAW,Y,Spike
PORTN,2016-08-04 09:30:00,2016-08-04 09:30:00,COSMOS-PORTN-PA_30MIN_RAW,Y,Spike
PORTN,2022-11-08 13:00:00,2022-11-08 13:00:00,COSMOS-PORTN-PA_30MIN_RAW,Y,Spike
RDMER,2016-11-03 13:30:00,2016-11-03 13:30:00,COSMOS-RDMER-PA_30MIN_RAW;COSMOS-RDMER-TA_30MIN_RAW,Y,Spike
RISEH,2016-05-04 16:00:00,2016-05-04 16:30:00,COSMOS-RISEH-PA_30MIN_RAW,Y,Spike
RISEH,2018-08-17 09:30:00,2018-08-17 09:30:00,COSMOS-RISEH-PA_30MIN_RAW,Y,Spike
RISEH,2019-05-02 14:30:00,2019-05-02 14:30:00,COSMOS-RISEH-PA_30MIN_RAW;COSMOS-RISEH-TA_30MIN_RAW,Y,Spike
RISEH,2019-05-02 16:30:00,2019-05-02 16:30:00,COSMOS-RISEH-CTS_MOD_30MIN_RAW;COSMOS-RISEH-PA_30MIN_RAW,Y,Spike
RISEH,2019-07-29 09:00:00,2019-07-29 09:00:00,COSMOS-RISEH-PA_30MIN_RAW,Y,Spike
RISEH,2019-10-10 10:30:00,2019-10-10 11:30:00,COSMOS-RISEH-PA_30MIN_RAW,Y,Spike
RISEH,2019-10-17 16:00:00,2019-10-17 16:00:00,COSMOS-RISEH-PA_30MIN_RAW,Y,Spike
RISEH,2019-11-14 12:30:00,2019-11-14 12:30:00,COSMOS-RISEH-PA_30MIN_RAW,Y,Spike
RISEH,2020-07-10 08:30:00,2020-07-10 08:30:00,COSMOS-RISEH-PA_30MIN_RAW,Y,Spike
RISEH,2020-07-17 09:00:00,2020-07-17 09:00:00,COSMOS-RISEH-PA_30MIN_RAW,Y,Spike
ROTHD,2015-06-02 15:00:00,2015-06-02 15:00:00,COSMOS-ROTHD-PA_30MIN_RAW,Y,Spike
ROTHD,2015-08-03 13:00:00,2015-08-03 13:00:00,COSMOS-ROTHD-PA_30MIN_RAW,Y,Spike
ROTHD,2015-09-08 10:00:00,2015-09-08 10:00:00,COSMOS-ROTHD-PA_30MIN_RAW;COSMOS-ROTHD-TA_30MIN_RAW,Y,Spike
SHEEP,2013-10-24 16:00:00,2013-10-24 16:00:00,COSMOS-SHEEP-PA_30MIN_RAW,Y,Spike
SOURH,2015-11-19 01:00:00,2015-11-19 01:00:00,COSMOS-SOURH-PA_30MIN_RAW,Y,Spike
SOURH,2016-04-06 08:30:00,2016-04-06 08:30:00,COSMOS-SOURH-PA_30MIN_RAW,Y,Spike
SOURH,2020-03-22 14:30:00,2020-03-22 14:30:00,COSMOS-SOURH-PA_30MIN_RAW,Y,Spike
SOURH,2020-10-07 10:30:00,2020-10-07 10:30:00,COSMOS-SOURH-PA_30MIN_RAW;COSMOS-SOURH-TA_30MIN_RAW,Y,Spike
SPENF,2016-11-23 10:30:00,2016-11-23 10:30:00,COSMOS-SPENF-PA_30MIN_RAW,Y,Spike
SPENF,2022-05-04 10:30:00,2022-05-04 12:00:00,COSMOS-SPENF-PA_30MIN_RAW,Y,Spike
STGHT,2016-09-09 10:00:00,2016-09-09 10:00:00,COSMOS-STGHT-TA_30MIN_RAW,Y,Spike
STGHT,2018-08-23 09:30:00,2018-08-23 09:30:00,COSMOS-STGHT-PA_30MIN_RAW,Y,Spike
STIPS,2015-06-05 10:00:00,2015-06-05 10:00:00,COSMOS-STIPS-PA_30MIN_RAW,Y,Spike
SYDLG,2018-11-28 12:30:00,2018-11-28 12:30:00,COSMOS-SYDLG-PA_30MIN_RAW,Y,Spike
SYDLG,2018-11-29 08:00:00,2018-11-29 20:00:00,COSMOS-SYDLG-TA_30MIN_RAW;COSMOS-SYDLG-RH_30MIN_RAW,Y,Erratic
SYDLG,2018-12-04 15:00:00,2018-12-04 15:00:00,COSMOS-SYDLG-RH_30MIN_RAW,Y,Spike
SYDLG,2020-08-28 22:30:00,2020-08-28 22:30:00,COSMOS-SYDLG-PA_30MIN_RAW,Y,Spike
SYDLG,2021-05-26 13:00:00,2021-05-26 13:00:00,COSMOS-SYDLG-PA_30MIN_RAW,Y,Spike
SYDLG,2022-10-03 11:00:00,2022-10-03 11:00:00,COSMOS-SYDLG-PA_30MIN_RAW,Y,Spike
SYDLG,2022-11-02 20:00:00,2022-11-02 20:00:00,COSMOS-SYDLG-PA_30MIN_RAW,Y,Spike
TADHM,2014-10-14 13:00:00,2014-10-14 13:00:00,COSMOS-TADHM-PA_30MIN_RAW,Y,Spike
TADHM,2016-03-01 14:00:00,2016-03-01 14:00:00,COSMOS-TADHM-PA_30MIN_RAW,Y,Spike
WADDN,2018-07-18 15:00:00,2018-07-18 15:00:00,COSMOS-WADDN-TA_30MIN_RAW;COSMOS-WADDN-RH_30MIN_RAW,Y,Spike
WADDN,2018-07-28 11:00:00,2018-07-28 12:00:00,COSMOS-WADDN-TA_30MIN_RAW;COSMOS-WADDN-RH_30MIN_RAW,Y,Spike
WADDN,2018-09-03 03:30:00,2018-09-03 03:30:00,COSMOS-WADDN-PA_30MIN_RAW,Y,Spike
WADDN,2018-09-08 08:30:00,2018-09-08 08:30:00,COSMOS-WADDN-PA_30MIN_RAW,Y,Spike
WADDN,2018-09-25 18:30:00,2018-09-25 18:30:00,COSMOS-WADDN-PA_30MIN_RAW,Y,Spike
WADDN,2018-09-25 19:30:00,2018-09-25 19:30:00,COSMOS-WADDN-PA_30MIN_RAW,Y,Spike
WIMPL,2020-11-19 17:00:00,2020-11-19 17:00:00,COSMOS-WIMPL-PA_30MIN_RAW,Y,Spike
WIMPL,2022-07-13 10:00:00,2022-07-13 10:00:00,COSMOS-WIMPL-PA_30MIN_RAW,Y,Spike
WRTTL,2018-01-25 12:00:00,2018-01-25 12:30:00,COSMOS-WRTTL-PA_30MIN_RAW,Y,Spike
WRTTL,2019-11-20 11:30:00,2019-11-20 11:30:00,COSMOS-WRTTL-PA_30MIN_RAW;COSMOS-WRTTL-RH_30MIN_RAW,Y,Spike
WRTTL,2019-11-20 15:30:00,2019-11-20 15:30:00,COSMOS-WRTTL-PA_30MIN_RAW,Y,Spike
WRTTL,2020-08-21 10:30:00,2020-08-21 10:30:00,COSMOS-WRTTL-PA_30MIN_RAW,Y,Spike
WRTTL,2022-07-20 10:30:00,2022-07-20 10:30:00,COSMOS-WRTTL-PA_30MIN_RAW,Y,Spike
BICKL,2023-11-17 01:00:00,2023-11-17 22:00:00,COSMOS-BICKL-PRECIP_30MIN_RAW,Y,False rain
BICKL,2023-11-18 06:30:00,2023-11-18 13:00:00,COSMOS-BICKL-PRECIP_30MIN_RAW,Y,False rain
BICKL,2023-11-20 03:00:00,2023-11-20 05:00:00,COSMOS-BICKL-PRECIP_30MIN_RAW,Y,False rain
BICKL,2023-11-24 16:00:00,2023-11-24 18:00:00,COSMOS-BICKL-PRECIP_30MIN_RAW,Y,False rain
BICKL,2023-11-28 15:00:00,2023-11-28 19:00:00,COSMOS-BICKL-PRECIP_30MIN_RAW,Y,False rain
BICKL,2023-11-29 12:00:00,2023-11-29 17:00:00,COSMOS-BICKL-PRECIP_30MIN_RAW,Y,False rain
BUNNY,2023-11-24 13:00:00,2023-11-24 15:00:00,COSMOS-BUNNY-PRECIP_30MIN_RAW,Y,False rain
BUNNY,2023-11-26 09:00:00,2023-11-26 11:00:00,COSMOS-BUNNY-PRECIP_30MIN_RAW,Y,False rain
CARDT,2023-11-18 19:00:00,2023-11-19 16:00:00,COSMOS-CARDT-PRECIP_30MIN_RAW,Y,False rain
CARDT,2023-11-23 13:00:00,2023-11-23 15:00:00,COSMOS-CARDT-PRECIP_30MIN_RAW,Y,False rain
CHIMN,2023-11-17 04:00:00,2023-11-17 11:00:00,COSMOS-CHIMN-PRECIP_RAINE_30MIN_RAW,Y,False rain
CHIMN,2023-11-20 12:00:00,2023-11-20 14:00:00,COSMOS-CHIMN-PRECIP_RAINE_30MIN_RAW,Y,False rain
CHIMN,2023-11-21 23:00:00,2023-11-22 01:00:00,COSMOS-CHIMN-PRECIP_RAINE_30MIN_RAW,Y,False rain
CHIMN,2023-11-24 17:00:00,2023-11-24 19:00:00,COSMOS-CHIMN-PRECIP_RAINE_30MIN_RAW,Y,False rain
CHIMN,2023-11-25 09:00:00,2023-11-25 11:00:00,COSMOS-CHIMN-PRECIP_RAINE_30MIN_RAW,Y,False rain
CHIMN,2023-11-29 09:00:00,2023-11-29 14:00:00,COSMOS-CHIMN-PRECIP_RAINE_30MIN_RAW,Y,False rain
CHIMN,2023-11-30 09:00:00,2023-11-30 13:00:00,COSMOS-CHIMN-PRECIP_RAINE_30MIN_RAW,Y,False rain
CHOBH,2023-11-23 00:00:00,2023-11-23 10:00:00,COSMOS-CHOBH-PRECIP_RAINE_30MIN_RAW,Y,False rain
FINCH,2023-11-28 19:00:00,2023-12-01 12:00:00,COSMOS-FINCH-PRECIP_RAINE_30MIN_RAW,Y,False rain with extremely noisy bucket level
HLACY,2023-11-20 18:00:00,2023-11-20 20:00:00,COSMOS-HLACY-PRECIP_30MIN_RAW,Y,False rain
HLACY,2023-11-24 09:00:00,2023-11-24 11:00:00,COSMOS-HLACY-PRECIP_30MIN_RAW,Y,False rain
HLACY,2023-11-17 01:00:00,2023-11-17 11:00:00,COSMOS-HLACY-PRECIP_RAINE_30MIN_RAW,Y,False rain
HLACY,2023-11-19 13:00:00,2023-11-19 16:00:00,COSMOS-HLACY-PRECIP_RAINE_30MIN_RAW,Y,False rain
HLACY,2023-11-20 00:00:00,2023-11-20 14:00:00,COSMOS-HLACY-PRECIP_RAINE_30MIN_RAW,Y,False rain
HLACY,2023-11-21 23:00:00,2023-11-23 14:00:00,COSMOS-HLACY-PRECIP_RAINE_30MIN_RAW,Y,False rain
HLACY,2023-11-24 17:00:00,2023-11-25 14:00:00,COSMOS-HLACY-PRECIP_RAINE_30MIN_RAW,Y,False rain
HLACY,2023-11-27 06:00:00,2023-11-27 11:00:00,COSMOS-HLACY-PRECIP_RAINE_30MIN_RAW,Y,False rain
HLACY,2023-11-28 07:00:00,2023-12-01 00:00:00,COSMOS-HLACY-PRECIP_RAINE_30MIN_RAW,Y,False rain
HOLLN,2023-11-17 06:00:00,2023-11-17 16:00:00,COSMOS-HOLLN-PRECIP_RAINE_30MIN_RAW,Y,Clogged RainE with precipitation not seen in Pluvio
HOLLN,2023-11-28 03:00:00,2023-11-28 10:00:00,COSMOS-HOLLN-PRECIP_RAINE_30MIN_RAW,Y,Clogged RainE with precipitation not seen in Pluvio
HOLLN,2023-11-29 12:00:00,2023-11-29 15:00:00,COSMOS-HOLLN-PRECIP_RAINE_30MIN_RAW,Y,Clogged RainE with precipitation not seen in Pluvio
HOLLN,2023-11-30 00:00:00,2023-11-30 03:00:00,COSMOS-HOLLN-PRECIP_RAINE_30MIN_RAW,Y,Clogged RainE with precipitation not seen in Pluvio
HOLLN,2023-12-01 10:00:00,2023-12-01 12:00:00,COSMOS-HOLLN-PRECIP_RAINE_30MIN_RAW,Y,Clogged RainE with precipitation not seen in Pluvio
LODTN,2023-11-24 00:00:00,2023-11-26 00:00:00,COSMOS-LODTN-PRECIP_30MIN_RAW,Y,False rain
LODTN,2023-12-01 10:00:00,2023-12-01 13:00:00,COSMOS-LODTN-PRECIP_RAINE_30MIN_RAW,Y,False rain
LODTN,2023-11-24 00:30:00,2023-11-24 07:00:00,COSMOS-LODTN-PRECIP_RAINE_30MIN_RAW,Y,False rain
ROTHD,2023-11-19 00:00:00,2023-11-20 15:00:00,COSMOS-ROTHD-PRECIP_30MIN_RAW,Y,False rain events
ROTHD,2023-11-22 00:00:00,2023-11-26 11:00:00,COSMOS-ROTHD-PRECIP_30MIN_RAW,Y,False rain events
ROTHD,2023-11-28 00:00:00,2023-11-30 08:00:00,COSMOS-ROTHD-PRECIP_30MIN_RAW,Y,False rain events
MOREM,2023-11-19 11:00:00,2023-11-22 00:00:00,COSMOS-MOREM-PRECIP_RAINE_30MIN_RAW,Y,False rain
MOREM,2023-11-28 00:00:00,2023-11-30 00:00:00,COSMOS-MOREM-PRECIP_RAINE_30MIN_RAW,Y,False rain
WADDN,2023-12-01 00:00:00,2023-12-02 00:00:00,COSMOS-WADDN-PRECIP_RAINE_30MIN_RAW,Y,False rain with noisy bucket level
WRTTL,2023-11-19 00:00:00,2023-11-20 16:00:00,COSMOS-WRTTL-PRECIP_30MIN_RAW,Y,False rain
WRTTL,2023-11-23 00:00:00,2023-11-26 00:00:00,COSMOS-WRTTL-PRECIP_30MIN_RAW,Y,False rain
WRTTL,2023-11-28 00:00:00,2023-11-30 00:00:00,COSMOS-WRTTL-PRECIP_30MIN_RAW,Y,False rain
BICKL,2024-01-04 02:00:00,2024-01-05 09:00:00,COSMOS-BICKL-PRECIP_RAINE_30MIN_RAW,Y,False rain
BICKL,2024-01-05 18:00:00,2024-01-06 05:00:00,COSMOS-BICKL-PRECIP_RAINE_30MIN_RAW,Y,False rain
BUNNY,2024-01-01 19:00:00,2024-01-04 11:00:00,COSMOS-BUNNY-PRECIP_RAINE_30MIN_RAW,Y,False rain
BUNNY,2024-01-07 02:00:00,2024-01-07 06:00:00,COSMOS-BUNNY-PRECIP_RAINE_30MIN_RAW,Y,False rain
BUNNY,2024-01-10 08:00:00,2024-01-10 11:00:00,COSMOS-BUNNY-PRECIP_RAINE_30MIN_RAW,Y,False rain
CARDT,2024-01-05 17:00:00,2024-01-06 01:00:00,COSMOS-CARDT-PRECIP_RAINE_30MIN_RAW,Y,False rain
CARDT,2024-01-06 19:00:00,2024-01-07 00:00:00,COSMOS-CARDT-PRECIP_RAINE_30MIN_RAW,Y,False rain
WIMPL,2021-11-04 10:30:00,2021-11-04 10:30:00,COSMOS-WIMPL-PA_30MIN_RAW,Y,PPM drop out
HOLLN,2022-02-16 00:30:00,2022-02-16 00:30:00,COSMOS-HOLLN-CTS_MOD_30MIN_RAW,Y,Drop out to 1
HOLLN,2022-05-03 12:30:00,2022-05-03 14:30:00,COSMOS-HOLLN-CTS_MOD_30MIN_RAW,Y,Drop outs during PPM
FINCH,2022-06-06 18:30:00,2022-06-13 07:00:00,COSMOS-FINCH-PRECIP_RAINE_30MIN_RAW,Y,Phantom rain
GISBN,2016-01-13 10:30:00,2016-01-13 10:30:00,COSMOS-GISBN-CTS_MOD_30MIN_RAW;COSMOS-GISBN-PA_30MIN_RAW,Y,Spike
CHOBH,2022-06-19 06:30:00,2022-06-20 00:00:00,COSMOS-CHOBH-CTS_MOD_30MIN_RAW,Y,Flat lining
CHOBH,2022-06-27 01:30:00,2022-06-27 16:00:00,COSMOS-CHOBH-CTS_MOD_30MIN_RAW;COSMOS-CHOBH-TDT1_VWC_30MIN_RAW;COSMOS-CHOBH-TDT2_VWC_30MIN_RAW,Y,Flat lining
CHOBH,2022-06-19 08:30:00,2022-06-19 12:00:00,COSMOS-CHOBH-STP_TSOIL2_30MIN_RAW;COSMOS-CHOBH-STP_TSOIL5_30MIN_RAW;COSMOS-CHOBH-STP_TSOIL10_30MIN_RAW;COSMOS-CHOBH-STP_TSOIL20_30MIN_RAW;COSMOS-CHOBH-STP_TSOIL50_30MIN_RAW,Y,Spikes
CHOBH,2022-06-19 15:00:00,2022-06-19 16:00:00,COSMOS-CHOBH-STP_TSOIL2_30MIN_RAW;COSMOS-CHOBH-STP_TSOIL5_30MIN_RAW;COSMOS-CHOBH-STP_TSOIL10_30MIN_RAW;COSMOS-CHOBH-STP_TSOIL20_30MIN_RAW;COSMOS-CHOBH-STP_TSOIL50_30MIN_RAW,Y,Spikes
CHOBH,2022-06-19 19:00:00,2022-06-19 20:30:00,COSMOS-CHOBH-STP_TSOIL2_30MIN_RAW;COSMOS-CHOBH-STP_TSOIL5_30MIN_RAW;COSMOS-CHOBH-STP_TSOIL10_30MIN_RAW;COSMOS-CHOBH-STP_TSOIL20_30MIN_RAW;COSMOS-CHOBH-STP_TSOIL50_30MIN_RAW,Y,Spikes
WADDN,2022-08-11 09:30:00,2022-08-11 10:00:00,COSMOS-WADDN-PA_30MIN_RAW,Y,Spike during PPM
GISBN,2016-01-10 11:00:00,2016-01-10 11:00:00,COSMOS-GISBN-CTS_MOD_30MIN_RAW;COSMOS-GISBN-PA_30MIN_RAW,Y,Spike
GLENW,2018-11-14 13:30:00,2018-11-14 15:30:00,COSMOS-GLENW-CTS_MOD_30MIN_RAW;COSMOS-GLENW-PA_30MIN_RAW,Y,Spike
HARTW,2014-07-30 10:30:00,2014-07-30 10:30:00,COSMOS-HARTW-CTS_MOD_30MIN_RAW;COSMOS-HARTW-PA_30MIN_RAW,Y,Spike
HARTW,2015-12-27 10:30:00,2015-12-27 10:30:00,COSMOS-HARTW-CTS_MOD_30MIN_RAW;COSMOS-HARTW-PA_30MIN_RAW,Y,Spike
HARTW,2016-01-08 10:30:00,2016-01-08 10:30:00,COSMOS-HARTW-CTS_MOD_30MIN_RAW;COSMOS-HARTW-PA_30MIN_RAW,Y,Spike
HARTW,2016-02-03 10:00:00,2016-02-03 10:00:00,COSMOS-HARTW-CTS_MOD_30MIN_RAW;COSMOS-HARTW-PA_30MIN_RAW,Y,Spike
HARTW,2019-08-30 13:30:00,2019-08-30 13:30:00,COSMOS-HARTW-CTS_MOD_30MIN_RAW,Y,Spike
HARTW,2020-11-11 12:00:00,2020-11-11 15:30:00,COSMOS-HARTW-CTS_MOD_30MIN_RAW,Y,Spike
HARTW,2021-04-23 06:00:00,2021-04-23 06:30:00,COSMOS-HARTW-CTS_MOD_30MIN_RAW,Y,Spike
HARTW,2022-07-26 18:30:00,2022-07-26 18:30:00,COSMOS-HARTW-CTS_MOD_30MIN_RAW,Y,Spike
HARTW,2022-08-08 16:00:00,2022-08-08 16:00:00,COSMOS-HARTW-CTS_MOD_30MIN_RAW,Y,Spike
HARTW,2022-08-09 09:00:00,2022-08-09 09:00:00,COSMOS-HARTW-CTS_MOD_30MIN_RAW,Y,Spike
HARTW,2022-08-19 14:00:00,2022-08-19 14:00:00,COSMOS-HARTW-CTS_MOD_30MIN_RAW,Y,Spike
HARTW,2023-02-07 23:30:00,2023-02-07 23:30:00,COSMOS-HARTW-CTS_MOD_30MIN_RAW,Y,Spike
HENFS,2017-12-19 11:30:00,2017-12-19 13:00:00,COSMOS-HENFS-CTS_MOD_30MIN_RAW,Y,Spike
HENFS,2019-02-12 12:30:00,2019-02-12 12:30:00,COSMOS-HENFS-CTS_MOD_30MIN_RAW,Y,Spike
HENFS,2019-03-21 14:30:00,2019-03-21 14:30:00,COSMOS-HENFS-CTS_MOD_30MIN_RAW,Y,Spike
HENFS,2019-09-18 11:00:00,2019-09-18 11:00:00,COSMOS-HENFS-CTS_MOD_30MIN_RAW,Y,Spike
HENFS,2021-01-23 14:00:00,2021-01-23 14:00:00,COSMOS-HENFS-CTS_MOD_30MIN_RAW,Y,Spike
HENFS,2022-08-04 11:00:00,2022-08-04 11:00:00,COSMOS-HENFS-CTS_MOD_30MIN_RAW,Y,Spike
HOLLN,2019-12-03 12:00:00,2019-12-03 12:00:00,COSMOS-HOLLN-CTS_MOD_30MIN_RAW,Y,Spike
HOLLN,2020-08-06 13:30:00,2020-08-06 13:30:00,COSMOS-HOLLN-CTS_MOD_30MIN_RAW,Y,Spike
HOLLN,2022-06-27 13:00:00,2022-06-27 13:00:00,COSMOS-HOLLN-CTS_MOD_30MIN_RAW,Y,Spike
HYBRY,2018-09-03 08:30:00,2018-09-03 08:30:00,COSMOS-HYBRY-CTS_MOD_30MIN_RAW;COSMOS-HYBRY-PA_30MIN_RAW,Y,Spike
HYBRY,2018-08-08 13:30:00,2018-08-08 14:00:00,COSMOS-HYBRY-CTS_MOD_30MIN_RAW,Y,Spike
HYBRY,2018-10-10 12:30:00,2018-10-10 12:30:00,COSMOS-HYBRY-CTS_MOD_30MIN_RAW,Y,Spike
HYBRY,2018-10-22 22:00:00,2018-10-22 22:00:00,COSMOS-HYBRY-CTS_MOD_30MIN_RAW,Y,Spike
HYBRY,2022-02-28 09:30:00,2022-02-28 09:30:00,COSMOS-HYBRY-CTS_MOD_30MIN_RAW,Y,Spike
LIZRD,2021-04-28 09:00:00,2021-04-28 09:00:00,COSMOS-LIZRD-CTS_MOD_30MIN_RAW,Y,Spike
LIZRD,2022-02-21 10:30:00,2022-02-21 10:30:00,COSMOS-LIZRD-CTS_MOD_30MIN_RAW,Y,Spike
LIZRD,2014-10-17 12:00:00,2014-10-17 12:00:00,COSMOS-LIZRD-CTS_MOD_30MIN_RAW;COSMOS-LIZRD-PA_30MIN_RAW,Y,Spike
LULLN,2015-08-05 18:30:00,2015-08-05 18:30:00,COSMOS-LULLN-CTS_MOD_30MIN_RAW,Y,Spike
LULLN,2016-03-07 13:00:00,2016-03-07 13:00:00,COSMOS-LULLN-CTS_MOD_30MIN_RAW,Y,Spike
LULLN,2016-05-10 11:00:00,2016-05-10 11:00:00,COSMOS-LULLN-CTS_MOD_30MIN_RAW,Y,Spike
LULLN,2017-04-27 11:30:00,2017-04-27 12:30:00,COSMOS-LULLN-CTS_MOD_30MIN_RAW,Y,Spike
LULLN,2018-10-26 10:00:00,2018-10-26 10:00:00,COSMOS-LULLN-CTS_MOD_30MIN_RAW,Y,Spike
LULLN,2018-11-08 12:00:00,2018-11-08 12:00:00,COSMOS-LULLN-CTS_MOD_30MIN_RAW,Y,Spike
LULLN,2018-11-16 14:00:00,2018-11-16 14:00:00,COSMOS-LULLN-CTS_MOD_30MIN_RAW,Y,Spike
LULLN,2020-08-19 12:30:00,2020-08-19 12:30:00,COSMOS-LULLN-CTS_MOD_30MIN_RAW,Y,Spike
MOORH,2016-01-13 16:00:00,2016-01-13 16:00:00,COSMOS-MOORH-CTS_MOD_30MIN_RAW;COSMOS-MOORH-PA_30MIN_RAW,Y,Spike
MOORH,2019-07-31 14:30:00,2019-07-31 14:30:00,COSMOS-MOORH-CTS_MOD_30MIN_RAW,Y,Spike
MOORH,2022-06-16 10:00:00,2022-06-16 10:00:00,COSMOS-MOORH-CTS_MOD_30MIN_RAW,Y,Spike
MOORH,2022-11-15 15:00:00,2022-11-15 15:00:00,COSMOS-MOORH-CTS_MOD_30MIN_RAW,Y,Spike
MOREM,2019-05-20 10:00:00,2019-05-20 10:00:00,COSMOS-MOREM-CTS_MOD_30MIN_RAW;COSMOS-MOREM-PA_30MIN_RAW,Y,Spike
MOREM,2021-07-09 15:00:00,2021-07-09 15:00:00,COSMOS-MOREM-CTS_MOD_30MIN_RAW,Y,Spike
MOREM,2021-07-09 16:00:00,2021-07-09 16:00:00,COSMOS-MOREM-CTS_MOD_30MIN_RAW,Y,Spike
MORLY,2015-06-12 11:00:00,2015-06-12 11:00:00,COSMOS-MORLY-CTS_MOD_30MIN_RAW;COSMOS-MORLY-PA_30MIN_RAW,Y,Spike
MORLY,2016-11-04 10:30:00,2016-11-04 10:30:00,COSMOS-MORLY-CTS_MOD_30MIN_RAW,Y,Spike
NWYKE,2015-09-30 18:30:00,2015-09-30 18:30:00,COSMOS-NWYKE-CTS_MOD_30MIN_RAW,Y,Spike
NWYKE,2015-09-30 21:00:00,2015-09-30 21:00:00,COSMOS-NWYKE-CTS_MOD_30MIN_RAW,Y,Spike
NWYKE,2017-02-08 12:30:00,2017-02-08 12:30:00,COSMOS-NWYKE-CTS_MOD_30MIN_RAW,Y,Spike
NWYKE,2021-04-21 10:00:00,2021-04-21 10:00:00,COSMOS-NWYKE-CTS_MOD_30MIN_RAW,Y,Spike
PLYNL,2015-12-23 12:30:00,2015-12-23 12:30:00,COSMOS-PLYNL-CTS_MOD_30MIN_RAW;COSMOS-PLYNL-PA_30MIN_RAW,Y,Spike
PLYNL,2016-12-13 10:30:00,2016-12-13 10:30:00,COSMOS-PLYNL-CTS_MOD_30MIN_RAW;COSMOS-PLYNL-PA_30MIN_RAW,Y,Spike
PLYNL,2017-02-16 12:30:00,2017-02-16 12:30:00,COSMOS-PLYNL-CTS_MOD_30MIN_RAW,Y,Spike
PLYNL,2019-09-19 09:00:00,2019-09-19 09:00:00,COSMOS-PLYNL-CTS_MOD_30MIN_RAW,Y,Spike
PLYNL,2019-09-19 13:30:00,2019-09-19 13:30:00,COSMOS-PLYNL-CTS_MOD_30MIN_RAW,Y,Spike
PLYNL,2022-08-03 10:30:00,2022-08-03 10:30:00,COSMOS-PLYNL-CTS_MOD_30MIN_RAW,Y,Spike
PLYNL,2022-08-18 08:30:00,2022-08-18 08:30:00,COSMOS-PLYNL-CTS_MOD_30MIN_RAW,Y,Spike
PORTN,2017-04-27 08:00:00,2017-04-27 09:00:00,COSMOS-PORTN-CTS_MOD_30MIN_RAW,Y,Spike
PORTN,2017-06-29 10:30:00,2017-06-29 10:30:00,COSMOS-PORTN-CTS_MOD_30MIN_RAW,Y,Spike
PORTN,2017-07-12 13:30:00,2017-07-12 14:00:00,COSMOS-PORTN-CTS_MOD_30MIN_RAW,Y,Spike
PORTN,2017-08-08 10:30:00,2017-08-08 11:00:00,COSMOS-PORTN-CTS_MOD_30MIN_RAW,Y,Spike
PORTN,2021-07-06 11:00:00,2021-07-06 11:00:00,COSMOS-PORTN-CTS_MOD_30MIN_RAW,Y,Spike
RDMER,2016-06-14 17:00:00,2016-06-14 17:00:00,COSMOS-RDMER-CTS_MOD_30MIN_RAW,Y,Spike
RDMER,2017-08-03 10:30:00,2017-08-03 12:00:00,COSMOS-RDMER-CTS_MOD_30MIN_RAW,Y,Spike
REDHL,2016-06-10 08:00:00,2016-06-10 08:00:00,COSMOS-REDHL-CTS_MOD_30MIN_RAW,Y,Spike
REDHL,2018-10-24 10:00:00,2018-10-24 11:30:00,COSMOS-REDHL-CTS_MOD_30MIN_RAW,Y,Spike
REDHL,2018-10-24 13:30:00,2018-10-24 13:30:00,COSMOS-REDHL-CTS_MOD_30MIN_RAW,Y,Spike
REDHL,2018-10-26 15:30:00,2018-10-26 15:30:00,COSMOS-REDHL-CTS_MOD_30MIN_RAW,Y,Spike
RISEH,2019-05-02 15:00:00,2019-05-02 16:00:00,COSMOS-RISEH-CTS_MOD_30MIN_RAW;COSMOS-RISEH-TA_30MIN_RAW,Y,Spike
RISEH,2019-06-26 10:30:00,2019-06-26 10:30:00,COSMOS-RISEH-CTS_MOD_30MIN_RAW,Y,Spike
ROTHD,2016-08-04 08:30:00,2016-08-04 08:30:00,COSMOS-ROTHD-CTS_MOD_30MIN_RAW,Y,Spike
ROTHD,2019-10-23 09:00:00,2019-10-23 09:00:00,COSMOS-ROTHD-CTS_MOD_30MIN_RAW,Y,Spike
ROTHD,2021-07-14 10:00:00,2021-07-14 10:00:00,COSMOS-ROTHD-CTS_MOD_30MIN_RAW,Y,Spike
SHEEP,2016-05-17 22:30:00,2016-05-17 22:30:00,COSMOS-SHEEP-CTS_MOD_30MIN_RAW,Y,Spike
SHEEP,2017-09-29 03:00:00,2017-09-29 03:00:00,COSMOS-SHEEP-CTS_MOD_30MIN_RAW,Y,Spike
SHEEP,2018-09-19 14:00:00,2018-09-19 14:00:00,COSMOS-SHEEP-CTS_MOD_30MIN_RAW,Y,Spike
SHEEP,2018-12-03 13:00:00,2018-12-03 15:00:00,COSMOS-SHEEP-CTS_MOD_30MIN_RAW,Y,Spike
SHEEP,2019-09-21 14:30:00,2019-09-21 14:30:00,COSMOS-SHEEP-CTS_MOD_30MIN_RAW,Y,Spike
SHEEP,2020-02-11 15:30:00,2020-02-11 15:30:00,COSMOS-SHEEP-CTS_MOD_30MIN_RAW,Y,Spike
SHEEP,2020-04-25 21:00:00,2020-04-25 21:00:00,COSMOS-SHEEP-CTS_MOD_30MIN_RAW,Y,Spike
SHEEP,2020-04-27 11:30:00,2020-04-27 11:30:00,COSMOS-SHEEP-CTS_MOD_30MIN_RAW,Y,Spike
SHEEP,2022-09-13 11:30:00,2022-09-13 11:30:00,COSMOS-SHEEP-CTS_MOD_30MIN_RAW,Y,Spike
SOURH,2019-04-10 17:30:00,2019-04-10 17:30:00,COSMOS-SOURH-CTS_MOD_30MIN_RAW,Y,Spike
SOURH,2019-07-30 13:30:00,2019-07-30 13:30:00,COSMOS-SOURH-CTS_MOD_30MIN_RAW,Y,Spike
SOURH,2019-07-30 16:00:00,2019-07-30 16:30:00,COSMOS-SOURH-CTS_MOD_30MIN_RAW,Y,Spike
SOURH,2020-10-07 12:00:00,2020-10-07 12:00:00,COSMOS-SOURH-CTS_MOD_30MIN_RAW,Y,Spike
SPENF,2017-08-01 11:30:00,2017-08-01 11:30:00,COSMOS-SPENF-CTS_MOD_30MIN_RAW,Y,Spike
SPENF,2019-09-19 09:30:00,2019-09-19 09:30:00,COSMOS-SPENF-CTS_MOD_30MIN_RAW,Y,Spike
SPENF,2020-07-15 14:30:00,2020-07-15 15:00:00,COSMOS-SPENF-CTS_MOD_30MIN_RAW,Y,Spike
SPENF,2020-12-17 10:30:00,2020-12-17 11:30:00,COSMOS-SPENF-CTS_MOD_30MIN_RAW;COSMOS-SPENF-PA_30MIN_RAW,Y,Spike
SPENF,2022-10-11 14:30:00,2022-10-11 14:30:00,COSMOS-SPENF-CTS_MOD_30MIN_RAW,Y,Spike
STGHT,2016-09-09 11:00:00,2016-09-09 11:00:00,COSMOS-STGHT-CTS_MOD_30MIN_RAW;COSMOS-STGHT-PA_30MIN_RAW,Y,Spike
STGHT,2020-07-21 10:30:00,2020-07-21 10:30:00,COSMOS-STGHT-CTS_MOD_30MIN_RAW,Y,Spike
STGHT,2020-07-21 12:00:00,2020-07-21 13:30:00,COSMOS-STGHT-CTS_MOD_30MIN_RAW,Y,Spike
STGHT,2020-10-05 12:00:00,2020-10-05 12:00:00,COSMOS-STGHT-CTS_MOD_30MIN_RAW,Y,Spike
STGHT,2021-04-15 11:30:00,2021-04-15 11:30:00,COSMOS-STGHT-CTS_MOD_30MIN_RAW,Y,Spike
STGHT,2021-07-08 10:30:00,2021-07-08 10:30:00,COSMOS-STGHT-CTS_MOD_30MIN_RAW,Y,Spike
STGHT,2022-11-21 12:30:00,2022-11-21 12:30:00,COSMOS-STGHT-CTS_MOD_30MIN_RAW,Y,Spike
STIPS,2016-05-20 09:30:00,2016-05-20 09:30:00,COSMOS-STIPS-CTS_MOD_30MIN_RAW,Y,Spike
STIPS,2014-11-06 15:00:00,2014-11-06 15:00:00,COSMOS-STIPS-CTS_MOD_30MIN_RAW;COSMOS-STIPS-PA_30MIN_RAW;COSMOS-STIPS-RH_30MIN_RAW,Y,Spike
STIPS,2020-01-23 13:30:00,2020-01-23 15:30:00,COSMOS-STIPS-CTS_MOD_30MIN_RAW,Y,Spike
STIPS,2020-08-07 12:30:00,2020-08-07 13:30:00,COSMOS-STIPS-CTS_MOD_30MIN_RAW,Y,Spike
STIPS,2021-05-05 10:30:00,2021-05-05 10:30:00,COSMOS-STIPS-CTS_MOD_30MIN_RAW,Y,Spike
STIPS,2022-05-25 10:30:00,2022-05-25 10:30:00,COSMOS-STIPS-CTS_MOD_30MIN_RAW,Y,Spike
STIPS,2022-05-25 11:30:00,2022-05-25 11:30:00,COSMOS-STIPS-CTS_MOD_30MIN_RAW,Y,Spike
STIPS,2022-11-29 16:30:00,2022-11-29 16:30:00,COSMOS-STIPS-CTS_MOD_30MIN_RAW,Y,Spike
STIPS,2022-12-01 01:30:00,2022-12-01 01:30:00,COSMOS-STIPS-CTS_MOD_30MIN_RAW,Y,Spike
STIPS,2022-12-01 12:00:00,2022-12-01 12:00:00,COSMOS-STIPS-CTS_MOD_30MIN_RAW,Y,Spike
STIPS,2022-12-01 15:00:00,2022-12-01 17:00:00,COSMOS-STIPS-CTS_MOD_30MIN_RAW,Y,Spike
STIPS,2023-01-31 11:00:00,2023-01-31 11:00:00,COSMOS-STIPS-CTS_MOD_30MIN_RAW,Y,Spike
SYDLG,2020-08-11 18:00:00,2020-08-11 18:00:00,COSMOS-SYDLG-CTS_MOD_30MIN_RAW,Y,Spike
SYDLG,2021-02-03 10:30:00,2021-02-03 11:00:00,COSMOS-SYDLG-CTS_MOD_30MIN_RAW;COSMOS-SYDLG-PA_30MIN_RAW,Y,Spike
SYDLG,2022-06-28 09:00:00,2022-06-28 09:00:00,COSMOS-SYDLG-CTS_MOD_30MIN_RAW,Y,Spike
SYDLG,2022-10-04 22:30:00,2022-10-04 22:30:00,COSMOS-SYDLG-CTS_MOD_30MIN_RAW,Y,Spike
SYDLG,2022-11-11 11:30:00,2022-11-11 11:30:00,COSMOS-SYDLG-CTS_MOD_30MIN_RAW;COSMOS-SYDLG-PA_30MIN_RAW,Y,Spike
TADHM,2016-09-01 13:30:00,2016-09-01 13:30:00,COSMOS-TADHM-CTS_MOD_30MIN_RAW,Y,Spike
TADHM,2018-04-05 12:30:00,2018-04-05 12:30:00,COSMOS-TADHM-CTS_MOD_30MIN_RAW,Y,Spike
TADHM,2018-04-05 13:30:00,2018-04-05 13:30:00,COSMOS-TADHM-CTS_MOD_30MIN_RAW,Y,Spike
TADHM,2018-12-04 10:00:00,2018-12-04 10:00:00,COSMOS-TADHM-CTS_MOD_30MIN_RAW,Y,Spike
TADHM,2019-02-07 15:30:00,2019-02-07 15:30:00,COSMOS-TADHM-CTS_MOD_30MIN_RAW,Y,Spike
TADHM,2019-12-11 13:00:00,2019-12-11 13:00:00,COSMOS-TADHM-CTS_MOD_30MIN_RAW,Y,Spike
TADHM,2022-05-12 09:30:00,2022-05-12 09:30:00,COSMOS-TADHM-CTS_MOD_30MIN_RAW,Y,Spike
WADDN,2013-12-08 04:30:00,2013-12-08 04:30:00,COSMOS-WADDN-CTS_MOD_30MIN_RAW,Y,Spike
WADDN,2014-01-27 15:00:00,2014-01-27 15:00:00,COSMOS-WADDN-CTS_MOD_30MIN_RAW;COSMOS-WADDN-PA_30MIN_RAW,Y,Spike
WADDN,2014-02-09 18:00:00,2014-02-09 18:00:00,COSMOS-WADDN-CTS_MOD_30MIN_RAW,Y,Spike
WADDN,2014-06-03 18:30:00,2014-06-03 18:30:00,COSMOS-WADDN-CTS_MOD_30MIN_RAW,Y,Spike
WADDN,2014-08-27 04:00:00,2014-08-27 04:00:00,COSMOS-WADDN-CTS_MOD_30MIN_RAW,Y,Spike
WADDN,2014-09-17 17:30:00,2014-09-17 17:30:00,COSMOS-WADDN-CTS_MOD_30MIN_RAW,Y,Spike
WADDN,2014-09-30 17:30:00,2014-09-30 17:30:00,COSMOS-WADDN-CTS_MOD_30MIN_RAW,Y,Spike
WADDN,2014-10-16 15:00:00,2014-10-16 15:00:00,COSMOS-WADDN-CTS_MOD_30MIN_RAW,Y,Spike
WADDN,2014-10-26 19:00:00,2014-10-26 19:00:00,COSMOS-WADDN-CTS_MOD_30MIN_RAW,Y,Spike
WADDN,2015-05-19 23:00:00,2015-05-19 23:00:00,COSMOS-WADDN-CTS_MOD_30MIN_RAW,Y,Spike
WADDN,2015-06-25 10:00:00,2015-06-25 10:00:00,COSMOS-WADDN-CTS_MOD_30MIN_RAW,Y,Spike
WADDN,2015-08-26 08:00:00,2015-08-26 08:00:00,COSMOS-WADDN-CTS_MOD_30MIN_RAW,Y,Spike
WADDN,2015-08-27 23:00:00,2015-08-27 23:00:00,COSMOS-WADDN-CTS_MOD_30MIN_RAW,Y,Spike
WADDN,2015-08-30 08:30:00,2015-08-30 08:30:00,COSMOS-WADDN-CTS_MOD_30MIN_RAW,Y,Spike
WADDN,2015-09-01 17:30:00,2015-09-01 18:00:00,COSMOS-WADDN-CTS_MOD_30MIN_RAW,Y,Spike
WADDN,2015-09-01 20:00:00,2015-09-01 20:00:00,COSMOS-WADDN-CTS_MOD_30MIN_RAW,Y,Spike
WADDN,2015-09-03 00:00:00,2015-09-03 00:00:00,COSMOS-WADDN-CTS_MOD_30MIN_RAW,Y,Spike
WADDN,2015-09-04 20:30:00,2015-09-04 20:30:00,COSMOS-WADDN-CTS_MOD_30MIN_RAW,Y,Spike
WADDN,2015-09-05 01:30:00,2015-09-05 02:00:00,COSMOS-WADDN-CTS_MOD_30MIN_RAW,Y,Spike
WADDN,2015-09-05 03:30:00,2015-09-05 03:30:00,COSMOS-WADDN-CTS_MOD_30MIN_RAW,Y,Spike
WADDN,2015-09-10 19:00:00,2015-09-10 19:00:00,COSMOS-WADDN-CTS_MOD_30MIN_RAW,Y,Spike
WADDN,2015-09-11 04:00:00,2015-09-11 04:30:00,COSMOS-WADDN-CTS_MOD_30MIN_RAW,Y,Spike
WADDN,2015-09-12 04:00:00,2015-09-12 04:30:00,COSMOS-WADDN-CTS_MOD_30MIN_RAW,Y,Spike
WADDN,2015-09-13 21:00:00,2015-09-13 21:00:00,COSMOS-WADDN-CTS_MOD_30MIN_RAW,Y,Spike
WADDN,2015-09-15 02:30:00,2015-09-15 03:00:00,COSMOS-WADDN-CTS_MOD_30MIN_RAW,Y,Spike
WADDN,2015-09-16 05:00:00,2015-09-16 05:00:00,COSMOS-WADDN-CTS_MOD_30MIN_RAW,Y,Spike
WADDN,2015-09-17 14:30:00,2015-09-17 14:30:00,COSMOS-WADDN-CTS_MOD_30MIN_RAW,Y,Spike
WADDN,2015-09-17 18:30:00,2015-09-17 19:30:00,COSMOS-WADDN-CTS_MOD_30MIN_RAW,Y,Spike
CHIMN,2022-03-08 08:30:00,2022-03-08 08:30:00,COSMOS-CHIMN-PRECIP_TIPPING_A_30MIN_RAW;COSMOS-CHIMN-PRECIP_TIPPING_B_30MIN_RAW,Y,Spike while sensor repositioned
STGHT,2022-04-27 10:30:00,2022-04-27 11:30:00,COSMOS-STGHT-CTS_MOD_30MIN_RAW,Y,Drop outs
COCLP,2022-06-14 11:00:00,2022-06-14 11:00:00,COSMOS-COCLP-CTS_MOD_30MIN_RAW,Y,Spike during PPM
COCLP,2022-06-14 11:00:00,2022-06-14 12:00:00,COSMOS-COCLP-PA_30MIN_RAW;COSMOS-COCLP-SWIN_30MIN_RAW,Y,Spikes during PPM
CRICH,2022-06-15 11:00:00,2022-06-15 11:00:00,COSMOS-CRICH-CTS_MOD_30MIN_RAW,Y,Spike during PPM
GISBN,2022-06-09 16:00:00,2022-06-09 16:00:00,COSMOS-GISBN-WS_30MIN_RAW,Y,Spike
GISBN,2022-06-09 19:30:00,2022-06-09 19:30:00,COSMOS-GISBN-WS_30MIN_RAW,Y,Spike
HYBRY,2022-06-08 09:30:00,2022-06-08 10:00:00,COSMOS-HYBRY-PA_30MIN_RAW,Y,Drop outs
HOLLN,2022-09-27 00:30:00,2099-12-31 23:30:00,COSMOS-HOLLN-PRECIP_RAINE_30MIN_RAW,N,Small suspicious precip events. Possible dew
HLACY,2022-09-05 00:30:00,2099-12-31 23:30:00,COSMOS-HLACY-PRECIP_RAINE_30MIN_RAW,N,Small suspicious precip events. Possible dew
MOREM,2022-10-20 00:30:00,2099-12-31 23:30:00,COSMOS-MOREM-PRECIP_RAINE_30MIN_RAW,N,Small suspicious precip events. Possible dew
CARDT,2022-11-03 00:30:00,2099-12-31 23:30:00,COSMOS-CARDT-PRECIP_RAINE_30MIN_RAW,N,Small suspicious precip events. Possible dew
BUNNY,2023-09-13 12:00:00,2023-09-14 00:00:00,COSMOS-BUNNY-PRECIP_30MIN_RAW,Y,False rain with very noisy bucket level
STGHT,2022-11-06 00:30:00,2099-12-31 23:30:00,COSMOS-STGHT-PRECIP_RAINE_30MIN_RAW,N,Small suspicious precip events. Possible blockage
WADDN,2015-09-17 21:30:00,2015-09-17 21:30:00,COSMOS-WADDN-CTS_MOD_30MIN_RAW,Y,Spike
WADDN,2015-09-18 01:30:00,2015-09-18 01:30:00,COSMOS-WADDN-CTS_MOD_30MIN_RAW,Y,Spike
WADDN,2015-09-17 23:00:00,2015-09-17 23:00:00,COSMOS-WADDN-CTS_MOD_30MIN_RAW,Y,Spike
WADDN,2015-09-18 03:30:00,2015-09-18 05:00:00,COSMOS-WADDN-CTS_MOD_30MIN_RAW,Y,Spike
WADDN,2015-09-18 08:00:00,2015-09-18 08:00:00,COSMOS-WADDN-CTS_MOD_30MIN_RAW,Y,Spike
WADDN,2015-09-18 13:00:00,2015-09-18 14:00:00,COSMOS-WADDN-CTS_MOD_30MIN_RAW,Y,Spike
WADDN,2015-09-18 20:00:00,2015-09-18 20:00:00,COSMOS-WADDN-CTS_MOD_30MIN_RAW,Y,Spike
WADDN,2015-11-03 03:30:00,2015-11-03 03:30:00,COSMOS-WADDN-CTS_MOD_30MIN_RAW,Y,Spike
WADDN,2015-11-28 16:00:00,2015-11-28 16:00:00,COSMOS-WADDN-CTS_MOD_30MIN_RAW,Y,Spike
WADDN,2016-02-08 17:00:00,2016-02-08 17:00:00,COSMOS-WADDN-CTS_MOD_30MIN_RAW,Y,Spike
WADDN,2016-04-12 16:30:00,2016-04-12 16:30:00,COSMOS-WADDN-CTS_MOD_30MIN_RAW,Y,Spike
WADDN,2016-04-20 01:00:00,2016-04-20 01:00:00,COSMOS-WADDN-CTS_MOD_30MIN_RAW,Y,Spike
WADDN,2016-05-01 23:00:00,2016-05-01 23:00:00,COSMOS-WADDN-CTS_MOD_30MIN_RAW,Y,Spike
WADDN,2016-05-05 20:00:00,2016-05-05 20:30:00,COSMOS-WADDN-CTS_MOD_30MIN_RAW,Y,Spike
WADDN,2016-05-11 00:30:00,2016-05-11 01:00:00,COSMOS-WADDN-CTS_MOD_30MIN_RAW,Y,Spike
WADDN,2016-05-11 02:00:00,2016-05-11 02:00:00,COSMOS-WADDN-CTS_MOD_30MIN_RAW,Y,Spike
WADDN,2016-05-11 22:30:00,2016-05-11 22:30:00,COSMOS-WADDN-CTS_MOD_30MIN_RAW,Y,Spike
WADDN,2016-06-13 14:00:00,2016-06-13 14:00:00,COSMOS-WADDN-CTS_MOD_30MIN_RAW,Y,Spike
WADDN,2016-06-15 09:30:00,2016-06-15 11:00:00,COSMOS-WADDN-CTS_MOD_30MIN_RAW,Y,Spike
WADDN,2016-06-15 13:00:00,2016-06-15 13:00:00,COSMOS-WADDN-CTS_MOD_30MIN_RAW,Y,Spike
WADDN,2016-06-15 14:30:00,2016-06-15 14:30:00,COSMOS-WADDN-CTS_MOD_30MIN_RAW,Y,Spike
WADDN,2016-06-16 14:30:00,2016-06-16 15:00:00,COSMOS-WADDN-CTS_MOD_30MIN_RAW,Y,Spike
WADDN,2016-07-27 11:00:00,2016-07-27 11:00:00,COSMOS-WADDN-CTS_MOD_30MIN_RAW,Y,Spike
WADDN,2017-12-29 20:30:00,2017-12-29 20:30:00,COSMOS-WADDN-CTS_MOD_30MIN_RAW,Y,Spike
WADDN,2018-10-04 10:00:00,2018-10-04 10:00:00,COSMOS-WADDN-CTS_MOD_30MIN_RAW,Y,Spike
WADDN,2018-10-04 13:30:00,2018-10-04 14:30:00,COSMOS-WADDN-CTS_MOD_30MIN_RAW,Y,Spike
WADDN,2018-10-30 02:00:00,2018-10-30 02:00:00,COSMOS-WADDN-CTS_MOD_30MIN_RAW,Y,Spike
WADDN,2019-02-12 11:30:00,2019-02-12 11:30:00,COSMOS-WADDN-CTS_MOD_30MIN_RAW,Y,Spike
WADDN,2019-07-11 08:00:00,2019-07-11 08:00:00,COSMOS-WADDN-CTS_MOD_30MIN_RAW,Y,Spike
WADDN,2019-12-30 02:00:00,2019-12-30 02:00:00,COSMOS-WADDN-CTS_MOD_30MIN_RAW,Y,Spike
WADDN,2020-02-14 11:30:00,2020-02-14 14:00:00,COSMOS-WADDN-CTS_MOD_30MIN_RAW,Y,Spike
WRTTL,2018-10-23 11:30:00,2018-10-23 11:30:00,COSMOS-WRTTL-CTS_MOD_30MIN_RAW,Y,Spike
WRTTL,2020-10-15 12:00:00,2020-10-15 12:00:00,COSMOS-WRTTL-CTS_MOD_30MIN_RAW;COSMOS-WRTTL-PA_30MIN_RAW,Y,Spike
WYTH1,2014-01-28 17:30:00,2014-01-28 17:30:00,COSMOS-WYTH1-CTS_MOD_30MIN_RAW,Y,Spike
WADDN,2016-06-15 09:00:00,2016-06-15 09:00:00,COSMOS-WADDN-CTS_MOD_30MIN_RAW,Y,Spike
BUNNY,2023-09-11 00:00:00,2023-09-11 12:00:00,COSMOS-BUNNY-PRECIP_30MIN_RAW,Y,False rain with very noisy bucket level
SPENF,2023-04-26 09:30:00,2023-04-26 12:00:00,COSMOS-SPENF-STP_TSOIL20_30MIN_RAW,Y,Spike in soil temp readings caused by PPM
GLENW,2023-04-15 00:30:00,2023-07-28 00:00:00,COSMOS-GLENW-G1_30MIN_RAW,Y,Flatline
MOREM,2022-11-26 00:00:00,2023-04-28 00:00:00,COSMOS-MOREM-PRECIP_RAINE_30MIN_RAW,Y,Blockage identified in RainE
MORLY,2023-04-29 16:00:00,2023-04-29 16:00:00,COSMOS-MORLY-PA_30MIN_RAW,Y,Dropout
SPENF,2023-04-26 09:30:00,2023-04-26 09:30:00,COSMOS-SPENF-CTS_MOD_30MIN_RAW,Y,Spike
HOLLN,2023-04-25 09:00:00,2023-04-25 10:30:00,COSMOS-HOLLN-PRECIP_30MIN_RAW,Y,Spike during PPM
STGHT,2023-09-02 00:00:00,2023-09-03 00:00:00,COSMOS-STGHT-PRECIP_30MIN_RAW,Y,False rain with extremely noisy bucket level
STGHT,2023-08-28 00:00:00,2023-08-29 00:00:00,COSMOS-STGHT-PRECIP_30MIN_RAW,Y,False rain with extremely noisy bucket level
HYBRY,2023-05-05 19:00:00,2023-06-01 10:30:00,COSMOS-HYBRY-PA_30MIN_RAW,Y,Unreliable values due to sensor error
RISEH,2023-07-11 11:00:00,2023-07-11 12:00:00,COSMOS-RISEH-PA_30MIN_RAW,Y,Dropout during PPM
CHOBH,2023-07-06 05:30:00,2023-07-07 06:30:00,COSMOS-CHOBH-PRECIP_30MIN_RAW,Y,Suspect false rain
WADDN,2023-07-10 13:00:00,2023-07-10 14:00:00,COSMOS-WADDN-PRECIP_TIPPING_A_30MIN_RAW;COSMOS-WADDN-PRECIP_TIPPING_B_30MIN_RAW,Y,Gauge knocked during site visit causing false reading
SYDLG,2023-07-04 12:00:00,2024-01-12 00:00:00,COSMOS-SYDLG-TDT1_VWC_30MIN_RAW;COSMOS-SYDLG-TDT2_VWC_30MIN_RAW;COSMOS-SYDLG-TDT3_VWC_30MIN_RAW;COSMOS-SYDLG-TDT4_VWC_30MIN_RAW;COSMOS-SYDLG-TDT5_VWC_30MIN_RAW;COSMOS-SYDLG-TDT6_VWC_30MIN_RAW;COSMOS-SYDLG-TDT7_VWC_30MIN_RAW;COSMOS-SYDLG-TDT8_VWC_30MIN_RAW;COSMOS-SYDLG-TDT9_VWC_30MIN_RAW;COSMOS-SYDLG-TDT10_VWC_30MIN_RAW,Y,Bedding in of new TDTs installed during PPM
LIZRD,2023-07-04 09:00:00,2023-07-04 11:00:00,COSMOS-LIZRD-PA_30MIN_RAW;COSMOS-LIZRD-TDT1_VWC_30MIN_RAW;COSMOS-LIZRD-TDT2_VWC_30MIN_RAW,Y,Drop out/spike during PPM
WRTTL,2023-06-18 00:30:00,2023-07-24 00:00:00,COSMOS-WRTTL-PRECIP_30MIN_RAW,Y,"Suspect precip, particularly overnight/in morning"
SYDLG,2023-05-31 10:30:00,2023-05-31 11:30:00,COSMOS-SYDLG-PA_30MIN_RAW,Y,Spike during PPM
FIVET,2023-07-25 10:00:00,2023-07-25 10:30:00,COSMOS-FIVET-PA_30MIN_RAW,Y,Spike during PPM
BUNNY,2023-09-25 00:00:00,2023-09-25 12:00:00,COSMOS-BUNNY-PRECIP_30MIN_RAW,Y,False rain with very noisy bucket level
BUNNY,2023-09-27 00:00:00,2023-09-27 12:00:00,COSMOS-BUNNY-PRECIP_30MIN_RAW,Y,False rain with very noisy bucket level
CHIMN,2023-09-27 12:00:00,2023-09-28 00:00:00,COSMOS-CHIMN-PRECIP_30MIN_RAW,Y,False rain
COCLP,2023-09-22 00:00:00,2023-09-25 00:00:00,COSMOS-COCLP-PRECIP_30MIN_RAW,Y,False rain
FINCH,2023-09-22 00:00:00,2023-09-28 16:00:00,COSMOS-FINCH-PRECIP_30MIN_RAW,Y,False rain with extremely noisy bucket level
HLACY,2023-09-22 00:00:00,2023-09-23 23:00:00,COSMOS-HLACY-PRECIP_30MIN_RAW,Y,False rain with extremely noisy bucket level
HLACY,2023-09-24 10:00:00,2023-09-24 18:00:00,COSMOS-HLACY-PRECIP_30MIN_RAW,Y,False rain with extremely noisy bucket level
HLACY,2023-09-25 01:00:00,2023-09-26 04:00:00,COSMOS-HLACY-PRECIP_30MIN_RAW,Y,False rain with extremely noisy bucket level
HLACY,2023-09-26 10:00:00,2023-09-27 00:00:00,COSMOS-HLACY-PRECIP_30MIN_RAW,Y,False rain with extremely noisy bucket level
BICKL,2023-10-22 17:00:00,2023-10-22 23:00:00,COSMOS-BICKL-PRECIP_30MIN_RAW,Y,False rain
BICKL,2023-10-23 17:00:00,2023-10-24 06:00:00,COSMOS-BICKL-PRECIP_30MIN_RAW,Y,False rain
BICKL,2023-10-24 17:00:00,2023-10-25 00:00:00,COSMOS-BICKL-PRECIP_30MIN_RAW,Y,False rain
BICKL,2023-10-25 17:00:00,2023-10-26 01:00:00,COSMOS-BICKL-PRECIP_30MIN_RAW,Y,False rain
BUNNY,2023-10-21 17:00:00,2023-10-22 00:00:00,COSMOS-BUNNY-PRECIP_30MIN_RAW,Y,False rain
BUNNY,2023-10-22 17:00:00,2023-10-23 00:00:00,COSMOS-BUNNY-PRECIP_30MIN_RAW,Y,False rain
BUNNY,2023-10-23 17:00:00,2023-10-24 00:00:00,COSMOS-BUNNY-PRECIP_30MIN_RAW,Y,False rain
BUNNY,2023-10-24 22:00:00,2023-10-25 01:00:00,COSMOS-BUNNY-PRECIP_30MIN_RAW,Y,False rain
BUNNY,2023-10-25 17:00:00,2023-10-25 22:00:00,COSMOS-BUNNY-PRECIP_30MIN_RAW,Y,False rain
FINCH,2023-10-22 06:00:00,2023-10-22 18:00:00,COSMOS-FINCH-PRECIP_30MIN_RAW,Y,False rain with extremely noisy bucket level
FINCH,2023-10-23 09:00:00,2023-10-23 15:00:00,COSMOS-FINCH-PRECIP_30MIN_RAW,Y,False rain with extremely noisy bucket level
FINCH,2023-10-24 15:00:00,2023-10-24 18:00:00,COSMOS-FINCH-PRECIP_30MIN_RAW,Y,False rain with extremely noisy bucket level
FINCH,2023-10-25 11:00:00,2023-10-25 18:00:00,COSMOS-FINCH-PRECIP_30MIN_RAW,Y,False rain with extremely noisy bucket level
FINCH,2023-10-26 15:00:00,2023-10-26 18:00:00,COSMOS-FINCH-PRECIP_30MIN_RAW,Y,False rain with extremely noisy bucket level
HLACY,2023-10-21 13:00:00,2023-10-21 17:00:00,COSMOS-HLACY-PRECIP_30MIN_RAW,Y,False rain
HLACY,2023-10-22 21:00:00,2023-10-23 04:00:00,COSMOS-HLACY-PRECIP_30MIN_RAW,Y,False rain
HLACY,2023-10-24 08:00:00,2023-10-24 18:00:00,COSMOS-HLACY-PRECIP_30MIN_RAW,Y,False rain
HLACY,2023-10-25 11:00:00,2023-10-25 16:00:00,COSMOS-HLACY-PRECIP_30MIN_RAW,Y,False rain
REDHL,2023-10-22 19:00:00,2023-10-23 01:00:00,COSMOS-REDHL-PRECIP_30MIN_RAW,Y,False rain events
REDHL,2023-10-25 19:00:00,2023-10-26 01:00:00,COSMOS-REDHL-PRECIP_30MIN_RAW,Y,False rain events
REDHL,2023-10-26 10:00:00,2023-10-26 16:00:00,COSMOS-REDHL-PRECIP_30MIN_RAW,Y,False rain events
STGHT,2023-10-22 09:00:00,2023-10-22 17:00:00,COSMOS-STGHT-PRECIP_30MIN_RAW,Y,False rain
STGHT,2023-10-24 12:00:00,2023-10-24 17:00:00,COSMOS-STGHT-PRECIP_30MIN_RAW,Y,False rain
STGHT,2023-10-25 11:00:00,2023-10-25 17:00:00,COSMOS-STGHT-PRECIP_30MIN_RAW,Y,False rain
STGHT,2023-10-26 12:00:00,2023-10-26 17:00:00,COSMOS-STGHT-PRECIP_30MIN_RAW,Y,False rain
WRTTL,2023-10-22 01:00:00,2023-10-23 04:00:00,COSMOS-WRTTL-PRECIP_30MIN_RAW,Y,False rain
WRTTL,2023-10-25 11:00:00,2023-10-25 17:00:00,COSMOS-WRTTL-PRECIP_30MIN_RAW,Y,False rain
WRTTL,2023-10-26 11:00:00,2023-10-26 18:00:00,COSMOS-WRTTL-PRECIP_30MIN_RAW,Y,False rain
GLENW,2023-09-25 21:00:00,2099-12-31 23:30:00,COSMOS-GLENW-G2_30MIN_RAW,Y,High spikes (OPEN FLAG)
BICKL,2023-11-03 00:00:00,2023-11-03 12:00:00,COSMOS-BICKL-PRECIP_30MIN_RAW,Y,False rain
BICKL,2023-11-05 11:00:00,2023-11-06 12:00:00,COSMOS-BICKL-PRECIP_30MIN_RAW,Y,False rain
BICKL,2023-11-11 05:00:00,2023-11-12 00:00:00,COSMOS-BICKL-PRECIP_30MIN_RAW,Y,False rain
BICKL,2023-11-15 05:00:00,2023-11-16 00:00:00,COSMOS-BICKL-PRECIP_30MIN_RAW,Y,False rain
BUNNY,2023-11-03 00:00:00,2023-11-04 00:00:00,COSMOS-BUNNY-PRECIP_30MIN_RAW,Y,False rain
BUNNY,2023-11-06 00:00:00,2023-11-07 03:00:00,COSMOS-BUNNY-PRECIP_30MIN_RAW,Y,False rain
BUNNY,2023-11-08 20:00:00,2023-11-09 00:00:00,COSMOS-BUNNY-PRECIP_30MIN_RAW,Y,False rain
BUNNY,2023-11-11 00:00:00,2023-11-11 12:00:00,COSMOS-BUNNY-PRECIP_RAINE_30MIN_RAW,Y,False rain
CHOBH,2023-11-07 00:00:00,2023-11-07 10:00:00,COSMOS-CHOBH-PRECIP_RAINE_30MIN_RAW,Y,False rain
CHOBH,2023-11-11 07:00:00,2023-11-11 10:00:00,COSMOS-CHOBH-PRECIP_RAINE_30MIN_RAW,Y,False rain
FINCH,2023-11-09 06:00:00,2023-11-09 09:00:00,COSMOS-FINCH-PRECIP_RAINE_30MIN_RAW,Y,False rain with extremely noisy bucket level
HLACY,2023-11-03 07:00:00,2023-11-04 03:00:00,COSMOS-HLACY-PRECIP_30MIN_RAW,Y,False rain
HLACY,2023-11-05 08:00:00,2023-11-08 00:00:00,COSMOS-HLACY-PRECIP_30MIN_RAW,Y,False rain
HLACY,2023-11-15 08:00:00,2023-11-16 16:00:00,COSMOS-HLACY-PRECIP_30MIN_RAW,Y,False rain
REDHL,2023-11-06 00:00:00,2023-11-07 12:00:00,COSMOS-REDHL-PRECIP_RAINE_30MIN_RAW,Y,False rain events
REDHL,2023-11-11 02:00:00,2023-11-12 03:00:00,COSMOS-REDHL-PRECIP_RAINE_30MIN_RAW,Y,False rain events
REDHL,2023-11-14 19:00:00,2023-11-15 12:00:00,COSMOS-REDHL-PRECIP_RAINE_30MIN_RAW,Y,False rain events
ROTHD,2023-11-05 08:00:00,2023-11-07 02:00:00,COSMOS-ROTHD-PRECIP_30MIN_RAW,Y,False rain events
ROTHD,2023-11-07 12:00:00,2023-11-08 05:00:00,COSMOS-ROTHD-PRECIP_30MIN_RAW,Y,False rain events
ROTHD,2023-11-08 20:00:00,2023-11-09 15:00:00,COSMOS-ROTHD-PRECIP_30MIN_RAW,Y,False rain events
ROTHD,2023-11-09 23:00:00,2023-11-10 02:00:00,COSMOS-ROTHD-PRECIP_30MIN_RAW,Y,False rain events
ROTHD,2023-11-10 20:00:00,2023-11-12 00:00:00,COSMOS-ROTHD-PRECIP_30MIN_RAW,Y,False rain events
ROTHD,2023-11-14 17:00:00,2023-11-15 00:00:00,COSMOS-ROTHD-PRECIP_30MIN_RAW,Y,False rain events
ROTHD,2023-11-15 23:00:00,2023-11-17 06:00:00,COSMOS-ROTHD-PRECIP_30MIN_RAW,Y,False rain events
STGHT,2023-11-06 00:00:00,2023-11-07 12:00:00,COSMOS-STGHT-PRECIP_RAINE_30MIN_RAW,Y,False rain
HARTW,2021-10-12 17:00:00,2021-10-14 08:30:00,COSMOS-HARTW-CTS_MOD_30MIN_RAW;COSMOS-HARTW-PRECIP_30MIN_RAW;COSMOS-HARTW-TDT1_VWC_30MIN_RAW;COSMOS-HARTW-TDT2_VWC_30MIN_RAW,Y,Flatlining
REDHL,2021-10-07 01:00:00,2021-10-15 00:00:00,COSMOS-REDHL-PRECIP_30MIN_RAW,Y,Noisy pluvio
EASTB,2021-10-03 17:30:00,2022-08-17 10:00:00,COSMOS-EASTB-TDT1_VWC_30MIN_RAW,Y,Noisy data. Sensor fault
SYDLG,2022-09-02 22:00:00,2099-12-31 23:30:00,COSMOS-SYDLG-PRECIP_RAINE_30MIN_RAW,N,Small suspicious precip events. Possible dew
FINCH,2022-09-06 00:30:00,2099-12-31 23:30:00,COSMOS-FINCH-PRECIP_RAINE_30MIN_RAW,N,Small suspicious precip events. Possible dew
LODTN,2022-09-25 00:30:00,2099-12-31 23:30:00,COSMOS-LODTN-PRECIP_RAINE_30MIN_RAW,N,Small suspicious precip events. Possible dew
ROTHD,2022-09-05 00:30:00,2099-12-31 23:30:00,COSMOS-ROTHD-PRECIP_RAINE_30MIN_RAW,N,Small suspicious precip events. Possible dew
CHIMN,2022-10-11 07:30:00,2022-10-11 07:30:00,COSMOS-CHIMN-CTS_MOD_30MIN_RAW,Y,Drop out
CARDT,2022-10-15 00:00:00,2022-10-15 00:00:00,COSMOS-CARDT-RH_30MIN_RAW,Y,Single drop out
STIPS,2022-12-10 01:30:00,2022-12-10 01:30:00,COSMOS-STIPS-CTS_MOD_30MIN_RAW,Y,Dropout
STIPS,2022-12-01 15:00:00,2022-12-01 17:00:00,COSMOS-STIPS-CTS_MOD_30MIN_RAW,Y,Dropouts
ALIC1,2016-07-28 14:00:00,2016-07-28 15:30:00,COSMOS-ALIC1-CTS_MOD_30MIN_RAW,Y,Spike
ALIC1,2018-12-20 13:30:00,2018-12-20 13:30:00,COSMOS-ALIC1-CTS_MOD_30MIN_RAW,Y,Spike
PORTN,2023-09-02 00:00:00,2023-09-10 00:00:00,COSMOS-PORTN-PRECIP_30MIN_RAW,Y,False rain events
LODTN,2023-09-02 00:00:00,2023-09-10 00:00:00,COSMOS-LODTN-PRECIP_30MIN_RAW,Y,False rain with extremely noisy bucket level
BALRD,2022-08-16 17:30:00,2022-08-16 17:30:00,COSMOS-BALRD-CTS_MOD_30MIN_RAW,Y,Spike
BALRD,2022-09-01 10:30:00,2022-09-01 10:30:00,COSMOS-BALRD-CTS_MOD_30MIN_RAW,Y,Spike
BALRD,2022-09-01 13:30:00,2022-09-01 13:30:00,COSMOS-BALRD-CTS_MOD_30MIN_RAW,Y,Spike
BALRD,2022-06-29 15:30:00,2022-06-29 15:30:00,COSMOS-BALRD-CTS_MOD_30MIN_RAW,Y,Spike
BICKL,2020-11-24 13:30:00,2020-11-24 13:30:00,COSMOS-BICKL-CTS_MOD_30MIN_RAW,Y,Spike
STGHT,2023-09-15 00:00:00,2023-09-17 12:00:00,COSMOS-STGHT-PRECIP_30MIN_RAW,Y,False rain with extremely noisy bucket level
STGHT,2023-09-11 00:00:00,2023-09-12 00:00:00,COSMOS-STGHT-PRECIP_30MIN_RAW,Y,False rain with extremely noisy bucket level
BUNNY,2016-05-16 10:00:00,2016-05-16 10:00:00,COSMOS-BUNNY-CTS_MOD_30MIN_RAW,Y,Spike
BUNNY,2020-07-17 13:00:00,2020-07-17 13:00:00,COSMOS-BUNNY-CTS_MOD_30MIN_RAW,Y,Spike
CARDT,2016-06-15 10:30:00,2016-06-15 10:30:00,COSMOS-CARDT-CTS_MOD_30MIN_RAW,Y,Spike
CARDT,2017-09-28 08:30:00,2017-09-28 08:30:00,COSMOS-CARDT-CTS_MOD_30MIN_RAW,Y,Spike
CARDT,2020-07-16 13:00:00,2020-07-16 13:00:00,COSMOS-CARDT-CTS_MOD_30MIN_RAW,Y,Spike
CARDT,2021-06-01 10:30:00,2021-06-01 10:30:00,COSMOS-CARDT-CTS_MOD_30MIN_RAW,Y,Spike
CGARW,2017-07-06 11:30:00,2017-07-06 11:30:00,COSMOS-CGARW-CTS_MOD_30MIN_RAW,Y,Spike
CGARW,2017-07-07 08:30:00,2017-07-07 08:30:00,COSMOS-CGARW-CTS_MOD_30MIN_RAW,Y,Spike
CGARW,2018-09-14 12:00:00,2018-09-14 12:00:00,COSMOS-CGARW-CTS_MOD_30MIN_RAW,Y,Spike
CGARW,2019-06-11 12:00:00,2019-06-11 12:00:00,COSMOS-CGARW-CTS_MOD_30MIN_RAW,Y,Spike
CHIMN,2017-04-11 14:00:00,2017-04-11 14:00:00,COSMOS-CHIMN-CTS_MOD_30MIN_RAW,Y,Spike
CHIMN,2017-04-11 16:00:00,2017-04-11 16:00:00,COSMOS-CHIMN-CTS_MOD_30MIN_RAW,Y,Spike
CHIMN,2018-08-21 11:00:00,2018-08-21 11:00:00,COSMOS-CHIMN-CTS_MOD_30MIN_RAW,Y,Spike
CHIMN,2018-10-05 11:30:00,2018-10-05 11:30:00,COSMOS-CHIMN-CTS_MOD_30MIN_RAW,Y,Spike
CHIMN,2018-10-05 14:30:00,2018-10-05 14:30:00,COSMOS-CHIMN-CTS_MOD_30MIN_RAW,Y,Spike
CHIMN,2019-12-03 22:00:00,2019-12-03 23:00:00,COSMOS-CHIMN-CTS_MOD_30MIN_RAW,Y,Spike
CHIMN,2019-12-04 00:00:00,2019-12-04 00:30:00,COSMOS-CHIMN-CTS_MOD_30MIN_RAW,Y,Spike
CHIMN,2019-12-04 05:30:00,2019-12-04 05:30:00,COSMOS-CHIMN-CTS_MOD_30MIN_RAW,Y,Spike
CHIMN,2019-12-04 08:30:00,2019-12-04 09:00:00,COSMOS-CHIMN-CTS_MOD_30MIN_RAW,Y,Spike
CHIMN,2019-12-04 12:30:00,2019-12-04 12:30:00,COSMOS-CHIMN-CTS_MOD_30MIN_RAW,Y,Spike
CHIMN,2019-12-07 22:30:00,2019-12-07 22:30:00,COSMOS-CHIMN-CTS_MOD_30MIN_RAW,Y,Spike
CHIMN,2019-12-10 02:00:00,2019-12-10 02:00:00,COSMOS-CHIMN-CTS_MOD_30MIN_RAW,Y,Spike
CHIMN,2019-12-17 13:30:00,2019-12-17 13:30:00,COSMOS-CHIMN-CTS_MOD_30MIN_RAW,Y,Spike
CHIMN,2020-02-12 15:30:00,2020-02-12 15:30:00,COSMOS-CHIMN-CTS_MOD_30MIN_RAW,Y,Spike
CHIMN,2020-08-18 11:00:00,2020-08-18 11:30:00,COSMOS-CHIMN-CTS_MOD_30MIN_RAW,Y,Spike
CHIMN,2020-08-18 14:30:00,2020-08-18 14:30:00,COSMOS-CHIMN-CTS_MOD_30MIN_RAW,Y,Spike
CHIMN,2021-10-06 14:00:00,2021-10-06 14:00:00,COSMOS-CHIMN-CTS_MOD_30MIN_RAW,Y,Spike
CHOBH,2016-08-22 14:30:00,2016-08-22 14:30:00,COSMOS-CHOBH-CTS_MOD_30MIN_RAW,Y,Spike
CHOBH,2019-11-07 14:30:00,2019-11-07 14:30:00,COSMOS-CHOBH-CTS_MOD_30MIN_RAW,Y,Spike
CHOBH,2019-11-07 16:00:00,2019-11-07 16:30:00,COSMOS-CHOBH-CTS_MOD_30MIN_RAW,Y,Spike
COCLP,2016-05-06 09:00:00,2016-05-06 09:00:00,COSMOS-COCLP-CTS_MOD_30MIN_RAW,Y,Spike
COCLP,2016-05-16 15:30:00,2016-05-16 15:30:00,COSMOS-COCLP-CTS_MOD_30MIN_RAW,Y,Spike
COCLP,2017-01-10 16:00:00,2017-01-10 16:00:00,COSMOS-COCLP-CTS_MOD_30MIN_RAW,Y,Spike
COCLP,2017-02-22 11:00:00,2017-02-22 11:00:00,COSMOS-COCLP-CTS_MOD_30MIN_RAW,Y,Spike
COCLP,2017-03-30 08:30:00,2017-03-30 08:30:00,COSMOS-COCLP-CTS_MOD_30MIN_RAW,Y,Spike
COCLP,2017-04-25 14:30:00,2017-04-25 14:30:00,COSMOS-COCLP-CTS_MOD_30MIN_RAW,Y,Spike
COCLP,2017-05-26 11:00:00,2017-05-26 11:00:00,COSMOS-COCLP-CTS_MOD_30MIN_RAW,Y,Spike
COCLP,2017-06-15 14:30:00,2017-06-15 14:30:00,COSMOS-COCLP-CTS_MOD_30MIN_RAW,Y,Spike
COCLP,2017-06-15 16:00:00,2017-06-15 16:00:00,COSMOS-COCLP-CTS_MOD_30MIN_RAW,Y,Spike
COCLP,2017-08-25 19:30:00,2017-08-25 19:30:00,COSMOS-COCLP-CTS_MOD_30MIN_RAW,Y,Spike
COCLP,2017-10-08 13:00:00,2017-10-08 13:00:00,COSMOS-COCLP-CTS_MOD_30MIN_RAW,Y,Spike
COCLP,2017-11-16 14:00:00,2017-11-16 15:00:00,COSMOS-COCLP-CTS_MOD_30MIN_RAW,Y,Spike
COCLP,2018-01-31 11:00:00,2018-02-02 11:00:00,COSMOS-COCLP-CTS_MOD_30MIN_RAW,Y,Spike
COCLP,2018-10-19 10:00:00,2018-10-19 11:00:00,COSMOS-COCLP-CTS_MOD_30MIN_RAW,Y,Spike
COCLP,2020-10-06 12:00:00,2020-10-06 12:00:00,COSMOS-COCLP-CTS_MOD_30MIN_RAW,Y,Spike
COCLP,2022-07-31 19:30:00,2022-07-31 19:30:00,COSMOS-COCLP-CTS_MOD_30MIN_RAW,Y,Spike
CRICH,2016-05-18 14:00:00,2016-05-18 14:30:00,COSMOS-CRICH-CTS_MOD_30MIN_RAW,Y,Spike
CRICH,2017-03-29 08:30:00,2017-03-29 08:30:00,COSMOS-CRICH-CTS_MOD_30MIN_RAW,Y,Spike
CRICH,2017-04-25 10:30:00,2017-04-25 10:30:00,COSMOS-CRICH-CTS_MOD_30MIN_RAW,Y,Spike
CRICH,2017-08-04 09:30:00,2017-08-04 09:30:00,COSMOS-CRICH-CTS_MOD_30MIN_RAW,Y,Spike
CRICH,2017-09-05 00:30:00,2017-09-05 00:30:00,COSMOS-CRICH-CTS_MOD_30MIN_RAW,Y,Spike
CRICH,2018-07-05 06:00:00,2018-07-05 06:00:00,COSMOS-CRICH-CTS_MOD_30MIN_RAW,Y,Spike
CRICH,2018-08-14 09:30:00,2018-08-14 09:30:00,COSMOS-CRICH-CTS_MOD_30MIN_RAW,Y,Spike
CRICH,2019-09-03 12:00:00,2019-09-03 12:00:00,COSMOS-CRICH-CTS_MOD_30MIN_RAW,Y,Spike
CRICH,2020-05-18 08:00:00,2020-05-18 08:00:00,COSMOS-CRICH-CTS_MOD_30MIN_RAW,Y,Spike
CRICH,2020-08-12 17:30:00,2020-08-12 17:30:00,COSMOS-CRICH-CTS_MOD_30MIN_RAW,Y,Spike
CRICH,2021-05-12 14:00:00,2021-05-12 14:30:00,COSMOS-CRICH-CTS_MOD_30MIN_RAW,Y,Spike
ALIC1,2019-02-01 16:30:00,2019-02-01 22:00:00,COSMOS-ALIC1-PA_30MIN_RAW;COSMOS-ALIC1-TA_30MIN_RAW;COSMOS-ALIC1-RH_30MIN_RAW;COSMOS-ALIC1-WS_30MIN_RAW;COSMOS-ALIC1-WD_30MIN_RAW,Y,Faulty metpack data
ALIC1,2017-12-27 07:00:00,2017-12-27 08:30:00,COSMOS-ALIC1-RH_30MIN_RAW,Y,Faulty metpack
ROTHD,2023-09-15 12:00:00,2023-09-17 00:00:00,COSMOS-ROTHD-PRECIP_30MIN_RAW,Y,False rain events
HLACY,2023-09-14 12:00:00,2023-09-16 00:00:00,COSMOS-HLACY-PRECIP_30MIN_RAW,Y,False rain with extremely noisy bucket level
HLACY,2023-09-13 00:00:00,2023-09-14 00:00:00,COSMOS-HLACY-PRECIP_30MIN_RAW,Y,False rain with extremely noisy bucket level
HLACY,2023-09-11 00:00:00,2023-09-12 00:00:00,COSMOS-HLACY-PRECIP_30MIN_RAW,Y,False rain with extremely noisy bucket level
FINCH,2023-09-21 00:00:00,2023-09-22 00:00:00,COSMOS-FINCH-PRECIP_30MIN_RAW,Y,False rain with extremely noisy bucket level
COCLP,2023-09-12 00:00:00,2023-09-15 00:00:00,COSMOS-COCLP-PRECIP_30MIN_RAW,Y,False rain
BALRD,2017-08-14 00:30:00,2017-08-14 03:30:00,COSMOS-BALRD-RH_30MIN_RAW,Y,Drop outs
BALRD,2017-08-14 06:00:00,2017-08-16 22:30:00,COSMOS-BALRD-RH_30MIN_RAW,Y,Drop outs
BALRD,2017-08-21 14:00:00,2017-08-21 14:00:00,COSMOS-BALRD-PA_30MIN_RAW,Y,Drop out
STGHT,2023-09-13 00:00:00,2023-09-14 00:00:00,COSMOS-STGHT-PRECIP_30MIN_RAW,Y,False rain with extremely noisy bucket level
CARDT,2019-10-22 11:00:00,2019-10-22 11:00:00,COSMOS-CARDT-PA_30MIN_RAW;COSMOS-CARDT-RH_30MIN_RAW,Y,Drop out
CGARW,2017-07-06 11:30:00,2017-07-06 11:30:00,COSMOS-CGARW-PA_30MIN_RAW,Y,Drop out
CGARW,2017-07-07 08:30:00,2017-07-07 08:30:00,COSMOS-CGARW-PA_30MIN_RAW,Y,Drop out
CGARW,2017-09-28 13:30:00,2017-09-28 13:30:00,COSMOS-CGARW-PA_30MIN_RAW,Y,Drop out
CGARW,2017-11-16 12:00:00,2017-11-16 12:00:00,COSMOS-CGARW-PA_30MIN_RAW,Y,Drop out
CGARW,2018-09-14 12:00:00,2018-09-14 12:00:00,COSMOS-CGARW-PA_30MIN_RAW,Y,Drop out
CGARW,2019-09-17 10:00:00,2019-09-17 10:00:00,COSMOS-CGARW-PA_30MIN_RAW,Y,Drop out
CGARW,2020-12-07 13:30:00,2020-12-07 13:30:00,COSMOS-CGARW-PA_30MIN_RAW,Y,Drop out
CGARW,2021-01-13 11:30:00,2021-01-13 12:00:00,COSMOS-CGARW-PA_30MIN_RAW,Y,Drop out
CHIMN,2020-08-18 14:30:00,2020-08-18 14:30:00,COSMOS-CHIMN-PA_30MIN_RAW,Y,Drop out
CHOBH,2016-05-10 13:30:00,2016-05-10 14:30:00,COSMOS-CHOBH-PA_30MIN_RAW;COSMOS-CHOBH-TA_30MIN_RAW,Y,Spike
CHOBH,2016-05-10 16:30:00,2016-05-10 17:00:00,COSMOS-CHOBH-PA_30MIN_RAW,Y,Spike
CHOBH,2016-05-11 00:00:00,2016-05-11 00:00:00,COSMOS-CHOBH-PA_30MIN_RAW;COSMOS-CHOBH-TA_30MIN_RAW,Y,Spike
CHOBH,2016-05-10 23:30:00,2016-05-10 23:30:00,COSMOS-CHOBH-TA_30MIN_RAW,Y,Spike
CHOBH,2016-05-11 14:00:00,2016-05-11 14:00:00,COSMOS-CHOBH-TA_30MIN_RAW,Y,Spike
CHOBH,2016-05-11 21:30:00,2016-05-11 21:30:00,COSMOS-CHOBH-TA_30MIN_RAW,Y,Spike
CHOBH,2016-05-12 04:30:00,2016-05-12 04:30:00,COSMOS-CHOBH-TA_30MIN_RAW,Y,Spike
CHOBH,2016-05-12 04:00:00,2016-05-12 04:00:00,COSMOS-CHOBH-PA_30MIN_RAW,Y,Spike
CHOBH,2016-05-12 11:30:00,2016-05-12 11:30:00,COSMOS-CHOBH-PA_30MIN_RAW,Y,Spike
CHOBH,2016-05-12 18:30:00,2016-05-12 18:30:00,COSMOS-CHOBH-PA_30MIN_RAW,Y,Spike
CHOBH,2016-05-12 19:00:00,2016-05-12 19:00:00,COSMOS-CHOBH-TA_30MIN_RAW,Y,Spike
CHOBH,2016-05-13 08:30:00,2016-05-13 09:00:00,COSMOS-CHOBH-PA_30MIN_RAW,Y,Spike
CHOBH,2015-06-02 13:00:00,2015-06-02 13:00:00,COSMOS-CHOBH-PA_30MIN_RAW,Y,Spike
CHOBH,2017-04-25 10:00:00,2017-04-25 10:00:00,COSMOS-CHOBH-PA_30MIN_RAW,Y,Spike
COCHN,2019-10-17 09:00:00,2019-10-17 09:30:00,COSMOS-COCHN-PA_30MIN_RAW,Y,Spike
GISBN,2015-11-18 15:30:00,2015-11-18 15:30:00,COSMOS-GISBN-PA_30MIN_RAW,Y,Spike
GISBN,2016-04-18 08:00:00,2016-04-18 08:00:00,COSMOS-GISBN-PA_30MIN_RAW,Y,Spike
GISBN,2016-04-26 08:00:00,2016-04-26 08:00:00,COSMOS-GISBN-PA_30MIN_RAW,Y,Spike
GISBN,2016-04-29 21:30:00,2016-04-29 21:30:00,COSMOS-GISBN-PA_30MIN_RAW,Y,Spike
GLENS,2016-04-06 15:30:00,2016-04-06 15:30:00,COSMOS-GLENS-PA_30MIN_RAW,Y,Spike
GLENS,2017-08-24 10:00:00,2017-08-24 10:00:00,COSMOS-GLENS-RH_30MIN_RAW,Y,Spike
GLENS,2017-09-03 02:00:00,2017-09-03 19:00:00,COSMOS-GLENS-RH_30MIN_RAW,Y,Spike
GLENS,2017-09-24 17:00:00,2017-09-25 14:00:00,COSMOS-GLENS-RH_30MIN_RAW,Y,Spike
GLENS,2019-08-27 15:00:00,2019-08-27 15:30:00,COSMOS-GLENS-RH_30MIN_RAW,Y,Spike
GLENW,2019-09-01 20:30:00,2019-09-01 20:30:00,COSMOS-GLENW-TA_30MIN_RAW,Y,Spike
GLENW,2019-09-02 19:00:00,2019-09-02 19:00:00,COSMOS-GLENW-TA_30MIN_RAW,Y,Spike
GLENW,2019-10-31 04:30:00,2019-10-31 04:30:00,COSMOS-GLENW-TA_30MIN_RAW,Y,Spike
GLENW,2019-10-31 19:30:00,2019-10-31 19:30:00,COSMOS-GLENW-TA_30MIN_RAW,Y,Spike
GLENW,2019-11-03 17:30:00,2019-11-03 17:30:00,COSMOS-GLENW-TA_30MIN_RAW;COSMOS-GLENW-RH_30MIN_RAW,Y,Spike
GLENW,2019-11-12 05:30:00,2019-11-12 05:30:00,COSMOS-GLENW-TA_30MIN_RAW,Y,Spike
GLENW,2019-11-14 03:00:00,2019-11-14 03:00:00,COSMOS-GLENW-TA_30MIN_RAW,Y,Spike
HADLW,2018-04-11 14:00:00,2018-04-11 14:00:00,COSMOS-HADLW-PA_30MIN_RAW,Y,Spike
HADLW,2018-12-11 13:00:00,2018-12-11 13:00:00,COSMOS-HADLW-PA_30MIN_RAW,Y,Spike
HADLW,2020-11-18 10:30:00,2020-11-18 10:30:00,COSMOS-HADLW-PA_30MIN_RAW,Y,Spike
HARTW,2015-06-10 08:00:00,2015-06-10 08:00:00,COSMOS-HARTW-PA_30MIN_RAW,Y,Spike
HARTW,2016-04-07 09:30:00,2016-04-07 09:30:00,COSMOS-HARTW-PA_30MIN_RAW,Y,Spike
HARTW,2017-01-17 10:30:00,2017-01-17 10:30:00,COSMOS-HARTW-PA_30MIN_RAW;COSMOS-HARTW-RH_30MIN_RAW,Y,Spike
HARWD,2015-07-28 00:30:00,2015-07-28 00:30:00,COSMOS-HARWD-PA_30MIN_RAW,Y,Spike
HARWD,2015-08-03 09:30:00,2015-08-03 09:30:00,COSMOS-HARWD-PA_30MIN_RAW,Y,Spike
HARWD,2016-06-30 08:30:00,2016-06-30 08:30:00,COSMOS-HARWD-PA_30MIN_RAW,Y,Spike
HARWD,2017-12-26 05:30:00,2017-12-26 05:30:00,COSMOS-HARWD-TA_30MIN_RAW,Y,Spike
HARWD,2017-12-26 06:30:00,2017-12-26 06:30:00,COSMOS-HARWD-TA_30MIN_RAW,Y,Spike
HARWD,2017-12-26 07:00:00,2017-12-26 07:00:00,COSMOS-HARWD-PA_30MIN_RAW,Y,Spike
HARWD,2018-03-04 23:00:00,2018-03-04 23:00:00,COSMOS-HARWD-PA_30MIN_RAW;COSMOS-HARWD-TA_30MIN_RAW,Y,Spike
HARWD,2019-07-31 06:00:00,2019-07-31 06:30:00,COSMOS-HARWD-PA_30MIN_RAW;COSMOS-HARWD-TA_30MIN_RAW,Y,Spike
HARWD,2019-07-31 07:00:00,2019-07-31 07:00:00,COSMOS-HARWD-PA_30MIN_RAW,Y,Spike
HARWD,2021-08-12 06:00:00,2021-08-12 06:00:00,COSMOS-HARWD-PA_30MIN_RAW;COSMOS-HARWD-RH_30MIN_RAW,Y,Spike
HENFS,2016-02-24 12:30:00,2016-02-24 12:30:00,COSMOS-HENFS-TA_30MIN_RAW,Y,Spike
HENFS,2020-01-14 14:30:00,2020-01-14 15:00:00,COSMOS-HENFS-TA_30MIN_RAW,Y,Spike
HILLB,2018-06-27 10:30:00,2018-06-27 10:30:00,COSMOS-HILLB-PA_30MIN_RAW,Y,Spike
HILLB,2018-06-27 13:00:00,2018-06-27 13:00:00,COSMOS-HILLB-PA_30MIN_RAW,Y,Spike
HILLB,2018-11-15 16:30:00,2018-11-15 16:30:00,COSMOS-HILLB-PA_30MIN_RAW,Y,Spike
HILLB,2022-07-27 10:30:00,2022-07-27 10:30:00,COSMOS-HILLB-PA_30MIN_RAW,Y,Spike
HLACY,2018-05-18 11:30:00,2018-05-18 11:30:00,COSMOS-HLACY-PA_30MIN_RAW,Y,Spike
HLACY,2019-06-11 10:30:00,2019-06-11 10:30:00,COSMOS-HLACY-PA_30MIN_RAW,Y,Spike
HOLLN,2014-04-23 14:30:00,2014-04-23 14:30:00,COSMOS-HOLLN-PA_30MIN_RAW,Y,Spike
HOLLN,2014-07-17 10:30:00,2014-07-17 10:30:00,COSMOS-HOLLN-PA_30MIN_RAW,Y,Spike
HOLLN,2015-09-01 14:00:00,2015-09-01 14:00:00,COSMOS-HOLLN-TA_30MIN_RAW,Y,Spike
HOLLN,2016-04-05 13:00:00,2016-04-05 13:00:00,COSMOS-HOLLN-PA_30MIN_RAW,Y,Spike
HOLLN,2018-12-19 11:30:00,2018-12-19 11:30:00,COSMOS-HOLLN-PA_30MIN_RAW;COSMOS-HOLLN-TA_30MIN_RAW,Y,Spike
HOLLN,2022-05-03 14:30:00,2022-05-03 14:30:00,COSMOS-HOLLN-PA_30MIN_RAW,Y,Spike
HYBRY,2018-10-10 12:00:00,2018-10-10 12:30:00,COSMOS-HYBRY-PA_30MIN_RAW,Y,Spike
LIZRD,2015-07-29 11:30:00,2015-07-29 12:00:00,COSMOS-LIZRD-PA_30MIN_RAW,Y,Spike
LIZRD,2022-05-10 09:00:00,2022-05-10 09:00:00,COSMOS-LIZRD-PA_30MIN_RAW,Y,Spike
LODTN,2016-05-11 09:00:00,2016-05-11 09:00:00,COSMOS-LODTN-PA_30MIN_RAW,Y,Spike
LODTN,2017-04-19 09:30:00,2017-04-19 09:30:00,COSMOS-LODTN-PA_30MIN_RAW,Y,Spike
LODTN,2017-04-19 10:00:00,2017-04-19 10:00:00,COSMOS-LODTN-TA_30MIN_RAW,Y,Spike
LODTN,2017-11-29 11:00:00,2017-11-29 11:00:00,COSMOS-LODTN-PA_30MIN_RAW,Y,Spike
LODTN,2019-08-13 11:30:00,2019-08-13 11:30:00,COSMOS-LODTN-PA_30MIN_RAW,Y,Spike
LODTN,2019-10-02 08:30:00,2019-10-02 08:30:00,COSMOS-LODTN-PA_30MIN_RAW,Y,Spike
WADDN,2023-07-19 00:00:00,2023-07-22 00:00:00,COSMOS-WADDN-PRECIP_30MIN_RAW,Y,False rain with noisy bucket level
SHEEP,2022-01-13 11:30:00,2022-01-13 12:00:00,COSMOS-SHEEP-PRECIP_TIPPING_30MIN_RAW,Y,Spike during visit
PLYNL,2022-01-14 10:00:00,2022-01-14 10:00:00,COSMOS-PLYNL-TA_30MIN_RAW,Y,Spike
PORTN,2022-01-13 07:30:00,2022-01-13 07:30:00,COSMOS-PORTN-WS_30MIN_RAW,Y,Spike
HOLLN,2022-01-16 02:00:00,2022-01-16 02:00:00,COSMOS-HOLLN-WS_30MIN_RAW,Y,Spike
REDHL,2022-03-03 02:30:00,2022-03-03 11:00:00,COSMOS-REDHL-CTS_MOD_30MIN_RAW;COSMOS-REDHL-TDT1_VWC_30MIN_RAW;COSMOS-REDHL-TDT1_TSOIL_30MIN_RAW;COSMOS-REDHL-TDT1_SOILEC_30MIN_RAW;COSMOS-REDHL-TDT2_VWC_30MIN_RAW;COSMOS-REDHL-TDT2_TSOIL_30MIN_RAW;COSMOS-REDHL-TDT2_SOILEC_30MIN_RAW,Y,Flat lining
CARDT,2022-05-14 00:30:00,2022-09-21 10:00:00,COSMOS-CARDT-PRECIP_30MIN_RAW,Y,Erroneous rainfall
FINCH,2022-05-19 09:00:00,2022-05-19 11:00:00,COSMOS-FINCH-PA_30MIN_RAW,Y,PPM spikes
MORLY,2022-05-18 12:00:00,2022-11-18 00:00:00,COSMOS-MORLY-TDT1_VWC_30MIN_RAW;COSMOS-MORLY-TDT2_VWC_30MIN_RAW,Y,Bedding in time
STIPS,2022-05-25 11:00:00,2022-05-25 11:00:00,COSMOS-STIPS-PA_30MIN_RAW,Y,Spike at PPM
MOREM,2022-06-25 10:30:00,2022-06-25 10:30:00,COSMOS-MOREM-PRECIP_30MIN_RAW,Y,Precip spike
FIVET,2022-06-25 01:00:00,2022-06-25 01:00:00,COSMOS-FIVET-PRECIP_30MIN_RAW,Y,Precip spike
HADLW,2022-07-19 10:00:00,2022-08-24 13:00:00,COSMOS-HADLW-G2_30MIN_RAW,Y,HFP2 flipped
FINCH,2022-07-23 00:00:00,2022-09-05 00:00:00,COSMOS-FINCH-PRECIP_30MIN_RAW,Y,Erroneous rainfall
COCHN,2019-10-17 13:00:00,2019-10-17 13:00:00,COSMOS-COCHN-PA_30MIN_RAW,Y,Spike
GLENW,2022-07-28 10:00:00,2022-07-28 10:00:00,COSMOS-GLENW-PA_30MIN_RAW,Y,PPM Dropout
GLENW,2022-07-28 12:30:00,2022-07-28 12:30:00,COSMOS-GLENW-PA_30MIN_RAW,Y,PPM Dropout
CGARW,2022-08-02 10:00:00,2022-08-02 10:00:00,COSMOS-CGARW-PA_30MIN_RAW,Y,PPM Dropout
HYBRY,2022-07-31 07:00:00,2022-07-31 07:00:00,COSMOS-HYBRY-PA_30MIN_RAW,Y,Dropout due to cows
HYBRY,2022-07-31 22:00:00,2022-07-31 22:30:00,COSMOS-HYBRY-PA_30MIN_RAW,Y,Dropout due to cows
HYBRY,2022-08-02 10:00:00,2022-08-02 12:00:00,COSMOS-HYBRY-PA_30MIN_RAW,Y,Dropout due to cows
HYBRY,2022-08-02 16:30:00,2022-08-02 16:30:00,COSMOS-HYBRY-PA_30MIN_RAW,Y,Dropout due to cows
PORTN,2022-07-25 21:00:00,2022-07-26 05:00:00,COSMOS-PORTN-CTS_MOD_30MIN_RAW,Y,CRNS flatline
CARDT,2022-07-31 23:30:00,2022-09-21 12:00:00,COSMOS-CARDT-G2_30MIN_RAW,Y,Cable damaged
COCHN,2019-10-17 14:00:00,2019-10-17 14:00:00,COSMOS-COCHN-PA_30MIN_RAW,Y,Spike
COCHN,2019-10-17 16:00:00,2019-10-17 16:00:00,COSMOS-COCHN-PA_30MIN_RAW,Y,Spike
COCLP,2018-09-27 04:30:00,2018-09-27 04:30:00,COSMOS-COCLP-PA_30MIN_RAW;COSMOS-COCLP-TA_30MIN_RAW,Y,Spike
COCLP,2018-09-27 10:30:00,2018-09-27 10:30:00,COSMOS-COCLP-PA_30MIN_RAW;COSMOS-COCLP-TA_30MIN_RAW,Y,Spike
COCLP,2018-09-27 11:30:00,2018-09-27 12:30:00,COSMOS-COCLP-PA_30MIN_RAW;COSMOS-COCLP-TA_30MIN_RAW,Y,Spike
COCLP,2018-10-05 14:30:00,2018-10-05 14:30:00,COSMOS-COCLP-PA_30MIN_RAW;COSMOS-COCLP-TA_30MIN_RAW,Y,Spike
COCLP,2018-10-08 03:30:00,2018-10-08 04:00:00,COSMOS-COCLP-PA_30MIN_RAW;COSMOS-COCLP-TA_30MIN_RAW,Y,Spike
COCLP,2018-10-08 15:00:00,2018-10-08 15:00:00,COSMOS-COCLP-PA_30MIN_RAW;COSMOS-COCLP-TA_30MIN_RAW,Y,Spike
COCLP,2018-10-10 04:30:00,2018-10-10 04:30:00,COSMOS-COCLP-PA_30MIN_RAW;COSMOS-COCLP-TA_30MIN_RAW,Y,Spike
COCLP,2018-10-11 00:30:00,2018-10-11 01:00:00,COSMOS-COCLP-PA_30MIN_RAW;COSMOS-COCLP-TA_30MIN_RAW,Y,Spike
COCLP,2018-10-12 13:00:00,2018-10-12 18:30:00,COSMOS-COCLP-PA_30MIN_RAW;COSMOS-COCLP-TA_30MIN_RAW;COSMOS-COCLP-RH_30MIN_RAW,Y,Spike
COCLP,2018-10-26 06:00:00,2018-10-26 06:00:00,COSMOS-COCLP-PA_30MIN_RAW;COSMOS-COCLP-TA_30MIN_RAW,Y,Spike
COCLP,2018-10-26 11:30:00,2018-10-26 11:30:00,COSMOS-COCLP-RH_30MIN_RAW;COSMOS-COCLP-TA_30MIN_RAW,Y,Spike
COCLP,2018-10-28 11:00:00,2018-10-28 12:30:00,COSMOS-COCLP-PA_30MIN_RAW;COSMOS-COCLP-TA_30MIN_RAW,Y,Spike
COCLP,2018-10-31 00:30:00,2018-10-31 00:30:00,COSMOS-COCLP-PA_30MIN_RAW;COSMOS-COCLP-TA_30MIN_RAW,Y,Spike
COCLP,2018-10-31 02:00:00,2018-10-31 02:00:00,COSMOS-COCLP-PA_30MIN_RAW;COSMOS-COCLP-TA_30MIN_RAW,Y,Spike
COCLP,2018-11-03 06:00:00,2018-11-03 06:00:00,COSMOS-COCLP-PA_30MIN_RAW;COSMOS-COCLP-TA_30MIN_RAW,Y,Spike
COCLP,2018-11-03 07:00:00,2018-11-03 07:00:00,COSMOS-COCLP-PA_30MIN_RAW;COSMOS-COCLP-TA_30MIN_RAW,Y,Spike
COCLP,2018-11-06 10:30:00,2018-11-06 10:30:00,COSMOS-COCLP-TA_30MIN_RAW,Y,Spike
COCLP,2018-11-06 23:00:00,2018-11-06 23:00:00,COSMOS-COCLP-PA_30MIN_RAW;COSMOS-COCLP-TA_30MIN_RAW;COSMOS-COCLP-RH_30MIN_RAW,Y,Spike
COCLP,2018-11-21 05:00:00,2018-11-21 05:30:00,COSMOS-COCLP-PA_30MIN_RAW;COSMOS-COCLP-TA_30MIN_RAW,Y,Spike
COCLP,2018-11-21 06:30:00,2018-11-21 06:30:00,COSMOS-COCLP-PA_30MIN_RAW;COSMOS-COCLP-TA_30MIN_RAW,Y,Spike
COCLP,2018-11-21 21:30:00,2018-11-22 01:30:00,COSMOS-COCLP-PA_30MIN_RAW;COSMOS-COCLP-TA_30MIN_RAW;COSMOS-COCLP-RH_30MIN_RAW,Y,Spike
COCLP,2018-12-06 19:30:00,2018-12-06 19:30:00,COSMOS-COCLP-PA_30MIN_RAW;COSMOS-COCLP-TA_30MIN_RAW;COSMOS-COCLP-RH_30MIN_RAW,Y,Spike
COCLP,2018-12-09 00:30:00,2018-12-09 00:30:00,COSMOS-COCLP-PA_30MIN_RAW;COSMOS-COCLP-TA_30MIN_RAW;COSMOS-COCLP-RH_30MIN_RAW,Y,Spike
COCLP,2018-12-09 11:00:00,2018-12-09 11:00:00,COSMOS-COCLP-PA_30MIN_RAW;COSMOS-COCLP-TA_30MIN_RAW;COSMOS-COCLP-RH_30MIN_RAW,Y,Spike
COCLP,2018-12-11 20:30:00,2018-12-11 20:30:00,COSMOS-COCLP-PA_30MIN_RAW;COSMOS-COCLP-TA_30MIN_RAW,Y,Spike
COCLP,2018-12-13 03:30:00,2018-12-13 03:30:00,COSMOS-COCLP-PA_30MIN_RAW;COSMOS-COCLP-TA_30MIN_RAW,Y,Spike
COCLP,2018-12-18 07:00:00,2018-12-18 07:00:00,COSMOS-COCLP-PA_30MIN_RAW;COSMOS-COCLP-TA_30MIN_RAW,Y,Spike
COCLP,2019-10-31 11:00:00,2019-10-31 11:00:00,COSMOS-COCLP-PA_30MIN_RAW;COSMOS-COCLP-TA_30MIN_RAW;COSMOS-COCLP-RH_30MIN_RAW,Y,Spike
CRICH,2017-11-07 14:30:00,2017-11-07 14:30:00,COSMOS-CRICH-PA_30MIN_RAW;COSMOS-CRICH-TA_30MIN_RAW,Y,Spike
ELMST,2018-10-05 12:00:00,2018-10-05 12:00:00,COSMOS-ELMST-PA_30MIN_RAW,Y,Spike
EUSTN,2017-04-20 08:30:00,2017-04-20 08:30:00,COSMOS-EUSTN-PA_30MIN_RAW,Y,Spike
EUSTN,2017-08-31 13:00:00,2017-08-31 13:00:00,COSMOS-EUSTN-PA_30MIN_RAW,Y,Spike
EUSTN,2018-09-20 10:00:00,2018-09-20 10:00:00,COSMOS-EUSTN-PA_30MIN_RAW,Y,Spike
EUSTN,2018-12-01 09:30:00,2018-12-01 09:30:00,COSMOS-EUSTN-PA_30MIN_RAW,Y,Spike
EUSTN,2018-12-01 15:30:00,2018-12-01 15:30:00,COSMOS-EUSTN-PA_30MIN_RAW,Y,Spike
EUSTN,2019-09-25 12:00:00,2019-09-25 12:00:00,COSMOS-EUSTN-PA_30MIN_RAW,Y,Spike
EUSTN,2022-05-17 09:00:00,2022-05-17 09:00:00,COSMOS-EUSTN-PA_30MIN_RAW,Y,Spike
FINCH,2019-09-23 11:30:00,2019-09-23 11:30:00,COSMOS-FINCH-PA_30MIN_RAW,Y,Spike
FINCH,2020-07-30 11:30:00,2020-07-30 12:30:00,COSMOS-FINCH-PA_30MIN_RAW,Y,Spike
FIVET,2018-11-15 11:00:00,2018-11-15 11:30:00,COSMOS-FIVET-PA_30MIN_RAW,Y,Spike
FIVET,2019-09-18 09:30:00,2019-09-18 09:30:00,COSMOS-FIVET-PA_30MIN_RAW,Y,Spike
LODTN,2020-10-29 11:30:00,2020-10-29 11:30:00,COSMOS-LODTN-PA_30MIN_RAW,Y,Spike
LODTN,2022-05-09 15:00:00,2022-05-09 15:30:00,COSMOS-LODTN-TA_30MIN_RAW,Y,Spike
LULLN,2015-08-02 15:30:00,2015-08-02 16:00:00,COSMOS-LULLN-PA_30MIN_RAW,Y,Spike
LULLN,2015-08-05 19:00:00,2015-08-05 19:00:00,COSMOS-LULLN-PA_30MIN_RAW,Y,Spike
LULLN,2016-05-10 18:30:00,2016-05-10 18:30:00,COSMOS-LULLN-TA_30MIN_RAW,Y,Spike
LULLN,2016-05-11 09:30:00,2016-05-11 09:30:00,COSMOS-LULLN-TA_30MIN_RAW,Y,Spike
LULLN,2016-05-12 00:30:00,2016-05-12 00:30:00,COSMOS-LULLN-TA_30MIN_RAW,Y,Spike
LULLN,2016-05-12 08:00:00,2016-05-12 08:00:00,COSMOS-LULLN-TA_30MIN_RAW;COSMOS-LULLN-RH_30MIN_RAW,Y,Spike
LULLN,2016-05-12 16:00:00,2016-05-12 16:00:00,COSMOS-LULLN-TA_30MIN_RAW;COSMOS-LULLN-RH_30MIN_RAW,Y,Spike
LULLN,2016-05-12 23:30:00,2016-05-12 23:30:00,COSMOS-LULLN-TA_30MIN_RAW;COSMOS-LULLN-RH_30MIN_RAW,Y,Spike
LULLN,2016-05-13 07:00:00,2016-05-13 07:00:00,COSMOS-LULLN-TA_30MIN_RAW;COSMOS-LULLN-RH_30MIN_RAW,Y,Spike
LULLN,2016-05-13 14:30:00,2016-05-13 14:30:00,COSMOS-LULLN-TA_30MIN_RAW;COSMOS-LULLN-RH_30MIN_RAW,Y,Spike
LULLN,2020-08-23 12:00:00,2020-08-23 12:30:00,COSMOS-LULLN-TA_30MIN_RAW;COSMOS-LULLN-RH_30MIN_RAW,Y,Spike
MOORH,2014-12-04 12:00:00,2014-12-04 12:00:00,COSMOS-MOORH-PA_30MIN_RAW,Y,Spike
MOORH,2015-06-09 13:00:00,2015-06-09 13:00:00,COSMOS-MOORH-PA_30MIN_RAW,Y,Spike
MOORH,2016-01-11 10:00:00,2016-01-11 10:00:00,COSMOS-MOORH-PA_30MIN_RAW,Y,Spike
MOORH,2016-01-13 15:00:00,2016-01-13 15:00:00,COSMOS-MOORH-PA_30MIN_RAW,Y,Spike
MOORH,2018-08-15 09:30:00,2018-08-15 09:30:00,COSMOS-MOORH-PA_30MIN_RAW,Y,Spike
MOORH,2018-08-15 10:00:00,2018-08-15 10:00:00,COSMOS-MOORH-RH_30MIN_RAW,Y,Spike
MOREM,2018-11-16 11:30:00,2018-11-16 11:30:00,COSMOS-MOREM-PA_30MIN_RAW,Y,Spike
MOREM,2019-01-15 13:30:00,2019-01-15 13:30:00,COSMOS-MOREM-PA_30MIN_RAW,Y,Spike
MOREM,2019-09-13 10:00:00,2019-09-13 10:00:00,COSMOS-MOREM-PA_30MIN_RAW,Y,Spike
MOREM,2021-09-15 08:00:00,2021-09-15 10:30:00,COSMOS-MOREM-TA_30MIN_RAW;COSMOS-MOREM-RH_30MIN_RAW,Y,Spike
MOREM,2022-09-08 08:00:00,2022-09-08 08:00:00,COSMOS-MOREM-PA_30MIN_RAW,Y,Spike
MORLY,2014-09-09 11:30:00,2014-09-09 11:30:00,COSMOS-MORLY-PA_30MIN_RAW,Y,Spike
MORLY,2015-06-12 11:30:00,2015-06-12 11:30:00,COSMOS-MORLY-PA_30MIN_RAW,Y,Spike
MORLY,2016-11-04 09:30:00,2016-11-04 09:30:00,COSMOS-MORLY-PA_30MIN_RAW,Y,Spike
CRICH,2023-06-07 10:30:00,2023-06-07 10:30:00,COSMOS-CRICH-PA_30MIN_RAW,Y,Spike during PPM
MOORH,2023-06-08 08:30:00,2023-06-08 08:30:00,COSMOS-MOORH-PA_30MIN_RAW,Y,Spike during PPM
HLACY,2023-07-05 12:00:00,2023-07-08 12:00:00,COSMOS-HLACY-WS_30MIN_RAW;COSMOS-HLACY-WD_30MIN_RAW,Y,Missing data with unreliable readings in between
BUNNY,2023-08-30 12:00:00,2023-08-31 12:00:00,COSMOS-BUNNY-PRECIP_30MIN_RAW,Y,False rain with very noisy bucket level
BALRD,2023-08-31 08:00:00,2023-08-31 10:00:00,COSMOS-BALRD-PA_30MIN_RAW,Y,Spike during PPM
BUNNY,2023-09-01 12:00:00,2023-09-10 12:00:00,COSMOS-BUNNY-PRECIP_30MIN_RAW,Y,False rain with very noisy bucket level
BUNNY,2023-08-19 12:00:00,2023-08-25 12:00:00,COSMOS-BUNNY-PRECIP_30MIN_RAW,Y,False rain with very noisy bucket level (INDEFINITE FLAG!)
FINCH,2023-08-01 00:00:00,2023-08-02 00:00:00,COSMOS-FINCH-PRECIP_30MIN_RAW,Y,False rain with extremely noisy bucket level
FINCH,2023-08-06 03:00:00,2023-08-06 10:00:00,COSMOS-FINCH-PRECIP_30MIN_RAW,Y,False rain with extremely noisy bucket level
FINCH,2023-08-06 16:00:00,2023-08-12 14:00:00,COSMOS-FINCH-PRECIP_30MIN_RAW,Y,False rain with extremely noisy bucket level
FINCH,2023-08-16 06:00:00,2023-08-16 12:00:00,COSMOS-FINCH-PRECIP_30MIN_RAW,Y,False rain with extremely noisy bucket level
FINCH,2023-08-17 00:00:00,2023-08-18 16:00:00,COSMOS-FINCH-PRECIP_30MIN_RAW,Y,False rain with extremely noisy bucket level
FINCH,2023-08-18 12:00:00,2023-08-18 20:00:00,COSMOS-FINCH-PRECIP_30MIN_RAW,Y,False rain with extremely noisy bucket level
FINCH,2023-08-19 06:00:00,2023-09-20 00:00:00,COSMOS-FINCH-PRECIP_30MIN_RAW,Y,False rain with extremely noisy bucket level
GLENS,2023-08-30 08:00:00,2023-08-30 12:00:00,COSMOS-GLENS-PRECIP_30MIN_RAW,Y,Spike during PPM
GLENS,2023-08-30 09:00:00,2023-08-30 11:00:00,COSMOS-GLENS-LWIN_30MIN_RAW;COSMOS-GLENS-LWOUT_30MIN_RAW;COSMOS-GLENS-PA_30MIN_RAW,Y,Spike during PPM
HARTW,2023-08-15 06:00:00,2023-08-10 00:00:00,COSMOS-HARTW-PRECIP_30MIN_RAW,Y,Suspicious rain peaks (frequency after PPM on 15/08)
HLACY,2023-08-11 00:00:00,2023-08-12 00:00:00,COSMOS-HLACY-PRECIP_30MIN_RAW,Y,False rain with extremely noisy bucket level
HLACY,2023-08-20 00:00:00,2023-08-23 00:00:00,COSMOS-HLACY-PRECIP_30MIN_RAW,Y,False rain with extremely noisy bucket level
HLACY,2023-08-30 00:00:00,2023-08-31 00:00:00,COSMOS-HLACY-PRECIP_30MIN_RAW,Y,False rain with extremely noisy bucket level
HLACY,2023-09-01 00:00:00,2023-09-10 00:00:00,COSMOS-HLACY-PRECIP_30MIN_RAW,Y,False rain with extremely noisy bucket level (INDEFINITE FLAG!)
LODTN,2023-08-15 00:00:00,2023-08-18 00:00:00,COSMOS-LODTN-PRECIP_30MIN_RAW,Y,False rain with extremely noisy bucket level (INDEFINITE FLAG!)
LULLN,2023-08-22 11:00:00,2023-08-22 12:00:00,COSMOS-LULLN-PRECIP_RAINE_30MIN_RAW,Y,Spike from PPM
MOREM,2023-08-15 20:00:00,2023-08-15 23:00:00,COSMOS-MOREM-PRECIP_RAINE_30MIN_RAW,Y,Spikes and data gaps
ROTHD,2023-08-09 12:00:00,2023-08-12 00:00:00,COSMOS-ROTHD-PRECIP_30MIN_RAW,Y,False rain events
ROTHD,2023-08-17 00:00:00,2023-08-18 00:00:00,COSMOS-ROTHD-PRECIP_30MIN_RAW,Y,False rain events
ROTHD,2023-08-25 00:00:00,2023-08-25 12:00:00,COSMOS-ROTHD-PRECIP_30MIN_RAW,Y,False rain events
ROTHD,2023-08-27 00:00:00,2023-08-29 00:00:00,COSMOS-ROTHD-PRECIP_30MIN_RAW,Y,False rain events
ROTHD,2023-08-30 09:00:00,2023-08-31 00:00:00,COSMOS-ROTHD-PRECIP_30MIN_RAW,Y,False rain events
STGHT,2023-08-04 00:00:00,2023-08-05 00:00:00,COSMOS-STGHT-PRECIP_30MIN_RAW,Y,False rain
STGHT,2023-08-06 00:00:00,2023-08-14 00:00:00,COSMOS-STGHT-PRECIP_30MIN_RAW,Y,False rain with extremely noisy bucket level (INDEFINITE FLAG!)
WADDN,2023-07-06 00:00:00,2023-07-07 00:00:00,COSMOS-WADDN-PRECIP_30MIN_RAW,Y,False rain with noisy bucket level
WADDN,2023-07-09 00:00:00,2023-07-10 20:00:00,COSMOS-WADDN-PRECIP_30MIN_RAW,Y,False rain with noisy bucket level
WADDN,2023-07-13 00:00:00,2023-07-14 07:00:00,COSMOS-WADDN-PRECIP_30MIN_RAW,Y,False rain with noisy bucket level
WADDN,2023-07-15 14:00:00,2023-08-11 00:00:00,COSMOS-WADDN-PRECIP_30MIN_RAW,Y,False rain with noisy bucket level
WRTTL,2023-07-24 00:00:00,2023-07-24 08:00:00,COSMOS-WRTTL-PRECIP_30MIN_RAW,Y,False rain with noisy bucket level
WRTTL,2023-07-26 00:00:00,2023-07-26 12:00:00,COSMOS-WRTTL-PRECIP_30MIN_RAW,Y,False rain with noisy bucket level
WRTTL,2023-07-29 00:00:00,2023-07-30 12:00:00,COSMOS-WRTTL-PRECIP_30MIN_RAW,Y,False rain with noisy bucket level
WRTTL,2023-07-31 12:00:00,2023-08-01 12:00:00,COSMOS-WRTTL-PRECIP_30MIN_RAW,Y,False rain with noisy bucket level
WRTTL,2023-08-04 00:00:00,2023-08-05 06:00:00,COSMOS-WRTTL-PRECIP_30MIN_RAW,Y,False rain with noisy bucket level
WRTTL,2023-08-06 00:00:00,2023-08-08 12:00:00,COSMOS-WRTTL-PRECIP_30MIN_RAW,Y,False rain with noisy bucket level
WRTTL,2023-08-10 12:00:00,2023-08-14 00:00:00,COSMOS-WRTTL-PRECIP_30MIN_RAW,Y,False rain with noisy bucket level
WRTTL,2023-08-16 00:00:00,2023-08-14 00:00:00,COSMOS-WRTTL-PRECIP_30MIN_RAW,Y,False rain with noisy bucket level
WRTTL,2023-08-20 00:00:00,2023-08-24 05:00:00,COSMOS-WRTTL-PRECIP_30MIN_RAW,Y,False rain with noisy bucket level
WRTTL,2023-08-25 00:00:00,2023-08-25 12:00:00,COSMOS-WRTTL-PRECIP_30MIN_RAW,Y,False rain with noisy bucket level
HARWD,2021-11-08 07:00:00,2021-11-08 07:00:00,COSMOS-HARWD-TA_30MIN_RAW,Y,Spike
SHEEP,2021-12-17 09:00:00,2021-12-17 14:00:00,COSMOS-SHEEP-PRECIP_TIPPING_30MIN_RAW,Y,Spikes and tipping mismatches caused by cows
PLYNL,2022-02-25 05:30:00,2022-02-28 14:30:00,COSMOS-PLYNL-CTS_MOD_30MIN_RAW;COSMOS-PLYNL-TDT1_VWC_30MIN_RAW;COSMOS-PLYNL-TDT1_TSOIL_30MIN_RAW;COSMOS-PLYNL-TDT1_SOILEC_30MIN_RAW;COSMOS-PLYNL-TDT2_VWC_30MIN_RAW;COSMOS-PLYNL-TDT2_TSOIL_30MIN_RAW;COSMOS-PLYNL-TDT2_SOILEC_30MIN_RAW,Y,Flat lining
BUNNY,2022-02-25 12:00:00,2022-02-28 14:00:00,COSMOS-BUNNY-TA_30MIN_RAW;COSMOS-BUNNY-RH_30MIN_RAW;COSMOS-BUNNY-PA_30MIN_RAW,Y,MetPak error
PLYNL,2022-07-06 08:00:00,2022-07-06 08:00:00,COSMOS-PLYNL-WS_30MIN_RAW,Y,Spike
WRTTL,2022-06-25 00:30:00,2022-07-20 11:30:00,COSMOS-WRTTL-PRECIP_30MIN_RAW,Y,Suspect precip
MOREM,2022-07-11 17:00:00,2022-07-11 17:00:00,COSMOS-MOREM-PRECIP_30MIN_RAW,Y,Spike
STGHT,2022-07-10 17:00:00,2022-08-06 16:30:00,COSMOS-STGHT-PRECIP_30MIN_RAW,Y,False rain
HLACY,2022-07-05 15:00:00,2022-10-11 00:00:00,COSMOS-HLACY-PRECIP_30MIN_RAW,Y,Erroneous Pluvio data
CGARW,2022-07-16 05:30:00,2022-08-02 01:00:00,COSMOS-CGARW-PRECIP_30MIN_RAW,Y,False rain
GLENW,2019-08-22 11:00:00,2019-08-22 13:00:00,COSMOS-GLENW-PA_30MIN_RAW,Y,Spike
CGARW,2023-02-20 15:30:00,2023-02-22 05:00:00,COSMOS-CGARW-STP_TSOIL50_30MIN_RAW;COSMOS-CGARW-STP_TSOIL20_30MIN_RAW;COSMOS-CGARW-STP_TSOIL10_30MIN_RAW;COSMOS-CGARW-STP_TSOIL5_30MIN_RAW;COSMOS-CGARW-STP_TSOIL2_30MIN_RAW,Y,Soil temperature profile data eractic
SHEEP,2023-03-07 11:30:00,2023-03-07 11:30:00,COSMOS-SHEEP-PRECIP_RAINE_30MIN_RAW,Y,Spike on visit
EASTB,2023-01-22 12:30:00,2023-08-17 00:00:00,COSMOS-EASTB-TDT2_VWC_30MIN_RAW,Y,Noisy data. Sensor fault
HOLLN,2023-03-10 11:30:00,2023-03-10 12:00:00,COSMOS-HOLLN-G1_30MIN_RAW,Y,Drop outs
MOREM,2023-03-10 19:00:00,2023-04-26 14:00:00,COSMOS-MOREM-G1_30MIN_RAW,Y,Flat lining
HILLB,2023-07-26 09:00:00,2023-07-26 09:30:00,COSMOS-HILLB-PA_30MIN_RAW,Y,Spike during PPM
WRTTL,2023-08-01 00:00:00,2023-08-02 00:00:00,COSMOS-WRTTL-PRECIP_30MIN_RAW,Y,Suspect false rain precip
STGHT,2023-07-27 06:00:00,2023-07-30 12:00:00,COSMOS-STGHT-PRECIP_30MIN_RAW,Y,Suspected false rain
CARDT,2023-07-22 12:00:00,2023-08-10 13:00:00,COSMOS-CARDT-PRECIP_RAINE_30MIN_RAW,Y,Continuous small spikes
FINCH,2023-07-27 14:00:00,2023-07-30 12:00:00,COSMOS-FINCH-PRECIP_30MIN_RAW,Y,Suspicious false rain
WADDN,2023-07-16 00:00:00,2023-07-18 00:00:00,COSMOS-WADDN-PRECIP_30MIN_RAW,Y,"Suspect precipitation/false rain, diverging quite a lot from RainE"
WRTTL,2023-08-27 00:00:00,2023-08-27 12:00:00,COSMOS-WRTTL-PRECIP_30MIN_RAW,Y,False rain with noisy bucket level
WRTTL,2023-08-28 00:00:00,2023-08-29 12:00:00,COSMOS-WRTTL-PRECIP_30MIN_RAW,Y,False rain with noisy bucket level
WRTTL,2023-08-30 20:00:00,2023-08-31 12:00:00,COSMOS-WRTTL-PRECIP_30MIN_RAW,Y,False rain with noisy bucket level
WRTTL,2023-09-02 00:00:00,2023-09-04 00:00:00,COSMOS-WRTTL-PRECIP_30MIN_RAW,Y,False rain with noisy bucket level
WRTTL,2023-09-05 00:00:00,2023-09-12 12:00:00,COSMOS-WRTTL-PRECIP_30MIN_RAW,Y,False rain with noisy bucket level (INDEFINITE FLAG!)
WRTTL,2023-08-09 00:00:00,2023-08-09 12:00:00,COSMOS-WRTTL-PRECIP_RAINE_30MIN_RAW,Y,Small continuous rain events
BUNNY,2023-08-26 20:00:00,2023-08-29 12:00:00,COSMOS-BUNNY-PRECIP_30MIN_RAW,Y,False rain with very noisy bucket level
CGARW,2023-09-08 00:00:00,2023-09-09 00:00:00,COSMOS-CGARW-PRECIP_30MIN_RAW,Y,False rain
CHIMN,2023-09-07 00:00:00,2023-09-10 00:00:00,COSMOS-CHIMN-PRECIP_RAINE_30MIN_RAW,Y,False rain
CHIMN,2023-09-11 00:00:00,2023-09-12 00:00:00,COSMOS-CHIMN-PRECIP_RAINE_30MIN_RAW,Y,False rain
CHIMN,2023-09-13 00:00:00,2023-09-15 00:00:00,COSMOS-CHIMN-PRECIP_RAINE_30MIN_RAW,Y,False rain
CHOBH,2023-09-10 00:00:00,2023-09-11 00:00:00,COSMOS-CHOBH-PRECIP_RAINE_30MIN_RAW,Y,False rain
COCLP,2023-09-08 00:00:00,2023-09-10 00:00:00,COSMOS-COCLP-PRECIP_30MIN_RAW,Y,False rain
FINCH,2023-09-29 08:00:00,2023-09-29 19:00:00,COSMOS-FINCH-PRECIP_30MIN_RAW,Y,False rain with extremely noisy bucket level
FINCH,2023-09-30 09:00:00,2023-09-30 17:00:00,COSMOS-FINCH-PRECIP_30MIN_RAW,Y,False rain with extremely noisy bucket level
FINCH,2023-10-01 08:00:00,2023-10-01 15:00:00,COSMOS-FINCH-PRECIP_30MIN_RAW,Y,False rain with extremely noisy bucket level
FINCH,2023-10-02 08:00:00,2023-10-02 14:00:00,COSMOS-FINCH-PRECIP_30MIN_RAW,Y,False rain with extremely noisy bucket level
FINCH,2023-10-03 09:00:00,2023-10-03 18:00:00,COSMOS-FINCH-PRECIP_30MIN_RAW,Y,False rain with extremely noisy bucket level
FINCH,2023-10-04 09:00:00,2023-10-04 18:00:00,COSMOS-FINCH-PRECIP_30MIN_RAW,Y,False rain with extremely noisy bucket level
FINCH,2023-10-05 08:00:00,2023-10-05 17:00:00,COSMOS-FINCH-PRECIP_30MIN_RAW,Y,False rain with extremely noisy bucket level
HLACY,2023-09-28 00:00:00,2023-09-29 15:00:00,COSMOS-HLACY-PRECIP_30MIN_RAW,Y,False rain with extremely noisy bucket level
STGHT,2023-09-29 09:00:00,2023-09-30 15:00:00,COSMOS-STGHT-PRECIP_30MIN_RAW,Y,False rain with extremely noisy bucket level
STGHT,2023-10-03 07:00:00,2023-10-05 18:00:00,COSMOS-STGHT-PRECIP_30MIN_RAW,Y,False rain with extremely noisy bucket level
WRTTL,2023-09-30 00:00:00,2023-10-02 06:00:00,COSMOS-WRTTL-PRECIP_30MIN_RAW,Y,Small continuous rain events
WRTTL,2023-10-03 08:00:00,2023-10-05 18:00:00,COSMOS-WRTTL-PRECIP_30MIN_RAW,Y,Small continuous rain events
BICKL,2023-10-06 12:00:00,2023-10-11 05:00:00,COSMOS-BICKL-PRECIP_30MIN_RAW,Y,False rain
BICKL,2023-10-15 07:00:00,2023-10-18 01:00:00,COSMOS-BICKL-PRECIP_30MIN_RAW,Y,False rain
BUNNY,2023-10-08 00:00:00,2023-10-11 00:00:00,COSMOS-BUNNY-PRECIP_30MIN_RAW,Y,False rain with very noisy bucket level
BUNNY,2023-10-12 00:00:00,2023-10-12 15:00:00,COSMOS-BUNNY-PRECIP_30MIN_RAW,Y,False rain with very noisy bucket level
FINCH,2023-10-06 00:00:00,2023-10-11 00:00:00,COSMOS-FINCH-PRECIP_30MIN_RAW,Y,False rain with extremely noisy bucket level
FINCH,2023-10-12 09:00:00,2023-10-12 16:00:00,COSMOS-FINCH-PRECIP_30MIN_RAW,Y,False rain with extremely noisy bucket level
FINCH,2023-10-13 10:00:00,2023-10-13 16:00:00,COSMOS-FINCH-PRECIP_30MIN_RAW,Y,False rain with extremely noisy bucket level
FINCH,2023-10-14 00:00:00,2023-10-18 16:00:00,COSMOS-FINCH-PRECIP_30MIN_RAW,Y,False rain with extremely noisy bucket level
HLACY,2023-10-03 00:00:00,2023-10-05 05:00:00,COSMOS-HLACY-PRECIP_30MIN_RAW,Y,False rain with extremely noisy bucket level
HLACY,2023-10-05 12:00:00,2023-10-05 18:00:00,COSMOS-HLACY-PRECIP_30MIN_RAW,Y,False rain with extremely noisy bucket level
HLACY,2023-10-06 00:00:00,2023-10-11 05:00:00,COSMOS-HLACY-PRECIP_30MIN_RAW,Y,False rain with extremely noisy bucket level
HLACY,2023-10-14 07:00:00,2023-10-17 18:00:00,COSMOS-HLACY-PRECIP_30MIN_RAW,Y,False rain with extremely noisy bucket level
LODTN,2023-10-04 00:00:00,2023-10-11 00:00:00,COSMOS-LODTN-PRECIP_30MIN_RAW;COSMOS-LODTN-PRECIP_RAINE_30MIN_RAW,Y,False rain with extremely noisy bucket level
ROTHD,2023-10-06 00:00:00,2023-10-10 00:00:00,COSMOS-ROTHD-PRECIP_30MIN_RAW,Y,False rain events
STGHT,2023-10-06 00:00:00,2023-10-11 00:00:00,COSMOS-STGHT-PRECIP_30MIN_RAW,Y,False rain with extremely noisy bucket level
SYDLG,2023-10-04 00:00:00,2023-10-11 00:00:00,COSMOS-SYDLG-PRECIP_30MIN_RAW,Y,False rain
WRTTL,2023-10-06 00:00:00,2023-10-11 12:00:00,COSMOS-WRTTL-PRECIP_30MIN_RAW,Y,Small continuous rain events
WRTTL,2023-10-14 00:00:00,2023-10-14 18:00:00,COSMOS-WRTTL-PRECIP_30MIN_RAW,Y,Small continuous rain events
WRTTL,2023-10-15 00:00:00,2023-10-16 00:00:00,COSMOS-WRTTL-PRECIP_30MIN_RAW,Y,Small continuous rain events
BICKL,2023-10-12 00:00:00,2023-10-12 14:00:00,COSMOS-BICKL-PRECIP_RAINE_30MIN_RAW,Y,False rain
BUNNY,2023-10-16 20:00:00,2023-10-18 13:00:00,COSMOS-BUNNY-PRECIP_30MIN_RAW,Y,False rain
BUNNY,2023-10-19 02:00:00,2023-10-19 19:00:00,COSMOS-BUNNY-PRECIP_30MIN_RAW,Y,False rain
FINCH,2023-10-19 08:00:00,2023-10-19 18:00:00,COSMOS-FINCH-PRECIP_30MIN_RAW,Y,False rain with extremely noisy bucket level
HARTW,2023-10-09 00:00:00,2023-10-19 00:00:00,COSMOS-HARTW-PRECIP_30MIN_RAW,Y,Suspicious rain
HLACY,2023-10-20 13:00:00,2023-10-20 18:00:00,COSMOS-HLACY-PRECIP_30MIN_RAW,Y,False rain
STGHT,2023-10-14 00:00:00,2023-10-18 00:00:00,COSMOS-STGHT-PRECIP_30MIN_RAW,Y,False rain
WRTTL,2023-10-17 00:00:00,2023-10-18 00:00:00,COSMOS-WRTTL-PRECIP_30MIN_RAW,Y,False rain
WRTTL,2023-10-20 15:00:00,2023-10-21 00:00:00,COSMOS-WRTTL-PRECIP_30MIN_RAW,Y,False rain
BICKL,2023-10-26 12:00:00,2023-10-28 00:00:00,COSMOS-BICKL-PRECIP_30MIN_RAW,Y,False rain
BICKL,2023-10-30 00:00:00,2023-10-30 06:00:00,COSMOS-BICKL-PRECIP_30MIN_RAW,Y,False rain
BICKL,2023-11-01 19:00:00,2023-11-02 00:00:00,COSMOS-BICKL-PRECIP_30MIN_RAW,Y,False rain
BUNNY,2023-10-29 18:00:00,2023-10-30 07:00:00,COSMOS-BUNNY-PRECIP_30MIN_RAW,Y,False rain
BUNNY,2023-10-31 18:00:00,2023-10-31 22:00:00,COSMOS-BUNNY-PRECIP_30MIN_RAW,Y,False rain
BUNNY,2023-10-27 00:00:00,2023-10-28 09:00:00,COSMOS-BUNNY-PRECIP_30MIN_RAW,Y,False rain
FINCH,2023-10-27 10:00:00,2023-10-27 18:00:00,COSMOS-FINCH-PRECIP_30MIN_RAW,Y,False rain with extremely noisy bucket level
FINCH,2023-10-28 12:00:00,2023-10-28 16:00:00,COSMOS-FINCH-PRECIP_30MIN_RAW,Y,False rain with extremely noisy bucket level
FINCH,2023-10-30 09:00:00,2023-10-30 16:00:00,COSMOS-FINCH-PRECIP_30MIN_RAW,Y,False rain with extremely noisy bucket level
HLACY,2023-10-29 00:00:00,2023-10-30 00:00:00,COSMOS-HLACY-PRECIP_30MIN_RAW,Y,False rain
HLACY,2023-10-31 09:00:00,2023-10-31 16:00:00,COSMOS-HLACY-PRECIP_30MIN_RAW,Y,False rain
LODTN,2023-10-27 15:00:00,2023-10-27 18:00:00,COSMOS-LODTN-PRECIP_30MIN_RAW,Y,False rain
LODTN,2023-10-29 09:00:00,2023-10-29 14:00:00,COSMOS-LODTN-PRECIP_30MIN_RAW,Y,False rain
LODTN,2023-10-30 09:00:00,2023-10-30 17:00:00,COSMOS-LODTN-PRECIP_30MIN_RAW,Y,False rain
REDHL,2023-10-30 21:00:00,2023-10-31 04:00:00,COSMOS-REDHL-PRECIP_RAINE_30MIN_RAW,Y,False rain events
ROTHD,2023-10-27 12:00:00,2023-10-28 16:00:00,COSMOS-ROTHD-PRECIP_30MIN_RAW,Y,False rain events
ROTHD,2023-10-29 15:00:00,2023-10-31 14:00:00,COSMOS-ROTHD-PRECIP_30MIN_RAW,Y,False rain events
ROTHD,2023-10-31 18:00:00,2023-10-31 21:00:00,COSMOS-ROTHD-PRECIP_30MIN_RAW,Y,False rain events
STGHT,2023-10-27 15:00:00,2023-10-27 18:00:00,COSMOS-STGHT-PRECIP_30MIN_RAW,Y,False rain
STGHT,2023-10-29 09:00:00,2023-10-29 13:00:00,COSMOS-STGHT-PRECIP_30MIN_RAW,Y,False rain
STGHT,2023-10-30 00:00:00,2023-10-31 00:00:00,COSMOS-STGHT-PRECIP_30MIN_RAW,Y,False rain
STGHT,2023-10-26 20:00:00,2023-10-27 10:00:00,COSMOS-STGHT-PRECIP_RAINE_30MIN_RAW,Y,False rain
WRTTL,2023-10-30 13:00:00,2023-10-30 17:00:00,COSMOS-WRTTL-PRECIP_30MIN_RAW,Y,False rain
WADDN,2023-11-07 00:00:00,2023-11-07 12:00:00,COSMOS-WADDN-PRECIP_RAINE_30MIN_RAW,Y,False rain with noisy bucket level
WADDN,2023-11-08 15:00:00,2023-11-26 00:00:00,COSMOS-WADDN-PRECIP_RAINE_30MIN_RAW,Y,False rain with noisy bucket level
WRTTL,2023-11-05 11:00:00,2023-11-05 16:00:00,COSMOS-WRTTL-PRECIP_30MIN_RAW,Y,False rain
WRTTL,2023-11-05 20:00:00,2023-11-07 17:00:00,COSMOS-WRTTL-PRECIP_30MIN_RAW,Y,False rain
WRTTL,2023-11-09 12:00:00,2023-11-11 17:00:00,COSMOS-WRTTL-PRECIP_30MIN_RAW,Y,False rain
WRTTL,2023-11-14 12:00:00,2023-11-14 07:00:00,COSMOS-WRTTL-PRECIP_30MIN_RAW,Y,False rain
WRTTL,2023-11-15 12:00:00,2023-11-15 17:00:00,COSMOS-WRTTL-PRECIP_30MIN_RAW,Y,False rain
BICKL,2023-12-02 18:00:00,2023-12-03 02:00:00,COSMOS-BICKL-PRECIP_30MIN_RAW,Y,False rain
BUNNY,2023-11-30 00:00:00,2023-11-03 00:00:00,COSMOS-BUNNY-PRECIP_RAINE_30MIN_RAW,Y,False rain
BUNNY,2023-12-06 00:00:00,2023-12-07 00:00:00,COSMOS-BUNNY-PRECIP_RAINE_30MIN_RAW,Y,False rain
CARDT,2023-12-01 00:00:00,2023-12-02 00:00:00,COSMOS-CARDT-PRECIP_RAINE_30MIN_RAW,Y,False rain
CARDT,2023-12-06 00:00:00,2023-12-07 00:00:00,COSMOS-CARDT-PRECIP_RAINE_30MIN_RAW,Y,False rain
CHIMN,2023-12-01 00:00:00,2023-12-02 16:00:00,COSMOS-CHIMN-PRECIP_RAINE_30MIN_RAW,Y,False rain
CHIMN,2023-12-06 00:00:00,2023-12-07 00:00:00,COSMOS-CHIMN-PRECIP_RAINE_30MIN_RAW,Y,False rain
CHIMN,2023-12-08 00:00:00,2023-12-09 00:00:00,COSMOS-CHIMN-PRECIP_RAINE_30MIN_RAW,Y,False rain
FINCH,2023-12-01 00:00:00,2023-12-02 00:00:00,COSMOS-FINCH-PRECIP_RAINE_30MIN_RAW,Y,False rain with extremely noisy bucket level
FINCH,2023-12-06 00:00:00,2023-12-07 03:00:00,COSMOS-FINCH-PRECIP_RAINE_30MIN_RAW,Y,False rain with extremely noisy bucket level
FINCH,2023-12-08 00:00:00,2023-12-08 12:00:00,COSMOS-FINCH-PRECIP_RAINE_30MIN_RAW,Y,False rain with extremely noisy bucket level
CRICH,2021-12-11 15:30:00,2022-03-08 11:00:00,COSMOS-CRICH-LWIN_30MIN_RAW,Y,Values very erratic
CRICH,2021-12-17 01:00:00,2022-03-08 11:00:00,COSMOS-CRICH-G2_30MIN_RAW,Y,Flat lining
HARWD,2022-02-18 05:30:00,2022-02-18 05:30:00,COSMOS-HARWD-TA_30MIN_RAW,Y,Spike
BUNNY,2022-04-01 00:30:00,2022-04-12 00:00:00,COSMOS-BUNNY-PRECIP_30MIN_RAW,Y,Phantom rainfall
GLENS,2022-04-12 00:30:00,2022-04-19 13:30:00,COSMOS-GLENS-CTS_MOD_30MIN_RAW;COSMOS-GLENS-PRECIP_30MIN_RAW;COSMOS-GLENS-TDT1_VWC_30MIN_RAW;COSMOS-GLENS-TDT2_VWC_30MIN_RAW;COSMOS-GLENS-CTS_SNOW_30MIN_RAW;COSMOS-GLENS-SNOWD_DISTANCE_COR_30MIN_RAW;COSMOS-GLENS-SNOWD_DISTANCE_UNC_30MIN_RAW,Y,Flatlining
GLENS,2022-04-20 20:30:00,2022-04-21 20:00:00,COSMOS-GLENS-CTS_MOD_30MIN_RAW;COSMOS-GLENS-PRECIP_30MIN_RAW;COSMOS-GLENS-TDT1_VWC_30MIN_RAW;COSMOS-GLENS-TDT2_VWC_30MIN_RAW;COSMOS-GLENS-CTS_SNOW_30MIN_RAW;COSMOS-GLENS-SNOWD_DISTANCE_COR_30MIN_RAW;COSMOS-GLENS-SNOWD_DISTANCE_UNC_30MIN_RAW,Y,Flatlining
BUNNY,2022-04-25 20:30:00,2022-04-26 03:30:00,COSMOS-BUNNY-CTS_MOD_30MIN_RAW,Y,Flat lining
BUNNY,2023-09-16 00:00:00,2023-09-18 00:00:00,COSMOS-BUNNY-PRECIP_30MIN_RAW,Y,False rain with very noisy bucket level
LODTN,2021-05-02 05:30:00,2021-05-02 05:30:00,COSMOS-LODTN-CTS_MOD_30MIN_RAW,Y,Drop out
LODTN,2021-12-06 00:30:00,2021-12-06 00:30:00,COSMOS-LODTN-CTS_MOD_30MIN_RAW,Y,Drop out
LODTN,2022-02-25 09:30:00,2022-02-25 09:30:00,COSMOS-LODTN-CTS_MOD_30MIN_RAW,Y,Drop out
LODTN,2022-04-28 12:00:00,2022-04-28 12:00:00,COSMOS-LODTN-CTS_MOD_30MIN_RAW,Y,Drop out
LODTN,2022-04-28 10:30:00,2022-04-28 10:30:00,COSMOS-LODTN-CTS_MOD_30MIN_RAW,Y,Spike
SYDLG,2022-06-07 12:00:00,2022-12-07 12:00:00,COSMOS-SYDLG-TDT1_VWC_30MIN_RAW;COSMOS-SYDLG-TDT2_VWC_30MIN_RAW;COSMOS-SYDLG-TDT3_VWC_30MIN_RAW;COSMOS-SYDLG-TDT4_VWC_30MIN_RAW;COSMOS-SYDLG-TDT5_VWC_30MIN_RAW;COSMOS-SYDLG-TDT6_VWC_30MIN_RAW;COSMOS-SYDLG-TDT7_VWC_30MIN_RAW;COSMOS-SYDLG-TDT8_VWC_30MIN_RAW;COSMOS-SYDLG-TDT9_VWC_30MIN_RAW;COSMOS-SYDLG-TDT10_VWC_30MIN_RAW,Y,6 month settling in period for new TDTs installed
ROTHD,2022-08-10 10:30:00,2022-08-10 10:30:00,COSMOS-ROTHD-PA_30MIN_RAW,Y,PPM dropout
HENFS,2022-08-04 11:30:00,2022-08-04 11:30:00,COSMOS-HENFS-PA_30MIN_RAW,Y,PPM dropout
COCLP,2022-07-18 00:00:00,2022-08-29 00:00:00,COSMOS-COCLP-PRECIP_30MIN_RAW,Y,Phantom rain and odd bucket level behaviour
BUNNY,2020-09-15 00:00:00,2020-10-10 16:00:00,COSMOS-BUNNY-PRECIP_30MIN_RAW,Y,Spiky bucket level and precip without corresponding RainE precip.
LULLN,2022-09-23 00:00:00,2024-08-01 08:30:00,COSMOS-LULLN-TDT2_VWC_30MIN_RAW,Y,Spikes and dropouts in data
HENFS,2015-12-17 13:00:00,2015-12-17 13:00:00,COSMOS-HENFS-CTS_MOD_30MIN_RAW,Y,Spike
HOLLN,2023-10-22 02:00:00,2023-10-23 12:00:00,COSMOS-HOLLN-PRECIP_RAINE_30MIN_RAW,Y,Clogged RainE with precipitation not seen in Pluvio
HLACY,2023-11-28 00:00:00,2023-12-02 17:00:00,COSMOS-HLACY-PRECIP_30MIN_RAW,Y,False rain
HLACY,2023-12-06 00:00:00,2023-12-06 13:00:00,COSMOS-HLACY-PRECIP_30MIN_RAW,Y,False rain
HOLLN,2023-11-29 00:00:00,2023-11-30 00:00:00,COSMOS-HOLLN-PRECIP_30MIN_RAW,Y,False rain
HOLLN,2023-12-02 22:00:00,2023-12-03 07:00:00,COSMOS-HOLLN-PRECIP_30MIN_RAW,Y,False rain
HOLLN,2023-12-03 11:00:00,2023-12-03 16:00:00,COSMOS-HOLLN-PRECIP_RAINE_30MIN_RAW,Y,False rain
HOLLN,2023-12-06 00:00:00,2023-12-07 00:00:00,COSMOS-HOLLN-PRECIP_RAINE_30MIN_RAW,Y,False rain
LODTN,2023-12-01 00:00:00,2023-12-02 00:00:00,COSMOS-LODTN-PRECIP_30MIN_RAW,Y,False rain
LODTN,2023-12-03 00:00:00,2023-12-03 06:00:00,COSMOS-LODTN-PRECIP_30MIN_RAW,Y,False rain
LODTN,2023-12-06 00:00:00,2023-12-07 00:00:00,COSMOS-LODTN-PRECIP_30MIN_RAW,Y,False rain
LODTN,2023-12-08 00:00:00,2023-12-08 12:00:00,COSMOS-LODTN-PRECIP_RAINE_30MIN_RAW,Y,False rain
LULLN,2023-11-30 00:00:00,2023-12-01 00:00:00,COSMOS-LULLN-PRECIP_RAINE_30MIN_RAW,Y,False rain
LULLN,2023-12-02 12:00:00,2023-12-02 17:00:00,COSMOS-LULLN-PRECIP_RAINE_30MIN_RAW,Y,False rain
LULLN,2023-12-06 00:00:00,2023-12-06 12:00:00,COSMOS-LULLN-PRECIP_RAINE_30MIN_RAW,Y,False rain
LULLN,2023-12-08 01:00:00,2023-12-08 12:00:00,COSMOS-LULLN-PRECIP_RAINE_30MIN_RAW,Y,False rain
MOREM,2023-12-06 00:00:00,2023-12-07 00:00:00,COSMOS-MOREM-PRECIP_RAINE_30MIN_RAW,Y,False rain
MOREM,2023-12-08 00:00:00,2023-12-08 12:00:00,COSMOS-MOREM-PRECIP_RAINE_30MIN_RAW,Y,False rain
MORLY,2023-11-30 00:00:00,2023-12-01 00:00:00,COSMOS-MORLY-PRECIP_30MIN_RAW,Y,False rain
REDHL,2023-12-02 00:00:00,2023-12-03 09:00:00,COSMOS-REDHL-PRECIP_RAINE_30MIN_RAW,Y,False rain events
REDHL,2023-12-04 16:00:00,2023-12-05 00:00:00,COSMOS-REDHL-PRECIP_RAINE_30MIN_RAW,Y,False rain events
REDHL,2023-12-05 18:00:00,2023-12-07 00:00:00,COSMOS-REDHL-PRECIP_RAINE_30MIN_RAW,Y,False rain events
REDHL,2023-12-08 00:00:00,2023-12-08 12:00:00,COSMOS-REDHL-PRECIP_RAINE_30MIN_RAW,Y,False rain events
ROTHD,2023-12-06 18:00:00,2023-12-07 00:00:00,COSMOS-ROTHD-PRECIP_30MIN_RAW,Y,False rain events
ROTHD,2023-12-08 00:00:00,2023-12-08 12:00:00,COSMOS-ROTHD-PRECIP_RAINE_30MIN_RAW,Y,False rain events
SHEEP,2023-11-30 00:00:00,2023-12-01 00:00:00,COSMOS-SHEEP-PRECIP_RAINE_30MIN_RAW,Y,False rain
SHEEP,2023-12-08 00:00:00,2023-12-08 12:00:00,COSMOS-SHEEP-PRECIP_RAINE_30MIN_RAW,Y,False rain
SPENF,2023-12-01 00:00:00,2023-12-02 00:00:00,COSMOS-SPENF-PRECIP_30MIN_RAW,Y,False rain events
WRTTL,2023-12-06 00:00:00,2023-12-07 00:00:00,COSMOS-WRTTL-PRECIP_RAINE_30MIN_RAW,Y,False rain
WRTTL,2023-12-08 00:00:00,2023-12-08 12:00:00,COSMOS-WRTTL-PRECIP_RAINE_30MIN_RAW,Y,False rain
GLENS,2023-11-22 00:00:00,2024-07-12 00:00:00,COSMOS-GLENS-TDT2_VWC_30MIN_RAW,N,Settling TDT
BUNNY,2023-12-08 04:00:00,2023-12-08 12:00:00,COSMOS-BUNNY-PRECIP_RAINE_30MIN_RAW,Y,False rain
BUNNY,2023-12-14 12:00:00,2023-12-15 00:00:00,COSMOS-BUNNY-PRECIP_RAINE_30MIN_RAW,Y,False rain
HLACY,2023-12-09 11:00:00,2023-12-10 05:00:00,COSMOS-HLACY-PRECIP_30MIN_RAW,Y,False rain
HLACY,2023-12-11 01:00:00,2023-12-11 17:00:00,COSMOS-HLACY-PRECIP_30MIN_RAW,Y,False rain
HLACY,2023-12-13 09:00:00,2023-12-13 15:00:00,COSMOS-HLACY-PRECIP_30MIN_RAW,Y,False rain
HLACY,2023-12-14 10:00:00,2023-12-14 17:00:00,COSMOS-HLACY-PRECIP_30MIN_RAW,Y,False rain
HLACY,2023-12-16 12:00:00,2023-12-16 15:00:00,COSMOS-HLACY-PRECIP_30MIN_RAW,Y,False rain
LODTN,2023-12-09 17:00:00,2023-12-10 00:00:00,COSMOS-LODTN-PRECIP_RAINE_30MIN_RAW,Y,False rain
LODTN,2023-12-11 00:00:00,2023-12-11 03:00:00,COSMOS-LODTN-PRECIP_RAINE_30MIN_RAW,Y,False rain
LODTN,2023-12-13 00:00:00,2023-12-13 03:00:00,COSMOS-LODTN-PRECIP_RAINE_30MIN_RAW,Y,False rain
LODTN,2023-12-15 11:00:00,2023-12-15 15:00:00,COSMOS-LODTN-PRECIP_RAINE_30MIN_RAW,Y,False rain
LODTN,2023-12-17 11:00:00,2023-12-17 15:00:00,COSMOS-LODTN-PRECIP_RAINE_30MIN_RAW,Y,False rain
WRTTL,2023-12-08 04:00:00,2023-12-08 12:00:00,COSMOS-WRTTL-PRECIP_RAINE_30MIN_RAW,Y,False rain
WRTTL,2023-12-14 12:00:00,2023-12-15 00:00:00,COSMOS-WRTTL-PRECIP_RAINE_30MIN_RAW,Y,False rain
BICKL,2023-12-22 00:00:00,2023-12-22 12:00:00,COSMOS-BICKL-PRECIP_RAINE_30MIN_RAW,Y,False rain
CARDT,2023-12-23 01:00:00,2023-12-23 07:00:00,COSMOS-CARDT-PRECIP_30MIN_RAW,Y,False rain
CARDT,2023-12-23 22:00:00,2023-12-24 18:00:00,COSMOS-CARDT-PRECIP_30MIN_RAW,Y,False rain
CARDT,2023-12-28 02:00:00,2023-12-28 05:00:00,COSMOS-CARDT-PRECIP_30MIN_RAW,Y,False rain
CARDT,2023-12-28 14:00:00,2023-12-28 22:00:00,COSMOS-CARDT-PRECIP_30MIN_RAW,Y,False rain
CARDT,2023-12-30 18:00:00,2023-12-31 00:00:00,COSMOS-CARDT-PRECIP_RAINE_30MIN_RAW,Y,False rain
CHIMN,2023-12-24 18:00:00,2023-12-25 03:00:00,COSMOS-CHIMN-PRECIP_30MIN_RAW,Y,False rain
CHIMN,2023-12-22 12:00:00,2023-12-23 18:00:00,COSMOS-CHIMN-PRECIP_RAINE_30MIN_RAW,Y,False rain
CHIMN,2023-12-26 07:00:00,2023-12-26 17:00:00,COSMOS-CHIMN-PRECIP_RAINE_30MIN_RAW,Y,False rain
CHIMN,2023-12-28 18:00:00,2023-12-29 00:00:00,COSMOS-CHIMN-PRECIP_RAINE_30MIN_RAW,Y,False rain
CHIMN,2023-12-29 22:00:00,2023-12-30 09:00:00,COSMOS-CHIMN-PRECIP_RAINE_30MIN_RAW,Y,False rain
FINCH,2023-12-27 17:00:00,2023-12-27 19:00:00,COSMOS-FINCH-PRECIP_RAINE_30MIN_RAW,Y,False rain
FINCH,2023-12-28 21:00:00,2023-12-28 23:00:00,COSMOS-FINCH-PRECIP_RAINE_30MIN_RAW,Y,False rain
FINCH,2023-12-29 16:00:00,2023-12-29 19:00:00,COSMOS-FINCH-PRECIP_RAINE_30MIN_RAW,Y,False rain
HLACY,2023-12-21 00:00:00,2023-12-23 16:00:00,COSMOS-HLACY-PRECIP_30MIN_RAW,Y,False rain
HLACY,2023-12-25 00:00:00,2023-12-25 02:00:00,COSMOS-HLACY-PRECIP_30MIN_RAW,Y,False rain
HLACY,2023-12-26 09:00:00,2023-12-26 12:00:00,COSMOS-HLACY-PRECIP_30MIN_RAW,Y,False rain
HOLLN,2023-12-15 00:00:00,2023-12-17 00:00:00,COSMOS-HOLLN-PRECIP_RAINE_30MIN_RAW,Y,False rain
HOLLN,2023-12-23 00:00:00,2023-12-25 00:00:00,COSMOS-HOLLN-PRECIP_RAINE_30MIN_RAW,Y,False rain
HOLLN,2023-12-28 14:00:00,2023-12-28 17:00:00,COSMOS-HOLLN-PRECIP_RAINE_30MIN_RAW,Y,False rain
HOLLN,2023-12-30 04:00:00,2023-12-30 06:00:00,COSMOS-HOLLN-PRECIP_RAINE_30MIN_RAW,Y,False rain
HOLLN,2023-12-31 06:00:00,2023-12-31 12:00:00,COSMOS-HOLLN-PRECIP_RAINE_30MIN_RAW,Y,False rain
HOLLN,2023-12-31 18:00:00,2024-01-01 00:00:00,COSMOS-HOLLN-PRECIP_RAINE_30MIN_RAW,Y,False rain
HOLLN,2024-01-01 12:00:00,2024-01-01 15:00:00,COSMOS-HOLLN-PRECIP_RAINE_30MIN_RAW,Y,False rain
LODTN,2023-12-16 04:00:00,2023-12-16 06:00:00,COSMOS-LODTN-PRECIP_30MIN_RAW,Y,False rain
LODTN,2023-12-18 17:00:00,2023-12-18 20:00:00,COSMOS-LODTN-PRECIP_RAINE_30MIN_RAW,Y,False rain
LODTN,2023-12-20 00:00:00,2023-12-20 16:00:00,COSMOS-LODTN-PRECIP_RAINE_30MIN_RAW,Y,False rain
LODTN,2023-12-21 08:00:00,2023-12-21 10:30:00,COSMOS-LODTN-PRECIP_RAINE_30MIN_RAW,Y,False rain
LODTN,2023-12-21 12:30:00,2023-12-21 15:30:00,COSMOS-LODTN-PRECIP_RAINE_30MIN_RAW,Y,False rain
LODTN,2023-12-23 12:00:00,2023-12-23 20:00:00,COSMOS-LODTN-PRECIP_RAINE_30MIN_RAW,Y,False rain
LODTN,2023-12-24 11:00:00,2023-12-25 02:00:00,COSMOS-LODTN-PRECIP_RAINE_30MIN_RAW,Y,False rain
LODTN,2023-12-27 18:00:00,2023-12-28 02:00:00,COSMOS-LODTN-PRECIP_RAINE_30MIN_RAW,Y,False rain
LODTN,2023-12-28 20:00:00,2023-12-29 15:00:00,COSMOS-LODTN-PRECIP_RAINE_30MIN_RAW,Y,False rain
LULLN,2023-12-14 18:00:00,2023-12-15 02:00:00,COSMOS-LULLN-PRECIP_RAINE_30MIN_RAW,Y,False rain
LULLN,2023-12-21 12:00:00,2023-12-23 00:00:00,COSMOS-LULLN-PRECIP_RAINE_30MIN_RAW,Y,False rain
LULLN,2023-12-24 12:00:00,2023-12-24 17:00:00,COSMOS-LULLN-PRECIP_RAINE_30MIN_RAW,Y,False rain
LULLN,2023-12-27 15:00:00,2023-12-27 17:30:00,COSMOS-LULLN-PRECIP_RAINE_30MIN_RAW,Y,False rain
LULLN,2023-12-28 07:00:00,2023-12-28 10:00:00,COSMOS-LULLN-PRECIP_RAINE_30MIN_RAW,Y,False rain
LULLN,2023-12-29 00:00:00,2023-12-30 00:00:00,COSMOS-LULLN-PRECIP_RAINE_30MIN_RAW,Y,False rain
LULLN,2023-12-30 10:00:00,2023-12-30 12:00:00,COSMOS-LULLN-PRECIP_RAINE_30MIN_RAW,Y,False rain
LULLN,2023-12-31 17:00:00,2023-12-31 22:00:00,COSMOS-LULLN-PRECIP_RAINE_30MIN_RAW,Y,False rain
MOREM,2023-12-15 00:00:00,2023-12-16 00:00:00,COSMOS-MOREM-PRECIP_RAINE_30MIN_RAW,Y,False rain
MOREM,2023-12-24 11:00:00,2023-12-24 13:00:00,COSMOS-MOREM-PRECIP_RAINE_30MIN_RAW,Y,False rain
REDHL,2023-12-14 18:00:00,2023-12-15 02:00:00,COSMOS-REDHL-PRECIP_RAINE_30MIN_RAW,Y,False rain events
REDHL,2023-12-17 11:00:00,2023-12-17 13:00:00,COSMOS-REDHL-PRECIP_RAINE_30MIN_RAW,Y,False rain events
REDHL,2023-12-20 05:00:00,2023-12-20 11:00:00,COSMOS-REDHL-PRECIP_RAINE_30MIN_RAW,Y,False rain events
REDHL,2023-12-22 00:00:00,2023-12-22 11:00:00,COSMOS-REDHL-PRECIP_RAINE_30MIN_RAW,Y,False rain events
REDHL,2023-12-25 03:00:00,2023-12-25 05:00:00,COSMOS-REDHL-PRECIP_RAINE_30MIN_RAW,Y,False rain events
ROTHD,2023-12-14 13:00:00,2023-12-16 12:00:00,COSMOS-ROTHD-PRECIP_30MIN_RAW,Y,False rain events
ROTHD,2023-12-20 00:00:00,2023-12-21 00:00:00,COSMOS-ROTHD-PRECIP_30MIN_RAW,Y,False rain events
ROTHD,2023-12-26 07:00:00,2023-12-26 23:00:00,COSMOS-ROTHD-PRECIP_30MIN_RAW,Y,False rain events
ROTHD,2023-12-30 03:00:00,2023-12-30 08:00:00,COSMOS-ROTHD-PRECIP_30MIN_RAW,Y,False rain events
ROTHD,2024-01-01 10:00:00,2024-01-01 14:00:00,COSMOS-ROTHD-PRECIP_30MIN_RAW,Y,False rain events
SHEEP,2023-12-16 03:00:00,2023-12-16 08:00:00,COSMOS-SHEEP-PRECIP_30MIN_RAW,Y,False rain
SHEEP,2023-12-28 00:00:00,2023-12-28 05:00:00,COSMOS-SHEEP-PRECIP_RAINE_30MIN_RAW,Y,False rain
SYDLG,2023-12-05 20:00:00,2023-12-06 17:00:00,COSMOS-SYDLG-PRECIP_RAINE_30MIN_RAW,Y,False rain
SYDLG,2023-12-08 00:00:00,2023-12-08 12:00:00,COSMOS-SYDLG-PRECIP_RAINE_30MIN_RAW,Y,False rain
SYDLG,2023-12-16 05:00:00,2023-12-18 00:00:00,COSMOS-SYDLG-PRECIP_RAINE_30MIN_RAW,Y,False rain
SYDLG,2023-12-20 15:00:00,2023-12-21 05:00:00,COSMOS-SYDLG-PRECIP_RAINE_30MIN_RAW,Y,False rain
SYDLG,2023-12-24 18:00:00,2023-12-24 22:00:00,COSMOS-SYDLG-PRECIP_RAINE_30MIN_RAW,Y,False rain
SYDLG,2023-12-25 06:00:00,2023-12-25 18:00:00,COSMOS-SYDLG-PRECIP_RAINE_30MIN_RAW,Y,False rain
CARDT,2024-01-08 15:00:00,2024-01-08 19:00:00,COSMOS-CARDT-PRECIP_RAINE_30MIN_RAW,Y,False rain
CHIMN,2024-01-03 18:00:00,2024-01-04 15:00:00,COSMOS-CHIMN-PRECIP_RAINE_30MIN_RAW,Y,False rain
CHIMN,2024-01-05 07:00:00,2024-01-05 15:00:00,COSMOS-CHIMN-PRECIP_RAINE_30MIN_RAW,Y,False rain
CHIMN,2024-01-06 01:00:00,2024-01-12 00:00:00,COSMOS-CHIMN-PRECIP_RAINE_30MIN_RAW,Y,False rain
CHOBH,2024-01-06 19:00:00,2024-01-07 02:00:00,COSMOS-CHOBH-PRECIP_RAINE_30MIN_RAW,Y,False rain
CHOBH,2024-01-11 08:00:00,2024-01-12 01:00:00,COSMOS-CHOBH-PRECIP_RAINE_30MIN_RAW,Y,False rain
HLACY,2024-01-01 11:00:00,2024-01-06 17:00:00,COSMOS-HLACY-PRECIP_30MIN_RAW,Y,False rain
BICKL,2023-05-25 09:00:00,2023-06-01 01:00:00,COSMOS-BICKL-G1_30MIN_RAW,Y,Inconsistent values (PPM day)
BICKL,2023-05-26 01:00:00,2023-06-16 02:00:00,COSMOS-BICKL-G2_30MIN_RAW,Y,Flatline
HOLLN,2019-03-15 19:00:00,2019-05-23 10:00:00,COSMOS-HOLLN-LWIN_30MIN_RAW;COSMOS-HOLLN-LWOUT_30MIN_RAW,Y,Erratic values - sensor fault?
ALIC1,2024-01-27 15:00:00,2024-03-06 14:00:00,COSMOS-ALIC1-PA_30MIN_RAW;COSMOS-ALIC1-TA_30MIN_RAW;COSMOS-ALIC1-RH_30MIN_RAW;COSMOS-ALIC1-Q_30MIN_RAW;COSMOS-ALIC1-WD_30MIN_RAW;COSMOS-ALIC1-WS_30MIN_RAW,Y,MetPak faulty
REDHL,2024-05-10 12:30:00,2024-05-10 12:30:00,COSMOS-REDHL-PA_30MIN_RAW,Y,Dropout
REDHL,2024-05-18 17:30:00,2024-05-18 18:30:00,COSMOS-REDHL-PA_30MIN_RAW,Y,Dropout
REDHL,2024-05-28 19:00:00,2024-05-28 19:00:00,COSMOS-REDHL-PA_30MIN_RAW,Y,Dropout
REDHL,2024-05-29 15:30:00,2024-05-29 15:30:00,COSMOS-REDHL-PA_30MIN_RAW,Y,Dropout
REDHL,2024-05-29 19:30:00,2024-05-30 00:00:00,COSMOS-REDHL-PA_30MIN_RAW,Y,Dropout
REDHL,2024-05-30 02:00:00,2024-05-30 02:00:00,COSMOS-REDHL-PA_30MIN_RAW,Y,Dropout
REDHL,2024-05-30 08:00:00,2024-05-30 08:00:00,COSMOS-REDHL-PA_30MIN_RAW,Y,Dropout
REDHL,2024-05-30 11:30:00,2024-05-30 16:30:00,COSMOS-REDHL-PA_30MIN_RAW,Y,Dropout
REDHL,2024-05-30 18:30:00,2024-05-30 18:30:00,COSMOS-REDHL-PA_30MIN_RAW,Y,Dropout
REDHL,2024-05-30 20:00:00,2024-05-30 20:00:00,COSMOS-REDHL-PA_30MIN_RAW,Y,Dropout
REDHL,2024-05-31 18:30:00,2024-05-31 18:30:00,COSMOS-REDHL-PA_30MIN_RAW,Y,Dropout
REDHL,2024-05-31 23:00:00,2024-05-31 23:00:00,COSMOS-REDHL-PA_30MIN_RAW,Y,Dropout
REDHL,2024-06-01 00:00:00,2024-06-01 00:30:00,COSMOS-REDHL-PA_30MIN_RAW,Y,Dropout
REDHL,2024-06-01 02:30:00,2024-06-01 02:30:00,COSMOS-REDHL-PA_30MIN_RAW,Y,Dropout
REDHL,2024-06-01 07:30:00,2024-06-01 07:30:00,COSMOS-REDHL-PA_30MIN_RAW,Y,Dropout
REDHL,2024-06-01 10:00:00,2024-06-02 00:00:00,COSMOS-REDHL-PA_30MIN_RAW,Y,Dropout
REDHL,2024-06-02 07:30:00,2024-06-02 07:30:00,COSMOS-REDHL-PA_30MIN_RAW,Y,Dropout
REDHL,2024-06-02 21:00:00,2024-06-02 21:00:00,COSMOS-REDHL-PA_30MIN_RAW,Y,Dropout
REDHL,2024-06-03 02:30:00,2024-06-03 02:30:00,COSMOS-REDHL-PA_30MIN_RAW,Y,Dropout
REDHL,2024-06-03 11:00:00,2024-06-03 14:30:00,COSMOS-REDHL-PA_30MIN_RAW,Y,Dropout
REDHL,2024-06-04 02:30:00,2024-06-04 02:30:00,COSMOS-REDHL-PA_30MIN_RAW,Y,Dropout
REDHL,2024-06-04 22:30:00,2024-06-04 22:30:00,COSMOS-REDHL-PA_30MIN_RAW,Y,Dropout
REDHL,2024-06-06 04:30:00,2024-06-06 04:30:00,COSMOS-REDHL-PA_30MIN_RAW,Y,Dropout
REDHL,2024-06-06 21:30:00,2024-06-06 21:30:00,COSMOS-REDHL-PA_30MIN_RAW,Y,Dropout
REDHL,2024-06-07 08:00:00,2024-06-07 08:00:00,COSMOS-REDHL-PA_30MIN_RAW,Y,Dropout
REDHL,2024-06-08 08:00:00,2024-06-08 08:00:00,COSMOS-REDHL-PA_30MIN_RAW,Y,Dropout
REDHL,2024-06-08 19:30:00,2024-06-08 21:00:00,COSMOS-REDHL-PA_30MIN_RAW,Y,Dropout
REDHL,2024-06-08 23:00:00,2024-06-08 23:00:00,COSMOS-REDHL-PA_30MIN_RAW,Y,Dropout
REDHL,2024-06-09 13:30:00,2024-06-09 16:30:00,COSMOS-REDHL-PA_30MIN_RAW,Y,Dropout
REDHL,2024-06-10 05:00:00,2024-06-10 05:00:00,COSMOS-REDHL-PA_30MIN_RAW,Y,Dropout
REDHL,2024-06-10 12:00:00,2024-06-10 12:00:00,COSMOS-REDHL-PA_30MIN_RAW,Y,Dropout
REDHL,2024-06-10 13:30:00,2024-06-10 13:30:00,COSMOS-REDHL-PA_30MIN_RAW,Y,Dropout
REDHL,2024-06-10 14:30:00,2024-06-10 14:30:00,COSMOS-REDHL-PA_30MIN_RAW,Y,Dropout
REDHL,2024-06-10 15:30:00,2024-06-10 15:30:00,COSMOS-REDHL-PA_30MIN_RAW,Y,Dropout
REDHL,2024-06-10 23:00:00,2024-06-10 23:00:00,COSMOS-REDHL-PA_30MIN_RAW,Y,Dropout
REDHL,2024-06-11 05:30:00,2024-06-12 07:30:00,COSMOS-REDHL-PA_30MIN_RAW,Y,Dropout
REDHL,2024-06-13 01:00:00,2024-06-13 01:00:00,COSMOS-REDHL-PA_30MIN_RAW,Y,Dropout
REDHL,2024-06-13 07:30:00,2024-06-13 07:30:00,COSMOS-REDHL-PA_30MIN_RAW,Y,Dropout
REDHL,2024-06-13 08:30:00,2024-06-13 08:30:00,COSMOS-REDHL-PA_30MIN_RAW,Y,Dropout
REDHL,2024-06-13 17:30:00,2024-06-13 18:00:00,COSMOS-REDHL-PA_30MIN_RAW,Y,Dropout
REDHL,2024-06-13 19:30:00,2024-06-13 20:00:00,COSMOS-REDHL-PA_30MIN_RAW,Y,Dropout
REDHL,2024-06-13 03:30:00,2024-06-13 03:30:00,COSMOS-REDHL-PA_30MIN_RAW,Y,Dropout
REDHL,2024-05-29 03:00:00,2024-05-29 03:00:00,COSMOS-REDHL-PA_30MIN_RAW,Y,Dropout
REDHL,2024-05-29 10:00:00,2024-05-29 10:00:00,COSMOS-REDHL-PA_30MIN_RAW,Y,Dropout
REDHL,2024-05-29 12:30:00,2024-05-29 12:30:00,COSMOS-REDHL-PA_30MIN_RAW,Y,Dropout
REDHL,2024-05-29 14:00:00,2024-05-29 14:00:00,COSMOS-REDHL-PA_30MIN_RAW,Y,Dropout
REDHL,2024-06-14 03:30:00,2024-06-14 03:30:00,COSMOS-REDHL-PA_30MIN_RAW,Y,Dropout
BUNNY,2024-01-19 10:00:00,2024-01-19 12:00:00,COSMOS-BUNNY-PRECIP_RAINE_30MIN_RAW,Y,False rain
BUNNY,2024-01-22 14:00:00,2024-01-22 16:00:00,COSMOS-BUNNY-PRECIP_RAINE_30MIN_RAW,Y,False rain
BUNNY,2024-01-24 10:00:00,2024-01-24 17:00:00,COSMOS-BUNNY-PRECIP_RAINE_30MIN_RAW,Y,False rain
BUNNY,2024-01-31 07:00:00,2024-01-31 10:00:00,COSMOS-BUNNY-PRECIP_RAINE_30MIN_RAW,Y,False rain
CHIMN,2024-01-15 09:00:00,2024-01-15 12:00:00,COSMOS-CHIMN-PRECIP_RAINE_30MIN_RAW,Y,False rain
CHIMN,2024-01-19 09:00:00,2024-01-19 12:00:00,COSMOS-CHIMN-PRECIP_RAINE_30MIN_RAW,Y,False rain
CHIMN,2024-01-27 08:00:00,2024-01-27 12:00:00,COSMOS-CHIMN-PRECIP_RAINE_30MIN_RAW,Y,False rain
CHIMN,2024-01-28 10:00:00,2024-01-28 17:00:00,COSMOS-CHIMN-PRECIP_RAINE_30MIN_RAW,Y,False rain
CHIMN,2024-02-01 09:00:00,2024-02-01 11:00:00,COSMOS-CHIMN-PRECIP_RAINE_30MIN_RAW,Y,False rain
CHIMN,2024-02-02 00:00:00,2024-02-06 00:00:00,COSMOS-CHIMN-PRECIP_30MIN_RAW,Y,False rain
FINCH,2024-01-26 10:00:00,2024-01-26 13:00:00,COSMOS-FINCH-PRECIP_RAINE_30MIN_RAW,Y,False rain
HLACY,2024-01-14 10:00:00,2024-01-20 16:00:00,COSMOS-HLACY-PRECIP_30MIN_RAW,Y,False rain
HLACY,2024-01-21 10:00:00,2024-01-21 14:00:00,COSMOS-HLACY-PRECIP_30MIN_RAW,Y,False rain
HLACY,2024-01-22 05:00:00,2024-01-22 17:00:00,COSMOS-HLACY-PRECIP_30MIN_RAW,Y,False rain
HLACY,2024-01-23 19:00:00,2024-01-24 18:00:00,COSMOS-HLACY-PRECIP_30MIN_RAW,Y,False rain
HLACY,2024-01-26 12:00:00,2024-01-26 16:00:00,COSMOS-HLACY-PRECIP_30MIN_RAW,Y,False rain
HLACY,2024-01-30 13:00:00,2024-01-30 16:00:00,COSMOS-HLACY-PRECIP_30MIN_RAW,Y,False rain
HLACY,2024-02-01 12:00:00,2024-02-01 18:00:00,COSMOS-HLACY-PRECIP_30MIN_RAW,Y,False rain
HLACY,2024-02-02 08:00:00,2024-02-02 16:00:00,COSMOS-HLACY-PRECIP_30MIN_RAW,Y,False rain
HLACY,2024-02-03 10:00:00,2024-02-03 13:00:00,COSMOS-HLACY-PRECIP_30MIN_RAW,Y,False rain
HOLLN,2024-01-14 09:00:00,2024-01-14 14:00:00,COSMOS-HOLLN-PRECIP_RAINE_30MIN_RAW,Y,False rain
HOLLN,2024-01-16 12:00:00,2024-01-16 14:00:00,COSMOS-HOLLN-PRECIP_RAINE_30MIN_RAW,Y,False rain
HOLLN,2024-01-17 11:00:00,2024-01-17 13:00:00,COSMOS-HOLLN-PRECIP_RAINE_30MIN_RAW,Y,False rain
HOLLN,2024-01-23 23:00:00,2024-01-24 01:00:00,COSMOS-HOLLN-PRECIP_RAINE_30MIN_RAW,Y,False rain
HOLLN,2024-01-30 12:00:00,2024-01-30 15:00:00,COSMOS-HOLLN-PRECIP_RAINE_30MIN_RAW,Y,False rain
HOLLN,2024-02-01 10:00:00,2024-02-01 15:00:00,COSMOS-HOLLN-PRECIP_RAINE_30MIN_RAW,Y,False rain
LODTN,2024-01-22 04:00:00,2024-01-22 16:00:00,COSMOS-LODTN-PRECIP_RAINE_30MIN_RAW,Y,False rain
LODTN,2024-01-23 18:00:00,2024-01-24 17:00:00,COSMOS-LODTN-PRECIP_RAINE_30MIN_RAW,Y,False rain
LODTN,2024-01-26 06:00:00,2024-01-26 10:00:00,COSMOS-LODTN-PRECIP_RAINE_30MIN_RAW,Y,False rain
LODTN,2024-01-27 11:00:00,2024-01-27 17:00:00,COSMOS-LODTN-PRECIP_RAINE_30MIN_RAW,Y,False rain
LODTN,2024-01-31 12:00:00,2024-01-31 15:00:00,COSMOS-LODTN-PRECIP_RAINE_30MIN_RAW,Y,False rain
LODTN,2024-02-02 13:00:00,2024-02-02 16:00:00,COSMOS-LODTN-PRECIP_RAINE_30MIN_RAW,Y,False rain
LODTN,2024-02-03 13:00:00,2024-02-03 16:00:00,COSMOS-LODTN-PRECIP_RAINE_30MIN_RAW,Y,False rain
LODTN,2024-02-04 13:00:00,2024-02-04 16:00:00,COSMOS-LODTN-PRECIP_RAINE_30MIN_RAW,Y,False rain
LODTN,2024-02-04 23:00:00,2024-02-05 01:00:00,COSMOS-LODTN-PRECIP_RAINE_30MIN_RAW,Y,False rain
REDHL,2024-01-19 09:00:00,2024-01-19 12:00:00,COSMOS-REDHL-PRECIP_RAINE_30MIN_RAW,Y,False rain events
REDHL,2024-01-20 09:00:00,2024-01-20 12:00:00,COSMOS-REDHL-PRECIP_RAINE_30MIN_RAW,Y,False rain events
REDHL,2024-01-21 17:00:00,2024-01-21 20:00:00,COSMOS-REDHL-PRECIP_RAINE_30MIN_RAW,Y,False rain events
REDHL,2024-01-22 15:00:00,2024-01-22 17:00:00,COSMOS-REDHL-PRECIP_RAINE_30MIN_RAW,Y,False rain events
REDHL,2024-01-24 02:00:00,2024-01-24 04:00:00,COSMOS-REDHL-PRECIP_RAINE_30MIN_RAW,Y,False rain events
REDHL,2024-01-27 09:00:00,2024-01-27 12:00:00,COSMOS-REDHL-PRECIP_RAINE_30MIN_RAW,Y,False rain events
REDHL,2024-01-28 08:00:00,2024-01-28 10:00:00,COSMOS-REDHL-PRECIP_RAINE_30MIN_RAW,Y,False rain events
REDHL,2024-01-29 11:00:00,2024-01-29 13:00:00,COSMOS-REDHL-PRECIP_RAINE_30MIN_RAW,Y,False rain events
REDHL,2024-02-01 00:00:00,2024-02-01 04:00:00,COSMOS-REDHL-PRECIP_RAINE_30MIN_RAW,Y,False rain events
ROTHD,2024-01-13 07:00:00,2024-01-18 21:00:00,COSMOS-ROTHD-PRECIP_30MIN_RAW,Y,False rain events
PORTN,2024-01-17 12:00:00,2024-01-17 14:00:00,COSMOS-PORTN-PRECIP_30MIN_RAW,Y,Spike from PPM
WADDN,2024-01-19 10:00:00,2024-01-19 12:00:00,COSMOS-WADDN-PRECIP_RAINE_30MIN_RAW,Y,False rain with noisy bucket level
WADDN,2024-01-30 04:00:00,2024-01-30 06:00:00,COSMOS-WADDN-PRECIP_RAINE_30MIN_RAW,Y,False rain with noisy bucket level
WRTTL,2024-01-02 08:00:00,2024-01-02 11:00:00,COSMOS-WRTTL-PRECIP_RAINE_30MIN_RAW,Y,False rain
BUNNY,2024-02-09 22:00:00,2024-02-10 10:00:00,COSMOS-BUNNY-PRECIP_RAINE_30MIN_RAW,Y,False rain
BUNNY,2024-02-10 19:00:00,2024-02-11 14:00:00,COSMOS-BUNNY-PRECIP_RAINE_30MIN_RAW,Y,False rain
BUNNY,2024-02-14 13:00:00,2024-02-14 16:00:00,COSMOS-BUNNY-PRECIP_RAINE_30MIN_RAW,Y,False rain
BUNNY,2024-02-17 08:00:00,2024-02-17 10:00:00,COSMOS-BUNNY-PRECIP_RAINE_30MIN_RAW,Y,False rain
CHIMN,2024-02-09 15:00:00,2024-02-09 20:00:00,COSMOS-CHIMN-PRECIP_RAINE_30MIN_RAW,Y,False rain
CHIMN,2024-02-10 05:00:00,2024-02-10 10:00:00,COSMOS-CHIMN-PRECIP_RAINE_30MIN_RAW,Y,False rain
CHIMN,2024-02-11 23:00:00,2024-02-12 10:00:00,COSMOS-CHIMN-PRECIP_RAINE_30MIN_RAW,Y,False rain
CHIMN,2024-02-14 13:00:00,2024-02-15 00:00:00,COSMOS-CHIMN-PRECIP_RAINE_30MIN_RAW,Y,False rain
CHIMN,2024-02-16 04:30:00,2024-02-16 09:00:00,COSMOS-CHIMN-PRECIP_RAINE_30MIN_RAW,Y,False rain
CHIMN,2024-02-17 03:00:00,2024-02-17 05:00:00,COSMOS-CHIMN-PRECIP_RAINE_30MIN_RAW,Y,False rain
HARTW,2024-02-12 01:00:00,2024-02-12 15:00:00,COSMOS-HARTW-PRECIP_30MIN_RAW,Y,Suspicious rain
HARTW,2024-02-13 01:00:00,2024-02-13 15:00:00,COSMOS-HARTW-PRECIP_30MIN_RAW,Y,Suspicious rain
HLACY,2024-02-10 11:00:00,2024-02-10 15:00:00,COSMOS-HLACY-PRECIP_30MIN_RAW,Y,False rain
HLACY,2024-02-11 12:00:00,2024-02-11 18:00:00,COSMOS-HLACY-PRECIP_30MIN_RAW,Y,False rain
HLACY,2024-02-12 10:00:00,2024-02-12 17:00:00,COSMOS-HLACY-PRECIP_30MIN_RAW,Y,False rain
HLACY,2024-02-16 10:00:00,2024-02-16 16:00:00,COSMOS-HLACY-PRECIP_30MIN_RAW,Y,False rain
HLACY,2024-02-18 12:00:00,2024-02-18 16:00:00,COSMOS-HLACY-PRECIP_30MIN_RAW,Y,False rain
HOLLN,2024-02-09 23:00:00,2024-02-10 10:00:00,COSMOS-HOLLN-PRECIP_RAINE_30MIN_RAW,Y,False rain
HOLLN,2024-02-11 22:00:00,2024-02-12 14:00:00,COSMOS-HOLLN-PRECIP_RAINE_30MIN_RAW,Y,False rain
HOLLN,2024-02-15 16:00:00,2024-02-15 18:00:00,COSMOS-HOLLN-PRECIP_RAINE_30MIN_RAW,Y,False rain
HOLLN,2024-02-16 06:00:00,2024-02-16 09:00:00,COSMOS-HOLLN-PRECIP_RAINE_30MIN_RAW,Y,False rain
HOLLN,2024-02-17 04:30:00,2024-02-17 13:00:00,COSMOS-HOLLN-PRECIP_RAINE_30MIN_RAW,Y,False rain
HOLLN,2024-02-17 23:30:00,2024-02-18 03:00:00,COSMOS-HOLLN-PRECIP_RAINE_30MIN_RAW,Y,False rain
HOLLN,2024-02-18 12:00:00,2024-02-18 14:00:00,COSMOS-HOLLN-PRECIP_RAINE_30MIN_RAW,Y,False rain
LODTN,2024-02-09 18:00:00,2024-02-09 20:00:00,COSMOS-LODTN-PRECIP_RAINE_30MIN_RAW,Y,False rain
LODTN,2024-02-10 19:00:00,2024-02-12 04:30:00,COSMOS-LODTN-PRECIP_RAINE_30MIN_RAW,Y,False rain
LODTN,2024-02-12 07:30:00,2024-02-12 17:00:00,COSMOS-LODTN-PRECIP_RAINE_30MIN_RAW,Y,False rain
LODTN,2024-02-15 11:00:00,2024-02-15 16:00:00,COSMOS-LODTN-PRECIP_RAINE_30MIN_RAW,Y,False rain
LODTN,2024-02-16 10:00:00,2024-02-16 18:00:00,COSMOS-LODTN-PRECIP_RAINE_30MIN_RAW,Y,False rain
LODTN,2024-02-18 12:00:00,2024-02-18 18:00:00,COSMOS-LODTN-PRECIP_RAINE_30MIN_RAW,Y,False rain
MOREM,2024-02-10 10:00:00,2024-02-10 15:00:00,COSMOS-MOREM-PRECIP_RAINE_30MIN_RAW,Y,False rain (clogged)
MOREM,2024-02-11 06:00:00,2024-02-11 17:00:00,COSMOS-MOREM-PRECIP_RAINE_30MIN_RAW,Y,False rain (clogged)
MOREM,2024-02-12 05:00:00,2024-02-12 14:00:00,COSMOS-MOREM-PRECIP_RAINE_30MIN_RAW,Y,False rain
REDHL,2024-02-12 03:00:00,2024-02-12 12:00:00,COSMOS-REDHL-PRECIP_RAINE_30MIN_RAW,Y,False rain events
REDHL,2024-02-14 14:30:00,2024-02-14 16:00:00,COSMOS-REDHL-PRECIP_RAINE_30MIN_RAW,Y,False rain events
ROTHD,2024-02-10 04:00:00,2024-02-10 07:00:00,COSMOS-ROTHD-PRECIP_RAINE_30MIN_RAW,Y,False rain events
ROTHD,2024-02-11 12:00:00,2024-02-12 17:00:00,COSMOS-ROTHD-PRECIP_RAINE_30MIN_RAW,Y,False rain events
ROTHD,2024-02-15 20:00:00,2024-02-15 22:00:00,COSMOS-ROTHD-PRECIP_RAINE_30MIN_RAW,Y,False rain events
ROTHD,2024-02-16 07:00:00,2024-02-16 14:00:00,COSMOS-ROTHD-PRECIP_RAINE_30MIN_RAW,Y,False rain events
ROTHD,2024-02-18 10:00:00,2024-02-18 17:00:00,COSMOS-ROTHD-PRECIP_RAINE_30MIN_RAW,Y,False rain events
SHEEP,2024-02-10 03:00:00,2024-02-10 07:30:00,COSMOS-SHEEP-PRECIP_RAINE_30MIN_RAW,Y,False rain
SHEEP,2024-02-11 08:00:00,2024-02-11 11:00:00,COSMOS-SHEEP-PRECIP_RAINE_30MIN_RAW,Y,False rain
SHEEP,2024-02-12 00:00:00,2024-02-12 05:00:00,COSMOS-SHEEP-PRECIP_RAINE_30MIN_RAW,Y,False rain
SHEEP,2024-02-14 00:00:00,2024-02-14 04:00:00,COSMOS-SHEEP-PRECIP_RAINE_30MIN_RAW,Y,False rain
SHEEP,2024-02-14 20:00:00,2024-02-14 23:00:00,COSMOS-SHEEP-PRECIP_RAINE_30MIN_RAW,Y,False rain
SHEEP,2024-02-16 05:00:00,2024-02-16 07:00:00,COSMOS-SHEEP-PRECIP_RAINE_30MIN_RAW,Y,False rain
SHEEP,2024-02-17 08:00:00,2024-02-17 13:00:00,COSMOS-SHEEP-PRECIP_RAINE_30MIN_RAW,Y,False rain
SHEEP,2024-02-18 13:00:00,2024-02-19 06:00:00,COSMOS-SHEEP-PRECIP_RAINE_30MIN_RAW,Y,False rain
STGHT,2024-02-09 15:00:00,2024-02-10 10:00:00,COSMOS-STGHT-PRECIP_RAINE_30MIN_RAW,Y,False rain
STGHT,2024-02-10 18:00:00,2024-02-11 12:00:00,COSMOS-STGHT-PRECIP_RAINE_30MIN_RAW,Y,False rain
STGHT,2024-02-12 07:00:00,2024-02-12 10:00:00,COSMOS-STGHT-PRECIP_RAINE_30MIN_RAW,Y,False rain
STGHT,2024-02-14 06:00:00,2024-02-14 12:00:00,COSMOS-STGHT-PRECIP_RAINE_30MIN_RAW,Y,False rain
STGHT,2024-02-15 04:00:00,2024-02-15 06:00:00,COSMOS-STGHT-PRECIP_RAINE_30MIN_RAW,Y,False rain
STGHT,2024-02-16 04:30:00,2024-02-16 08:00:00,COSMOS-STGHT-PRECIP_RAINE_30MIN_RAW,Y,False rain
ALIC1,2016-11-16 06:00:00,2016-11-16 06:00:00,COSMOS-ALIC1-LWIN_30MIN_RAW;COSMOS-ALIC1-LWOUT_30MIN_RAW,Y,Spike
ALIC1,2017-01-12 18:30:00,2017-01-12 18:30:00,COSMOS-ALIC1-LWIN_30MIN_RAW;COSMOS-ALIC1-LWOUT_30MIN_RAW,Y,Spike
ALIC1,2017-12-27 07:00:00,2017-12-27 07:00:00,COSMOS-ALIC1-LWIN_30MIN_RAW;COSMOS-ALIC1-LWOUT_30MIN_RAW,Y,Spike
BALRD,2017-08-08 16:30:00,2017-08-08 16:30:00,COSMOS-BALRD-RH_30MIN_RAW,Y,Drop outs
BUNNY,2023-07-09 17:30:00,2023-07-09 18:30:00,COSMOS-BUNNY-G2_30MIN_RAW,Y,Erratic values
BUNNY,2018-08-22 09:00:00,2018-08-22 09:00:00,COSMOS-BUNNY-LWOUT_30MIN_RAW,Y,Drop in value
CGARW,2020-12-14 00:00:00,2021-01-13 11:30:00,COSMOS-CGARW-G1_30MIN_RAW;COSMOS-CGARW-G2_30MIN_RAW,Y,Flatlining data
CHIMN,2020-08-18 10:00:00,2020-08-18 10:00:00,COSMOS-CHIMN-G1_30MIN_RAW,Y,Value drop
CHIMN,2020-08-18 10:00:00,2020-08-19 01:00:00,COSMOS-CHIMN-G1_30MIN_RAW;COSMOS-CHIMN-G2_30MIN_RAW,Y,Flatlining data
CHIMN,2016-06-15 13:30:00,2016-06-15 16:00:00,COSMOS-CHIMN-G1_30MIN_RAW;COSMOS-CHIMN-G2_30MIN_RAW,Y,Erratic data
COCLP,2018-01-25 14:00:00,2018-01-25 14:00:00,COSMOS-COCLP-LWIN_30MIN_RAW,Y,Drop in value
ELMST,2021-02-07 00:00:00,2021-02-15 00:00:00,COSMOS-ELMST-SWOUT_30MIN_RAW,Y,Erratic values
ELMST,2018-02-28 07:00:00,2018-02-28 18:00:00,COSMOS-ELMST-SWOUT_30MIN_RAW,Y,Unusually high values
GLENW,2018-07-08 00:00:00,2018-11-14 13:00:00,COSMOS-GLENW-G1_30MIN_RAW,Y,Flatlining data
HARTW,2022-08-03 16:00:00,2022-08-04 16:00:00,COSMOS-HARTW-LWOUT_30MIN_RAW;COSMOS-HARTW-LWIN_30MIN_RAW,Y,Erratic values
HARWD,2018-10-17 11:00:00,2018-10-17 11:00:00,COSMOS-HARWD-SWOUT_30MIN_RAW,Y,Spike
HARWD,2020-02-05 11:00:00,2020-02-05 13:00:00,COSMOS-HARWD-SWOUT_30MIN_RAW,Y,High values
HENFS,2023-08-03 09:00:00,2023-08-03 09:00:00,COSMOS-HENFS-PA_30MIN_RAW,Y,Value dropout
HLACY,2023-05-23 11:00:00,2023-05-23 11:00:00,COSMOS-HLACY-PA_30MIN_RAW,Y,Value dropout
LIZRD,2018-02-28 13:00:00,2018-02-28 14:30:00,COSMOS-LIZRD-SWOUT_30MIN_RAW,Y,Erratic high values
LIZRD,2018-03-19 07:00:00,2018-03-19 19:00:00,COSMOS-LIZRD-SWOUT_30MIN_RAW,Y,Erratic high values
NWYKE,2023-05-11 10:00:00,2023-05-11 10:00:00,COSMOS-NWYKE-PA_30MIN_RAW,Y,Drop in data value
PORTN,2021-07-24 03:00:00,2021-07-24 06:00:00,COSMOS-PORTN-G1_30MIN_RAW,Y,Erratic low values
PORTN,2023-06-20 05:00:00,2023-06-20 05:00:00,COSMOS-PORTN-G1_30MIN_RAW,Y,Low value drop
PORTN,2018-02-26 00:00:00,2018-03-06 00:00:00,COSMOS-PORTN-G2_30MIN_RAW,Y,Erratic values
PORTN,2018-03-17 00:00:00,2018-03-21 00:00:00,COSMOS-PORTN-G2_30MIN_RAW,Y,Erratic values
REDHL,2018-02-27 00:00:00,2018-03-04 00:00:00,COSMOS-REDHL-SWOUT_30MIN_RAW,Y,Erratic high values
REDHL,2021-02-09 00:00:00,2021-02-15 00:00:00,COSMOS-REDHL-SWOUT_30MIN_RAW,Y,Erratic high values
RISEH,2019-03-01 00:00:00,2019-08-08 00:00:00,COSMOS-RISEH-G2_30MIN_RAW,Y,Flatlining data
FINCH,2024-06-01 00:30:00,2099-12-31 23:30:00,COSMOS-FINCH-STP_TSOIL2_30MIN_RAW,N,Midday spikes maybe not buried
HENFS,2024-08-21 01:30:00,2099-12-31 23:30:00,COSMOS-HENFS-G1_30MIN_RAW,Y,Flatlining
HLACY,2024-01-07 11:00:00,2024-01-07 17:00:00,COSMOS-HLACY-PRECIP_30MIN_RAW,Y,False rain
HLACY,2024-01-09 10:00:00,2024-01-10 17:00:00,COSMOS-HLACY-PRECIP_30MIN_RAW,Y,False rain
HOLLN,2024-01-06 07:00:00,2024-01-06 11:00:00,COSMOS-HOLLN-PRECIP_RAINE_30MIN_RAW,Y,False rain
HOLLN,2024-01-07 02:00:00,2024-01-07 11:00:00,COSMOS-HOLLN-PRECIP_RAINE_30MIN_RAW,Y,False rain
HOLLN,2024-01-08 12:00:00,2024-01-09 12:00:00,COSMOS-HOLLN-PRECIP_RAINE_30MIN_RAW,Y,False rain
HOLLN,2024-01-10 16:00:00,2024-01-10 21:00:00,COSMOS-HOLLN-PRECIP_RAINE_30MIN_RAW,Y,False rain
HOLLN,2024-01-12 05:00:00,2024-01-12 12:00:00,COSMOS-HOLLN-PRECIP_RAINE_30MIN_RAW,Y,False rain
MOREM,2024-01-05 12:00:00,2024-01-05 15:00:00,COSMOS-MOREM-PRECIP_RAINE_30MIN_RAW,Y,False rain
MOREM,2024-01-06 01:00:00,2024-01-06 23:00:00,COSMOS-MOREM-PRECIP_RAINE_30MIN_RAW,Y,False rain
MOREM,2024-01-07 11:00:00,2024-01-07 16:00:00,COSMOS-MOREM-PRECIP_RAINE_30MIN_RAW,Y,False rain
REDHL,2024-01-06 12:00:00,2024-01-08 00:00:00,COSMOS-REDHL-PRECIP_RAINE_30MIN_RAW,Y,False rain events
REDHL,2024-01-09 09:00:00,2024-01-09 13:00:00,COSMOS-REDHL-PRECIP_RAINE_30MIN_RAW,Y,False rain events
ROTHD,2024-01-07 05:00:00,2024-01-07 08:00:00,COSMOS-ROTHD-PRECIP_30MIN_RAW,Y,False rain events
ROTHD,2024-01-08 00:00:00,2024-01-09 12:00:00,COSMOS-ROTHD-PRECIP_30MIN_RAW,Y,False rain events
SYDLG,2024-01-08 17:00:00,2024-01-08 20:00:00,COSMOS-SYDLG-PRECIP_30MIN_RAW,Y,False rain
WRTTL,2024-01-06 17:00:00,2024-01-07 03:00:00,COSMOS-WRTTL-PRECIP_RAINE_30MIN_RAW,Y,False rain
WRTTL,2024-01-08 12:00:00,2024-01-09 12:00:00,COSMOS-WRTTL-PRECIP_RAINE_30MIN_RAW,Y,False rain
BICKL,2024-03-29 14:00:00,2024-03-29 16:00:00,COSMOS-BICKL-PRECIP_RAINE_30MIN_RAW,Y,False rain
BICKL,2024-03-30 00:00:00,2024-03-30 08:00:00,COSMOS-BICKL-PRECIP_RAINE_30MIN_RAW,Y,False rain
BICKL,2024-04-02 00:00:00,2024-04-02 09:00:00,COSMOS-BICKL-PRECIP_RAINE_30MIN_RAW,Y,False rain
BICKL,2024-04-03 09:00:00,2024-04-03 14:00:00,COSMOS-BICKL-PRECIP_RAINE_30MIN_RAW,Y,False rain
BICKL,2024-04-04 11:00:00,2024-04-04 13:00:00,COSMOS-BICKL-PRECIP_RAINE_30MIN_RAW,Y,False rain
CARDT,2024-04-02 11:00:00,2024-04-02 13:00:00,COSMOS-CARDT-PRECIP_RAINE_30MIN_RAW,Y,False rain
CARDT,2024-04-03 07:00:00,2024-04-03 09:00:00,COSMOS-CARDT-PRECIP_RAINE_30MIN_RAW,Y,False rain
CHIMN,2024-03-30 00:00:00,2024-03-30 09:00:00,COSMOS-CHIMN-PRECIP_RAINE_30MIN_RAW,Y,False rain
CHIMN,2024-04-01 04:30:00,2024-04-01 07:00:00,COSMOS-CHIMN-PRECIP_RAINE_30MIN_RAW,Y,False rain
CHIMN,2024-04-01 22:00:00,2024-04-02 01:00:00,COSMOS-CHIMN-PRECIP_RAINE_30MIN_RAW,Y,False rain
CHIMN,2024-04-02 19:30:00,2024-04-02 23:00:00,COSMOS-CHIMN-PRECIP_RAINE_30MIN_RAW,Y,False rain
CHIMN,2024-04-03 04:00:00,2024-04-03 11:00:00,COSMOS-CHIMN-PRECIP_RAINE_30MIN_RAW,Y,False rain
CHOBH,2024-03-29 00:00:00,2024-03-29 03:00:00,COSMOS-CHOBH-PRECIP_RAINE_30MIN_RAW,Y,False rain
CHOBH,2024-03-29 06:30:00,2024-03-29 08:00:00,COSMOS-CHOBH-PRECIP_RAINE_30MIN_RAW,Y,False rain
CHOBH,2024-03-30 07:00:00,2024-03-30 09:00:00,COSMOS-CHOBH-PRECIP_RAINE_30MIN_RAW,Y,False rain
CHOBH,2024-03-31 06:00:00,2024-03-31 08:00:00,COSMOS-CHOBH-PRECIP_RAINE_30MIN_RAW,Y,False rain
CHOBH,2024-04-01 01:00:00,2024-04-01 08:00:00,COSMOS-CHOBH-PRECIP_RAINE_30MIN_RAW,Y,False rain
FINCH,2024-03-28 16:00:00,2024-03-31 13:00:00,COSMOS-FINCH-PRECIP_RAINE_30MIN_RAW,Y,False rain
FINCH,2024-04-03 12:00:00,2024-04-03 14:00:00,COSMOS-FINCH-PRECIP_RAINE_30MIN_RAW,Y,False rain
FINCH,2024-04-04 13:00:00,2024-04-04 15:00:00,COSMOS-FINCH-PRECIP_RAINE_30MIN_RAW,Y,False rain
FINCH,2024-04-04 21:00:00,2024-04-04 23:00:00,COSMOS-FINCH-PRECIP_RAINE_30MIN_RAW,Y,False rain
HLACY,2024-03-30 04:00:00,2024-03-30 07:00:00,COSMOS-HLACY-PRECIP_30MIN_RAW,Y,False rain
HLACY,2024-04-02 07:00:00,2024-04-02 09:00:00,COSMOS-HLACY-PRECIP_30MIN_RAW,Y,False rain
HLACY,2024-04-03 04:00:00,2024-04-03 10:00:00,COSMOS-HLACY-PRECIP_30MIN_RAW,Y,False rain
HOLLN,2024-03-29 08:00:00,2024-03-29 15:00:00,COSMOS-HOLLN-PRECIP_RAINE_30MIN_RAW,Y,False rain
HOLLN,2024-04-01 15:00:00,2024-04-02 14:00:00,COSMOS-HOLLN-PRECIP_RAINE_30MIN_RAW,Y,False rain
HOLLN,2024-04-04 09:00:00,2024-04-04 15:00:00,COSMOS-HOLLN-PRECIP_RAINE_30MIN_RAW,Y,False rain
LODTN,2024-03-21 11:00:00,2024-03-21 23:00:00,COSMOS-LODTN-PRECIP_RAINE_30MIN_RAW,Y,False rain
LODTN,2024-03-22 09:00:00,2024-03-23 19:00:00,COSMOS-LODTN-PRECIP_RAINE_30MIN_RAW,Y,False rain
LODTN,2024-03-24 07:00:00,2024-03-24 16:00:00,COSMOS-LODTN-PRECIP_RAINE_30MIN_RAW,Y,False rain
LODTN,2024-03-25 14:00:00,2024-03-26 18:00:00,COSMOS-LODTN-PRECIP_RAINE_30MIN_RAW,Y,False rain
LODTN,2024-03-27 18:00:00,2024-03-27 21:00:00,COSMOS-LODTN-PRECIP_RAINE_30MIN_RAW,Y,False rain
LODTN,2024-03-28 08:00:00,2024-03-28 12:00:00,COSMOS-LODTN-PRECIP_RAINE_30MIN_RAW,Y,False rain
LODTN,2024-03-29 15:00:00,2024-03-29 18:00:00,COSMOS-LODTN-PRECIP_RAINE_30MIN_RAW,Y,False rain
LODTN,2024-03-30 04:00:00,2024-03-31 19:00:00,COSMOS-LODTN-PRECIP_RAINE_30MIN_RAW,Y,False rain
LODTN,2024-03-31 22:00:00,2024-04-01 06:00:00,COSMOS-LODTN-PRECIP_RAINE_30MIN_RAW,Y,False rain
LODTN,2024-04-01 11:00:00,2024-04-01 16:30:00,COSMOS-LODTN-PRECIP_RAINE_30MIN_RAW,Y,False rain
LODTN,2024-04-02 09:00:00,2024-04-02 17:00:00,COSMOS-LODTN-PRECIP_RAINE_30MIN_RAW,Y,False rain
LODTN,2024-04-03 13:00:00,2024-04-03 21:00:00,COSMOS-LODTN-PRECIP_RAINE_30MIN_RAW,Y,False rain
LODTN,2024-04-04 14:30:00,2024-04-04 21:00:00,COSMOS-LODTN-PRECIP_RAINE_30MIN_RAW,Y,False rain
LULLN,2024-03-22 09:00:00,2024-03-22 12:00:00,COSMOS-LULLN-PRECIP_RAINE_30MIN_RAW,Y,False rain
LULLN,2024-03-22 21:00:00,2024-03-23 13:00:00,COSMOS-LULLN-PRECIP_RAINE_30MIN_RAW,Y,False rain
LULLN,2024-03-23 15:00:00,2024-03-24 16:00:00,COSMOS-LULLN-PRECIP_RAINE_30MIN_RAW,Y,False rain
LULLN,2024-03-26 23:00:00,2024-03-27 08:00:00,COSMOS-LULLN-PRECIP_RAINE_30MIN_RAW,Y,False rain
LULLN,2024-03-30 03:00:00,2024-03-31 23:30:00,COSMOS-LULLN-PRECIP_RAINE_30MIN_RAW,Y,False rain
LULLN,2024-04-01 03:00:00,2024-04-01 23:30:00,COSMOS-LULLN-PRECIP_RAINE_30MIN_RAW,Y,False rain
MOREM,2024-03-23 12:00:00,2024-03-24 03:00:00,COSMOS-MOREM-PRECIP_RAINE_30MIN_RAW,Y,False rain
MOREM,2024-03-24 07:00:00,2024-03-24 09:00:00,COSMOS-MOREM-PRECIP_RAINE_30MIN_RAW,Y,False rain
MOREM,2024-03-25 10:00:00,2024-03-25 17:00:00,COSMOS-MOREM-PRECIP_RAINE_30MIN_RAW,Y,False rain
MOREM,2024-03-27 07:00:00,2024-03-27 11:00:00,COSMOS-MOREM-PRECIP_RAINE_30MIN_RAW,Y,False rain
MOREM,2024-03-27 13:30:00,2024-03-27 20:00:00,COSMOS-MOREM-PRECIP_RAINE_30MIN_RAW,Y,False rain
MOREM,2024-03-28 06:00:00,2024-03-28 11:00:00,COSMOS-MOREM-PRECIP_RAINE_30MIN_RAW,Y,False rain
MOREM,2024-03-29 07:00:00,2024-03-29 09:00:00,COSMOS-MOREM-PRECIP_RAINE_30MIN_RAW,Y,False rain
MOREM,2024-03-30 05:00:00,2024-03-31 11:00:00,COSMOS-MOREM-PRECIP_RAINE_30MIN_RAW,Y,False rain
MOREM,2024-04-01 09:00:00,2024-04-01 14:00:00,COSMOS-MOREM-PRECIP_RAINE_30MIN_RAW,Y,False rain
MOREM,2024-04-02 07:00:00,2024-04-02 16:00:00,COSMOS-MOREM-PRECIP_RAINE_30MIN_RAW,Y,False rain
MOREM,2024-04-03 18:00:00,2024-04-03 22:00:00,COSMOS-MOREM-PRECIP_RAINE_30MIN_RAW,Y,False rain
REDHL,2024-04-02 04:00:00,2024-04-02 09:00:00,COSMOS-REDHL-PRECIP_RAINE_30MIN_RAW,Y,False rain events
REDHL,2024-04-04 12:00:00,2024-04-04 16:00:00,COSMOS-REDHL-PRECIP_RAINE_30MIN_RAW,Y,False rain events
ROTHD,2024-03-21 10:00:00,2024-03-26 15:00:00,COSMOS-ROTHD-PRECIP_RAINE_30MIN_RAW,Y,False rain events
ROTHD,2024-03-27 08:00:00,2024-03-27 12:00:00,COSMOS-ROTHD-PRECIP_RAINE_30MIN_RAW,Y,False rain events
ROTHD,2024-03-27 15:00:00,2024-03-27 19:00:00,COSMOS-ROTHD-PRECIP_RAINE_30MIN_RAW,Y,False rain events
ROTHD,2024-03-29 05:00:00,2024-03-31 15:00:00,COSMOS-ROTHD-PRECIP_RAINE_30MIN_RAW,Y,False rain events
ROTHD,2024-04-01 08:00:00,2024-04-01 16:00:00,COSMOS-ROTHD-PRECIP_RAINE_30MIN_RAW,Y,False rain events
ROTHD,2024-04-02 11:00:00,2024-04-02 16:00:00,COSMOS-ROTHD-PRECIP_RAINE_30MIN_RAW,Y,False rain events
ROTHD,2024-04-03 01:00:00,2024-04-03 09:00:00,COSMOS-ROTHD-PRECIP_RAINE_30MIN_RAW,Y,False rain events
ROTHD,2024-04-03 13:00:00,2024-04-03 19:00:00,COSMOS-ROTHD-PRECIP_RAINE_30MIN_RAW,Y,False rain events
ROTHD,2024-04-04 08:00:00,2024-04-04 17:00:00,COSMOS-ROTHD-PRECIP_RAINE_30MIN_RAW,Y,False rain events
SHEEP,2024-03-22 07:00:00,2024-03-22 12:00:00,COSMOS-SHEEP-PRECIP_RAINE_30MIN_RAW,Y,False rain
SHEEP,2024-03-30 04:00:00,2024-03-30 09:00:00,COSMOS-SHEEP-PRECIP_RAINE_30MIN_RAW,Y,False rain
SHEEP,2024-04-01 05:00:00,2024-04-02 00:00:00,COSMOS-SHEEP-PRECIP_RAINE_30MIN_RAW,Y,False rain
SHEEP,2024-04-02 03:00:00,2024-04-02 06:00:00,COSMOS-SHEEP-PRECIP_RAINE_30MIN_RAW,Y,False rain
SHEEP,2024-04-04 07:00:00,2024-04-04 18:00:00,COSMOS-SHEEP-PRECIP_RAINE_30MIN_RAW,Y,False rain
STGHT,2024-03-27 04:00:00,2024-03-27 08:00:00,COSMOS-STGHT-PRECIP_RAINE_30MIN_RAW,Y,False rain
STGHT,2024-03-28 12:00:00,2024-03-28 14:00:00,COSMOS-STGHT-PRECIP_RAINE_30MIN_RAW,Y,False rain
STGHT,2024-03-30 05:00:00,2024-03-31 09:00:00,COSMOS-STGHT-PRECIP_RAINE_30MIN_RAW,Y,False rain
STGHT,2024-04-01 10:00:00,2024-04-01 18:00:00,COSMOS-STGHT-PRECIP_RAINE_30MIN_RAW,Y,False rain
SYDLG,2024-03-22 17:00:00,2024-03-22 19:00:00,COSMOS-SYDLG-PRECIP_RAINE_30MIN_RAW,Y,False rain
SYDLG,2024-03-24 02:00:00,2024-03-24 15:00:00,COSMOS-SYDLG-PRECIP_RAINE_30MIN_RAW,Y,False rain
SYDLG,2024-03-29 13:00:00,2024-03-29 15:00:00,COSMOS-SYDLG-PRECIP_RAINE_30MIN_RAW,Y,False rain
SYDLG,2024-04-01 01:00:00,2024-04-01 07:00:00,COSMOS-SYDLG-PRECIP_RAINE_30MIN_RAW,Y,False rain
SYDLG,2024-04-02 05:00:00,2024-04-02 08:00:00,COSMOS-SYDLG-PRECIP_RAINE_30MIN_RAW,Y,False rain
SYDLG,2024-04-04 12:30:00,2024-04-04 15:30:00,COSMOS-SYDLG-PRECIP_RAINE_30MIN_RAW,Y,False rain
WADDN,2024-03-23 14:00:00,2024-03-23 16:00:00,COSMOS-WADDN-PRECIP_RAINE_30MIN_RAW,Y,False rain
WADDN,2024-03-29 13:00:00,2024-03-30 09:00:00,COSMOS-WADDN-PRECIP_RAINE_30MIN_RAW,Y,False rain
WADDN,2024-04-03 01:00:00,2024-04-03 12:00:00,COSMOS-WADDN-PRECIP_RAINE_30MIN_RAW,Y,False rain
WRTTL,2024-03-22 08:00:00,2024-03-22 14:00:00,COSMOS-WRTTL-PRECIP_RAINE_30MIN_RAW,Y,False rain
WRTTL,2024-03-23 14:00:00,2024-03-23 18:00:00,COSMOS-WRTTL-PRECIP_RAINE_30MIN_RAW,Y,False rain
WRTTL,2024-03-27 04:00:00,2024-03-27 16:00:00,COSMOS-WRTTL-PRECIP_RAINE_30MIN_RAW,Y,False rain
WRTTL,2024-04-01 04:00:00,2024-04-01 06:00:00,COSMOS-WRTTL-PRECIP_RAINE_30MIN_RAW,Y,False rain
WRTTL,2024-04-04 10:00:00,2024-04-04 18:00:00,COSMOS-WRTTL-PRECIP_RAINE_30MIN_RAW,Y,False rain
WIMPL,2024-07-29 21:30:00,2024-08-14 03:30:00,COSMOS-WIMPL-SWOUT_30MIN_RAW,Y,Sensor fault
PORTN,2024-07-11 07:30:00,2099-12-31 23:30:00,COSMOS-PORTN-SWOUT_30MIN_RAW,Y,Sensor fault
BUNNY,2024-08-09 00:30:00,2024-09-26 10:00:00,COSMOS-BUNNY-PRECIP_30MIN_RAW,Y,Pluvio fault
BICKL,2024-02-02 00:00:00,2024-02-02 03:00:00,COSMOS-BICKL-PRECIP_30MIN_RAW,Y,False rain
BICKL,2024-02-06 22:00:00,2024-02-07 12:00:00,COSMOS-BICKL-PRECIP_RAINE_30MIN_RAW,Y,False rain
CARDT,2024-02-02 07:00:00,2024-02-02 10:00:00,COSMOS-CARDT-PRECIP_30MIN_RAW,Y,False rain
CARDT,2024-02-05 04:00:00,2024-02-05 09:00:00,COSMOS-CARDT-PRECIP_30MIN_RAW,Y,False rain
CARDT,2024-02-06 00:00:00,2024-02-06 17:00:00,COSMOS-CARDT-PRECIP_30MIN_RAW,Y,False rain
CARDT,2024-02-01 08:00:00,2024-02-01 12:00:00,COSMOS-CARDT-PRECIP_RAINE_30MIN_RAW,Y,False rain
CARDT,2024-02-03 14:00:00,2024-02-03 17:00:00,COSMOS-CARDT-PRECIP_RAINE_30MIN_RAW,Y,False rain
CARDT,2024-02-07 08:00:00,2024-02-07 11:00:00,COSMOS-CARDT-PRECIP_RAINE_30MIN_RAW,Y,False rain
CHOBH,2024-02-02 08:00:00,2024-02-02 11:00:00,COSMOS-CHOBH-PRECIP_30MIN_RAW,Y,False rain
CHOBH,2024-02-01 00:00:00,2024-02-01 04:00:00,COSMOS-CHOBH-PRECIP_RAINE_30MIN_RAW,Y,False rain
CHOBH,2024-02-04 14:00:00,2024-02-04 17:00:00,COSMOS-CHOBH-PRECIP_RAINE_30MIN_RAW,Y,False rain
CHOBH,2024-02-06 06:00:00,2024-02-06 09:00:00,COSMOS-CHOBH-PRECIP_RAINE_30MIN_RAW,Y,False rain
FINCH,2024-01-31 22:00:00,2024-02-01 00:00:00,COSMOS-FINCH-PRECIP_RAINE_30MIN_RAW,Y,False rain
FINCH,2024-01-04 01:00:00,2024-01-04 03:00:00,COSMOS-FINCH-PRECIP_RAINE_30MIN_RAW,Y,False rain
FINCH,2024-01-07 02:00:00,2024-01-07 12:00:00,COSMOS-FINCH-PRECIP_RAINE_30MIN_RAW,Y,False rain
HARTW,2024-01-31 22:00:00,2024-02-02 00:00:00,COSMOS-HARTW-PRECIP_30MIN_RAW,Y,Suspicious rain
HARTW,2024-02-03 05:00:00,2024-02-04 00:00:00,COSMOS-HARTW-PRECIP_30MIN_RAW,Y,Suspicious rain
HARTW,2024-02-06 09:00:00,2024-02-08 00:00:00,COSMOS-HARTW-PRECIP_30MIN_RAW,Y,Suspicious rain
HLACY,2024-02-04 00:00:00,2024-02-05 00:00:00,COSMOS-HLACY-PRECIP_30MIN_RAW,Y,False rain
HLACY,2024-02-05 23:00:00,2024-02-06 01:00:00,COSMOS-HLACY-PRECIP_30MIN_RAW,Y,False rain
HLACY,2024-02-07 14:00:00,2024-02-07 17:00:00,COSMOS-HLACY-PRECIP_30MIN_RAW,Y,False rain
HLACY,2024-02-07 08:00:00,2024-02-07 10:00:00,COSMOS-HLACY-PRECIP_RAINE_30MIN_RAW,Y,False rain
LODTN,2024-02-05 10:00:00,2024-02-05 22:00:00,COSMOS-LODTN-PRECIP_RAINE_30MIN_RAW,Y,False rain
LODTN,2024-02-06 08:00:00,2024-02-06 11:00:00,COSMOS-LODTN-PRECIP_RAINE_30MIN_RAW,Y,False rain
LODTN,2024-02-07 13:00:00,2024-02-07 15:00:00,COSMOS-LODTN-PRECIP_RAINE_30MIN_RAW,Y,False rain
LULLN,2024-02-04 19:00:00,2024-02-04 22:00:00,COSMOS-LULLN-PRECIP_RAINE_30MIN_RAW,Y,False rain
LULLN,2024-02-06 04:00:00,2024-02-06 14:00:00,COSMOS-LULLN-PRECIP_RAINE_30MIN_RAW,Y,False rain
MOREM,2024-02-01 10:00:00,2024-02-01 12:00:00,COSMOS-MOREM-PRECIP_RAINE_30MIN_RAW,Y,False rain
MOREM,2024-02-04 03:00:00,2024-02-04 16:00:00,COSMOS-MOREM-PRECIP_RAINE_30MIN_RAW,Y,False rain
MOREM,2024-02-07 03:00:00,2024-02-07 16:00:00,COSMOS-MOREM-PRECIP_RAINE_30MIN_RAW,Y,False rain
ROTHD,2024-02-01 00:00:00,2024-02-06 06:00:00,COSMOS-ROTHD-PRECIP_RAINE_30MIN_RAW,Y,False rain events
SHEEP,2024-02-02 02:00:00,2024-02-02 10:00:00,COSMOS-SHEEP-PRECIP_30MIN_RAW,Y,False rain
SHEEP,2024-02-04 00:00:00,2024-02-04 03:00:00,COSMOS-SHEEP-PRECIP_RAINE_30MIN_RAW,Y,False rain
SHEEP,2024-02-05 13:00:00,2024-02-05 16:00:00,COSMOS-SHEEP-PRECIP_RAINE_30MIN_RAW,Y,False rain
SHEEP,2024-02-06 03:00:00,2024-02-06 06:00:00,COSMOS-SHEEP-PRECIP_RAINE_30MIN_RAW,Y,False rain
SHEEP,2024-02-06 14:00:00,2024-02-06 16:00:00,COSMOS-SHEEP-PRECIP_RAINE_30MIN_RAW,Y,False rain
STGHT,2024-02-03 21:00:00,2024-02-04 01:00:00,COSMOS-STGHT-PRECIP_RAINE_30MIN_RAW,Y,False rain
STGHT,2024-02-07 08:00:00,2024-02-07 10:00:00,COSMOS-STGHT-PRECIP_RAINE_30MIN_RAW,Y,False rain
SYDLG,2024-02-01 05:00:00,2024-02-01 16:00:00,COSMOS-SYDLG-PRECIP_RAINE_30MIN_RAW,Y,False rain
SYDLG,2024-02-02 04:00:00,2024-02-02 07:00:00,COSMOS-SYDLG-PRECIP_30MIN_RAW,Y,False rain
SYDLG,2024-02-02 23:00:00,2024-02-03 05:00:00,COSMOS-SYDLG-PRECIP_RAINE_30MIN_RAW,Y,False rain
SYDLG,2024-02-03 14:00:00,2024-02-03 16:00:00,COSMOS-SYDLG-PRECIP_RAINE_30MIN_RAW,Y,False rain
SYDLG,2024-02-05 13:00:00,2024-02-05 15:00:00,COSMOS-SYDLG-PRECIP_RAINE_30MIN_RAW,Y,False rain
SYDLG,2024-02-06 09:00:00,2024-02-06 11:00:00,COSMOS-SYDLG-PRECIP_RAINE_30MIN_RAW,Y,False rain
WADDN,2024-02-06 04:00:00,2024-02-06 07:00:00,COSMOS-WADDN-PRECIP_RAINE_30MIN_RAW,Y,False rain
WADDN,2024-02-07 03:00:00,2024-02-07 14:00:00,COSMOS-WADDN-PRECIP_RAINE_30MIN_RAW,Y,False rain. Excessive and slowly decreasing (clogged)
BALRD,2014-05-27 13:30:00,2014-05-27 13:30:00,COSMOS-BALRD-TDT2_TSOIL_30MIN_RAW,Y,Drop out to 0
BALRD,2014-05-27 14:00:00,2014-05-27 14:00:00,COSMOS-BALRD-CTS_MOD_30MIN_RAW,Y,Spike
BALRD,2014-07-29 11:00:00,2014-07-29 14:30:00,ALL,N,Card switchover on maintenance visit. Data missing.
BALRD,2014-07-29 14:30:00,2014-07-29 14:30:00,COSMOS-BALRD-PA_30MIN_RAW,Y,Drop out
BALRD,2015-01-13 00:30:00,2015-01-14 00:00:00,COSMOS-BALRD-CTS_MOD_30MIN_RAW,N,CTS_MOD data unreliable due to snow.
BALRD,2015-01-14 00:30:00,2015-01-15 00:00:00,COSMOS-BALRD-CTS_MOD_30MIN_RAW,N,CTS_MOD data unreliable due to snow.
BALRD,2015-06-10 15:30:00,2015-06-10 15:30:00,ALL,N,Switchover to fixed IP. Data missing.
BALRD,2015-08-23 00:00:00,2099-12-31 23:30:00,COSMOS-BALRD-TDT2_TSOIL_30MIN_RAW,Y,Readings from TDT2 soil temperature 10cm too low.
BALRD,2016-02-23 14:00:00,2016-02-26 15:30:00,COSMOS-BALRD-PRECIP_30MIN_RAW,Y,Radiator tube moved in pluvio.Gives false readings.
BALRD,2016-05-17 18:00:00,2016-05-17 18:00:00,COSMOS-BALRD-CTS_MOD_30MIN_RAW,Y,Spike
BALRD,2016-08-13 11:00:00,2016-09-10 10:00:00,COSMOS-BALRD-PRECIP_30MIN_RAW,Y,Pluvio fault causing near daily rainfall
BALRD,2017-08-07 07:30:00,2017-08-07 17:00:00,COSMOS-BALRD-RH_30MIN_RAW,Y,Drop outs
BALRD,2017-08-08 00:30:00,2017-08-08 13:00:00,COSMOS-BALRD-RH_30MIN_RAW,Y,Drop outs
BALRD,2017-08-09 00:30:00,2017-08-09 03:00:00,COSMOS-BALRD-RH_30MIN_RAW,Y,Drop outs
BALRD,2017-08-12 00:00:00,2017-08-12 11:00:00,COSMOS-BALRD-RH_30MIN_RAW,Y,Drop outs
BALRD,2017-08-13 04:00:00,2017-08-13 04:00:00,COSMOS-BALRD-RH_30MIN_RAW,Y,Drop outs
BICKL,2021-08-08 23:00:00,2021-08-08 23:00:00,COSMOS-BICKL-TDT1_VWC_30MIN_RAW,Y,Dropout
BICKL,2021-08-09 02:30:00,2021-08-09 02:30:00,COSMOS-BICKL-TDT1_VWC_30MIN_RAW,Y,Dropout
BICKL,2021-08-09 17:00:00,2021-08-09 17:00:00,COSMOS-BICKL-TDT1_VWC_30MIN_RAW,Y,Dropout
BICKL,2021-08-29 23:30:00,2021-08-29 23:30:00,COSMOS-BICKL-TDT1_VWC_30MIN_RAW,Y,Dropout
BICKL,2021-08-30 05:00:00,2021-08-30 05:00:00,COSMOS-BICKL-TDT1_VWC_30MIN_RAW,Y,Dropout
BICKL,2021-08-30 13:00:00,2021-08-30 13:00:00,COSMOS-BICKL-TDT1_VWC_30MIN_RAW,Y,Dropout
BICKL,2021-08-30 19:00:00,2021-08-30 19:00:00,COSMOS-BICKL-TDT1_VWC_30MIN_RAW,Y,Dropout
BICKL,2022-01-10 11:30:00,2022-02-02 13:30:00,COSMOS-BICKL-PRECIP_30MIN_RAW,Y,Loadcell temperature error
BICKL,2022-02-14 11:00:00,2022-02-14 11:00:00,COSMOS-BICKL-CTS_MOD_30MIN_RAW,Y,Spike
BICKL,2022-05-26 11:00:00,2022-05-26 11:00:00,COSMOS-BICKL-PA_30MIN_RAW,Y,Drop out
BICKL,2022-05-26 11:30:00,2022-05-26 11:30:00,COSMOS-BICKL-CTS_MOD_30MIN_RAW,Y,Spike
BICKL,2022-07-08 01:00:00,2022-07-26 00:00:00,COSMOS-BICKL-PRECIP_30MIN_RAW,Y,False rain
BUNNY,2023-04-18 11:00:00,2023-04-18 12:00:00,COSMOS-BUNNY-PA_30MIN_RAW,Y,Spike during PPM
BICKL,2023-05-25 09:00:00,2023-05-25 10:30:00,COSMOS-BICKL-PA_30MIN_RAW,Y,Spike during PPM
CGARW,2023-08-01 09:30:00,2023-08-01 09:30:00,COSMOS-CGARW-TA_30MIN_RAW;COSMOS-CGARW-RH_30MIN_RAW,Y,Spike during PPM
EASTB,2023-08-16 09:30:00,2023-08-16 10:30:00,COSMOS-EASTB-PA_30MIN_RAW,Y,Spike during PPM
HARTW,2023-08-15 10:30:00,2023-08-15 10:30:00,COSMOS-HARTW-PA_30MIN_RAW,Y,Spike during PPM
LULLN,2023-08-22 10:00:00,2023-08-22 10:30:00,COSMOS-LULLN-PA_30MIN_RAW,Y,Spike during PPM
MOREM,2023-08-17 06:30:00,2023-08-17 07:30:00,COSMOS-MOREM-CTS_MOD_30MIN_RAW,Y,Spike
REDHL,2023-08-23 10:00:00,2023-08-23 14:00:00,COSMOS-REDHL-CTS_MOD_30MIN_RAW,Y,Spikes during PPM
REDHL,2023-08-23 11:00:00,2023-08-23 12:00:00,COSMOS-REDHL-PA_30MIN_RAW,Y,Spike during PPM
ALIC1,2023-08-24 09:00:00,2023-08-24 14:30:00,COSMOS-ALIC1-TA_30MIN_RAW,Y,Erratic values during PPM
MOREM,2023-09-07 12:30:00,2023-09-07 14:30:00,COSMOS-MOREM-CTS_MOD_30MIN_RAW,Y,Outliers
MOREM,2023-09-14 13:30:00,2023-09-14 13:30:00,COSMOS-MOREM-CTS_MOD_30MIN_RAW,Y,Outlier
MOREM,2023-09-16 01:30:00,2023-09-16 01:30:00,COSMOS-MOREM-CTS_MOD_30MIN_RAW,Y,Outlier
CARDT,2024-04-09 17:00:00,2024-04-09 21:00:00,COSMOS-CARDT-PRECIP_RAINE_30MIN_RAW,Y,False rain
CHIMN,2024-04-05 19:00:00,2024-04-05 23:00:00,COSMOS-CHIMN-PRECIP_RAINE_30MIN_RAW,Y,False rain
CHIMN,2024-04-07 02:00:00,2024-04-07 04:00:00,COSMOS-CHIMN-PRECIP_RAINE_30MIN_RAW,Y,False rain
CHIMN,2024-04-08 16:00:00,2024-04-08 17:00:00,COSMOS-CHIMN-PRECIP_RAINE_30MIN_RAW,Y,False rain
CHIMN,2024-04-10 05:00:00,2024-04-10 11:00:00,COSMOS-CHIMN-PRECIP_RAINE_30MIN_RAW,Y,False rain
CHOBH,2024-04-05 19:00:00,2024-04-05 22:00:00,COSMOS-CHOBH-PRECIP_RAINE_30MIN_RAW,Y,False rain
CHOBH,2024-04-09 09:00:00,2024-04-09 17:00:00,COSMOS-CHOBH-PRECIP_RAINE_30MIN_RAW,Y,False rain
CHOBH,2024-04-10 17:30:00,2024-04-10 19:00:00,COSMOS-CHOBH-PRECIP_RAINE_30MIN_RAW,Y,False rain
HOLLN,2024-04-05 11:00:00,2024-04-05 17:00:00,COSMOS-HOLLN-PRECIP_RAINE_30MIN_RAW,Y,False rain
HOLLN,2024-04-06 04:30:00,2024-04-06 10:00:00,COSMOS-HOLLN-PRECIP_RAINE_30MIN_RAW,Y,False rain
HOLLN,2024-04-07 01:00:00,2024-04-07 18:00:00,COSMOS-HOLLN-PRECIP_RAINE_30MIN_RAW,Y,False rain
HOLLN,2024-04-08 11:00:00,2024-04-08 19:00:00,COSMOS-HOLLN-PRECIP_RAINE_30MIN_RAW,Y,False rain
HOLLN,2024-04-09 18:00:00,2024-04-09 22:00:00,COSMOS-HOLLN-PRECIP_RAINE_30MIN_RAW,Y,False rain
HOLLN,2024-04-10 07:00:00,2024-04-10 11:00:00,COSMOS-HOLLN-PRECIP_RAINE_30MIN_RAW,Y,False rain
HOLLN,2024-04-11 18:00:00,2024-04-11 22:00:00,COSMOS-HOLLN-PRECIP_RAINE_30MIN_RAW,Y,False rain
HOLLN,2024-04-13 16:00:00,2024-04-13 18:00:00,COSMOS-HOLLN-PRECIP_RAINE_30MIN_RAW,Y,False rain
GLENW,2024-04-07 11:00:00,2024-04-07 13:00:00,COSMOS-GLENW-PRECIP_30MIN_RAW,Y,False rain
HLACY,2024-04-11 14:00:00,2024-04-11 16:00:00,COSMOS-HLACY-PRECIP_30MIN_RAW,Y,False rain
LODTN,2024-04-05 09:00:00,2024-04-08 19:00:00,COSMOS-LODTN-PRECIP_RAINE_30MIN_RAW,Y,False rain
LODTN,2024-04-09 14:00:00,2024-04-09 21:00:00,COSMOS-LODTN-PRECIP_RAINE_30MIN_RAW,Y,False rain
LODTN,2024-04-10 08:00:00,2024-04-10 11:30:00,COSMOS-LODTN-PRECIP_RAINE_30MIN_RAW,Y,False rain
LODTN,2024-04-11 01:00:00,2024-04-13 20:00:00,COSMOS-LODTN-PRECIP_RAINE_30MIN_RAW,Y,False rain
LULLN,2024-04-05 02:00:00,2024-04-05 04:00:00,COSMOS-LULLN-PRECIP_RAINE_30MIN_RAW,Y,False rain
LULLN,2024-04-08 20:00:00,2024-04-08 22:00:00,COSMOS-LULLN-PRECIP_RAINE_30MIN_RAW,Y,False rain
LULLN,2024-04-09 03:00:00,2024-04-09 16:00:00,COSMOS-LULLN-PRECIP_RAINE_30MIN_RAW,Y,False rain
LULLN,2024-04-10 21:00:00,2024-04-11 03:00:00,COSMOS-LULLN-PRECIP_RAINE_30MIN_RAW,Y,False rain
LULLN,2024-04-11 14:00:00,2024-04-14 11:00:00,COSMOS-LULLN-PRECIP_RAINE_30MIN_RAW,Y,False rain
REDHL,2024-04-05 20:00:00,2024-04-05 22:00:00,COSMOS-REDHL-PRECIP_30MIN_RAW,Y,False rain events
REDHL,2024-04-10 15:00:00,2024-04-11 03:00:00,COSMOS-REDHL-PRECIP_RAINE_30MIN_RAW,Y,False rain events
REDHL,2024-04-15 06:00:00,2024-04-15 08:00:00,COSMOS-REDHL-PRECIP_RAINE_30MIN_RAW,Y,False rain events
ROTHD,2024-04-05 09:00:00,2024-04-08 17:00:00,COSMOS-ROTHD-PRECIP_RAINE_30MIN_RAW,Y,False rain events
ROTHD,2024-04-08 21:00:00,2024-04-08 23:00:00,COSMOS-ROTHD-PRECIP_RAINE_30MIN_RAW,Y,False rain events
ROTHD,2024-04-09 13:00:00,2024-04-10 12:00:00,COSMOS-ROTHD-PRECIP_RAINE_30MIN_RAW,Y,False rain events
ROTHD,2024-04-11 09:00:00,2024-04-14 17:00:00,COSMOS-ROTHD-PRECIP_RAINE_30MIN_RAW,Y,False rain events
SHEEP,2024-04-10 18:00:00,2024-04-10 22:00:00,COSMOS-SHEEP-PRECIP_30MIN_RAW,Y,False rain
SHEEP,2024-04-08 15:30:00,2024-04-08 16:30:00,COSMOS-SHEEP-PRECIP_30MIN_RAW,Y,False rain
SHEEP,2024-04-08 23:00:00,2024-04-09 00:00:00,COSMOS-SHEEP-PRECIP_30MIN_RAW,Y,False rain
STGHT,2024-04-05 09:00:00,2024-04-05 11:00:00,COSMOS-STGHT-PRECIP_RAINE_30MIN_RAW,Y,False rain
STGHT,2024-04-07 11:00:00,2024-04-07 23:00:00,COSMOS-STGHT-PRECIP_RAINE_30MIN_RAW,Y,False rain
STGHT,2024-04-09 08:30:00,2024-04-09 10:30:00,COSMOS-STGHT-PRECIP_RAINE_30MIN_RAW,Y,False rain
STGHT,2024-04-09 15:00:00,2024-04-09 16:00:00,COSMOS-STGHT-PRECIP_RAINE_30MIN_RAW,Y,False rain
SYDLG,2024-04-05 06:00:00,2024-04-05 08:00:00,COSMOS-SYDLG-PRECIP_RAINE_30MIN_RAW,Y,False rain
SYDLG,2024-04-06 11:00:00,2024-04-06 13:00:00,COSMOS-SYDLG-PRECIP_RAINE_30MIN_RAW,Y,False rain
SYDLG,2024-04-08 09:00:00,2024-04-08 11:00:00,COSMOS-SYDLG-PRECIP_RAINE_30MIN_RAW,Y,False rain
SYDLG,2024-04-08 16:30:00,2024-04-08 19:00:00,COSMOS-SYDLG-PRECIP_RAINE_30MIN_RAW,Y,False rain
SYDLG,2024-04-09 13:00:00,2024-04-09 16:00:00,COSMOS-SYDLG-PRECIP_RAINE_30MIN_RAW,Y,False rain
SYDLG,2024-04-11 20:00:00,2024-04-12 09:00:00,COSMOS-SYDLG-PRECIP_RAINE_30MIN_RAW,Y,False rain
SYDLG,2024-04-14 12:00:00,2024-04-15 04:00:00,COSMOS-SYDLG-PRECIP_RAINE_30MIN_RAW,Y,False rain
SYDLG,2024-04-15 11:30:00,2024-04-15 11:30:00,COSMOS-SYDLG-PRECIP_RAINE_30MIN_RAW,Y,False rain
CARDT,2024-02-20 06:00:00,2024-02-20 09:00:00,COSMOS-CARDT-PRECIP_30MIN_RAW,Y,False rain
CARDT,2024-02-26 03:00:00,2024-02-26 05:00:00,COSMOS-CARDT-PRECIP_30MIN_RAW,Y,False rain
CARDT,2024-02-19 07:00:00,2024-02-19 10:00:00,COSMOS-CARDT-PRECIP_RAINE_30MIN_RAW,Y,False rain
CARDT,2024-02-23 22:00:00,2024-02-25 12:00:00,COSMOS-CARDT-PRECIP_RAINE_30MIN_RAW,Y,False rain
CHIMN,2024-02-18 22:00:00,2024-02-19 10:00:00,COSMOS-CHIMN-PRECIP_RAINE_30MIN_RAW,Y,False rain
CHIMN,2024-02-20 23:00:00,2024-02-21 01:00:00,COSMOS-CHIMN-PRECIP_RAINE_30MIN_RAW,Y,False rain
CHIMN,2024-02-23 05:00:00,2024-02-24 12:00:00,COSMOS-CHIMN-PRECIP_RAINE_30MIN_RAW,Y,False rain
CHOBH,2024-02-16 07:00:00,2024-02-17 11:00:00,COSMOS-CHOBH-PRECIP_RAINE_30MIN_RAW,Y,False rain
CHOBH,2024-02-18 18:00:00,2024-02-20 12:00:00,COSMOS-CHOBH-PRECIP_RAINE_30MIN_RAW,Y,False rain
CHOBH,2024-02-21 17:00:00,2024-02-21 19:00:00,COSMOS-CHOBH-PRECIP_RAINE_30MIN_RAW,Y,False rain
CHOBH,2024-02-22 20:00:00,2024-02-22 22:00:00,COSMOS-CHOBH-PRECIP_RAINE_30MIN_RAW,Y,False rain
CHOBH,2024-02-23 18:00:00,2024-02-23 21:00:00,COSMOS-CHOBH-PRECIP_RAINE_30MIN_RAW,Y,False rain
CHOBH,2024-02-25 08:00:00,2024-02-25 10:00:00,COSMOS-CHOBH-PRECIP_RAINE_30MIN_RAW,Y,False rain
HLACY,2024-02-19 10:00:00,2024-02-20 16:00:00,COSMOS-HLACY-PRECIP_30MIN_RAW,Y,False rain
HLACY,2024-02-23 10:00:00,2024-02-23 15:00:00,COSMOS-HLACY-PRECIP_30MIN_RAW,Y,False rain
HLACY,2024-02-24 11:00:00,2024-02-24 18:00:00,COSMOS-HLACY-PRECIP_30MIN_RAW,Y,False rain
HLACY,2024-02-23 09:00:00,2024-02-23 11:00:00,COSMOS-HLACY-PRECIP_RAINE_30MIN_RAW,Y,False rain
HOLLN,2024-02-20 17:00:00,2024-02-20 20:00:00,COSMOS-HOLLN-PRECIP_RAINE_30MIN_RAW,Y,False rain
HOLLN,2024-02-21 17:00:00,2024-02-21 20:00:00,COSMOS-HOLLN-PRECIP_RAINE_30MIN_RAW,Y,False rain
HOLLN,2024-02-23 03:00:00,2024-02-24 12:00:00,COSMOS-HOLLN-PRECIP_RAINE_30MIN_RAW,Y,False rain
LODTN,2024-02-19 09:00:00,2024-02-20 17:00:00,COSMOS-LODTN-PRECIP_RAINE_30MIN_RAW,Y,False rain
LODTN,2024-02-23 00:00:00,2024-02-23 15:00:00,COSMOS-LODTN-PRECIP_RAINE_30MIN_RAW,Y,False rain
LODTN,2024-02-23 21:00:00,2024-02-26 00:00:00,COSMOS-LODTN-PRECIP_RAINE_30MIN_RAW,Y,False rain
MOREM,2024-02-19 00:00:00,2024-02-27 17:00:00,COSMOS-MOREM-PRECIP_RAINE_30MIN_RAW,Y,False rain (clogged and sudden release)
ROTHD,2024-02-19 00:00:00,2024-02-21 00:00:00,COSMOS-ROTHD-PRECIP_RAINE_30MIN_RAW,Y,False rain events
ROTHD,2024-02-23 20:00:00,2024-02-24 03:00:00,COSMOS-ROTHD-PRECIP_RAINE_30MIN_RAW,Y,False rain events
ROTHD,2024-02-25 09:00:00,2024-02-25 18:00:00,COSMOS-ROTHD-PRECIP_RAINE_30MIN_RAW,Y,False rain events
SHEEP,2024-02-23 15:00:00,2024-02-24 12:00:00,COSMOS-SHEEP-PRECIP_RAINE_30MIN_RAW,Y,False rain
SHEEP,2024-02-24 23:00:00,2024-02-25 12:00:00,COSMOS-SHEEP-PRECIP_RAINE_30MIN_RAW,Y,False rain
STGHT,2024-02-19 07:00:00,2024-02-19 09:00:00,COSMOS-STGHT-PRECIP_RAINE_30MIN_RAW,Y,False rain
STGHT,2024-02-24 00:00:00,2024-02-24 04:00:00,COSMOS-STGHT-PRECIP_RAINE_30MIN_RAW,Y,False rain
STGHT,2024-02-25 00:00:00,2024-02-25 06:00:00,COSMOS-STGHT-PRECIP_RAINE_30MIN_RAW,Y,False rain
WADDN,2024-02-17 05:00:00,2024-02-17 09:00:00,COSMOS-WADDN-PRECIP_RAINE_30MIN_RAW,Y,False rain
WADDN,2024-02-24 00:00:00,2024-02-25 00:00:00,COSMOS-WADDN-PRECIP_RAINE_30MIN_RAW,Y,False rain (clogged and sudden release)
WRTTL,2024-01-19 10:00:00,2024-01-19 13:00:00,COSMOS-WRTTL-PRECIP_RAINE_30MIN_RAW,Y,False rain
WRTTL,2024-01-22 22:00:00,2024-01-23 06:00:00,COSMOS-WRTTL-PRECIP_RAINE_30MIN_RAW,Y,False rain
WRTTL,2024-01-23 20:00:00,2024-01-25 12:00:00,COSMOS-WRTTL-PRECIP_RAINE_30MIN_RAW,Y,False rain
WRTTL,2024-01-26 00:00:00,2024-01-26 02:00:00,COSMOS-WRTTL-PRECIP_RAINE_30MIN_RAW,Y,False rain
CHIMN,2024-02-27 08:00:00,2024-02-28 14:00:00,COSMOS-CHIMN-PRECIP_RAINE_30MIN_RAW,Y,False rain
CHIMN,2024-02-28 22:00:00,2024-02-29 06:00:00,COSMOS-CHIMN-PRECIP_RAINE_30MIN_RAW,Y,False rain
CHIMN,2024-03-02 14:00:00,2024-03-04 11:00:00,COSMOS-CHIMN-PRECIP_RAINE_30MIN_RAW,Y,False rain
CHIMN,2024-03-05 00:00:00,2024-03-10 00:00:00,COSMOS-CHIMN-PRECIP_RAINE_30MIN_RAW,Y,False rain
CHOBH,2024-02-28 19:00:00,2024-02-29 00:00:00,COSMOS-CHOBH-PRECIP_RAINE_30MIN_RAW,Y,False rain
CHOBH,2024-03-03 09:00:00,2024-03-03 11:00:00,COSMOS-CHOBH-PRECIP_RAINE_30MIN_RAW,Y,False rain
CHOBH,2024-03-06 07:00:00,2024-03-06 10:00:00,COSMOS-CHOBH-PRECIP_RAINE_30MIN_RAW,Y,False rain
FINCH,2024-02-23 22:00:00,2024-02-29 00:00:00,COSMOS-FINCH-PRECIP_RAINE_30MIN_RAW,Y,False rain
FINCH,2024-03-02 01:00:00,2024-03-02 08:00:00,COSMOS-FINCH-PRECIP_RAINE_30MIN_RAW,Y,False rain
FINCH,2024-03-04 07:00:00,2024-03-04 10:00:00,COSMOS-FINCH-PRECIP_RAINE_30MIN_RAW,Y,False rain
FINCH,2024-03-05 22:00:00,2024-03-10 00:00:00,COSMOS-FINCH-PRECIP_RAINE_30MIN_RAW,Y,False rain
HARTW,2024-02-25 00:00:00,2024-02-26 00:00:00,COSMOS-HARTW-PRECIP_30MIN_RAW,Y,Suspicious rain
HLACY,2024-02-26 10:00:00,2024-02-26 16:00:00,COSMOS-HLACY-PRECIP_30MIN_RAW,Y,False rain
HLACY,2024-02-27 17:00:00,2024-02-27 19:00:00,COSMOS-HLACY-PRECIP_30MIN_RAW,Y,False rain
HLACY,2024-02-29 19:00:00,2024-02-29 21:00:00,COSMOS-HLACY-PRECIP_RAINE_30MIN_RAW,Y,False rain
HOLLN,2024-02-26 10:00:00,2024-02-27 06:00:00,COSMOS-HOLLN-PRECIP_RAINE_30MIN_RAW,Y,False rain
HOLLN,2024-02-27 22:00:00,2024-02-28 11:00:00,COSMOS-HOLLN-PRECIP_RAINE_30MIN_RAW,Y,False rain
HOLLN,2024-02-28 22:00:00,2024-02-29 00:00:00,COSMOS-HOLLN-PRECIP_RAINE_30MIN_RAW,Y,False rain
HOLLN,2024-02-29 04:30:00,2024-02-29 13:00:00,COSMOS-HOLLN-PRECIP_RAINE_30MIN_RAW,Y,False rain
HOLLN,2024-03-04 05:00:00,2024-03-04 10:00:00,COSMOS-HOLLN-PRECIP_RAINE_30MIN_RAW,Y,False rain
HOLLN,2024-03-05 12:00:00,2024-03-05 15:00:00,COSMOS-HOLLN-PRECIP_RAINE_30MIN_RAW,Y,False rain
HOLLN,2024-03-06 07:00:00,2024-03-06 12:00:00,COSMOS-HOLLN-PRECIP_RAINE_30MIN_RAW,Y,False rain
HOLLN,2024-03-10 12:00:00,2024-03-11 00:00:00,COSMOS-HOLLN-PRECIP_RAINE_30MIN_RAW,Y,False rain
LODTN,2024-02-26 10:00:00,2024-02-27 17:00:00,COSMOS-LODTN-PRECIP_RAINE_30MIN_RAW,Y,False rain
LODTN,2024-02-27 22:00:00,2024-02-28 11:00:00,COSMOS-LODTN-PRECIP_RAINE_30MIN_RAW,Y,False rain
LODTN,2024-02-29 15:00:00,2024-02-29 18:00:00,COSMOS-LODTN-PRECIP_RAINE_30MIN_RAW,Y,False rain
LODTN,2024-03-02 14:30:00,2024-03-09 00:00:00,COSMOS-LODTN-PRECIP_RAINE_30MIN_RAW,Y,False rain
LODTN,2024-03-09 10:00:00,2024-03-09 17:00:00,COSMOS-LODTN-PRECIP_RAINE_30MIN_RAW,Y,False rain
LODTN,2024-03-11 00:00:00,2024-03-11 08:00:00,COSMOS-LODTN-PRECIP_RAINE_30MIN_RAW,Y,False rain
MOREM,2024-02-28 00:00:00,2024-02-28 13:00:00,COSMOS-MOREM-PRECIP_RAINE_30MIN_RAW,Y,False rain
MOREM,2024-02-29 13:00:00,2024-02-29 18:00:00,COSMOS-MOREM-PRECIP_RAINE_30MIN_RAW,Y,False rain
MOREM,2024-03-01 10:00:00,2024-03-02 04:00:00,COSMOS-MOREM-PRECIP_RAINE_30MIN_RAW,Y,False rain
MOREM,2024-03-03 08:00:00,2024-03-07 00:00:00,COSMOS-MOREM-PRECIP_RAINE_30MIN_RAW,Y,False rain
REDHL,2024-02-23 16:00:00,2024-02-24 11:00:00,COSMOS-REDHL-PRECIP_RAINE_30MIN_RAW,Y,False rain events
REDHL,2024-02-24 22:00:00,2024-02-25 02:00:00,COSMOS-REDHL-PRECIP_RAINE_30MIN_RAW,Y,False rain events
REDHL,2024-02-28 08:00:00,2024-02-28 14:00:00,COSMOS-REDHL-PRECIP_RAINE_30MIN_RAW,Y,False rain events
REDHL,2024-03-01 00:00:00,2024-03-01 03:00:00,COSMOS-REDHL-PRECIP_RAINE_30MIN_RAW,Y,False rain events
REDHL,2024-03-02 14:30:00,2024-03-05 00:00:00,COSMOS-REDHL-PRECIP_RAINE_30MIN_RAW,Y,False rain events
REDHL,2024-03-06 00:00:00,2024-03-08 00:00:00,COSMOS-REDHL-PRECIP_RAINE_30MIN_RAW,Y,False rain events
REDHL,2024-03-10 01:00:00,2024-03-10 08:00:00,COSMOS-REDHL-PRECIP_RAINE_30MIN_RAW,Y,False rain events
REDHL,2024-03-11 06:00:00,2024-03-11 12:00:00,COSMOS-REDHL-PRECIP_RAINE_30MIN_RAW,Y,False rain events
ROTHD,2024-02-26 09:00:00,2024-02-27 18:00:00,COSMOS-ROTHD-PRECIP_RAINE_30MIN_RAW,Y,False rain events
ROTHD,2024-02-28 01:00:00,2024-02-28 10:00:00,COSMOS-ROTHD-PRECIP_RAINE_30MIN_RAW,Y,False rain events
ROTHD,2024-02-29 00:00:00,2024-02-29 02:00:00,COSMOS-ROTHD-PRECIP_RAINE_30MIN_RAW,Y,False rain events
ROTHD,2024-03-01 14:00:00,2024-03-01 17:00:00,COSMOS-ROTHD-PRECIP_RAINE_30MIN_RAW,Y,False rain events
ROTHD,2024-03-01 21:00:00,2024-03-02 00:00:00,COSMOS-ROTHD-PRECIP_RAINE_30MIN_RAW,Y,False rain events
ROTHD,2024-03-02 11:30:00,2024-03-04 17:00:00,COSMOS-ROTHD-PRECIP_RAINE_30MIN_RAW,Y,False rain events
ROTHD,2024-03-05 11:00:00,2024-03-09 18:00:00,COSMOS-ROTHD-PRECIP_RAINE_30MIN_RAW,Y,False rain events
ROTHD,2024-03-11 05:00:00,2024-03-11 12:00:00,COSMOS-ROTHD-PRECIP_RAINE_30MIN_RAW,Y,False rain events
SYDLG,2024-02-24 22:00:00,2024-02-25 06:00:00,COSMOS-SYDLG-PRECIP_RAINE_30MIN_RAW,Y,False rain
SYDLG,2024-02-27 04:00:00,2024-02-28 09:00:00,COSMOS-SYDLG-PRECIP_RAINE_30MIN_RAW,Y,False rain
SYDLG,2024-02-28 19:00:00,2024-02-29 02:00:00,COSMOS-SYDLG-PRECIP_RAINE_30MIN_RAW,Y,False rain
SYDLG,2024-03-02 17:00:00,2024-03-04 12:00:00,COSMOS-SYDLG-PRECIP_RAINE_30MIN_RAW,Y,False rain
SYDLG,2024-03-06 07:00:00,2024-03-06 09:00:00,COSMOS-SYDLG-PRECIP_RAINE_30MIN_RAW,Y,False rain
SYDLG,2024-03-09 10:00:00,2024-03-09 14:00:00,COSMOS-SYDLG-PRECIP_RAINE_30MIN_RAW,Y,False rain
WADDN,2024-02-26 15:00:00,2024-02-27 00:00:00,COSMOS-WADDN-PRECIP_RAINE_30MIN_RAW,Y,False rain
WADDN,2024-03-03 00:00:00,2024-03-07 00:00:00,COSMOS-WADDN-PRECIP_RAINE_30MIN_RAW,Y,False rain
WRTTL,2024-02-22 22:00:00,2024-02-23 02:00:00,COSMOS-WRTTL-PRECIP_RAINE_30MIN_RAW,Y,False rain
WRTTL,2024-02-23 20:00:00,2024-02-25 11:00:00,COSMOS-WRTTL-PRECIP_RAINE_30MIN_RAW,Y,False rain
WRTTL,2024-02-26 00:00:00,2024-02-26 02:00:00,COSMOS-WRTTL-PRECIP_RAINE_30MIN_RAW,Y,False rain
WRTTL,2024-03-01 22:00:00,2024-03-02 07:00:00,COSMOS-WRTTL-PRECIP_RAINE_30MIN_RAW,Y,False rain
WRTTL,2024-03-04 07:00:00,2024-03-04 23:30:00,COSMOS-WRTTL-PRECIP_RAINE_30MIN_RAW,Y,False rain
WRTTL,2024-03-05 12:00:00,2024-03-05 15:00:00,COSMOS-WRTTL-PRECIP_RAINE_30MIN_RAW,Y,False rain
CHIMN,2024-03-11 11:00:00,2024-03-11 13:00:00,COSMOS-CHIMN-PRECIP_RAINE_30MIN_RAW,Y,False rain
CHIMN,2024-03-14 12:00:00,2024-03-14 15:00:00,COSMOS-CHIMN-PRECIP_RAINE_30MIN_RAW,Y,False rain
HOLLN,2024-03-12 06:00:00,2024-03-12 10:00:00,COSMOS-HOLLN-PRECIP_RAINE_30MIN_RAW,Y,False rain
LULLN,2024-03-06 06:00:00,2024-03-09 12:00:00,COSMOS-LULLN-PRECIP_RAINE_30MIN_RAW,Y,False rain
MOREM,2024-03-14 15:00:00,2024-03-14 16:00:00,COSMOS-MOREM-PRECIP_RAINE_30MIN_RAW,Y,False rain
MOREM,2024-03-08 12:00:00,2024-03-08 15:00:00,COSMOS-MOREM-PRECIP_30MIN_RAW,Y,False rain
MOREM,2024-03-10 09:30:00,2024-03-10 10:30:00,COSMOS-MOREM-PRECIP_30MIN_RAW,Y,False rain
WADDN,2024-04-14 12:00:00,2024-04-14 14:00:00,COSMOS-WADDN-PRECIP_30MIN_RAW,Y,False rain
WRTTL,2024-04-08 22:00:00,2024-04-09 03:00:00,COSMOS-WRTTL-PRECIP_RAINE_30MIN_RAW,Y,False rain
WRTTL,2024-04-09 11:00:00,2024-04-09 14:00:00,COSMOS-WRTTL-PRECIP_RAINE_30MIN_RAW,Y,False rain
WRTTL,2024-04-10 15:00:00,2024-04-11 10:00:00,COSMOS-WRTTL-PRECIP_RAINE_30MIN_RAW,Y,False rain
BICKL,2024-04-20 06:30:00,2024-04-20 06:30:00,COSMOS-BICKL-PRECIP_RAINE_30MIN_RAW,Y,False rain
BICKL,2024-04-23 10:30:00,2024-04-23 16:30:00,COSMOS-BICKL-PRECIP_RAINE_30MIN_RAW,Y,False rain
BICKL,2024-04-24 10:30:00,2024-04-24 10:30:00,COSMOS-BICKL-PRECIP_RAINE_30MIN_RAW,Y,False rain
BUNNY,2024-04-18 16:30:00,2024-04-18 17:30:00,COSMOS-BUNNY-PRECIP_RAINE_30MIN_RAW,Y,False rain
CHIMN,2024-04-18 06:30:00,2024-04-18 06:30:00,COSMOS-CHIMN-PRECIP_RAINE_30MIN_RAW,Y,False rain
CHIMN,2024-04-19 12:30:00,2024-04-19 12:30:00,COSMOS-CHIMN-PRECIP_RAINE_30MIN_RAW,Y,False rain
CHIMN,2024-04-19 21:30:00,2024-04-19 22:30:00,COSMOS-CHIMN-PRECIP_RAINE_30MIN_RAW,Y,False rain
MOREM,2024-04-18 07:30:00,2024-04-18 09:30:00,COSMOS-MOREM-PRECIP_RAINE_30MIN_RAW,Y,False rain
MOREM,2024-04-18 17:30:00,2024-04-18 19:00:00,COSMOS-MOREM-PRECIP_RAINE_30MIN_RAW,Y,False rain
MOREM,2024-04-20 07:30:00,2024-04-18 09:30:00,COSMOS-MOREM-PRECIP_RAINE_30MIN_RAW,Y,False rain
MOREM,2024-04-23 08:30:00,2024-04-23 15:30:00,COSMOS-MOREM-PRECIP_RAINE_30MIN_RAW,Y,False rain
GLENW,2024-04-22 20:30:00,2099-12-31 23:30:00,COSMOS-GLENW-G1_30MIN_RAW,Y,High spikes (OPEN FLAG)
CGARW,2023-06-30 07:30:00,2099-12-31 23:30:00,COSMOS-CGARW-TDT9_VWC_30MIN_RAW,Y,Flat lining
MORLY,2024-05-09 10:00:00,2024-05-09 10:00:00,COSMOS-MORLY-PA_30MIN_RAW;COSMOS-MORLY-PRECIP_30MIN_RAW,Y,PPM spikes
EUSTN,2024-05-08 11:00:00,2024-05-08 11:00:00,COSMOS-EUSTN-PRECIP_30MIN_RAW,Y,PPM spike
BICKL,2024-06-20 11:30:00,2099-12-31 23:30:00,COSMOS-BICKL-PRECIP_30MIN_RAW,Y,False rain
CRICH,2024-06-20 15:30:00,2024-06-21 01:00:00,COSMOS-CRICH-WS_30MIN_RAW;COSMOS-CRICH-WD_30MIN_RAW,Y,Flat lining
WADDN,2024-04-19 11:30:00,2024-04-19 15:00:00,COSMOS-WADDN-CTS_MOD2_30MIN_RAW,Y,High values
PORTN,2024-08-17 13:00:00,2099-12-31 23:30:00,COSMOS-PORTN-LWOUT_30MIN_RAW,Y,Sensor fault
CHIMN,2024-01-14 14:00:00,2024-01-14 19:00:00,COSMOS-CHIMN-PRECIP_RAINE_30MIN_RAW,Y,False rain
FINCH,2024-01-06 17:00:00,2024-01-06 21:00:00,COSMOS-FINCH-PRECIP_RAINE_30MIN_RAW,Y,False rain
FINCH,2024-01-12 09:00:00,2024-01-12 12:00:00,COSMOS-FINCH-PRECIP_RAINE_30MIN_RAW,Y,False rain
HOLLN,2024-01-13 09:00:00,2024-01-13 13:00:00,COSMOS-HOLLN-PRECIP_RAINE_30MIN_RAW,Y,False rain
WADDN,2024-01-11 23:00:00,2024-01-12 02:00:00,COSMOS-WADDN-PRECIP_RAINE_30MIN_RAW,Y,False rain with noisy bucket level
WADDN,2024-01-14 10:00:00,2024-01-14 19:00:00,COSMOS-WADDN-PRECIP_RAINE_30MIN_RAW,Y,False rain with noisy bucket level
WRTTL,2024-01-14 21:00:00,2024-01-15 03:00:00,COSMOS-WRTTL-PRECIP_RAINE_30MIN_RAW,Y,False rain
BICKL,2024-03-15 14:00:00,2024-03-15 16:00:00,COSMOS-BICKL-PRECIP_RAINE_30MIN_RAW,Y,False rain
BICKL,2024-03-20 20:00:00,2024-03-21 05:00:00,COSMOS-BICKL-PRECIP_30MIN_RAW,Y,False rain
CARDT,2024-03-14 18:00:00,2024-03-14 22:00:00,COSMOS-CARDT-PRECIP_RAINE_30MIN_RAW,Y,False rain
CARDT,2024-03-20 19:00:00,2024-03-20 22:00:00,COSMOS-CARDT-PRECIP_RAINE_30MIN_RAW,Y,False rain
CHIMN,2024-03-15 11:00:00,2024-03-16 10:00:00,COSMOS-CHIMN-PRECIP_RAINE_30MIN_RAW,Y,False rain
CHIMN,2024-03-18 07:00:00,2024-03-18 10:00:00,COSMOS-CHIMN-PRECIP_RAINE_30MIN_RAW,Y,False rain
CHOBH,2024-03-14 10:00:00,2024-03-14 18:00:00,COSMOS-CHOBH-PRECIP_RAINE_30MIN_RAW,Y,False rain
CHOBH,2024-03-15 01:00:00,2024-03-15 20:00:00,COSMOS-CHOBH-PRECIP_RAINE_30MIN_RAW,Y,False rain
CHOBH,2024-03-16 21:00:00,2024-03-16 23:00:00,COSMOS-CHOBH-PRECIP_RAINE_30MIN_RAW,Y,False rain
CHOBH,2024-03-19 09:00:00,2024-03-19 22:00:00,COSMOS-CHOBH-PRECIP_RAINE_30MIN_RAW,Y,False rain
FINCH,2024-03-17 00:00:00,2024-03-17 02:00:00,COSMOS-FINCH-PRECIP_RAINE_30MIN_RAW,Y,False rain
FINCH,2024-03-20 07:00:00,2024-03-20 22:00:00,COSMOS-FINCH-PRECIP_RAINE_30MIN_RAW,Y,False rain
HLACY,2024-03-17 12:00:00,2024-03-17 16:00:00,COSMOS-HLACY-PRECIP_30MIN_RAW,Y,False rain
HLACY,2024-03-18 12:00:00,2024-03-18 15:00:00,COSMOS-HLACY-PRECIP_30MIN_RAW,Y,False rain
HOLLN,2024-03-15 12:00:00,2024-03-15 21:00:00,COSMOS-HOLLN-PRECIP_RAINE_30MIN_RAW,Y,False rain
HOLLN,2024-03-18 09:00:00,2024-03-18 11:00:00,COSMOS-HOLLN-PRECIP_RAINE_30MIN_RAW,Y,False rain
LODTN,2024-03-14 10:00:00,2024-03-14 17:00:00,COSMOS-LODTN-PRECIP_RAINE_30MIN_RAW,Y,False rain
LODTN,2024-03-15 09:00:00,2024-03-15 15:00:00,COSMOS-LODTN-PRECIP_RAINE_30MIN_RAW,Y,False rain
LODTN,2024-03-16 09:00:00,2024-03-16 17:00:00,COSMOS-LODTN-PRECIP_RAINE_30MIN_RAW,Y,False rain
LODTN,2024-03-17 12:00:00,2024-03-17 18:00:00,COSMOS-LODTN-PRECIP_RAINE_30MIN_RAW,Y,False rain
LODTN,2024-03-18 09:00:00,2024-03-18 18:00:00,COSMOS-LODTN-PRECIP_RAINE_30MIN_RAW,Y,False rain
LODTN,2024-03-19 11:00:00,2024-03-19 18:00:00,COSMOS-LODTN-PRECIP_RAINE_30MIN_RAW,Y,False rain
LODTN,2024-03-20 09:00:00,2024-03-20 18:00:00,COSMOS-LODTN-PRECIP_RAINE_30MIN_RAW,Y,False rain
LULLN,2024-03-18 00:00:00,2024-03-20 12:00:00,COSMOS-LULLN-PRECIP_RAINE_30MIN_RAW,Y,False rain
MOREM,2024-03-15 12:00:00,2024-03-16 12:00:00,COSMOS-MOREM-PRECIP_RAINE_30MIN_RAW,Y,False rain
MOREM,2024-03-17 11:00:00,2024-03-17 18:00:00,COSMOS-MOREM-PRECIP_RAINE_30MIN_RAW,Y,False rain
MOREM,2024-03-18 10:00:00,2024-03-18 15:00:00,COSMOS-MOREM-PRECIP_RAINE_30MIN_RAW,Y,False rain
MOREM,2024-03-19 12:00:00,2024-03-19 14:00:00,COSMOS-MOREM-PRECIP_RAINE_30MIN_RAW,Y,False rain
MOREM,2024-03-20 13:00:00,2024-03-20 22:00:00,COSMOS-MOREM-PRECIP_RAINE_30MIN_RAW,Y,False rain
MOREM,2024-03-21 11:00:00,2024-03-21 16:00:00,COSMOS-MOREM-PRECIP_RAINE_30MIN_RAW,Y,False rain
REDHL,2024-03-15 02:00:00,2024-03-15 05:00:00,COSMOS-REDHL-PRECIP_RAINE_30MIN_RAW,Y,False rain events
REDHL,2024-03-20 07:00:00,2024-03-20 09:00:00,COSMOS-REDHL-PRECIP_RAINE_30MIN_RAW,Y,False rain events
ROTHD,2024-03-14 14:00:00,2024-03-14 17:30:00,COSMOS-ROTHD-PRECIP_RAINE_30MIN_RAW,Y,False rain events
ROTHD,2024-03-14 20:30:00,2024-03-14 23:00:00,COSMOS-ROTHD-PRECIP_RAINE_30MIN_RAW,Y,False rain events
ROTHD,2024-03-15 04:00:00,2024-03-16 13:00:00,COSMOS-ROTHD-PRECIP_RAINE_30MIN_RAW,Y,False rain events
ROTHD,2024-03-16 22:00:00,2024-03-17 00:00:00,COSMOS-ROTHD-PRECIP_RAINE_30MIN_RAW,Y,False rain events
ROTHD,2024-03-18 09:00:00,2024-03-18 14:00:00,COSMOS-ROTHD-PRECIP_RAINE_30MIN_RAW,Y,False rain events
ROTHD,2024-03-20 12:00:00,2024-03-20 16:00:00,COSMOS-ROTHD-PRECIP_RAINE_30MIN_RAW,Y,False rain events
SHEEP,2024-03-14 13:00:00,2024-03-14 16:00:00,COSMOS-SHEEP-PRECIP_RAINE_30MIN_RAW,Y,False rain
SHEEP,2024-03-15 02:00:00,2024-03-15 04:00:00,COSMOS-SHEEP-PRECIP_RAINE_30MIN_RAW,Y,False rain
SHEEP,2024-03-15 18:00:00,2024-03-15 22:00:00,COSMOS-SHEEP-PRECIP_RAINE_30MIN_RAW,Y,False rain
SHEEP,2024-03-18 07:00:00,2024-03-18 09:00:00,COSMOS-SHEEP-PRECIP_RAINE_30MIN_RAW,Y,False rain
SHEEP,2024-03-19 12:00:00,2024-03-19 14:00:00,COSMOS-SHEEP-PRECIP_RAINE_30MIN_RAW,Y,False rain
STGHT,2024-03-15 09:00:00,2024-03-15 15:00:00,COSMOS-STGHT-PRECIP_RAINE_30MIN_RAW,Y,False rain
STGHT,2024-03-17 13:30:00,2024-03-17 16:00:00,COSMOS-STGHT-PRECIP_RAINE_30MIN_RAW,Y,False rain
STGHT,2024-03-21 13:00:00,2024-03-21 16:00:00,COSMOS-STGHT-PRECIP_RAINE_30MIN_RAW,Y,False rain
SYDLG,2024-03-17 13:00:00,2024-03-17 16:00:00,COSMOS-SYDLG-PRECIP_RAINE_30MIN_RAW,Y,False rain
SYDLG,2024-03-18 16:00:00,2024-03-18 19:00:00,COSMOS-SYDLG-PRECIP_RAINE_30MIN_RAW,Y,False rain
SYDLG,2024-03-20 06:00:00,2024-03-21 10:00:00,COSMOS-SYDLG-PRECIP_RAINE_30MIN_RAW,Y,False rain
WADDN,2024-03-15 18:00:00,2024-03-15 21:00:00,COSMOS-WADDN-PRECIP_RAINE_30MIN_RAW,Y,False rain
WADDN,2024-03-17 00:00:00,2024-03-17 02:00:00,COSMOS-WADDN-PRECIP_RAINE_30MIN_RAW,Y,False rain
WADDN,2024-03-19 11:00:00,2024-03-19 15:00:00,COSMOS-WADDN-PRECIP_RAINE_30MIN_RAW,Y,False rain
WRTTL,2024-03-15 06:00:00,2024-03-15 08:00:00,COSMOS-WRTTL-PRECIP_RAINE_30MIN_RAW,Y,False rain
WRTTL,2024-03-15 14:00:00,2024-03-15 20:00:00,COSMOS-WRTTL-PRECIP_RAINE_30MIN_RAW,Y,False rain
WRTTL,2024-03-16 20:00:00,2024-03-17 03:00:00,COSMOS-WRTTL-PRECIP_RAINE_30MIN_RAW,Y,False rain
WRTTL,2024-03-19 21:00:00,2024-03-20 00:00:00,COSMOS-WRTTL-PRECIP_RAINE_30MIN_RAW,Y,False rain
CGARW,2023-06-30 07:30:00,2099-12-31 23:30:00,COSMOS-CGARW-TDT9_TSOIL_30MIN_RAW,Y,Flagged to force code to use alternative temperature (TDT10_TSOIL)
