NRFA_ID,RIVER,LOCATION,NAME,COUNTRY_CODE,EASTING,NORTHING,CATCHMENT_AREA,ALTITUDE,LATITUDE,LONGITUDE,OPERATOR_ID,ORGANISATION_ID,OPERATOR_STATION_ID,TEXT_GENERAL,IsPrivate
1001,Wick,Tarroul,Wick at Tarroul,GB-GBN,326202,954915,161.9,13,58.47619578,-3.267060553,SEPA-NW,SEPA,234324,Velocity area station in relatively straight (formalised) section.
2001,Helmsdale,Kilphedir,Helmsdale at Kilphedir,GB-GBN,299839,918163,551.4,17,58.141001016772655,-3.702948431,SEPA-NW,SEPA,234253,Velocity area station; approx. 35m wide river section with flows outflanking cableway on rb at extreme stages.
2002,Brora,Bruachrobie,Brora at Bruachrobie,GB-GBN,289156,903916,434.4,9,58.01055688451239,-3.877565469,SEPA-NW,SEPA,234174,Velocity area station about 40m wide with relatively stable cobble control at the end of the measuring reach.
3001,Shin,Lairg,Shin at Lairg,GB-GBN,258100,906200,494.6,81.7,58.02221772940045,-4.404049056,NSHE,NSHE,,River section between main Loch Shin (HEP) dam and diversion dam at Lairg.
3002,Carron,Sgodachail,Carron at Sgodachail,GB-GBN,249136,892152,241.1,70.7,57.893210590077125,-4.546684917,SEPA-NW,SEPA,234305,"Velocity area station; river section about 35m wide, natural control."
3003,Oykel,Easter Turnaig,Oykel at Easter Turnaig,GB-GBN,240305,900145,330.7,15.6,57.96185039523901,-4.700859695,SEPA-NW,SEPA,234209,Velocity-area station; 40m wide river section.
3004,Cassley,Rosehall,Cassley at Rosehall,GB-GBN,247176,902133,187.79,3.3,57.982100603272116,-4.586149243,SEPA-NW,SEPA,234300,Velocity area station. Stable gabion groyne control adequately gauged to bankfull. Station added to peak flows dataset in August 2025 (WINFAP Files v14).
3005,Shin,Inveran,Shin at Inveran,GB-GBN,257412,897418,575,4.3,57.94318901729586,-4.41038338,SEPA-NW,SEPA,234240,30m wide river section with stable gravel control.
3006,Loch Ailsh,Loch Ailsh,Loch Ailsh at Loch Ailsh,GB-GBN,231577,910138,44.34,154.3,58.04827713420341,-4.855312129,SEPA-NW,SEPA,354613,"Velocity area station, flows measured in the Loch outflow channel, 16m wide. Loch levels are also recorded."
3803,Tirry,Rhian Bridge,Tirry at Rhian Bridge,GB-GBN,255300,916700,64.2,140,58.11553515983921,-4.457873336,SEPA-NW,SEPA,,
3804,Cassley,Intake,Cassley at Intake,GB-GBN,238700,916800,45.1,209,58.110692095614255,-4.739365584,NSHE,NSHE,,Flume operated by Hydro. Board. No regular extraction of daily flows; measurements used to trigger actions on compensation flow clauses.
4001,Conon,Moy Bridge,Conon at Moy Bridge,GB-GBN,248129,854675,961.8,10,57.55657787451826,-4.539965628,SEPA-NW,SEPA,234284,Velocity area station 80m wide river section.
4002,Glass,Redburn,Glass at Redburn,GB-GBN,256600,867200,108.3,160,57.67174957614064,-4.405952174,HRCW,HRCW,,"Compound Crump weir (central crest: 5.467m, flanking crests: 9.736m) for measurement of compensation flows. Installed by Highland Regional Council."
4003,Alness,Alness,Alness at Alness,GB-GBN,265467,869598,201,11.9,57.69601067076329,-4.258760812,SEPA-NW,SEPA,234152,Velocity area station; 20m wide fully contained river section with stable boulder control.
4004,Blackwater,Contin,Blackwater at Contin,GB-GBN,245517,856292,336.7,19.9,57.570202570039434,-4.584599769,SEPA-NW,SEPA,234186,"Velocity area station, 50m wide."
4005,Meig,Glenmeanie,Meig at Glenmeanie,GB-GBN,228649,852780,120.5,120.7,57.53261437310146,-4.863772953,SEPA-NW,SEPA,234227,Velocity area station; 25m wide river section.
4006,Bran,Dosmucheran,Bran at Dosmucheran,GB-GBN,220463,860186,116.1,118.6,57.59587316674564,-5.005770173,SEPA-NW,SEPA,234202,Bare upland peat catchment. Recent tree planting in some area. A few recent small run of river hydro schemes.
4007,Blackwater,Garve,Blackwater at Garve,GB-GBN,239538,861706,289,71,57.61669585064472,-4.68802887,SEPA-NW,SEPA,234225,Velocity area station; 30m wide with gravel control. Flood Warning Site.
4008,Newhall Burn,Newhall Bridge,Newhall Burn at Newhall Bridge,GB-GBN,270225,865187,41,8,57.65781736138843,-4.176626465,SEPA-NW,SEPA,234290,Velocity area station. Concrete covered water pipe crossing river acts as control.
4009,Peffery,Strathpeffer STW,Peffery at Strathpeffer STW,GB-GBN,249292,858688,17.3,36,57.59297853168322,-4.523041478,SEPA-NW,SEPA,234316,"Flat V Crump weir. A secondary weir was constructed approx 15 m downstream of the main weir in June 2013, in order to maintain levels on main weir apron and allow easier fish passage. Previously a limited range secondary velocity area station (for pollution investigation); 2m wide controlled by Armco culvert, gauged by wading."
4010,Meig,Loch Beannacharain,Meig at Loch Beannacharain,GB-GBN,222881,851822,70.92,145,57.52179989,-4.959276044,SEPA-NW,SEPA,473090,Flows measured in 20-40m section in Loch outflow. Levels recorded at the head of the Loch. Silt and gravel control.
4011,Meig,Corrievuic,Meig at Corrievuic,GB-GBN,220290,851010,58.36,158,57.51349505308425,-5.001875619,SEPA-NW,SEPA,472872,Velocity area station in a 20m wide section with gravel control.
4801,Orin,Aultgowrie,Orin at Aultgowrie,GB-GBN,247600,851700,,,57.52970351501499,-4.546932789,,,,
5001,Beauly,Erchless,Beauly at Erchless,GB-GBN,242600,840500,849.5,43.9,57.42749342,-4.623122729,NSHE,NSHE,,Velocity area station in 40m wide section.
5002,Farrar,Struy,Farrar at Struy,GB-GBN,239034,840439,311.3,51.2,57.42569661,-4.682400427,SEPA-NW,SEPA,234321,Velocity area station.
5003,Glass,Kerrow Wood,Glass at Kerrow Wood,GB-GBN,235449,832076,481.8,52.9,57.349376267649795,-4.736427946,SEPA-NW,SEPA,234251,Velocity area station 50m wide with gravel control.
5004,Glass,Fasnakyle,Glass at Fasnakyle,GB-GBN,231526,828751,277.5,80,57.31811086484539,-4.799267449,SEPA-NW,SEPA,234215,Velocity area station 30m wide with gravel control.
5802,Farrar,Loch Beannacharain,Farrar at Loch Beannacharain,GB-GBN,233000,839600,243.5,102,57.415991372628966,-4.78218734,SEPA-NW,SEPA,,
6001,Ness,Ness Castle Farm,Ness at Ness Castle Farm,GB-GBN,263900,841000,1792.3,9.1,57.43886316551899,-4.268994432,NSHE,NSHE,,Velocity area station 3 km south-west of Inverness. Station superseded in 1963 by d/s 6007 (area difference ~ 27 km2).
6002,Foyers,Near Foyers,Foyers at Near Foyers,GB-GBN,249800,820000,277.13,420,57.24596008422086,-4.49084935,NSHE,NSHE,,
6003,Moriston,Invermoriston,Moriston at Invermoriston,GB-GBN,241600,816900,391,35.1,57.21537659086071,-4.624608567,NSHE,NSHE,,Velocity area station. Station closed in 1945.
6004,Garry,Invergarry,Garry at Invergarry,GB-GBN,231600,801100,386,33.5,57.07004524931813,-4.779328025,RFR,RFR,,Velocity area station closed in 1944.
6005,Ness,Dochfour,Ness at Dochfour,GB-GBN,261200,839600,,,57.42548040941744,-4.313140057,NSHE,NSHE,,
6006,Allt Bhlaraidh,Invermoriston,Allt Bhlaraidh at Invermoriston,GB-GBN,237700,816800,27.5,107,57.21311389199681,-4.689043953,NSHE,NSHE,,Compound weir. Station ceased 1962.
6007,Ness,Ness-side,Ness at Ness-side,GB-GBN,264507,842726,1839.1,6.9,57.45453658632078,-4.259846862,SEPA-NW,SEPA,234287,Velocity area station 80m wide. Station added to peak flows dataset in August 2025 (WINFAP Files v14).
6008,Enrick,Mill of Tore,Enrick at Mill of Tore,GB-GBN,245044,829976,105.9,109.4,57.33389583590499,-4.575831221,SEPA-NW,SEPA,234277,Velocity area station; 15m wide river section.
6009,Moriston,Levishie,Moriston at Levishie,GB-GBN,240218,817473,403.1,41.7,57.22003824358326,-4.647834125,SEPA-NW,SEPA,234262,Velocity area station; 40m wide with gravel and boulder control. Flood warning station. Station closed during 2011.
6010,Garry,Craigard,Garry at Craigard,GB-GBN,228985,800709,399,49.3,57.06557357104955,-4.822135967,SEPA-NW,SEPA,234189,Velocity area station; 40m wide with gravel and boulder control. Flood warning station. Station closed during 2011.
6011,Tarff,Ardachy Bridge,Tarff at Ardachy Bridge,GB-GBN,237989,807473,75.9,33.1,57.12952379994588,-4.678201018,SEPA-NW,SEPA,234155,Velocity area station 25m wide; bedrock and boulder control.
6012,Enrick,White Bridge,Enrick at White Bridge,GB-GBN,239190,830158,56.2,144.1,57.33350179194762,-4.673080304,SEPA-NW,SEPA,355980,Open channel section with gravel control. Station added to peak flows dataset in October 2018 (WINFAP Files v7).
6013,Mill Burn,Dirriebught House,Mill Burn at Dirriebught House,GB-GBN,267753,845238,9.22,11.2,57.47804171542415,-4.207153086,SEPA-NW,SEPA,234200,Open channel section 2-3m wide with weir control.
6804,Loch Ness,Abbey Fort Augustus,Loch Ness at Abbey Fort Augustus,GB-GBN,238200,809200,,,57.145094904813334,-4.675838226,,,,
6805,Loch Garry,Loch Garry,Loch Garry at Loch Garry,GB-GBN,227600,802300,,,57.07933182443123,-4.846040002,,,,
6806,Loch Quoich,Loch Quoich,Loch Quoich at Loch Quoich,GB-GBN,233000,803000,,,57.08760315524274,-4.757531604,,,,
6807,Loch Quoich,Glenquoich Lodge,Loch Quoich at Glenquoich Lodge,GB-GBN,203500,802500,128.2,,57.071473239411276,-5.243140077,,,,
6808,Allt Graidhe,Fort Augustus,Allt Graidhe at Fort Augustus,GB-GBN,234800,807300,2.7,45,57.12683609941104,-4.730704384,SEPA-NW,SEPA,,Secondary gauging station.
6809,Allt Bhuruisgidh,Ceannacroc,Allt Bhuruisgidh at Ceannacroc,GB-GBN,221800,812900,11.2,232,57.172217999217324,-4.949148398,SEPA-NW,SEPA,,Secondary gauging station. Station closed.
7001,Findhorn,Shenachie,Findhorn at Shenachie,GB-GBN,282558,833548,415.6,252.4,57.37717427424689,-3.954818375,SEPA-NW,SEPA,234306,"Velocity area station; ; 50m wide river section. Prior to January 1978, station located 700m u/s and cableway 500m d/s of present site; spot gauging info for this site not available - hence less confidence in this period. Catchment nested within that of 7002."
7002,Findhorn,Forres,Findhorn at Forres,GB-GBN,301853,858387,781.9,9.6,57.60477144,-3.644084974,SEPA-NW,SEPA,234221,Velocity area station; 50m wide river section.
7003,Lossie,Sheriffmills,Lossie at Sheriffmills,GB-GBN,319402,862632,216,17.7,57.64636932,-3.351933197,SEPA-NW,SEPA,234307,"Velocity area station; about 23m wide section. Flood warning station. Levels recorded from 20/06/58, Gaugings from 01/10/63. Station was moved upstream by 150m from 08/09/78. Old site had no bypassing problems (peak flow record is good) and had a stable rating."
7004,Nairn,Firhall,Nairn at Firhall,GB-GBN,288238,855059,313,7.2,57.57172583185657,-3.870258197,SEPA-NW,SEPA,234218,"Velocity area station, 20m wide."
7005,Divie,Dunphail,Divie at Dunphail,GB-GBN,300541,848032,165,117.3,57.5115103,-3.661788591,SEPA-NW,SEPA,234206,Velocity area station 15m wide.
7006,Lossie,Torwinny,Lossie at Torwinny,GB-GBN,313442,848903,20,198.5,57.52198311881098,-3.446843607,SEPA-NW,SEPA,234326,"Velocity area station, about 4m wide. Flood warning station. Removed from peak flows dataset in October 2018 (WINFAP Files v7)."
7007,Black Burn,Monaughty,Black Burn at Monaughty,GB-GBN,315474,858170,44,49,57.60558202199269,-3.416156654,SEPA-NW,SEPA,234281,Velocity area station constructed approx 250m u/s of road bridge in 1999. Control is an old weir. Flood warning station. Station closed during 2012.
7008,Nairn,Balnafoich,Nairn at Balnafoich,GB-GBN,268563,835166,128.1,175,57.38787076034544,-4.188250627,SEPA-NW,SEPA,206846,Velocity area station; 10m wide with new concrete bridge invert control. Station added to peak flows dataset in October 2018 (WINFAP Files v7).
7009,Mosset Burn,Wardend Bridge,Mosset Burn at Wardend Bridge,GB-GBN,303930,855845,28.3,45,57.58239452831248,-3.608335456,SEPA-NW,SEPA,234331,Velocity area station used as flood warning station for the town of Forres (3 km d/s); Mosset Burn lies between Findhorn and Lossie and enters the sea at Findhorn Bay. Station added to peak flows dataset in August 2024 (WINFAP Files v13).
7010,Muckle Burn,Brodie,Muckle Burn at Brodie,GB-GBN,297947,857111,80.68,22.3,57.59244807170758,-3.708879044,SEPA-NW,SEPA,234173,Open channel section 8m wide with gravel control. Station added to peak flows dataset in October 2018 (WINFAP Files v7).
7011,Black Burn,Pluscarden Abbey,Black Burn at Pluscarden Abbey,GB-GBN,314443,857510,36.37,53.9,57.59946105690977,-3.433170479,SEPA-NW,SEPA,486057,Open channel section with gravel control. Station added to peak flows dataset in October 2018 (WINFAP Files v7).
7012,Lossie,Ballachraggan,Lossie at Ballachraggan,GB-GBN,313174,849606,31.6,,57.52824439932163,-3.45156742,SEPA-NW,SEPA,516803,"Velocity area station, opened to replace Torwinny gauging station (7006). Station added to peak flows dataset in August 2024 (WINFAP Files v13)."
7803,Divie,Beachans,Divie at Beachans,GB-GBN,302500,846100,,,57.494589402783625,-3.628331934,SEPA-NW,SEPA,,
7804,Mosset Burn,Burdshaugh,Mosset Burn at Burdshaugh,GB-GBN,303700,858200,46,17,57.60349060554843,-3.613116383,SEPA-NW,SEPA,,
8001,Spey,Aberlour,Spey at Aberlour,GB-GBN,327785,843972,2654.7,78.6,57.48021803750891,-3.20597515,SEPA-NW,SEPA,234150,Velocity area station about 45 m wide. Removed from peak flows dataset in September 2019 (WINFAP Files v8).
8002,Spey,Kinrara,Spey at Kinrara,GB-GBN,288099,808201,1011.7,210.4,57.15100242446791,-3.85126692,SEPA-NW,SEPA,234257,Velocity area station about 50m wide. Station is 5km d/s of confluence with the River Feshie.
8003,Spey,Ruthven Bridge,Spey at Ruthven Bridge,GB-GBN,275900,799600,533.8,221,57.07065239632335,-4.048499162,SEPA-NW,SEPA,,Velocity area station with some of the catchment controlled for HEP. Station closed 1973.
8004,Avon,Delnashaugh,Avon at Delnashaugh,GB-GBN,318548,835197,542.8,156,57.39985122,-3.357051611,SEPA-NW,SEPA,234198,"Velocity area station with cableway. Station control washed away during August 2014 spate, as a result station relocated 20m upstream on 21/05/2016."
8005,Spey,Boat of Garten,Spey at Boat of Garten,GB-GBN,294691,819208,1267.8,197.3,57.25139174220633,-3.74702871,SEPA-NW,SEPA,234168,Velocity area station. Station re-located d/s of road bridge.
8006,Spey,Boat o Brig,Spey at Boat o Brig,GB-GBN,331850,851788,2861.2,43.1,57.55104113816047,-3.140388046,SEPA-NW,SEPA,234167,Velocity area station 65m wide. Cableway rated. Lowest station currently operating on the Spey.
8007,Spey,Invertruim,Spey at Invertruim,GB-GBN,268761,796425,400.4,242.5,57.04017176150634,-4.164494821,SEPA-NW,SEPA,234248,"Velocity area station, 45m wide Cableway rated. Highest station on the Spey. Station re-built in May 2000."
8008,Tromie,Tromie Bridge,Tromie at Tromie Bridge,GB-GBN,278926,799629,130.3,240,57.071718491281196,-3.998638201,SEPA-NW,SEPA,234327,"Velocity area station, about 15m wide. Cableway rated. Station closed in 2010. No significant catchment changes."
8009,Dulnain,Balnaan Bridge,Dulnain at Balnaan Bridge,GB-GBN,297722,824763,272.2,223.7,57.30195759205744,-3.699115381,SEPA-NW,SEPA,234163,Velocity area station about 22m wide. Flood warning station.
8010,Spey,Grantown,Spey at Grantown,GB-GBN,303282,826785,1748.8,192.5,57.32132619956175,-3.607673061,SEPA-NW,SEPA,234229,Velocity area station about 60m wide.
8011,Livet,Minmore,Livet at Minmore,GB-GBN,320160,829003,104,215.1,57.34451355710817,-3.32822296,SEPA-NW,SEPA,234279,Velocity area station about 13m wide.
8013,Feshie,Feshie Bridge,Feshie at Feshie Bridge,GB-GBN,284986,804711,231,231.9,57.11889937011284,-3.901082907,SEPA-NW,SEPA,234217,"Velocity area station with a boulder control. Old station, 0.5km upstream operated between 1951-1975 (no flow data published). Station added to peak flows dataset in September 2019 (WINFAP Files v8)."
8015,Fiddich,Auchindoun,Fiddich at Auchindoun,GB-GBN,335500,839950,44.5,177.5,57.445261132478606,-3.076277968,SEPA-NW,SEPA,234158,"Velocity area station on deep, wide pool. Rock bar provides control. Station closed in November 2010 due to long-term hydrometric issues and should be treated with caution."
8016,Conglass Water,Auchriachan,Conglass Water at Auchriachan,GB-GBN,317550,819120,40.8,335,57.25529694875838,-3.368275215,SEPA-NW,SEPA,,"Straight, steep reach with gauge located on a pool. Low flow control provided by kerb stones built into bed (summer 1991). Post-gauge installed 1974 for resource monitoring; continuous recording 1/8/92 - 31/8/95. Station abandoned due to floods of Sep 1995."
8017,Burn of Carron,Dailuaine,Burn of Carron at Dailuaine,GB-GBN,323680,841545,15.2,100,57.45774970787658,-3.273656396,SEPA-NW,SEPA,,Velocity area station established to support pollution monitoring. Station closed Apr 1994.
8018,Avon,Tomintoul,Avon at Tomintoul,GB-GBN,316151,817523,185,307.1,57.24070096568079,-3.390915878,SEPA-NW,SEPA,234325,Velocity area station. Station closed during 2003.
8019,Water of Ailnack,Delnabo,Water of Ailnack at Delnabo,GB-GBN,316139,817068,48,316,57.23661276126378,-3.390960724,SEPA-NW,SEPA,,
8021,Nethy,Forest Lodge,Nethy at Forest Lodge,GB-GBN,302232,816015,38.8,291,57.22439601255166,-3.620844727,SEPA-NW,SEPA,234220,"Secondary, velocity area station. Natural control. Station closed during 2009."
8807,Spey,Laggan Bridge,Spey at Laggan Bridge,GB-GBN,261400,794300,220.2,243,57.01894333483287,-4.284528762,ALCAN,ALCAN,,Velocity-area station. From 1944 a broad crest weir measures compensation and flood flows from Spey and Mashie Dams.
9001,Deveron,Avochie,Deveron at Avochie,GB-GBN,353217,846431,441.6,81.8,57.50564632618678,-2.78237795,SEPA-NW,SEPA,234161,"Velocity area station, about 35 m wide."
9002,Deveron,Muiresk,Deveron at Muiresk,GB-GBN,370551,849833,954.9,25.3,57.53766590651705,-2.493533356,SEPA-NW,SEPA,234286,"Velocity area station, about 38m wide."
9003,Isla,Grange,Isla at Grange,GB-GBN,349350,850614,176.1,91.7,57.54279920168811,-2.847775041,SEPA-NW,SEPA,234228,"Velocity area station, about 17m wide."
9004,Bogie,Redcraig,Bogie at Redcraig,GB-GBN,351934,837440,179,120,57.42475755503483,-2.802015373,SEPA-NW,SEPA,234298,Velocity area station about 17m wide.
9005,Allt Deveron,Cabrach,Allt Deveron at Cabrach,GB-GBN,337839,829102,67,288,57.348159991700264,-3.03456584,SEPA-NW,SEPA,234176,The station has been in operation since 1948 and SEPA digital records begin at 29/01/1990. The pre-1990 record exists as paper charts from a clockwork recorder. Station added to peak flows dataset in August 2024 (WINFAP Files v13).
9006,Deskford Burn,Cullen,Deskford Burn at Cullen,GB-GBN,350418,866670,46.5,15,57.68712294441606,-2.833230846,SEPA-NW,SEPA,234192,Representative site for Banff coastal streams. 8m wide section above old mill weir. Station added to peak flows dataset in September 2020 (WINFAP Files v9).
9007,Forgue Burn,Inverkeithny,Forgue Burn at Inverkeithny,GB-GBN,362715,846967,88.3,51,57.51134404310582,-2.623967756,SEPA-NW,SEPA,,"10m wide pool with gravel control, gaining stability after ceasing to be used as an agricultural ford. Originally a daily-read post-gauge (records from 1974) converted to continuous recording Apr 1990. Station abandoned due to damage caused by floods of Sep 1995."
9008,Burn of Boyne,Scotsmill,Burn of Boyne at Scotsmill,GB-GBN,360750,865070,53,31,57.673774669266464,-2.659700813,SEPA-NW,SEPA,234303,"Velocity area station with natural control. Opened 21/12/1999 to obtain data on a fairly small coastal catchment. Good for comparison with 9003 and 9006. Station closed in July 2011 due to long-term hydrometric issues and should be treated with caution, especially at high flows."
9009,Idoch Water,Turriff,Idoch Water at Turriff,GB-GBN,372471,849379,95,34.1,57.53370934,-2.461413861,SEPA-NW,SEPA,234329,Velocity area station. Station closed during 2011.
9010,Deveron,Huntly,Deveron at Huntly,GB-GBN,351641,840809,225.49,117.5,57.45498573834192,-2.807560272,SEPA-NW,SEPA,369548,20m open channel with full cableway. Gravel boulder and rock control. Station added to peak flows dataset in September 2019 (WINFAP Files v8).
9801,Allt Deveron,Kingsford Bridge,Allt Deveron at Kingsford Bridge,GB-GBN,337800,829100,67,288,57.348136700468494,-3.035213271,GRWD,GRWD,,
10001,Ythan,Ardlethen,Ythan at Ardlethen,GB-GBN,392436,830912,448.1,7.5,57.368607536294626,-2.127403848,SEPA-NE,SEPA,,"Velocity area station, about 17m wide. Station closed in Dec 1982 and replaced by 10003 (Ellon), 2.5km d/s. Station demolished in 1985."
10002,Ugie,Inverugie,Ugie at Inverugie,GB-GBN,410113,848516,325,8.5,57.52669114461923,-1.832792327,SEPA-NE,SEPA,234249,Velocity area station; section about 30m wide.
10003,Ythan,Ellon,Ythan at Ellon,GB-GBN,394684,830370,523,3.8,57.36377126704415,-2.090017336,SEPA-NE,SEPA,234210,"Velocity area station with natural control; about 18m wide. Replacement for 10001 (2.5km u/s, 1965-1983, chart records back to 1939)."
10031,South Ugie Water,Mintlaw,South Ugie Water at Mintlaw,GB-GBN,400123,846879,104.7,29,57.512097220881884,-1.999601393,SEPA-NE,SEPA,234280,Station closed in 2004 due to long-term hydrometric issues.
11001,Don,Parkhill,Don at Parkhill,GB-GBN,388770,814190,1273,32.4,57.21832145039589,-2.18758646,SEPA-NE,SEPA,234292,"Velocity area station, about 37m wide section. Lowest gauging station on the Don."
11002,Don,Haughton,Don at Haughton,GB-GBN,375677,820150,787,55,57.271346753845066,-2.404963943,SEPA-NE,SEPA,234235,Velocity area station; about 40m wide.
11003,Don,Bridge of Alford,Don at Bridge of Alford,GB-GBN,356818,817072,499,133.2,57.24230293191795,-2.717123058,SEPA-NE,SEPA,234170,"Velocity area station, one of four stations on the River Don. Culfork is the most upstream, then Alford, with Haughton and Parkhill further downstream."
11004,Urie,Pitcaple,Urie at Pitcaple,GB-GBN,372104,825981,198,67.4,57.323518778236235,-2.464869562,SEPA-NE,SEPA,234293,Velocity area station about 16m wide. Station replaced 11801. Removed from Peak Flow Dataset in August 2021 (WINFAP Files v10).
11005,Don,Mill of Newe,Don at Mill of Newe,GB-GBN,337027,812058,187,267,57.19497053881385,-3.043715325,SEPA-NE,SEPA,,Velocity-area station with complex weir of unorthodox design. Principally a low flow station. Closed on 9/6/94.
11006,Don,Culfork,Don at Culfork,GB-GBN,332985,810480,103.4,301,57.18022426122559,-3.110163184,SEPA-NE,SEPA,234191,Velocity area station.
11801,Urie,Urieside,Urie at Urieside,GB-GBN,377100,822900,239,51.7,57.29612277605448,-2.381624197,GRWD,GRWD,,
12001,Dee,Woodend,Dee at Woodend,GB-GBN,363482,795613,1370,70.5,57.050129088997984,-2.603567171,SEPA-NE,SEPA,234333,"Velocity area station; about 60m wide section. Flow records for Woodend are an amalgamation from two different stations. Present station (built in 1972) replaced earlier station (Cairnton, located approx. 1 mile d/s from Woodend at an abstraction point - some daily staff readings from 1911, continuous flow records from 1929, chart records from 1934) on same reach. C/m measurements at Woodend initiated by Capt. McClean. Cairnton continued operating until the end of 1984."
12002,Dee,Park,Dee at Park,GB-GBN,379739,798317,1844,22.6,57.075423991117916,-2.335825152,SEPA-NE,SEPA,234291,Velocity area station; section about 50m wide.
12003,Dee,Polhollick,Dee at Polhollick,GB-GBN,334395,796531,690,216.7,57.05514628,-3.083180727,SEPA-NE,SEPA,234294,"Velocity area station, about 52m wide section."
12004,Girnock Burn,Littlemill,Girnock Burn at Littlemill,GB-GBN,332248,795485,30.3,245.4,57.04544066290427,-3.118285689,SEPA-NE,SEPA,234265,Velocity area station. Transferred to NERPB in July 1994. No records of earlier ratings or gaugings. Important catchment for fishery research. Station closed during 2011.
12005,Muick,Invermuick,Muick at Invermuick,GB-GBN,336423,794759,110,200.7,57.03951542940381,-3.049305031,SEPA-NE,SEPA,234247,"Velocity area station, about 20m wide."
12006,Gairn,Invergairn,Gairn at Invergairn,GB-GBN,335231,797050,150,217.7,57.05992612706319,-3.069535417,SEPA-NE,SEPA,234243,Velocity area station with cableway; about 15m wide section.
12007,Dee,Mar Lodge,Dee at Mar Lodge,GB-GBN,309788,789522,289,331.9,56.98804048399086,-3.486197878,SEPA-NE,SEPA,234274,"Velocity area station, about 45m wide. Highest gauging station on the Dee."
12008,Feugh,Heugh Head,Feugh at Heugh Head,GB-GBN,368703,792800,229,69,57.025245684844755,-2.517160942,SEPA-NE,SEPA,234237,"Velocity area station, about 20m wide."
12009,Water of Dye,Charr,Water of Dye at Charr,GB-GBN,362411,783457,41.7,239,56.94084905403977,-2.61940232,SEPA-NE,SEPA,234183,"Compound critical-depth flume (constructed by Grampian Regional Council, repaired in 1983)."
12010,Tarland,Aboyne,Tarland at Aboyne,GB-GBN,353320,798736,71.6,121,57.07726162,-2.771636943,SEPA-NE,SEPA,302205,"Velocity area station opened in 2003. Narrow channel with fairly steep sides and natural control. Lots of research activity in the catchment, also flooding problems. Station closed during 2011 due to hydrometric and instrument issues."
12801,Glen Dye,Bridge of Dye,Glen Dye at Bridge of Dye,GB-GBN,365100,786100,,231.4,56.96480183497566,-2.575577014,GRWD,GRWD,,Low flow flume set in broad crested weir.
12802,Dee,Balmoral,Dee at Balmoral,GB-GBN,326200,794800,,,57.03835902,-3.21773996,,,,
12803,Dee,Dinnet,Dee at Dinnet,GB-GBN,346700,798300,,,57.07262540897291,-2.880729865,,,,
12804,Dee,Cults,Dee at Cults,GB-GBN,,,,,,,,,,
13001,Bervie,Inverbervie,Bervie at Inverbervie,GB-GBN,382648,773370,123,70,56.85144054973192,-2.286119466,SEPA-NE,SEPA,234241,"Velocity area station, about 10m wide."
13002,Luther Water,Luther Bridge,Luther Water at Luther Bridge,GB-GBN,365893,767045,138,24.5,56.79369079146695,-2.559970203,SEPA-NE,SEPA,14928,Velocity area station 10m wide. Stable bedrock control at low flows.
13003,South Esk,Stannochy Bridge,South Esk at Stannochy Bridge,GB-GBN,358364,759176,487,29,56.72238988500542,-2.681932763,SEPA-NE,SEPA,,
13004,Prosen Water,Prosen Bridge,Prosen Water at Prosen Bridge,GB-GBN,339574,758549,104,109.3,56.71469975152963,-2.988763616,SEPA-NE,SEPA,14915,Velocity area station 16m wide. Fairly stable rock and boulder control.
13005,Lunan Water,Kirkton Mill,Lunan Water at Kirkton Mill,GB-GBN,365466,749433,124,8.6,56.63544716541235,-2.564584061,SEPA-NE,SEPA,14923,Velocity area station 6m wide. Control at low and medium flows is unstable gravel bed.
13007,North Esk,Logie Mill,North Esk at Logie Mill,GB-GBN,369940,764029,732,10.6,56.76687729192187,-2.49336545,SEPA-NE,SEPA,14927,"Compound Crump profile fibreglass weir, width 41m."
13008,South Esk,Brechin,South Esk at Brechin,GB-GBN,359962,759665,488,18,56.72692274876666,-2.655900442,SEPA-NE,SEPA,14917,"Velocity area station 20m wide. Supersedes 13003, Stannochy Bridge (1979-82), 3km u/s."
13009,West Water,Dalhouse Bridge,West Water at Dalhouse Bridge,GB-GBN,359152,768050,127.2,49.2,56.80217438918268,-2.670477803,SEPA-NE,SEPA,14925,Velocity area station 20m wide.
13010,Brothock Water,Arbroath,Brothock Water at Arbroath,GB-GBN,363954,741852,50,8,56.56723030549623,-2.588171679,SEPA-NE,SEPA,14922,"Station opened as part of Arbroath flood warning scheme, launched winter 1993/94. Station is located on straight reach, immediately u/s of road bridge."
13012,South Esk,Gella Bridge,South Esk at Gella Bridge,GB-GBN,337278,765336,130.64,232,56.77535830968165,-3.027929271,SEPA-NE,SEPA,14916,"Velocity area station located on straight reach between bridges. Bed and control are mixture of large boulders, sand and bedrock. Opened in Dec 1990 as part of South Esk Flood Warning Scheme, although data prior to Jan 1992 still to be obtained. Old arched bridge on upstream side of station started to collapse in Aug 2007. It was demolished shortly after, but the vertical walls remain which are higher than the top of ramp (2.3m), therefore not impacting the rating. Station added to peak flows dataset in August 2025 (WINFAP Files v14)."
13017,Colliston Burn,Colliston,Colliston Burn at Colliston,GB-GBN,360946,746641,8.4,39,56.61000990440339,-2.637841071,SEPA-NE,SEPA,14921,Velocity area station installed in Oct 1993 as part of flood warning scheme for Arbroath. Tipping bucket raingauge installed at site in Oct 1994.
13801,Brothock Water,Arbroath,Brothock Water at Arbroath,GB-GBN,364168,740907,50,4.2,56.55875743382548,-2.584558551,SEPA-NE,SEPA,,All data and metadata held against station 13010.
13802,North Esk,North Water Bridge,North Esk at North Water Bridge,GB-GBN,364900,766200,554,24,56.786026058007195,-2.57610888,SEPA-NE,SEPA,,
14001,Eden,Kemback,Eden at Kemback,GB-GBN,341452,715796,307.4,6.2,56.33090339043905,-2.948443004,SEPA-NE,SEPA,14929,"Velocity area station, about 15m wide."
14002,Dighty Water,Balmossie Mill,Dighty Water at Balmossie Mill,GB-GBN,347644,732508,126.9,16.1,56.48175496315123,-2.851665391,SEPA-NE,SEPA,14919,Velocity Area station 9m wide. Station added to peak flows dataset in August 2024 (WINFAP Files v13).
14005,Motray Water,St Michaels,Motray Water at St Michaels,GB-GBN,344033,722381,60,19,56.39036908842829,-2.90811424,SEPA-NE,SEPA,14930,"Velocity area station, 4m wide."
14006,Monikie Burn,Panbride,Monikie Burn at Panbride,GB-GBN,357400,736101,16,16,56.51501741,-2.693868841,SEPA-NE,SEPA,,"Velocity area station, 2.5m wide. Railway sleepers form the low flow control. Station opened for spray irrigation monitoring. Closed 12/1992 due to scour below railway sleeper control."
14007,Craigmill Burn,Craigmill,Craigmill Burn at Craigmill,GB-GBN,357606,735810,29,10.5,56.51242193065797,-2.690474,SEPA-NE,SEPA,14920,"Velocity area station, 5m wide. Station closed during 2010."
14009,Eden,Strathmiglo,Eden at Strathmiglo,GB-GBN,322508,710163,26,47.8,56.27758354160387,-3.253078067,SEPA-NE,SEPA,14931,Velocity area station.
14010,Motray Water,Kilmany,Motray Water at Kilmany,GB-GBN,338710,721631,33,22,56.38297065547891,-2.994143071,SEPA-NE,SEPA,14932,Station established to monitor spray irrigation abstractions in fertile area of NE Fife. Station closed during 2010.
14801,Eden,Gateside,Eden at Gateside,GB-GBN,318300,708900,21,80.2,56.26553298860923,-3.320625829,SEPA-NE,SEPA,,
14802,Eden,Pitlessie,Eden at Pitlessie,GB-GBN,332800,709700,155,33.9,56.274995292122014,-3.086781956,SEPA-NE,SEPA,,
15001,Isla,Forter,Isla at Forter,GB-GBN,318700,764700,70.7,285,56.76677088024998,-3.331634015,TRWS,TRWS,,"Compound standing-wave flume, 4km NNW of Kirkton of Glenisla."
15002,Newton Burn,Newton,Newton Burn at Newton,GB-GBN,323000,760500,15.4,256,56.72978018,-3.260044753,TRWS,TRWS,,A compound sharp-edged weir with three crests; about 16m wide overall. 2km above the confluence with the River Isla.
15003,Tay,Caputh,Tay at Caputh,GB-GBN,308289,739575,3210,35.6,56.53919736199632,-3.492942528,SEPA-NE,SEPA,14936,"Velocity area station, about 95m wide. Original station (with bridge control) was moved u/s in 1975. Flows at the old station were all contained."
15004,Inzion,Loch of Lintrathen,Inzion at Loch of Lintrathen,GB-GBN,328000,755900,24.7,199,56.68926343366386,-3.177057589,TRWS,TRWS,,Compound sharp-edged weir about 9m wide situated 265m above the Loch of Linthrathen.
15005,Melgan,Loch of Lintrathen,Melgan at Loch of Lintrathen,GB-GBN,327500,755800,40.9,212,56.688287862683254,-3.185190205,TRWS,TRWS,,"Compound sharp-crested weir, 11.8m wide about 700m above Loch Lintrathan."
15006,Tay,Ballathie,Tay at Ballathie,GB-GBN,314750,736680,4587.1,26.2,56.51441409464888,-3.386963997,SEPA-NE,SEPA,14937,Velocity area station with cableway; 90m wide. The most d/s station on the Tay which records the highest gauged daily flow in the UK.
15007,Tay,Pitnacree,Tay at Pitnacree,GB-GBN,292403,753411,1149.4,60.7,56.66006823277835,-3.756901355,SEPA-NE,SEPA,14935,"Velocity area station, about 90m wide."
15008,Dean Water,Cookston,Dean Water at Cookston,GB-GBN,334048,747954,177.1,45.1,56.618785260025426,-3.076304876,SEPA-NE,SEPA,14943,"Velocity area station, about 10m wide."
15010,Isla,Wester Cardean,Isla at Wester Cardean,GB-GBN,329426,746595,366.5,41.5,56.60590453704221,-3.151232699,SEPA-NE,SEPA,14944,"Velocity area station, about 25m wide. Removed from Peak Flow Dataset in August 2021 (WINFAP Files v10)."
15011,Lyon,Comrie Bridge,Lyon at Comrie Bridge,GB-GBN,278529,748684,391.1,92.1,56.61422919929283,-3.980864762,SEPA-NE,SEPA,14951,"Velocity area station 40m wide. Upgraded from pressure recorder (installed 1972, start of peak flows) to full network status in 1983. Station added to peak flows dataset in October 2018 (WINFAP Files v7)."
15012,Tummel,Pitlochry,Tummel at Pitlochry,GB-GBN,294718,757417,1670,74,56.69656769855037,-3.720794933,SEPA-NE,SEPA,14963,Velocity area station below Faskally Dam. Used for flood warning. Original site 15804 Balinluig (1720 sq.km) moved 8km u/s to 15012 Port-na-craig (1649 sq.km) in 1978. Port-na-craig formally superseded by Pitlochry (1670 sq.km) 700m d/s on 11/4/95 but station number 15012 retained.
15013,Almond,Almondbank,Almond at Almondbank,GB-GBN,306715,725811,174.8,20.4,56.41527514727592,-3.513598441,SEPA-NE,SEPA,14954,Control and bank instability and various engineering works have impacted the performance since 2008. From around 2008 there was bank erosion on the right bank opposite the stilling well hut and there was further washing out of the old stone mill weir that is located downstream of station and downstream confluence of East Pow. Flood protection works (phase 1) were on going from circa 2010 to repair bank erosion and weir. Weir was rebuilt to include fish pass. Flood Protection work ongoing since 2016 (phase 2).
15014,Ardle,Kindrogan,Ardle at Kindrogan,GB-GBN,305619,763026,103,248,56.74926971043114,-3.544931353,SEPA-NE,SEPA,14955,Velocity area station 14m wide.
15015,Almond,Newton Bridge,Almond at Newton Bridge,GB-GBN,289228,731341,84,210.7,56.46115138494515,-3.79923443,SEPA-NE,SEPA,14953,Velocity area station 15m wide.
15016,Tay,Kenmore,Tay at Kenmore,GB-GBN,278214,746706,600.9,100.4,56.59638814212219,-3.985061777,SEPA-NE,SEPA,8295,"Velocity area station, about 60m wide."
15017,Braan,Ballinloan,Braan at Ballinloan,GB-GBN,297913,740557,197,152.3,56.54587494,-3.661979686,SEPA-NE,SEPA,,Velocity area station. Superseded by d/s 15023 (area difference 13 km2).
15018,Lyon,Moar,Lyon at Moar,GB-GBN,253400,744800,161.4,244,56.57217765088244,-4.387748941,NSHE,NSHE,,River section 2km u/s of Meggernie Castle.
15021,Lunan Burn,Mill Bank,Lunan Burn at Mill Bank,GB-GBN,318095,740023,94,35,56.54503403228379,-3.333677785,SEPA-NE,SEPA,14945,"Velocity area station, 7.5m wide."
15023,Braan,Hermitage,Braan at Hermitage,GB-GBN,301320,742158,210,52.6,56.56098088967724,-3.607201732,SEPA-NE,SEPA,8402,"Velocity area station, 30m wide. Supersedes Ballinloan (15017) 5km u/s (197 sq.km). Station added to peak flows dataset in August 2021 (WINFAP Files v10)."
15024,Dochart,Killin,Dochart at Killin,GB-GBN,256401,731995,239,129.8,56.45816210007197,-4.331876612,SEPA-NE,SEPA,14933,"Velocity area station, 35m wide."
15025,Ericht,Craighall,Ericht at Craighall,GB-GBN,317405,747165,432,76.2,56.609057951032874,-3.347175803,SEPA-NE,SEPA,14956,"Velocity area station, 46m wide. Stable bedrock control. Station added to peak flows dataset in August 2024 (WINFAP Files v13)."
15027,Garry Burn,Loakmill,Garry Burn at Loakmill,GB-GBN,307480,733943,20,55,56.488458663703696,-3.504087623,SEPA-NE,SEPA,14939,Velocity area station; 4m wide.
15028,Ordie Burn,Luncarty,Ordie Burn at Luncarty,GB-GBN,309050,731179,54,25,56.46394133662371,-3.477636114,SEPA-NE,SEPA,14940,Velocity area station 7m wide.
15029,Alyth Burn,Pitcrocknie,Alyth Burn at Pitcrocknie,GB-GBN,325719,748450,32,84.4,56.62199231160037,-3.212137281,SEPA-NE,SEPA,,Continuous recorder replaced a post gauge in 1991. Ceased recording 31/12/94. Data used for spray irrigation monitoring and pollution control purposes.
15030,Dean Water,Dean Bridge,Dean Water at Dean Bridge,GB-GBN,329300,745815,230,39,56.59887958653314,-3.153071213,SEPA-NE,SEPA,14946,Velocity area station 12m wide.
15032,Ordie Burn,Jackstone,Ordie Burn at Jackstone,GB-GBN,306973,733689,20,50,56.486077558301666,-3.512227079,SEPA-NE,SEPA,,Lowland Perthshire station built after 15028 and 15027 to address spray irrigation abstractions specifically within this sub-catchment. From 1997 station abandoned due to unstable control.
15034,Garry,Killiecrankie,Garry at Killiecrankie,GB-GBN,290080,763515,745,135,56.750253976451084,-3.799102703,SEPA-NE,SEPA,14958,Velocity-area station; 48m wide. Built as part of the Tay Flood Warning Scheme.
15035,Tummel,Kinloch Rannoch,Tummel at Kinloch Rannoch,GB-GBN,266405,758723,647,208,56.70105084401435,-4.183465684,SEPA-NE,SEPA,14961,Flood warning station installed after Feb 1990 flood. Deep channel with smooth flow and natural control. Station closed during 2006.
15038,Gaur,Bridge of Gaur,Gaur at Bridge of Gaur,GB-GBN,249686,756965,247,204.7,56.68019009,-4.455221556,SEPA-NE,SEPA,14962,"Flood warning station in Tummel headwaters. Stable section on gentle right-hand bend, with large boulders protruding from gravel bed. Station closed during 2006."
15039,Tilt,Marble Lodge,Tilt at Marble Lodge,GB-GBN,289227,771575,165,237.6,56.82242287950884,-3.816539405,SEPA-NE,SEPA,14959,Velocity area station in a straight reach 17m wide.
15041,Lyon,Camusvrachan,Lyon at Camusvrachan,GB-GBN,261952,747654,237,184.6,56.60039167178096,-4.250199529,SEPA-NE,SEPA,14950,"Velocity area station on straight, deep reach with very smooth flow. Station closed during 2009."
15045,Tummel,Pitlochry,Tummel at Pitlochry,GB-GBN,293748,757672,1670,74,56.69863773647713,-3.736731637,SEPA-NE,SEPA,,"Velocity-area station with cableway established 1993 to replace 15012 Port-na-Craig 700m u/s. Pitlochry formally superseded Port-na-Craig on 11/4/95. However, station number 15012 was retained in order to extend the long term flow statistics. All flow data is now held under station number 15012."
15046,Garry Burn,Loakmill,Garry Burn at Loakmill,GB-GBN,307200,734300,22.25,,56.491609679911306,-3.508760215,SEPA-NE,SEPA,474477,"Station opened in 2010 as a replacement for 15027, 500m d/s."
15801,L of Lintrathen,Waste Weir,L of Lintrathen at Waste Weir,GB-GBN,328300,754600,,201.6,56.677633276858366,-3.171798303,TRWS,TRWS,,
15802,Isla,Kemp Hill,Isla at Kemp Hill,GB-GBN,320500,740000,1132,30.4,56.54524095538826,-3.294568177,SEPA-NE,SEPA,,
15804,Tummel,Ballinluig,Tummel at Ballinluig,GB-GBN,297700,752100,1720,58.7,56.64948467150178,-3.670010353,SEPA-NE,SEPA,,
15805,Errochty,Struan,Errochty at Struan,GB-GBN,281000,765600,91.4,162.9,56.766743640111265,-3.948461122,NSHE,NSHE,,
15808,Almond,Almond intake,Almond at Almond intake,GB-GBN,275800,733200,31,37.5,56.47449379719085,-4.017888103,NSHE,NSHE,,
15809,Muckle Burn,Eastmill,Muckle Burn at Eastmill,GB-GBN,322300,760400,16.5,242,56.72876587589569,-3.271451524,TRWS,TRWS,,
15810,Garry,Killiecrankie,Garry at Killiecrankie,GB-GBN,291200,762800,254,110.6,56.74409668,-3.78049395,NSHE,NSHE,,
15811,Almond,Millhaugh,Almond at Millhaugh,GB-GBN,300100,729400,,97.9,56.44615173239268,-3.622142229,SEPA-NE,SEPA,,
15812,Almond,Auchnafree,Almond at Auchnafree,GB-GBN,281900,733100,,278.4,56.47516534660056,-3.91887865,SEPA-NE,SEPA,,
15813,Lunan Burn,Lowes Outlet,Lunan Burn at Lowes Outlet,GB-GBN,305400,744600,,102.3,56.5837518,-3.541737227,SEPA-NE,SEPA,,
16001,Earn,Kinkell Bridge,Earn at Kinkell Bridge,GB-GBN,293313,716652,590.5,15.3,56.33018707838523,-3.726992966,SEPA-NE,SEPA,14968,"Velocity area station, about 35m wide."
16002,Earn,Aberuchill,Earn at Aberuchill,GB-GBN,275383,721661,176.9,62.2,56.370781169773174,-4.01915387,SEPA-NE,SEPA,,"Velocity area station located one mile upstream of Ross Bridge, Comrie. Station closed in December 1977. Station re-opened in 1991 but as level only for flood warning so no flow data are held on the NRFA for this period."
16003,Ruchill Water,Cultybraggan,Ruchill Water at Cultybraggan,GB-GBN,276441,720399,99.5,62.3,56.35972781494046,-4.001442498,SEPA-NE,SEPA,14965,"Velocity area station, about 20m wide. Left bank = 2.5m high, Right bank = 3.5m high."
16004,Earn,Forteviot Bridge,Earn at Forteviot Bridge,GB-GBN,304401,718327,782.2,8,56.34759940961007,-3.548359527,SEPA-NE,SEPA,14970,"Velocity area station, 50m wide. Station rebuilt with cableway in 1991."
16006,Dunning Burn,Granco,Dunning Burn at Granco,GB-GBN,301965,714658,12.08,51,56.31415046235924,-3.586388529,SEPA-NE,SEPA,,Daily-read post gauge.
16007,Ruthven Water,Aberuthven,Ruthven Water at Aberuthven,GB-GBN,297508,715379,50,25.2,56.31968187351033,-3.65868602,SEPA-NE,SEPA,14969,Velocity-area station 9m wide.
16011,Allt Strath a'Ghlinne,Auchinner,Allt Strath a'Ghlinne at Auchinner,GB-GBN,269449,715825,15.9,198.1,56.31678387414247,-4.112254716,SEPA-NE,SEPA,,"Station never fully operational, stage-discharge calibration not completed."
16801,Earn,Comrie Bridge,Earn at Comrie Bridge,GB-GBN,276700,722100,,58.1,56.37506813526349,-3.998052627,NSHE,NSHE,,
16803,Earn,Loch Earn Weir,Earn at Loch Earn Weir,GB-GBN,269900,724100,,95.2,56.391201554003814,-4.109067702,NSHE,NSHE,,
17001,Carron,Headswood,Carron at Headswood,GB-GBN,283180,681818,122.3,17.8,56.01500085,-3.875456842,SEPA-SE,SEPA,14886,"Flat V weir installed in Oct 1988 in an artificial meander cutoff. Straight, uniform channel (concrete walls) lined with gabions; banks are steep to 2.0m. Previously velocity-area station: instability in rating caused by d/s deposition."
17002,Leven,Leven,Leven at Leven,GB-GBN,336890,700546,424,8.7,56.19332792878697,-3.0185611,SEPA-SE,SEPA,14893,Velocity area station on a straight reach with artificially heightened and steeped banks. Removed from peak flows dataset in September 2019 (WINFAP Files v8).
17003,Bonny Water,Bonnybridge,Bonny Water at Bonnybridge,GB-GBN,282421,680371,50.5,23,56.00182142302094,-3.886990603,SEPA-SE,SEPA,14885,Open river section. Station added to peak flows dataset in September 2023 (WINFAP Files v12).
17004,Ore,Balfour Mains,Ore at Balfour Mains,GB-GBN,332965,699649,162,23,56.18473319084929,-3.081570601,SEPA-SE,SEPA,14894,"Open river section. A railway embankment forms the rb, whilst the lb is steep to the floodplain at 1.6m. Station added to peak flows dataset in August 2021 (WINFAP Files v10)."
17005,Avon,Polmonthill,Avon at Polmonthill,GB-GBN,295194,679657,195.3,4.3,55.99837264299759,-3.681998819,SEPA-SE,SEPA,14884,Velocity area station; the river takes a sharp left turn u/s at a site of river capture.
17006,Carron,Langhill Weir,Carron at Langhill Weir,GB-GBN,277200,684600,77.7,135.4,56.038485856823144,-3.972591877,CRWD,CRWD,,
17007,Red Burn,Glen Cottage,Red Burn at Glen Cottage,GB-GBN,278700,676600,12.7,104.8,55.96703246361798,-3.944918554,SEPA-SE,SEPA,,
17008,South Queich,Kinross,South Queich at Kinross,GB-GBN,311809,701570,33.6,108.2,56.19853587894392,-3.422943565,SEPA-SE,SEPA,14903,Velocity area station u/s of a road bridge.
17009,Lochty Burn,Thornton,Lochty Burn at Thornton,GB-GBN,329781,698184,35.3,41.3,56.17111422695007,-3.132468504,SEPA-SE,SEPA,,
17011,St Monace Burn,Newark,St Monace Burn at Newark,GB-GBN,352203,701503,8.8,8.2,56.20371176488772,-2.772004995,SEPA-SE,SEPA,,
17012,Red Burn,Castlecary,Red Burn at Castlecary,GB-GBN,278794,678013,22,45,55.97974430393332,-3.944050058,SEPA-SE,SEPA,,Velocity area station.
17013,Back Burn,Balbirnie,Back Burn at Balbirnie,GB-GBN,328667,702773,6.5,86,56.212169633468385,-3.151639967,SEPA-SE,SEPA,,
17014,Leven,d/s of L Leven Sluices,Leven at d/s of L Leven Sluices,GB-GBN,317210,699329,158,105.8,56.17937820216344,-3.335224978,SEPA-SE,SEPA,477620,
17015,North Queich,Lathro,North Queich at Lathro,GB-GBN,311503,704113,23.1,114.1,56.22131918656569,-3.428722971,SEPA-SE,SEPA,14902,Velocity area station.
17016,Lochty Burn,Whinnyhall,Lochty Burn at Whinnyhall,GB-GBN,322026,698514,14,75.6,56.172871149704704,-3.257427928,SEPA-SE,SEPA,,Concrete Flat V weir situated under a bridge which will contain all flows.
17017,Greens Burn,Killyford Bridge,Greens Burn at Killyford Bridge,GB-GBN,315008,705404,7.9,115,56.233554476344274,-3.372633416,SEPA-SE,SEPA,,"This was a temporary station, closed in 1988, used to assess inflow to Loch Leven. It was a velocity-area station controlled by a culvert under a road."
17018,Greens Burn,Damleys Cottage,Greens Burn at Damleys Cottage,GB-GBN,315663,704025,10.5,111,56.22128532783043,-3.36163123,SEPA-SE,SEPA,14912,"Crump weir. Upstream of large capacity culvert. Research site, promotion of buffer strips within catchment to reduce the impacts of phosphorous and other nutrient runoff."
17805,Carron,Carron Reservoir,Carron at Carron Reservoir,GB-GBN,285800,681800,181.3,,56.015470947872245,-3.833446992,,,,
17806,Loch Leven,Monthly inflows,Loch Leven at Monthly inflows,GB-GBN,317100,699300,158.3,105.4,56.17909857660258,-3.336987332,FRWD,FRWD,,
18001,Allan Water,Kinbuck,Allan Water at Kinbuck,GB-GBN,279225,705376,161,93,56.225555085413866,-3.949530736,SEPA-SE,SEPA,14890,"Velocity area station, stage recorder sited 40m u/s of twin-arch bridge. Station added to peak flows dataset in August 2021 (WINFAP Files v10)."
18002,Devon,Glenochil,Devon at Glenochil,GB-GBN,285815,696073,181,5.5,56.14364524333547,-3.839304887,SEPA-SE,SEPA,14891,Natural section with steep banks.
18003,Teith,Bridge of Teith,Teith at Bridge of Teith,GB-GBN,272519,701136,517.7,14.8,56.18573475408524,-4.055574575,SEPA-SE,SEPA,14887,"Well sited station on straight, natural river section 70m wide. On 06/06/1956 recorder was moved d/s to its current position. An earlier station by the same name existed somewhere upstream from 1939. SEPA holds copies of the chart record from this earlier station but has no details of the exact location, any gauging history, or rating details from the earlier station. Station added to peak flows dataset in August 2021 (WINFAP Files v10)."
18004,Devon,Devonvale,Devon at Devonvale,GB-GBN,292016,696409,142,11.9,56.14810756900923,-3.73969429,SEPA-SE,SEPA,,
18005,Allan Water,Bridge of Allan,Allan Water at Bridge of Allan,GB-GBN,278591,697984,210,11.2,56.15901973006483,-3.956367525,SEPA-SE,SEPA,14889,Flood rating stable but large boulders make gauging a problem at low flows.
18006,Goodie Water,Netherton,Goodie Water at Netherton,GB-GBN,265916,698857,58,12.2,56.16345998868398,-4.160729407,SEPA-SE,SEPA,,
18007,Devon,Fossoway Bridge,Devon at Fossoway Bridge,GB-GBN,301178,701801,69.5,160.1,56.198520629489195,-3.594296363,SEPA-SE,SEPA,,Velocity area station d/s of Castlehill reservoir. Station closed in 1990 and replaced by a new station immediately below the reservoir.
18008,Leny,Anie,Leny at Anie,GB-GBN,258523,709613,192.41,120.2,56.25788153577694,-4.285414749,SEPA-SE,SEPA,14888,Well-sited station on a natural section of an upland gravel bed river draining steep slopes. Station added to peak flows dataset in August 2025 (WINFAP Files v14).
18010,Forth,Gargunnock,Forth at Gargunnock,GB-GBN,271411,695258,397,3.8,56.13266076141347,-4.070571453,SEPA-SE,SEPA,14892,Velocity area station.
18011,Forth,Craigforth,Forth at Craigforth,GB-GBN,277658,695458,1036,3.7,56.13609979026852,-3.970218302,SEPA-SE,SEPA,4638,Originally opened in 1972 - known as Drip Bridge. Rebuilt on same site in 1982. 70m wide section - part of a large meander just above the tidal limit. Left bank floods at high stages.
18012,Ardoch Burn,Doune Castle,Ardoch Burn at Doune Castle,GB-GBN,272935,700824,48,14.2,56.183044628919035,-4.048727464,SEPA-SE,SEPA,,
18013,Black Devon,Fauld Mill,Black Devon at Fauld Mill,GB-GBN,291355,692339,56.2,9.2,56.111407558890456,-3.748668175,SEPA-SE,SEPA,14895,Compound broad-crested weir. Station commissioned to replace unsatisfactory flume station further u/s at Little Saline.
18014,Bannock Burn,Bannockburn,Bannock Burn at Bannockburn,GB-GBN,281161,690814,23.7,12.4,56.095284773827636,-3.911816904,SEPA-SE,SEPA,14897,Velocity area station. Station added to peak flows dataset in August 2021 (WINFAP Files v10).
18015,Eas Gobhain,Loch Venachar,Eas Gobhain at Loch Venachar,GB-GBN,260205,706926,202,78.9,56.23425761653847,-4.256866418,SEPA-SE,SEPA,14898,"Station approx. 700m d/s of Loch Venachar, built to monitor compensation water."
18016,Kelty Water,Clashmore,Kelty Water at Clashmore,GB-GBN,246574,696757,2.7,165,56.13877586091322,-4.47067526,SEPA-SE,SEPA,14901,"Two trapezoidal flumes in parallel. Station closed in May 2011 due to the construction of a new inadequate forestry road crossing immediately downstream of the station which frequently backs up flows, adversely effecting the hydraulic performance of the trapezoidal flumes."
18017,Monachyle Burn,Balquhidder,Monachyle Burn at Balquhidder,GB-GBN,247500,723000,7.7,292,56.374629763111415,-4.470928849,CEHW,CEH,,"Crump profile weir (capacity 50-year flood, 26 cumecs) plus in-series trapezoidal flume for greater sensitivity at low flows. IH experimental catchment. Ppt based on ground level gauges sig. exceeds areal assessments using sparse standard raingauge network."
18018,Kirkton Burn,Balquhidder,Kirkton Burn at Balquhidder,GB-GBN,253200,721900,6.85,246,56.366560028874446,-4.378108688,CEHW,CEH,,"Crump profile weir (50-year flood, 30 cumecs), steep channel, approach conditions not ideal, calibration based on multi-meter gaugings. An IH experimental catchment. Ppt based on ground level gauges sig. exceeds areal assessments using sparse standard raingauge network."
18019,Comer Burn,Comer,Comer Burn at Comer,GB-GBN,238729,704173,0.9,158,56.20274816,-4.601281616,SEPA-SE,SEPA,,The station was run in conjunction with the DAFFS Pitlochry fisheries laboratory for the duration of a project which terminated in 1988.
18020,Loch Ard Burn,Duchray,Loch Ard Burn at Duchray,GB-GBN,246804,698723,0.85,80,56.156496841945305,-4.468109225,SEPA-SE,SEPA,14904,"Trapezoidal flume with small crump weir in parallel. Very remote, upland site located within Loch Ard forest, no PSTN, GPS or GPRS signal and very difficult to access during winter months. All flows contained within flume and weir wing walls. Satellite logger now installed with reasonable success."
18021,Loch Ard Burn,Elrig,Loch Ard Burn at Elrig,GB-GBN,246959,698751,1.45,80,56.15679796192172,-4.46563237,SEPA-SE,SEPA,14905,"Trapezoidal flume with small crump weir in parallel. Very remote, upland site located within Loch Ard forest, no PSTN, GPS or GPRS signal and very difficult to access during winter months. All flows contained within flume and weir wing walls."
18022,Avon Dhu,Milton,Avon Dhu at Milton,GB-GBN,250348,701341,44.5,20.5,56.18112305241366,-4.412580847,SEPA-SE,SEPA,14907,"Velocity area station, situated immediately d/s of Loch Ard."
18023,Monachyle Burn,Upper Monachyle,Monachyle Burn at Upper Monachyle,GB-GBN,248000,725000,2.24,434,56.39274238845859,-4.464000564,SEPA-SE,SEPA,116007,"Aluminium alloy Flat V (1:10) weir, 3.2m wide with vertical sidewalls, keyed into a natural rockbar. Station added to peak flows dataset in October 2018 (WINFAP Files v7)."
18802,Goodie Water,Lake Menteith,Goodie Water at Lake Menteith,GB-GBN,259000,699800,18.4,,56.16992941572746,-4.272500987,SDD,SDD,,
18803,Teith,Loch Venachar,Teith at Loch Venachar,GB-GBN,249000,706100,,,56.22341556168779,-4.436985122,,,,
18804,Turk,Finglass Dam,Turk at Finglass Dam,GB-GBN,253000,707500,,,56.23723635849878,-4.37331187,,,,
18806,Devon,Rumbling Bridge,Devon at Rumbling Bridge,GB-GBN,301800,699900,,,56.18157663265752,-3.583572375,,,,
19001,Almond,Craigiehall,Almond at Craigiehall,GB-GBN,316538,675267,369,22.8,55.96313341800178,-3.338532776,SEPA-SE,SEPA,14867,Velocity area station with cableway.
19002,Almond,Almond Weir,Almond at Almond Weir,GB-GBN,300377,665115,43.8,128.4,55.86887218256375,-3.593561835,SEPA-SE,SEPA,14875,"Broad-crested masonry weir of a former pumping station intake works; section about 6m wide. Prior to 1969 the weir was compounded (lower crest 6.1m wide, upper crest 1.45m wide). A sluice gate, which extended the earlier structure capacity by 2.8cumecs, was permanently closed in 1969."
19003,Breich Water,Breich Weir,Breich Water at Breich Weir,GB-GBN,301346,663841,51.8,136,55.85762926662872,-3.577619737,SEPA-SE,SEPA,,Broad crested weir.
19004,North Esk,Dalmore Weir,North Esk at Dalmore Weir,GB-GBN,325208,661612,81.6,132.1,55.841902574150595,-3.195905344,SEPA-SE,SEPA,14873,"A dog-legged ogee section masonry weir, 25m wide. Very badly polluted river in the past due to paper waste."
19005,Almond,Almondell,Almond at Almondell,GB-GBN,308623,668601,229,73.6,55.901818446368864,-3.463017784,SEPA-SE,SEPA,14869,An informal Flat V triangular weir was installed at the site in June 1970. Structure widened and a sluice (bypass) incorporated - June 1971.
19006,Water of Leith,Murrayfield,Water of Leith at Murrayfield,GB-GBN,322792,673202,107,37.5,55.94563150661266,-3.237786817,SEPA-SE,SEPA,14868,Velocity area station in a straight even reach 50m upstream of a road bridge; section about 14m wide. The banks are steep to 2.5m.
19007,Esk,Musselburgh,Esk at Musselburgh,GB-GBN,333828,672327,330,3.3,55.93941956865054,-3.060906667,SEPA-SE,SEPA,635,Velocity area station in a section with steep banks.
19008,South Esk,Prestonholm,South Esk at Prestonholm,GB-GBN,332488,662323,112,76.8,55.84936473864979,-3.0798545,SEPA-SE,SEPA,,Crump single-crest weir approximately 6m wide. Closed 01/01/1990; replaced by Cow Bridge. Was on a straight artificial cut which diverted the flow from a coal mining waste site.
19009,Bog Burn,Cobbinshaw,Bog Burn at Cobbinshaw,GB-GBN,302552,659141,8.5,256,55.81566121362835,-3.556673364,SEPA-SE,SEPA,14877,A trapezoidal flume which has never been overtopped. Measures outflow from Cobbinshaw Reservoir (British Waterways).
19010,Braid Burn,Liberton,Braid Burn at Liberton,GB-GBN,327249,670781,16.2,49.9,55.92458008028681,-3.165787557,SEPA-SE,SEPA,14876,Compound Crump weir without a cableway. Removed from Peak Flow Dataset in August 2021 (WINFAP Files v10).
19011,North Esk,Dalkeith Palace,North Esk at Dalkeith Palace,GB-GBN,333221,667577,137,28.6,55.89666517307161,-3.069446333,SEPA-SE,SEPA,14878,"Velocity area station. The rb is a vertical stone wall, whilst the lb slopes gently to the hut at 2.5m. The water is stained red from effluent pumped from mine workings."
19012,Water of Leith,Colinton,Water of Leith at Colinton,GB-GBN,321190,668792,72,92.2,55.905757904987325,-3.262141675,SEPA-SE,SEPA,14880,Flat V weir. Built to measure compensation flows from reservoirs in the Lothian region; these dominate the summer hydrographs. Both SEPA and Scottish Water measure here.
19013,Niddry Burn,Breast Mill,Niddry Burn at Breast Mill,GB-GBN,312206,673929,35.1,30.1,55.95034236761796,-3.407466655,SEPA-SE,SEPA,,
19014,Brox Burn,Newliston,Brox Burn at Newliston,GB-GBN,311393,673124,34.1,35.6,55.94296249133137,-3.420216408,SEPA-SE,SEPA,14882,Station added to peak flows dataset in August 2024 (WINFAP Files v13).
19015,Almond,Livingston,Almond at Livingston,GB-GBN,304500,666950,152.5,103.7,55.88618879370852,-3.528350191,SEPA-SE,SEPA,,
19017,Gogar Burn,Turnhouse,Gogar Burn at Turnhouse,GB-GBN,316088,673289,38.8,32.1,55.94528800691819,-3.345122576,SEPA-SE,SEPA,14883,"Station (rated section with cableway) located on a straight reach in a mainly agricultural catchment (the only development is at Edinburgh Park, development here is still on-going [2015]). Further d/s of the station the river turns a 90 degree bend at the Edinburgh Airport runway just above the confluence with the River Almond. This can back-up at high flows and flood parts of the airport. The river tends to flood u/s of the station with consequent damping of its hydrographs. Station added to peak flows dataset in September 2023 (WINFAP Files v12)."
19018,Almond,Whitburn,Almond at Whitburn,GB-GBN,294792,665548,,,55.87157332671373,-3.682936987,SEPA-SE,SEPA,,
19019,Swine Burn,Kirkliston,Swine Burn at Kirkliston,GB-GBN,312400,674300,30.7,30.2,55.95371014718215,-3.404481757,,,,
19020,Almond,Whitburn,Almond at Whitburn,GB-GBN,294792,665548,30.3,156.3,55.87157332671373,-3.682936987,SEPA-SE,SEPA,14881,Small concrete weir in fairly steeply banked channel which was realigned for an agricultural drainage scheme.
19021,South Esk,Cowbridge,South Esk at Cowbridge,GB-GBN,333843,667779,156,28,55.89856578575151,-3.059551238,SEPA-SE,SEPA,5981,Station added to peak flows dataset in August 2021 (WINFAP Files v10).
19805,Spittle Burn,Ninemile Burn,Spittle Burn at Ninemile Burn,GB-GBN,,,0.6,,,,SEPA-SE,SEPA,,"Small flume, only intermittent readings."
20001,Tyne,East Linton,Tyne at East Linton,GB-GBN,359091,676808,307,16.5,55.98249657098366,-2.657199022,SEPA-SE,SEPA,14870,Velocity area station.
20002,West Peffer Burn,Luffness,West Peffer Burn at Luffness,GB-GBN,348865,681117,26.2,4.2,56.020224828352674,-2.821888611,SEPA-SE,SEPA,14865,The station originally consisted of a large-size GRP trapezoidal flume only. Since 15/09/1967 flows have been measured by a trapezoidal flume and Crump profile weir (crump crest at 0.445m above flume invert) in parallel. The section is within steep banks on a straight reach of a small ditch with low gradient (no cableway). Removed from peak flows dataset in September 2019 (WINFAP Files v8).
20003,Tyne,Spilmersford,Tyne at Spilmersford,GB-GBN,345618,668891,161,69.1,55.910032186078695,-2.871497648,SEPA-SE,SEPA,14871,"Velocity area station. The channel reach is within steep, high flood banks which contain all floods in record. Flows from this station are used as part of the Haddington flood warning system."
20004,East Peffer Burn,Lochhouses,East Peffer Burn at Lochhouses,GB-GBN,361000,682403,31.1,3.5,56.03292209567562,-2.627421312,SEPA-SE,SEPA,15026,Crump weir and trapezoidal flume in parallel.
20005,Birns Water,Saltoun Hall,Birns Water at Saltoun Hall,GB-GBN,345685,668715,93,71.3,55.908458622443675,-2.870390592,SEPA-SE,SEPA,14872,Velocity area station. The section is a well defined straight channel whose banks have contained all recorded floods. Station closed May 2000 (daily record ends 1998).
20006,Biel Water,Belton House,Biel Water at Belton House,GB-GBN,364473,676819,51.8,13.9,55.98302513963173,-2.570951993,SEPA-SE,SEPA,116001,Velocity area station. The section is a well defined straight channel whose banks have contained all recorded floods. Station closed May 2000 (daily record ends 1998).
20007,Gifford Water,Lennoxlove,Gifford Water at Lennoxlove,GB-GBN,351108,671699,64,51.4,55.93584932800816,-2.784195871,SEPA-SE,SEPA,14874,Velocity area station. The recorder is sited immediately d/s of a footbridge on a slight bend in a natural channel.
20008,Brox Burn,Broxmouth,Brox Burn at Broxmouth,GB-GBN,369732,677641,19.7,8.8,55.99077193724227,-2.48676512,SEPA-SE,SEPA,15029,"Reinstatement of existing station in 2007/2008. Vertical wall on left, sloping bank on right. No cableway."
20009,Cogtail Burn,Athelstaneford,Cogtail Burn at Athelstaneford,GB-GBN,354200,677200,3.9,44,55.985575424340226,-2.735643762,SEPA-SE,SEPA,372871,Site consisted of a small trapezoidal glass reinforced plastic flume and gauge board which between 1966 and 1975 was only read intermittently. No continuous data was ever recorded at the site. The site re-opened in 2008 after refurbishing the GRP flume.
20804,Thornton Burn,Thornton Mill,Thornton Burn at Thornton Mill,GB-GBN,374100,674100,14.2,26,55.95921455875686,-2.416407601,SEPA-SE,SEPA,,"This site consisted of three small trapezoidal glass reinforced plastic flumes in parallel and gauge board, which was only read intermittently. No continuous data was ever recorded at the site."
20806,Hedderwick Burn,North Belton,Hedderwick Burn at North Belton,GB-GBN,363900,677300,7.1,22,55.987303674487286,-2.58019939,SEPA-SE,SEPA,,"This site consisted of a trapezoidal glass reinforced plastic flume and gauge board, which was only read intermittently. No continuous data was ever recorded at the site."
20807,Woodhall Burn,Woodhall,Woodhall Burn at Woodhall,GB-GBN,368600,673500,10,122,55.95349466618703,-2.504425382,SEPA-SE,SEPA,,"This site consisted of a trapezoidal glass reinforced plastic flume and gauge board, which was only read intermittently. No continuous data was ever recorded at the site."
20809,Salters Burn,Crichton Dene,Salters Burn at Crichton Dene,GB-GBN,341500,662100,1.8,196.7,55.848540398797205,-2.935892473,SEPA-SE,SEPA,,
21001,Fruid Water,Fruid,Fruid Water at Fruid,GB-GBN,308800,620500,23.7,277,55.469796809573346,-3.444171453,LRWD,LRWD,,Compound sharp-edged weir (9m wide) about 3km above the confluence with the Tweed. Fruid Reservoir opened 1968 for public water supply after station closed.
21002,Whiteadder Water,Hungry Snout,Whiteadder Water at Hungry Snout,GB-GBN,366300,663300,45.6,215,55.861697335606344,-2.539981005,LRWD,LRWD,,Broad-crested weir (~12m wide) with cableway and central concrete flume about 16km NW of Duns. Water abstraction point just u/s of the station.
21003,Tweed,Peebles,Tweed at Peebles,GB-GBN,325821,640017,694,155,55.64800654636726,-3.18024679,SEPA-SE,SEPA,14979,Velocity area station with cableway. From 1939 to 1959 levels measured at Priorsford Bridge about 360m upstream.
21004,Watch Water,Watch Water Reservoir,Watch Water at Watch Water Reservoir,GB-GBN,366400,656600,10.7,252,55.801508,-2.537552115,BRWD,BRWD,,Compound sharp-crested weir d/s of Watch Water Reservoir.
21005,Tweed,Lyne Ford,Tweed at Lyne Ford,GB-GBN,320597,639747,373,167,55.64475470168276,-3.263154758,SEPA-SE,SEPA,14973,Velocity area station with cableway; about 20m wide natural section on straight gravel bedded reach.
21006,Tweed,Boleside,Tweed at Boleside,GB-GBN,349823,633376,1500,94.5,55.59141727584946,-2.797700073,SEPA-SE,SEPA,533744,Good rated straight section (~55m wide) with stable gravel bed and a uniform cross section and velocity profile. Cableway (25m d/s). Reach is used for salmon fishing.
21007,Ettrick Water,Lindean,Ettrick Water at Lindean,GB-GBN,348551,631529,499,99.1,55.57469015546979,-2.81753511,SEPA-SE,SEPA,14990,Velocity area station; approx. 40m wide section. Natural section with cableway about 1km before confluence with Tweed.
21008,Teviot,Ormiston Mill,Teviot at Ormiston Mill,GB-GBN,370229,628038,1110,43.2,55.54513469267894,-2.473364675,SEPA-SE,SEPA,15007,Velocity area station; about 45m wide section.
21009,Tweed,Norham,Tweed at Norham,GB-GBN,389836,647709,4390,4.3,55.72268907319534,-2.163373133,SEPA-SE,SEPA,9514,Lowest station on R. Tweed. Velocity-area station at very wide natural section (~120m).
21010,Tweed,Dryburgh,Tweed at Dryburgh,GB-GBN,358823,632088,2080,66.8,55.58069101652028,-2.654719219,SEPA-SE,SEPA,,Natural section located at footbridge on wide meandering reach of river. Station closed at end of 1982; stage data only available from 1986.
21011,Yarrow Water,Philiphaugh,Yarrow Water at Philiphaugh,GB-GBN,343911,627691,231,128,55.53969572,-2.890335248,SEPA-SE,SEPA,14985,Velocity area station; about 25m wide natural coarse gravel bedded straight section.
21012,Teviot,Hawick,Teviot at Hawick,GB-GBN,352232,615869,323,90.1,55.43436651473064,-2.756457398,SEPA-SE,SEPA,15001,Velocity area station; about 30m wide natural section.
21013,Gala Water,Galashiels,Gala Water at Galashiels,GB-GBN,347932,637377,207,120,55.62716461483027,-2.828458099,SEPA-SE,SEPA,9683,"Velocity area station, about 15m wide."
21014,Tweed,Kingledores,Tweed at Kingledores,GB-GBN,310875,628541,139,214,55.542409252647474,-3.413947212,SEPA-SE,SEPA,14972,"Located on the upper River Tweed, roughly 2.5 miles downstream of Tweedsmuir village. One of the key functions is flood warning for downstream communities. Natural section with a coarse gravel bed. Work in 2022 to rationalise the rating history allowed this station to be considered for inclusion in the peak flow dataset. Station added to peak flows dataset in August 2024 (WINFAP Files v13). The floodplain component of flow was modelled in 2024, which tentatively permitted an upgrade to pooling status. This revision drastically increased the estimation of the rank 1 event in of December 2015."
21015,Leader Water,Earlston,Leader Water at Earlston,GB-GBN,356482,638801,239,103,55.64080061216377,-2.692912841,SEPA-SE,SEPA,14997,Velocity area station about 30m wide.
21016,Eye Water,Eyemouth Mill,Eye Water at Eyemouth Mill,GB-GBN,394185,663565,119,2.9,55.86522742763495,-2.094483971,SEPA-SE,SEPA,15017,"Velocity area station, about 22m wide."
21017,Ettrick Water,Brockhoperig,Ettrick Water at Brockhoperig,GB-GBN,323413,613150,37.5,259,55.40627686260147,-3.21105996,SEPA-SE,SEPA,14987,Velocity area station (~12m wide river section) on straight reach with rocky bed.
21018,Lyne Water,Lyne Station,Lyne Water at Lyne Station,GB-GBN,320949,640033,175,168,55.64738129224599,-3.257645883,SEPA-SE,SEPA,14974,Velocity area station.
21019,Manor Water,Cademuir,Manor Water at Cademuir,GB-GBN,321701,636892,61.6,197,55.61928727933356,-3.244805001,SEPA-SE,SEPA,14977,Velocity area station (section ~10m wide).
21020,Yarrow Water,Gordon Arms,Yarrow Water at Gordon Arms,GB-GBN,330908,624757,155,226,55.51166696821249,-3.095607544,SEPA-SE,SEPA,14984,Velocity area station d/s of road bridge on approx. 20m wide section with rough gravel bed.
21021,Tweed,Sprouston,Tweed at Sprouston,GB-GBN,375227,635405,3330,24.5,55.611608314364716,-2.394823418,SEPA-SE,SEPA,15012,Velocity area station. Wide section (about 100m) on gentle bend in river. New cableway (2003) can gauge flows up to 4.35m stage.
21022,Whiteadder Water,Hutton Castle,Whiteadder Water at Hutton Castle,GB-GBN,388077,655014,503,29,55.788283907611856,-2.191697689,SEPA-SE,SEPA,15020,"Compound Crump profile weir, about 30m wide. Removed from peak flows dataset in September 2020 (WINFAP Files v9)."
21023,Leet Water,Coldstream,Leet Water at Coldstream,GB-GBN,383980,639652,113,12.1,55.650136997818656,-2.25612362,SEPA-SE,SEPA,15013,Velocity area station.
21024,Jed Water,Jedburgh,Jed Water at Jedburgh,GB-GBN,365589,621368,139,65.6,55.48489862834598,-2.546064519,SEPA-SE,SEPA,15006,"Velocity area station on straight reach, about 16m wide. This station replaces one 0.5km downstream, installed in 1959, with rather poor and variable daily level readings."
21025,Ale Water,Ancrum,Ale Water at Ancrum,GB-GBN,363417,624433,174,61.2,55.51227935469895,-2.580837052,SEPA-SE,SEPA,15002,"Velocity area station at natural river section, approx. 15m wide."
21026,Tima Water,Deephope,Tima Water at Deephope,GB-GBN,327820,613710,31,232.2,55.41197710418781,-3.141622947,SEPA-SE,SEPA,14986,A fluvial modelling exercise of the floodplain in 2023 improved the confidence of the rating for higher flow estimation and allowed the station to be included in the peak flow dataset. Station added to peak flows dataset in August 2025 (WINFAP Files v14).
21027,Blackadder Water,Mouth Bridge,Blackadder Water at Mouth Bridge,GB-GBN,382565,653028,159,56.6,55.77027127963659,-2.279465301,SEPA-SE,SEPA,15022,"Velocity area station. Natural river section, about 13m wide, with rock control."
21028,Menzion Burn,Menzion Farm,Menzion Burn at Menzion Farm,GB-GBN,309200,623400,5.7,267,55.49592084,-3.438795609,LRWD,LRWD,,Thin-plate weir.
21029,Tweed,Glenbreck,Tweed at Glenbreck,GB-GBN,306300,621500,34,290,55.478306371762216,-3.484039781,SEPA-SE,SEPA,368490,"The station was originally operated by Lothian Regional Council (Department of Water and Drainage) who produced the early record from January 1964 to October 1977 using a Lea chart recorder. SEPA reopened the station on 10/10/2008 with potential utility stemming from the small upland natural catchment. Pressures on resource meant that the station was closed on 20/06/2024. The channel reach was surveyed and hydraulically modelled prior to closure in 2024, which allowed the development of a high flow rating and an improved flow record. On closure the well and hut was removed, but the weir remains in place."
21030,Megget Water,Henderland,Megget Water at Henderland,GB-GBN,323123,623103,56.2,254,55.49564377,-3.218391994,SEPA-SE,SEPA,14982,"Velocity area station, about 23m wide, with rock and gravel bar acting as control."
21031,Till,Etal,Till at Etal,GB-GBN,392509,639562,648,25.3,55.649536621140086,-2.120594103,EA-NE,EA,021031,"Open-channel velocity-area station 300yds d/s from Etal Mill, on a large, incised meander. Closed 1980, but level-only site opened u/s on the weir at NT9250939562 in July 1999. Heaton Mill (21806) opened just d/s in 2001 as full-range flow station."
21032,Glen,Kirknewton,Glen at Kirknewton,GB-GBN,391848,631028,198.9,54.3,55.572845914216074,-2.130841273,EA-NE,EA,021032,"Informal flat-V weir and velocity-area station beyond (1:2 and 1:5 slopes and about 1:100 cross-slope, insensitive). V is lop-sided as left wing wall was moved inwards after flood damage. The weir crest was eroded in the past. Station closed in September 2010 following repeated breaches of bank. Equipment removed in September 2010 and the weir was completely removed in September 2015."
21033,Baddingsgill Burn,Intake,Baddingsgill Burn at Intake,GB-GBN,311800,655700,3.8,353.8,55.78653245539564,-3.408027689,LRWD,LRWD,,
21034,Yarrow Water,Craig Douglas,Yarrow Water at Craig Douglas,GB-GBN,328950,624444,116,239,55.508573820742335,-3.126524941,SEPA-SE,SEPA,14983,Large trapezoidal flume. Removed from peak flows dataset in September 2023 (WINFAP Files v12).
21035,Till,Heaton Mill,Till at Heaton Mill,GB-GBN,390000,642400,655.74,,55.67499070962086,-2.160566346,EA-NE,EA,021038,"Five (crossed) path ultrasonic gauge in a trapezoidal channel, designed to measure full range of flows. River is deep and slow-flowing at Heaton Mill. Previously station number 21806."
21036,Whiteadder Water,Abbey St Bathans,Whiteadder Water at Abbey St Bathans,GB-GBN,375842,662301,216.85,,55.853296322441466,-2.387448406,SEPA-SE,SEPA,15018,"The station originally operated as a level only station for flood warning from 01/04/2001. Gauging effort in 2023 combined with hydraulic modelling of the floodplain allowed flow calibration through the stage range. The old mill weir control provides continuity through the record and has allowed the hindcasting of the flow calibration from 2001, although there is very poor accuracy for the estimation of low flows. Station added to peak flows dataset in August 2025 (WINFAP Files v14)."
21805,Whiteadder Water,Blanerne,Whiteadder Water at Blanerne,GB-GBN,383600,656400,277,59,55.80060478415856,-2.263172944,SEPA-SE,SEPA,,
22001,Coquet,Morwick,Coquet at Morwick,GB-GBN,423443,604453,569.8,5.2,55.333573562321746,-1.632008828,EA-NE,EA,022001,"Velocity area station, originally open channel with some control exerted from a ford 900m downstream, then a 34m wide concrete informal flat-V weir (approx. 1:20 cross-slope) was built in 1975/76. A temporary station was established 200yards d/s during weir construction, to maintain continuity of records. Inlet pipe and instrument building both replaced in 2006. The station replaced an earlier station at Guyzance, 3 miles u/s."
22002,Coquet,Bygate,Coquet at Bygate,GB-GBN,386941,608343,59.5,213,55.36890427193725,-2.207585603,EA-NE,EA,022002,"A standing wave flume with broad-crested side weirs separated from the flume by substantial divide walls, flared at the u/s ends; overall width 8.8m. Beneath a road bridge with soffit at 2.2m. River valley is narrow and steep-sided at this point, with rocky bed. Site closed in 1980, reopened in April 2000 as level-only flood warning site and closed again in March 2005. Closed from peak flows dataset in September 2022 (WINFAP Files v11)."
22003,Usway Burn,Shillmoor,Usway Burn at Shillmoor,GB-GBN,388665,607716,21.4,207,55.363313535683304,-2.180360008,EA-NE,EA,022003,"Thin-plate weir with 6.2m wide centre crest and two flanking broad crests of differing widths (0.85m right bank, 2.2m left bank). Discontinued in 1980 and weir plates removed. Recommissioned as a level-only station in 1995 for flood warning using concrete broadcrested weir with notch. Weir plates reinstated in September 1999. Good d/s drop over the weir prevents drowning."
22004,Aln,Hawkhill,Aln at Hawkhill,GB-GBN,421100,612900,205,13.9,55.40957923607701,-1.66830774,EA-NE,EA,022004,"Velocity area station with cableway, then informal gabion basket weir (low flow control) after 1972; high flow control was possibly at d/s bridge. Unstable gravel section, and weeds problematic in summer. Station closed in 1980."
22005,Wansbeck,Highford Weir,Wansbeck at Highford Weir,GB-GBN,418100,585800,287.7,30.5,55.16618820563298,-1.717421248,EA-NE,EA,,"Velocity area station with brick weir (round crest, 42.7m broad). Superseded by Mitford in 1968."
22006,Blyth,Hartford Bridge,Blyth at Hartford Bridge,GB-GBN,424293,580003,269.4,24.6,55.113833996748234,-1.620704568,EA-NE,EA,022006,"Velocity area station, with flat V weir (24.3m wide) for low flow control installed in 1968. Distance between wing walls was reduced to 20.0m in November 1978 to prevent sedimentation, and walls raised from 1.0m to 1.5m. Located on a straight section with stony bed, just u/s of a rock rapid. Two downstream pre-barrages constructed in 2014 to improve fish passage over the structure, eel tiles added at the same time."
22007,Wansbeck,Mitford,Wansbeck at Mitford,GB-GBN,417458,585790,287.3,31.4,55.16612126324034,-1.727499327,EA-NE,EA,022007,"Velocity area station. Flat V weir and central flume for low flow measurement (3m wide, overall width 18m) installed 1974, replacing older broad-crested weir also with central flume (located above Tynemouth Corporation intake). Cableway. Just below the station, the channel is confined in deep, steep-sided valley at bend in river. The data series for this station (22007) combines records from Highford (22005) from February 1963, replaced by Mitford from November 1966. In the early period, medium and high flows were measured 0.5 miles downstream at Highford Dam. This had an autographic recorder from February 1963-September 1968, replaced by a punched tape recorder until October 1975. The station was never properly calibrated by gauging, but flows were derived by correlation with Mitford. There was an eel tile installation, central pier extension and fish stilling pool added in 2014."
22008,Alwin,Clennell,Alwin at Clennell,GB-GBN,392500,606300,27.7,156.4,55.35066433033153,-2.119824198,EA-NE,EA,,Flat-V weir. Station discontinued in April 1983.
22009,Coquet,Rothbury,Coquet at Rothbury,GB-GBN,406706,601600,346,70.7,55.30844656471984,-1.895905183,EA-NE,EA,022009,"Velocity area station with cableway; informal mill weir below station provides good control which should hold for most flows. The timber weir crest was replaced with concrete during modification for calibration in 1972. Well-confined section between steep banks, with a straight approach."
22801,Pont,Stamfordham,Pont at Stamfordham,GB-GBN,408200,571800,48.47,,55.04064527901528,-1.873220756,EA-NE,EA,022012,"Ultrasonic peak flow station. The highest velocity path was originally 1.0m, but two additional paths were added in April 2002 which were moved onto the floodplain in Oct 2003. Paths 5 and 6 are not diagonally aligned with the lower 4 paths, resulting in slight variations in cross section. Very little data has been collected by the top paths. Removed from peak flows dataset in April 2017 (WINFAP Files v5)."
23001,Tyne,Bywell,Tyne at Bywell,GB-GBN,403858,561700,2175.6,14,54.949936748705476,-1.941296565,EA-NE,EA,023001,"Principal gauging station on the Tyne. Velocity area station with cableway on a wide reach. Blockage/damage to stilling pipe caused problems in early 1990s. Removal of gravel from d/s river bed between 1961 and 1963 affected water levels, leading to replacement of stilling well at lower level; high flows relatively unaffected."
23002,Derwent,Eddys Bridge,Derwent at Eddys Bridge,GB-GBN,404107,550791,118,181,54.851903311098454,-1.937560206,EA-NE,EA,023002,"Broad-crested weir with central low flow flume; total width 15m, central flume 1.8m, no dividing walls. Low flow crest at 180.935 mAOD, broad crests are 0.75m higher. Model calibration. From 1965 flows controlled by Derwent Reservoir 2km upstream, stark contrast with previous natural regime. A good control, situated in a well-defined, straight channel; flat agricultural land on one side, steep wooded slope on the other."
23003,North Tyne,Reaverhill,North Tyne at Reaverhill,GB-GBN,390555,573231,1007.5,64.9,55.05347815540606,-2.149378424,EA-NE,EA,023003,"Velocity area station (63m wide at bank full) with natural channel control on a straight, stable reach with a stony bed. Replaced earlier station at Barrasford (23015) which was unreliable."
23004,South Tyne,Haydon Bridge,South Tyne at Haydon Bridge,GB-GBN,385656,564671,751.1,59,54.97643907347939,-2.22562938,EA-NE,EA,023004,"Velocity area station, with informal flat V weir as low flow control installed in 1972 - earlier low flows of limited accuracy. Section has coarse gravel, shingle and small boulder bed. Has cableway. Instrument hut washed away 2001 due to blockage of adjacent beck; rebuilt on same site in 2002."
23005,North Tyne,Tarset,North Tyne at Tarset,GB-GBN,377647,586133,284.9,117,55.16899724635569,-2.352444765,EA-NE,EA,023005,"Velocity area station with informal flat V low flow control and cableway in straight, stable reach 35m wide. Superceded by Ugly Dub (23022) in 1983 (daily flows only) and station closed 1987, although chart maintained until December 1993."
23006,South Tyne,Featherstone,South Tyne at Featherstone,GB-GBN,367216,561064,321.9,131.7,54.94315097011618,-2.513296188,EA-NE,EA,023006,"Compound Crump weir in 45m wide channel, built 1966."
23007,Derwent,Rowlands Gill,Derwent at Rowlands Gill,GB-GBN,416815,558094,242.1,26.2,54.917267158909695,-1.73921261,EA-NE,EA,023007,Two Crump profile weirs with slightly different crest levels beneath the two arches of a bridge and separated by the central pier of the bridge. Bypassing is prevented by the bridge and its embankments. Bridge inverts repaired in summer 2003. Persistent gravel accretion problem.
23008,Rede,Rede Bridge,Rede at Rede Bridge,GB-GBN,386837,583213,343.8,107.1,55.14309046588087,-2.20804199,EA-NE,EA,023008,Flat-V weir constructed with pre-fabricated crest units (24.3m wide). Flood plain storage u/s of the station may affect magnitude of high flows. A bridge d/s may act as a control at high levels.
23009,South Tyne,Alston,South Tyne at Alston,GB-GBN,371543,546530,118.5,264,54.81281404568711,-2.444313288,EA-NE,EA,023009,"Velocity area station with informal flat V control, subject to periodic boulder damage and undergone several reconstructions. All flow contained. Maintained as chart only for period 1983-1992. Cableway removed in 1980."
23010,Tarset Burn,Greenhaugh,Tarset Burn at Greenhaugh,GB-GBN,378922,587885,96,136,55.18479651184212,-2.332560964,EA-NE,EA,023010,"Velocity area station in natural channel with control consisting mainly of boulders about 0.3m diameter, mobile in severe floods. Substantial change to control after flood in August 1975 affected calibration up to 1.5m; stability returned subsequently. Discontinued 1980."
23011,Kielder Burn,Kielder,Kielder Burn at Kielder,GB-GBN,364442,594681,58.8,214,55.24502883233039,-2.560810973,EA-NE,EA,023011,Flat-V weir 12m wide with low wing walls (0.61m high). Repair to weir in 1992 - weir walls thought to have been narrower prior to this. Cableway u/s (straight reach).
23012,East Allen,Wide Eals,East Allen at Wide Eals,GB-GBN,380210,558329,88,148.6,54.91926146987028,-2.310271879,EA-NE,EA,023012,Velocity area station with boulder and gravel control which is mobile at high flows. Prone to gravel accretion. Removed from peak flows dataset in September 2023 (WINFAP Files v12).
23013,West Allen,Hindley Wrae,West Allen at Hindley Wrae,GB-GBN,379078,558271,75.1,155.1,54.91869387418921,-2.327927583,EA-NE,EA,023013,"Velocity area station with cableway. Initially there was a boulder bed control with reasonable stability, but gradual removal of boulders exposed a friable shale bed which then suffered rapid degradation so the inlet pipe became exposed above the water surface - last five gaugings taken when water below inlet pipe. Closed in 1983."
23014,North Tyne,Kielder temporary,North Tyne at Kielder temporary,GB-GBN,363100,593500,27,187,55.23431831,-2.581762148,EA-NE,EA,,Temporary velocity area station upstream of Kielder Reservoir.
23015,North Tyne,Barrasford,North Tyne at Barrasford,GB-GBN,392400,572100,1043.8,60,55.04334698660528,-2.120468044,EA-NE,EA,023015,"Flume to measure flows between 3.2cumecs and 6.8cumecs, and velocity area station for flows above 6.8 cumecs, in channel approximately 55m wide. The station was originally intended for assessment of flows at the Barrasford abstraction and not for flood flows. Station closed in 1959, replaced by Reaverhill (23003) approximately 2 km upstream, however POT data extracted for Barrasford until 1971 (before Kielder reservoir impounded in 1982)."
23016,Ouse Burn,Crag Hall,Ouse Burn at Crag Hall,GB-GBN,425409,567548,55,36,55.00185951653444,-1.604314452,EA-NE,EA,023016,"Rectangular thin-plate weir with broad-crested flanks, weir plate damaged in August 1990 and replaced in April 1991."
23017,Team,Team Valley,Team at Team Valley,GB-GBN,424964,558471,61.9,9.2,54.920315950148925,-1.612057073,EA-NE,EA,023017,"Velocity area station in culverted section below road bridge, low flow control is the concrete invert of the culvert. Ultrasonics installed June 1999 and deactivated in April 2005. Peak flows only are provided for 1975 to 1988, recorded at Walter Wilson in Team Valley Trading Estate in straight, engineered section with clay banks and silty bed. Control was channel structures d/s of A692 bridge and pipe crossing. Construction of the 1990 Gateshead Garden Festival site lowered the bed level, exposing the inlet pipe, and the station was temporarily closed."
23018,Ouse Burn,Woolsington,Ouse Burn at Woolsington,GB-GBN,419398,569862,9,63.4,55.022922236170245,-1.698126649,EA-NE,EA,023018,Informal flat-V weir (3m wide). Station moved after the building of the Metro underground line and supplemented in October 2001 by ultrasonic measuring equipment (removed 2007).
23022,North Tyne,Uglydub,North Tyne at Uglydub,GB-GBN,371262,587574,241.5,135,55.18161440946283,-2.452822185,EA-NE,EA,023022,"Flat-V weir. Owned by Northumbrian Water, operated by EA."
23023,Tyne,Riding Mill,Tyne at Riding Mill,GB-GBN,402698,561956,2174.5,19,54.95224458,-1.959405091,EA-NE,EA,023023,Crump weir with broad-crested flanks (and divide piers). Refer to 23001 (Bywell) for primary Tyne flow record. Used from 2004 to monitor fish stocks for new Tyne tunnel.
23024,Rede,Otterburn Mill,Rede at Otterburn Mill,GB-GBN,388852,592658,,,55.228011603541376,-2.176806578,,,23024,
23033,Rede,Otterburn,Rede at Otterburn,GB-GBN,386400,594400,180.63,,55.243602742755144,-2.215440142,EA-NE,EA,023033,"Originally a four path ultrasonic gauge in open channel, installed to develop a rating. Channel is contained to 3.2m, where after it flows over a 60m wide flood plain on the right bank. All transducers mounted in the channel. Ultrasonic gauge removed in 2010."
23103,North Tyne,Butteryhaugh,North Tyne at Butteryhaugh,GB-GBN,363101,593114,,,55.23085004052116,-2.581695784,,,23103,
23801,Rede,Catcleugh Reservoir,Rede at Catcleugh Reservoir,GB-GBN,374800,602800,39.9,,55.318622371343544,-2.398633261,,,,Station at outlet of Catleugh Reservoir 12 miles north west of Otterburn.
23802,Tyne,Wylam,Tyne at Wylam,GB-GBN,410300,564700,2292.2,25,54.97680533689449,-1.840612763,,,,Gauging station on the Tyne upstream of Wylam pumping station.
23810,North Tyne,Kielder temporary,North Tyne at Kielder temporary,GB-GBN,,,27,,,,EA-NE,EA,,
23820,Tyne Reservoirs,NGWC Reservoir Group,Tyne Reservoirs at NGWC Reservoir Group,GB-GBN,396000,576000,96.2,150.7,55.07843544533228,-2.064187614,NEW,NEW,,"Record of monthly yield derived for supply works of Newcastle and Gateshead Water Co.; these comprise Colt Crag (with Little Swinburne), Hallington and Whittle Dene Reservoirs. Records cease December 1957."
23915,North Tyne,Barrasford,North Tyne at Barrasford,GB-GBN,392400,572100,1043.8,185,55.04334698660528,-2.120468044,,,,Standing wave flume on the North Tyne at Barrasford.
24001,Wear,Sunderland Bridge,Wear at Sunderland Bridge,GB-GBN,426520,537734,657.8,40.2,54.73388968110102,-1.589674703,EA-NE,EA,024001,Compound broad-crested weirs within the arches of road bridge; total crest length 38.7m.
24002,Gaunless,Bishop Auckland,Gaunless at Bishop Auckland,GB-GBN,421400,530700,93,64.8,54.67092180460611,-1.66969844,EA-NE,EA,024002,"Crump weir, 9m broad. Station closed in 1983 due to the uncertainty in the high flows. Station re-opened in April 1997 to provide flow data for the Lower Gaunless but closed in June 2004 due to recurring problems with high flow data."
24003,Wear,Stanhope,Wear at Stanhope,GB-GBN,398366,539040,171.9,202,54.746316372270094,-2.026904857,EA-NE,EA,024003,"Compound Crump profile weir located in a steep rocky section, overall width 19.1m, central low crest width 7.6m, Larinier fish pass completed August 2018. Wing walls raised in 1967. A temporary cableway was used d/s of the weir in late 1960s-early 1970s."
24004,Bedburn Beck,Bedburn,Bedburn Beck at Bedburn,GB-GBN,411799,532192,74.9,109,54.68464382326006,-1.818506888,EA-NE,EA,024004,Compound Crump profile weir. No cableway. A steep drop d/s makes drowning unlikely. Set in a deep valley.
24005,Browney,Burnhall,Browney at Burnhall,GB-GBN,425904,538688,178.5,43.9,54.742494604932034,-1.599156132,EA-NE,EA,024005,"Compound broad-crested weir (17.6m broad, low crest 5.5m) within a deep valley and has a steep fall downstream (makes drowning and bypassing unlikely). All crests are 0.3 m long in direction of flow. Divide piers inserted and wing walls raised in 1968. Two flight Larinier pass (600mm wide with 100mm baffles) installed in a by-pass channel on the left bank Aug-Sep 2016."
24006,Rookhope Burn,Eastgate,Rookhope Burn at Eastgate,GB-GBN,395283,539084,36.5,241,54.74669159645171,-2.074798006,EA-NE,EA,024006,"Two-stage compound Crump weir, 8.8m broad, low crest 1.5m wide, on a natural waterfall 0.6km u/s of confluence with the River Wear. Discontinued 1980; re-opened February 2000 as a level-only flood warning site. Wing walls were removed on closure, and central low-flow crest raised to level of flanking weirs on reopening. Subject to considerable gravel accretion."
24007,Browney,Lanchester,Browney at Lanchester,GB-GBN,416505,546207,44.6,110,54.81045766621004,-1.74472357,EA-NE,EA,024007,"Compound Crump weir (10m wide, low crest 2m wide) with crest tapping. Discontinued 1983; re-opened May 2002 as a level-only site but not maintained as a flow site and badly affected by silt (therefore no confidence in rating)."
24008,Wear,Witton Park,Wear at Witton Park,GB-GBN,417280,530900,455,76.8,54.672876271969976,-1.733568924,EA-NE,EA,024008,"Velocity area station with informal flat V weir (25.3m overall, approx 1:20 side slopes) low flow control of rectangular section. Cableway."
24009,Wear,Chester le Street,Wear at Chester le Street,GB-GBN,428304,551226,1008.3,5.5,54.855034604866496,-1.560658708,EA-NE,EA,024009,"Flat V weir in 33m wide channel, close to tidal limit of Wear but this is not thought to affect the tailwater level."
24011,Wear,Burnhope Reservoir,Wear at Burnhope Reservoir,GB-GBN,385584,539487,20.5,337.8,54.75012631295173,-2.225486501,EA-NE,EA,024011,Thin-plate weir with broad-crested flanks monitoring compensation flows and spillage from Burnhope Reservoir and a small natural catchment.
24801,Burnhope Burn,Burnhope Reservoir,Burnhope Burn at Burnhope Reservoir,GB-GBN,385500,539500,21,341.3,54.75024070099337,-2.226792153,EA-NE,EA,,Compound rectangular notch/broad-crested weir and overflow spillway.
24802,Lumley Burn,New Lambton,Lumley Burn at New Lambton,GB-GBN,431700,550700,44.8,,54.85010519648232,-1.507821619,,,,Station located under a three arch bridge - flume under middle arch for low flows with a Crump weir in the arches either side. Constructed to provide temporary records as the stream was much affected by mining.
25001,Tees,Darlington Broken Scar,Tees at Darlington Broken Scar,GB-GBN,425923,513748,818.4,37.2,54.51837066486195,-1.60105905,EA-NE,EA,F3501,"Compound Crump profile weir with total crest length of 63.9m. Two low-flow crests total 9.1m. Gauged ultrasonically from 2002 but this was abandoned in 2011 due to poor performance. D/s level measurement installed 2003. No changes to control since construction apart from fish pass (1992-1993) inserted in low flow weir. There have been bank breaches in the past, and updated modelling work in Jan 2024 indicates that the right bank overtops into the Cleasby washlands at around 3.2m stage. This means that only the very highest AMAX events are affected."
25002,Tees,Dent Bank,Tees at Dent Bank,GB-GBN,393129,525968,217.3,227,54.62879798211491,-2.107945287,EA-NE,EA,,Compound Crump weir 39.3m broad. Station replaced by 25018 (Middleton-in-Teesdale) in 1971.
25003,Trout Beck,Moor House,Trout Beck at Moor House,GB-GBN,375782,533513,11.4,533,54.69606271282987,-2.3772666,EA-NE,EA,F3509,"Three Crump-profile crests (1:2, 1:5 slopes), totalling 12.8 m wide, with central low flow crest of 1.5 m; no cableway. River ice above weir may affect rating in winter, and in severe winters may freeze in well giving a flat float trace (e.g. 1963, 1979). Inaccessible in severe winters (e.g. 1979). Dividing piers added, creating flanking weirs, and abutment walls altered to alleviate shoaling problem by narrowing channel, in 1962. Closed in 1980 but recommissioned 1991 for global environmental research initiative. Data presented for the present structure, from water year 1962/63."
25004,Skerne,Darlington South Park,Skerne at Darlington South Park,GB-GBN,428399,512942,250.1,34.1,54.51099532586635,-1.562888833,EA-NE,EA,F3702,"Compound broad-crested non-standard weir, not purpose built but unlikely to drown. On low-lying ground, formerly the floor of a boating lake, under concrete foot bridge. Fish pass with a small Crump weir constructed winter 1995/1996 - acts as an orifice at high flows. Channel rehabilitation u/s to improve aquatic habitat and maintain low flows."
25005,Leven,Leven Bridge,Leven at Leven Bridge,GB-GBN,444431,512072,196.3,5.2,54.502029399670676,-1.315421272,EA-NE,EA,F3802,"A pre-existing two-stage compound broad-crested weir 17.4m wide, with a bypass Crump profile weir 4.6m wide, adapted for gauging in 1959. The site is badly silted u/s and difficult to maintain. Station closed in May 2008 and replaced by a new station 6km u/s (25029)."
25006,Greta,Rutherford Bridge,Greta at Rutherford Bridge,GB-GBN,403361,512209,86.1,223,54.50518655145384,-1.949608059,EA-NE,EA,F3523,"Compound Crump profile weir, total width 19.2m, central low flow crest 3m wide. Constructed at the head of a natural rock fall. No change in control since construction, no permanent cableway although gauged with a temporary winch. Flow is turbulent even when low."
25007,Clow Beck,Croft,Clow Beck at Croft,GB-GBN,428186,510113,78.2,29.4,54.48558394494075,-1.56644751,EA-NE,EA,,"Compound rectangular thin-plate weir, 6.6m broad (low crest: 2m). Discontinued 1980."
25008,Tees,Barnard Castle,Tees at Barnard Castle,GB-GBN,404632,516641,509.2,133,54.54500656726327,-1.929912395,EA-NE,EA,F3504,Compound Crump weir 52.2m broad with central low flow crest (6.7m). Instrument hut moved to left bank in 2006 and cableway installed. Major refurbishment 2012-14 included addition of Larinier fish pass (3m wide).
25009,Tees,Low Moor,Tees at Low Moor,GB-GBN,436442,510549,1264,12.2,54.48897818941613,-1.438965043,EA-NE,EA,F3606,"Velocity area station with 47.2m wide flat V low flow control (1:2 u/s and d//s slopes, 1:40 cross slopes) constructed in 1974. No wing walls. Originally had a natural control. Lowest station on R. Tees."
25010,Baydale Beck,Mowden Bridge,Baydale Beck at Mowden Bridge,GB-GBN,426115,515573,31.1,47.3,54.534761468473285,-1.59793215,EA-NE,EA,,Concrete weir with adjustable timber crest. Only measures excess flows diverted from the Skerne to the Tees. Discontinued June 1974.
25011,Langdon Beck,Langdon,Langdon Beck at Langdon,GB-GBN,385215,530915,13,373,54.67308313857123,-2.230780835,EA-NE,EA,F3589,"Flat-V weir (6m wide; 1:2, 1:2 crest slopes; cross-slope: 1:10) on a rocky bed with steep gradient. Discontinued in 1983 but analogue recorder maintained in operation. Site reopened for peak flows in 2001."
25012,Harwood Beck,Harwood,Harwood Beck at Harwood,GB-GBN,384978,530916,25.1,374,54.67308506241418,-2.234455874,EA-NE,EA,F3581,"Flat-V weir (1:2 crest slopes, 1:10 cross-slope) for low flow control at velocity-area station. Shallow gravel bedded reach, leading to problems with gravel accumulation on weir apron and at the stilling well inlet; most gravel accumulates at the left side, in the past it was removed every 2-3 years but returned with flood flows and continued gravel removal no longer sustainable. Investigations have indicated the gravel is unlikely to affect the discharge characteristics of the weir. Tapping pipe extended in 2007 to avoid blockage. Site difficult to access in bad weather."
25013,Billingham Beck,Thorpe Thewles,Billingham Beck at Thorpe Thewles,GB-GBN,440426,523195,61.4,20,54.602318059603554,-1.375737159,EA-NE,EA,,Velocity area station with timber weir control. Discontinued 1974.
25014,Mordon Stell,Mordon School,Mordon Stell at Mordon School,GB-GBN,432360,527438,2.5,77,54.641026385453024,-1.500122716,EA-NE,EA,,Discontinued June 1972.
25015,Woodham Burn,South Farm,Woodham Burn at South Farm,GB-GBN,428484,526303,29.1,78,54.631059604996004,-1.560286381,EA-NE,EA,,Discontinued July 1972.
25016,Rushyford Beck,Rushyford,Rushyford Beck at Rushyford,GB-GBN,428000,529000,10.3,,54.65532297862107,-1.567526503,,,,
25018,Tees,Middleton in Teesdale,Tees at Middleton in Teesdale,GB-GBN,394881,525019,242.1,211.2,54.62029080517921,-2.080790667,EA-NE,EA,F3505,"Velocity area station, with informal flat V Crump weir (31.8m wide) for low-flow control constructed in July 1972. Cableway. Replaced earlier station at Dent Bank (25002). Straight reach, gravel and rock bed on steep gradient."
25019,Leven,Easby,Leven at Easby,GB-GBN,458466,508686,14.8,101.3,54.47018285549592,-1.09939199,EA-NE,EA,F3808,"Flat-V Crump profile weir (5m wide) with mild steel crest in rectangular concrete river section. Station closed 31/12/1996 but re-opened in February 2003 for flood warning. Stokesley (d/s) has been subject to significant flooding from the Leven in the past (the last being in 1976), and historic flood marks, recorded at the police station there, give some support for the high growth rate observed in the AMAX series."
25020,Skerne,Preston le Skerne,Skerne at Preston le Skerne,GB-GBN,429210,523780,147,67.5,54.608345482186785,-1.549291199,EA-NE,EA,F3705,"Velocity area station. Cableway. No wing walls. Straight approach. All flows contained in channel. An informal low-flow control (steel trench sheeting with reinforced concrete capping) with 1:20 cross-slope and 6m wide, was built in July-August 1978 to overcome weed growth problems. Prior to this, summer low flows could be over estimated by 100%."
25021,Skerne,Bradbury,Skerne at Bradbury,GB-GBN,431818,528494,70.1,72.4,54.650550319485674,-1.508405828,EA-NE,EA,F3707,"Velocity area station with informal flat V low-flow weir. Cableway. Trapezoidal channel with stone-pitched banks. Prior to March 1973, the invert of a new road bridge 40m d/s of cableway was intended as control; however, silting made the control very unstable. The informal low-flow control (steel sheeting and reinforced concrete cap) was built 1973, with cross-slope of 1:10. Embankments prevent any by-passing although there could be ponding on the flood plain. Approach is affected by heavy growth of weed in summer."
25022,Balder,Balderhead Reservoir,Balder at Balderhead Reservoir,GB-GBN,393100,518200,20.4,284.4,54.55898855601749,-2.108208818,EA-NE,EA,,Compound Crump weir (low crest: 6.2m) below Balderhead Reservoir. Station closed by Northumbrian Water in December 1980.
25023,Tees,Cow Green Reservoir,Tees at Cow Green Reservoir,GB-GBN,381394,528806,58.2,465.4,54.65400307068158,-2.289894986,EA-NE,EA,F3507,Flat-V weir (18.32m broad) below Cow Green Reservoir.
25024,Chapel Beck,Guisborough,Chapel Beck at Guisborough,GB-GBN,459978,516264,13.4,8.2,54.538100653489074,-1.074528341,EA-NE,EA,,Velocity area station with informal shallow V control. Discontinued 1978.
25025,Hunderbeck,Blackton Bridge,Hunderbeck at Blackton Bridge,GB-GBN,393300,518100,8.6,287,54.558092608991835,-2.10511389,FBA,FBA,,Velocity area station with informal weir control. Station closed in December 1983.
25026,Thorsgill,B6277,Thorsgill at B6277,GB-GBN,404700,515100,4.9,184,54.53115724138792,-1.928885258,FBA,FBA,,Velocity-area station. Station closed December 1983.
25027,Carl Beck,Grassholme Reservoir,Carl Beck at Grassholme Reservoir,GB-GBN,394500,522900,2.2,274,54.60124384386463,-2.086650368,EA-NE,EA,,Flat-V weir. Station closed September 1984.
25028,Greater Eggleshop,Middle End Farm,Greater Eggleshop at Middle End Farm,GB-GBN,398500,528700,11.7,331,54.65339537085859,-2.024765989,FBA,FBA,,"Velocity-area station, natural stone bridge provides stable cross-section. Station closed September 1984."
25029,Leven,Foxton Bridge,Leven at Foxton Bridge,GB-GBN,445550,509381,183.6,4.9,54.477748407627935,-1.298557372,EA-NE,EA,F3803,"Crossed-path, multi-path ultrasonic flow gauge built under existing road bridge in 14m wide channel. Measures full range of flows. Replaced 25005 which closed in 2008. Station added to peak flows dataset in September 2020 (WINFAP Files v9)."
25030,Tees,Yarm,Tees at Yarm,GB-GBN,441833,513169,,,54.512107762645755,-1.355380783,,,L3602,
25031,Tees,Croft,Tees at Croft,GB-GBN,429024,509888,,,54.4835149,-1.553535069,,,L3609,
25806,Rough Sike,Moor House,Rough Sike at Moor House,GB-GBN,375800,532900,,,54.690554909148744,-2.376936237,,,,
25807,Nether Hearth,Moor House,Nether Hearth at Moor House,GB-GBN,,,,,,,,,,
25808,Burnt Hill,Moor House,Burnt Hill at Moor House,GB-GBN,375200,533200,0.05,,54.69322150743543,-2.386269484,EA-NE,EA,,"A V-notch weir with stilling pool and water level recorder. Heavy silting was reported at times of low flow, with 400 cubic feet of silt removed over five years. Peak flow only station. Station closed 31/12/1962."
25809,Bog Hill,Moor House,Bog Hill at Moor House,GB-GBN,377300,532700,0.05,518,54.68882780388995,-2.35365146,EA-NE,EA,,A V-notch weir with stilling pool and water level recorder. Peak flow only station. Station closed 31/12/1962.
25810,Sike Hill,Moor House,Sike Hill at Moor House,GB-GBN,377200,533200,0.04,525,54.69331648,-2.355241943,EA-NE,EA,,"A V-notch weir with stilling pool and water level recorder. Prone to heavy silting, with 80 cubic feet removed in five years. Peak flow only station. Station closed 31/12/1962."
25811,Long Hill,Moor House,Long Hill at Moor House,GB-GBN,377200,531700,0.09,524,54.679836812683995,-2.355124159,,,,
26001,West Beck,Wansford Bridge,West Beck at Wansford Bridge,GB-GBN,506400,456000,192,5.1,53.98909925704981,-0.378694946,YW,YW,,Compound rectangular critical depth flume. Discontinued July 1974.
26002,Hull,Hempholme Lock,Hull at Hempholme Lock,GB-GBN,507957,449913,378.1,2.8,53.93409104421369,-0.357110384,EA-Y,EA,F3102,"Two tilting-gate weirs, each 7.2m wide, each with a low flow notch on the upper edge."
26003,Foston Beck,Foston Mill,Foston Beck at Foston Mill,GB-GBN,509358,454867,57.2,6.4,53.97830371914977,-0.334007075,EA-Y,EA,F3120,"Flows measured by an adjustable height, rectangular, sharp-edged weir sluice gate (2.8m wide). Pre-1976, the sluice position was not accurately recorded and the computed flows are less accurate. Eel pass installed September 2012, to be operated only in eel migration season (April-October). Gate lift or drop alters datum, but it is rarely lifted. Weed growth may cause high peaks to be recorded, but station never bypassed. In contrast to much of catchment, station geology is alluvium overlying boulder clay."
26004,Gypsey Race,Bridlington,Gypsey Race at Bridlington,GB-GBN,516540,467530,253.8,11,54.09049147235488,-0.21969884,EA-Y,EA,,Crump weir 2.7m wide. Stream often dries up in summer. Station closed December 1985. Replaced by a gauge upstream 26005 (Boynton).
26005,Gypsey Race,Boynton,Gypsey Race at Boynton,GB-GBN,513681,467755,240,16.8,54.09315126935795,-0.263303575,EA-Y,EA,F3004,Flat-V weir. Replaced the downstream gauge 26004 (Bridlington).
26006,Elmswell Beck,Little Driffield,Elmswell Beck at Little Driffield,GB-GBN,500905,457553,136,20,54.004152989199085,-0.461955321,EA-Y,EA,F3185,Thin-plate weir.
26007,Catchwater,Withernwick,Catchwater at Withernwick,GB-GBN,517100,440300,15.5,11,53.84574815180836,-0.221587843,EA-Y,EA,,Wooden trapezoidal flume. Operated as part of an experimental catchment by University of Hull. Decommissioned in March 1990 (flume removed).
26008,Mires Beck,North Cave,Mires Beck at North Cave,GB-GBN,488996,431631,41.9,10,53.773422495749024,-0.651114364,EA-Y,EA,F3480,Crump weir.
26009,West Beck,Snakeholme Lock,West Beck at Snakeholme Lock,GB-GBN,506668,455589,242.2,8,53.98535162449266,-0.374753049,EA-Y,EA,F3105,"Electromagnetic gauge (1988-2022) with buried magnetic coil in 8m wide channel. Measures the West Beck, Driffield Canal runs alongside (original course of West Beck) and is gauged separately (station 26010 until 2016, replaced by new gauge at Wansford Bridge not currently on NRFA)."
26010,Driffield Canal,Snakeholme Lock,Driffield Canal at Snakeholme Lock,GB-GBN,506668,455589,24.66,8,53.98535162449266,-0.374753049,EA-Y,EA,F3123,"Electromagnetic gauge in narrowed section of canal, 5.5m wide. Catchment nested within the West Beck, which flows alongside and is gauged separately (26009). Station replaced with velocity index station at Wansford Bridge 530m upstream, from 2010."
26011,Market Weighton Canal,Wholsea Grange,Market Weighton Canal at Wholsea Grange,GB-GBN,484462,434397,43.3,5.5,53.79903099874275,-0.719134082,EA-Y,EA,F3402,"Flat V weir 4m wide with 1:10 cross-slopes and vertical concrete wingwalls on Back Delfin / Market Weighton Canal system. Instrrument kiosk with stilling well on right bank. Mainly rural catchment, rising on southern escarpment of Yorkshire Wolds but quickly dropping onto flat plains close to the Humber."
26012,Foulness,Holme House Farm,Foulness at Holme House Farm,GB-GBN,477976,437277,70.2,6,53.82592165689216,-0.816855426,EA-Y,EA,F3412,"Flat-V weir, badly affected by weed growth in the summer. Under the jurisdiction of the Market Weighton Internal Drainage Board."
26013,Driffield Trout Stream,Driffield,Driffield Trout Stream at Driffield,GB-GBN,501852,456079,53.33,12.7,53.990724385930974,-0.448005163,EA-Y,EA,F3193,Ultrasonic gauge in straight channel. Station added to peak flows dataset in October 2018 (WINFAP Files v7).
26014,Water Forlornes,Driffield,Water Forlornes at Driffield,GB-GBN,502300,458300,32.4,,54.01059016636417,-0.440429152,EA-Y,EA,F3175,"Thin-plate sharp edged weir, inside a broad-crested, vertical sided masonry weir around 5m wide. Situated around 1.25km downstream of the source. Built in the early 1970s but fell into disrepair in the 1980s. Station re-commissioned in 1998. Previously station number 26803."
26015,Driffield Canal,Wansford Bridge,Driffield Canal at Wansford Bridge,GB-GBN,506427,456089,49.39,,53.98989328516341,-0.37825226,EA-Y,EA,F3125,Index Velocity gauge with side-mounted H-ADVP in 8m wide canal. Replaced previous Electro-magnetic gauge at Snakeholme Lock (26010) 500m downstream of Wansford Bridge. Station added to peak flows dataset in August 2024 (WINFAP Files v13).
26016,Gypsey Race,Kirby Grindalythe,Gypsey Race at Kirby Grindalythe,GB-GBN,490400,467500,15.85,,54.09546966893369,-0.619218854,EA-Y,EA,F3009,"Small, rectangular thin-plate, sharp-edged weir around 5.1 km downstream of the spring source. Approach to station can be subject to siltation. Built in the 1970's, station fell into disrepair but was re-commissioned in 1998."
26017,Ings Beck,South Newbald,Ings Beck at South Newbald,GB-GBN,490968,436116,14.2,,53.81338157489847,-0.619879744,EA-Y,EA,F3485,"Low head Crump weir (0.2m high, 1.45m wide) built as monitoring for Newbald Becksies wetland nature reserve. Several boreholes and an automatic raingauge provide additional monitoring data for the wetland. Station added to peak flows dataset in September 2022 (WINFAP Files v11)."
26018,Holderness Drain,Bransholme Great Culvert Ps,Holderness Drain at Bransholme Great Culvert Ps,GB-GBN,511446,435597,,,53.80473888886176,-0.309187427,,,L3243,
26801,Catchwater,Withernwick,Catchwater at Withernwick,GB-GBN,517100,440300,15.8,,53.84574815180836,-0.221587843,,,,Small research catchment operated by the University of Hull since 1965. Trapezoidal flume of standard design measures low-medium flows. Much affected by siltation.
26862,Don,Long Sandall Lock,Don at Long Sandall Lock,GB-GBN,460200,406700,,2.7,53.55348531,-1.09279397,EA-Y,EA,,
27001,Nidd,Hunsingore Weir,Nidd at Hunsingore Weir,GB-GBN,442802,452991,484.3,18.1,53.97122548034714,-1.348981657,EA-Y,EA,F2104,"Broad-crested masonry mill weir (49.8m wide) placed diagonally across the river, with a cableway d/s at Cowthorpe. Station intended to be replaced by full-range ultrasonic gauge at Skip Bridge (27062) but remains open due to the value of the long record."
27002,Wharfe,Wetherby Flint Mill,Wharfe at Wetherby Flint Mill,GB-GBN,442215,447311,758.9,13.7,53.92022648838442,-1.358712905,EA-Y,EA,F2004,"Broad-crested masonry mill weir (47m wide), rated by check gaugings. Tadcaster ultrasonic gauge (27089) installed 1990, intended to replace Flint Mill but station retained primarily for high flow measurement. Check gauged at cableway 1.5km u/s but this was moved to 27089 in 1990. Flow was originally recorded on a flow chart up to the level of weir by-passing (1.6m), and level thereafter. Mill sluice operation in 1990s and modification of weir in 2010 affect low flow measurements."
27003,Aire,Beal,Aire at Beal,GB-GBN,453040,425471,1932.1,5.5,53.72295686849845,-1.197662888,EA-Y,EA,F1806,"Broad-crested masonry weir (33.5m wide) with an additional 9.1m of sluices on the right bank, acts as the control at this site. A long established station, 7 km upstream of the tidal limit of the Aire (Haddlesey Weir). The original gauge was on the weir, with a cableway 4.5km u/s (led to limited low flow accuracy); improved performance using new site for cableway and instruments (500m u/s of weir) from June 1993. Flow records combined."
27004,Calder,Newlands,Calder at Newlands,GB-GBN,436500,422330,899,13.9,53.69614214445403,-1.44867807,EA-Y,EA,F1304,"Velocity area station, an adjacent thin-plate weir measured diversions to canal, built in 1956 and levels recorded from 1957. Newlands is situated in an open channel 26m wide, without formal control, at Newland Hall railway-bridge, 4.8km d/s of Wakefield and 1.5km d/s of Kirkthorpe Weir. In October 1968, Newlands replaced the original station at Kirkthorpe Weir (built 1827) to maintain levels in the Aire and Calder Navigation (records from 1960 with some earlier data back to 1927). Newlands closed in 1977 and replaced by 27079 (Methley, flows from 1988), although current meter gauging using the cableway was continued at Newlands."
27005,Nidd,Gouthwaite Reservoir,Nidd at Gouthwaite Reservoir,GB-GBN,414117,468296,113.7,122.5,54.11035200334254,-1.785565224,EA-Y,EA,F2108,Rectangular notch 12.2m wide set in broad-crested weir (total width 29m).
27006,Don,Sheffield Hadfields,Don at Sheffield Hadfields,GB-GBN,438931,390954,373,30.2,53.41396429490877,-1.415758218,EA-Y,EA,F0605,"Broad-crested, skewed, semi-circular masonry weir (44.5m wide) with sloping upstream face. Upstream level recorder since 1921 originally poor due to limited range and position at foundry intake, now located on inside bend in river, upstream of the weir. Cableway installed 1961 located 100m d/s destroyed in 1989, new cableway installed u/s in November 1997. Hut and contents stolen, 1985, replaced 1986. Fish pass installed November 2012."
27007,Ure,Westwick,Ure at Westwick,GB-GBN,435599,467047,914.6,14.2,54.09809397114877,-1.457141402,EA-Y,EA,F2202,"Velocity area station with broad-crested masonry weir (59m wide) rated by gauging at cableway 0.26km d/s. This replaced an earlier rated section d/s of the weir near the canal lock, Boroughbridge weir was thought to act as partial control fore the old station. Location was moved u/s of the (existing) weir in November 1975, initially on the right bank, then moved to current location on left bank in 2010. The weir is now in poor repair. Hydropower scheme installed November 2011 and includes a bypass channel, gauged separately."
27008,Swale,Leckby Topcliffe,Swale at Leckby Topcliffe,GB-GBN,441574,474807,1345.6,12.6,54.16738570896966,-1.364716347,EA-Y,EA,F2303,"Velocity area station, channel 22m wide at low flows, 180m d/s of the Swale/Cod beck confluence. No single effective control - heavy summer weed growth. Station superseded by Crakehill (27071) in 1980 1.5km d/s (but cableway still used for high flow calibration). Station closed 31-12-1984."
27009,Ouse,Skelton,Ouse at Skelton,GB-GBN,456845,455373,3315,4.6,53.991281754223564,-1.13447937,EA-Y,EA,F2405,"Multi-path (cross-configuration) ultrasonic station from 1992. It was previously a velocity-area station since 1956 (37m wide at low flows), with control exercised mainly by Naburn weir, 13km d/s. A key station for regulation of public water supply abstractions and flood risk management. It is a difficult site for flood estimation due to lack of similar catchments yet is not entirely suitable for single-site analysis."
27010,Hodge Beck,Bransdale Weir,Hodge Beck at Bransdale Weir,GB-GBN,462700,494400,18.9,155.7,54.34130794336419,-1.037083567,EA-Y,EA,,"Three-stage thin-plate rectangular weir (6.1m wide overall) with short broad-crested flanks (4.55m wide) and concrete overall. Built for water resources purposes for proposed reservoir (never built). Station closed 31/12/1979, replaced by 27054 Cherrytree Farm from 30/12/1976."
27011,Washburn,Lindley Wood Reservoir,Washburn at Lindley Wood Reservoir,GB-GBN,421957,448831,87.3,93,53.935137894076384,-1.667047955,EA-Y,EA,,"Orifice for measuring compensation flows plus a broad-crested weir for the measurement of overflows from Lindley Wood Reservoir. Records ceased 1975. Level recorder installed on the spillway weir in 2004 to measure overflows, but in 2007 was still awaiting calibration."
27012,Hebden Water,High Greenwood,Hebden Water at High Greenwood,GB-GBN,397300,430900,36,190.5,53.77442952358748,-2.042448079,EA-Y,EA,,Compound rectangular thin-plate weir 13.7m broad - a statutory compensation gauge. Still operated by Yorkshire Water but NRFA records ceased November 1973.
27013,Ewden Beck,More Hall Reservoir,Ewden Beck at More Hall Reservoir,GB-GBN,428900,395700,26.4,123,53.45726506436319,-1.566232664,EA-Y,EA,,Compound structure consisting of sharp-edge weir between broad-crested flanks. Primarily designed to measure compensation flows from More Hall Reservoir.
27014,Rye,Little Habton,Rye at Little Habton,GB-GBN,474300,477100,679,18.8,54.18430422976327,-0.862978996,EA-Y,EA,,"Velocity area station in Vale of Pickering, 12m wide channel with raised embankments. Discontinued 1970 (POT available until 1974), eventually replaced by new station at Ness 6km upstream."
27015,Derwent,Stamford Bridge,Derwent at Stamford Bridge,GB-GBN,471162,455628,1634.3,5.1,53.991803064466836,-0.916093224,EA-Y,EA,F2806,"Broad-crested non-standard weir 31m wide with mill channel and separate navigation channel. Original recorder upstream of the weir, supplemented and eventually replaced by velocity area station downstream of the weir. Flood flows from the upper catchment are diverted to Scarborough via the Sea Cut (27033). The lowest gauging station on the Yorkshire Derwent, operating since 1932. Superseded in 1973 by 27041 (Buttercrambe) d/s. Station closed 31-12-1975. Levels only are now recorded at Stamford Bridge."
27016,Little Don,Underbank Reservoir,Little Don at Underbank Reservoir,GB-GBN,425300,399200,38.6,166,53.48890833020749,-1.620166737,EA-Y,EA,,Orifice and weir (11.7m wide) downstream from Underbank Reservoir. Records ceased December 1980.
27017,Loxley,Damflask Reservoir,Loxley at Damflask Reservoir,GB-GBN,428687,390594,43.5,124,53.41138264752112,-1.569903674,EA-Y,EA,,"Orifices (measuring compensation flows) plus a weir, approx. 23m broad, (measuring overflows) below Damflask Reservoir. Records ceased December 1980."
27018,Ryburn,Ryburn Reservoir,Ryburn at Ryburn Reservoir,GB-GBN,402424,418737,10.7,163,53.66511009882361,-1.964790958,EA-Y,EA,,Compound rectangular thin-plate weir below Ryburn Reservoir. Discontinued February 1974.
27019,Booth Dean Clough,Booth Wood Mill,Booth Dean Clough at Booth Wood Mill,GB-GBN,403300,416600,15.9,207,53.64589778,-1.951555503,EA-Y,EA,,Compound Crump weir replaced a compound rectangular timber weir with thin-plate crest (3.05m wide). Discontinued February 1974.
27020,Scout Dike Stream,Scout Dike Resevoir,Scout Dike Stream at Scout Dike Resevoir,GB-GBN,423600,404700,15.2,207,53.538422115072215,-1.645375069,EA-Y,EA,,Thin-plate weir (12m broad) measuring part of reservoir overflow and a V-notch measuring compensation flows and the balance of overflow from Scout Dike Reservoir. Records ceased December 1980.
27021,Don,Doncaster,Don at Doncaster,GB-GBN,456977,403973,1256.2,4.4,53.529335820530804,-1.141932379,EA-Y,EA,F0908,"Full range ultrasonic since 2000 in the centre of Doncaster. Previously a velocity-area station, 24m wide, formerly with cableway in a straight, embanked open channel reach from 1958. The ultrasonics are in an open channel control with significant hysteresis. New road bridge completed January 2001. Stage Discharge rating still preferred for peak flows."
27022,Don,Rotherham Forge Island,Don at Rotherham Forge Island,GB-GBN,442682,392768,826,23.2,53.42997919844139,-1.359084004,EA-Y,EA,F0600,A large masonry weir 61m wide calibrated at a velocity area station 360m d/s. The weir is at an angle to the upstream channel. Recorders u/s and d/s of the weir (the d/s gauge was removed in 1966). Chart records from u/s recorder since 1924. New recorder installed in 1958 and flow calculated from October 1960. Station closed in 1971. The station was reinstated in 2005 as a level only station when a level recorder and an H-ADVP in a 24m wide channel ~80m upstream of the weir were installed. The H-ADVP gauge has since been removed but a new rating was established and used to calculate flows again from November 2005.
27023,Dearne,Barnsley Weir,Dearne at Barnsley Weir,GB-GBN,434970,407279,118.9,43.4,53.560970657724525,-1.473534703,EA-Y,EA,F0806,"Compound broad-crested weir (12m wide) with central notch 3.9m wide and 3.658m long formed in weir crest, flanking weirs (0.23m above weir) and float well constructed August 1959. Slightly curved in plan, weir drop of 2.4m. Weir crest broken May 1967, repaired December 1967. Cableway added in 1999."
27024,Swale,Richmond,Swale at Richmond,GB-GBN,414641,500620,381,107.6,54.400839673391566,-1.775983249,EA-Y,EA,F2307,"Velocity area station, 20m wide at low flows. Station closed 31-12-1980 when land lease for cableway (300m d/s of recorder) expired, cableway removed but chart recorder was retained and levels are still recorded here. 27090 (Catterick Bridge) commissioned in 1994, a new station 10km d/s to replace Richmond."
27025,Rother,Woodhouse Mill,Rother at Woodhouse Mill,GB-GBN,443213,385749,352.2,28.7,53.366849413872636,-1.352051436,EA-Y,EA,F0304,Velocity area station (15m wide) in trapezoidal channel with current meter cableway. Gauge is downstream of a washland storage scheme and catchment has been significantly impacted by opencast mining.
27026,Rother,Whittington,Rother at Whittington,GB-GBN,439339,374468,165,58.4,53.265755112356224,-1.411662408,EA-Y,EA,F0203,"Flat-V weir in an open-channel, on a straight, stable reach, just downstream of Chesterfield. Cableway located 50m u/s rebuilt 2003; new cableway covers larger cross-section of river. Replaced a shallow masonry V weir located a short distance upstream in October 1979. Improvements in water quality may be responsible for heavy, summer weed-growth."
27027,Wharfe,Ilkley,Wharfe at Ilkley,GB-GBN,411219,448140,443,71.3,53.92926902637202,-1.830628201,EA-Y,EA,F1902,"Velocity area station 20m u/s of Ilkley Old Bridge, the paved invert of which is low flow control for station. Open channel 37m wide. Replaced by Addingham (27043) 3.3km upstream in 1973. Discontinued as flow station in 1975 but level record continues. Cableway still used for calibration of Addingham."
27028,Aire,Armley,Aire at Armley,GB-GBN,428057,434020,691.5,26.1,53.801729263821926,-1.57548718,EA-Y,EA,F1707,"Velocity area station on a straight, industrial reach. Station is located 100m downstream of twin arch viaduct, and confined by canal embankment (right bank, 11.19m) and a high wall (left bank, 5.96m). Channel control provided by two broad-crested weirs set in arches (20m wide) 1.8km d/s under Leeds train station. Station prone to heavy weedgrowth in summer. Changes in weir condition, 1971 and crest deterioration, 1975 not thought important for high flows. Weir crest reconstructed 1978. Instrument building destroyed by fire in 2008, station rebuilt at same section but on opposite (left) bank in 2010."
27029,Calder,Elland,Calder at Elland,GB-GBN,412434,421966,341.9,58.4,53.693992607394925,-1.813172149,EA-Y,EA,F1203,"Broad-crested masonry weir 53m wide with a 5m Crump-profile notch adjacent to the right wing wall for low flow measurement. In July 1969, deteriorating timber-crest replaced by concrete-cap. Low flow notch enlarged 1971 followed by recalibration. The weir is a short distance downstream of a bend. When the old canal, 'Tag Cut' was infilled, historic problem of flows bypassing the station removed."
27030,Dearne,Adwick,Dearne at Adwick,GB-GBN,447677,402022,310.8,12.7,53.51272496546894,-1.282512344,EA-Y,EA,F0803,"Compound Crump weir with broad-crested flanks built 1963, total width 17.4m, 400m d/s of Adwick Bridge. Cableway located 25m upstream of weir. Fish pass installed June 2013."
27031,Colne,Colne Bridge,Colne at Colne Bridge,GB-GBN,417391,419921,245,47.9,53.67547164913854,-1.738216279,EA-Y,EA,F1102,"A non-standard, curved, concrete broad-crested weir 52m wide with an off-centre steel-crested Crump weir notch 3.8m wide for more accurate low flow measurement. Broad-crested flanking weirs 0.4m higher. The existing sidewalls extend well upstream and no end contractions are known. Located within high, regular-profile riverbanks which contains flow at all levels. Colne Bridge is located about 650m upstream of the confluence with the Calder. There are some problems of silting."
27032,Hebden Beck,Hebden,Hebden Beck at Hebden,GB-GBN,402481,464255,22.17,228.2,54.07421858434735,-1.963577182,EA-Y,EA,F1960,"Compound structure with a thin plate V notch weir (1.2m wide) in parallel with a Crump weir (3.35m wide), originally to monitor a Craven Water Board abstraction (no longer active), abstraction was not permitted when flow fell below 0.01 cumecs."
27033,Sea Cut,Scarborough,Sea Cut at Scarborough,GB-GBN,502712,490737,33.2,20.6,54.30192359,-0.423105651,EA-Y,EA,F2603,"Compound broad-crested weir 21m wide with central notch 2.9m wide and crest level of 20.6 mAOD; the flanking weirs are 0.152m higher. A cascade of weirs, making drowning highly unlikely. The channel was artificially extended in the last century. The Sea Cut is primarily a diversion channel which passes flood waters from the upper 88.8 sq.km of the Derwent, although it has a small catchment of its own as well."
27034,Ure,Kilgram Bridge,Ure at Kilgram Bridge,GB-GBN,419062,485989,510.2,87.5,54.26920506088196,-1.708814688,EA-Y,EA,F2206,"Velocity area station. Low flow control is exercised by the sill of Kilgram Bridge 70m d/s. The bridge piers present a sufficient obstruction to cause critical depth, even at low flows. Road bridge acts as a weir at the very highest flows."
27035,Aire,Kildwick Bridge,Aire at Kildwick Bridge,GB-GBN,401106,445684,282.3,87.3,53.90731315366589,-1.984650905,EA-Y,EA,F1503,"Velocity area station situated in 21m wide channel d/s of a bend in the river and u/s of the old, arched Kildwick Bridge. Station provides full range flows."
27036,Derwent,Malton,Derwent at Malton,GB-GBN,478779,471471,1421,14,54.13305814865102,-0.795831443,EA-Y,EA,,Velocity area station closed in 1971. Subsequently recommissioned as a level-only station.
27037,Went,Kirk Smeaton,Went at Kirk Smeaton,GB-GBN,452900,416400,54.5,,53.641447662754906,-1.20132778,,,,Velocity area station closed in 1974.
27038,Costa Beck,Gatehouses,Costa Beck at Gatehouses,GB-GBN,477405,483621,7.8,21.9,54.242439739785326,-0.813733592,EA-Y,EA,F2518,"Single-crest Crump profile weir 5.2m wide, between the abutments of a demolished railway bridge, in a largely artificial section which has been canalised for drainage. The bed is silty and accretion occurs on the weir apron. Removed from peak flows dataset in April 2017 (WINFAP Files v5)."
27039,Holme,Digley Reservoir,Holme at Digley Reservoir,GB-GBN,411210,406840,9.1,219,53.55806488890433,-1.832247896,EA-Y,EA,,Thin plate weir with two 90 degree notches on the Holme at Digley Reservoir.
27040,Doe Lea,Staveley,Doe Lea at Staveley,GB-GBN,444290,374600,67.9,48.3,53.266552390293455,-1.337420439,EA-Y,EA,F0103,"Rectangular critical-depth flume (throat width 3m, bed-hump 0.3m) in concrete trapezoidal channel (2:3 side slopes, 5.5m wide). Hump and downstream slopes form the control. No cableway. Constructed by diversion of river. Mining subsidence caused the flume to tilt. The flume appears to have been stable since 2002."
27041,Derwent,Buttercrambe,Derwent at Buttercrambe,GB-GBN,473112,458712,1586,9.5,54.019243913772534,-0.88561706,EA-Y,EA,F2807,"Crump weir (20m wide) installed September 1973. Station replaces 27015 which had poor quality data. Crump weir supplemented by in-line path ultrasonic gauge for high flow measurement from 9-11-2001. Peak flows from the headwaters are diverted down the Sea Cut (27033). All data for this site is held against this station number. Larinier fish pass built adjacent to weir in 2013 and hydro-electric turbine installed in 2017. Crossed-path multi-path ultrasonic gauge installed 70m upstream of the weir in 2011, this replaces measurement at the weir from 2013."
27042,Dove,Kirkby Mills,Dove at Kirkby Mills,GB-GBN,470468,485533,59.2,35.6,54.26062055145324,-0.919709902,EA-Y,EA,F2560,"Flat-V weir, 8m wide."
27043,Wharfe,Addingham,Wharfe at Addingham,GB-GBN,409146,449298,427,79.7,53.93971710979912,-1.862164377,EA-Y,EA,F1903,"Crump profile crest(12m wide) in a broad-crested, round-nosed flanking weirs (0.7m higher), 48m overall width. Station measures full range flow for water resource management and flood forecasting / warning. Replaced station 3.3km d/s at 27027 (Ilkley), cableway for high flow gauging remains at Ilkley."
27044,Blackfoss Beck,Sandhills Bridge,Blackfoss Beck at Sandhills Bridge,GB-GBN,472491,447392,47,5.7,53.91760949514136,-0.897780104,EA-Y,EA,F2835,"Flat-V weir, 4m wide. In summer 1984 the weir crest was lowered for land drainage requirements."
27047,Snaizeholme Beck,Low Houses,Snaizeholme Beck at Low Houses,GB-GBN,383309,488292,10.2,260,54.289977282252494,-2.257911776,EA-Y,EA,F2290,"Concrete flat-V weir replaced (in 1985) a limited capacity, wooden trapezoidal flume (installed late-1960s); structurefull now 0.95m."
27048,Derwent,West Ayton,Derwent at West Ayton,GB-GBN,498871,484988,127,34.2,54.251030983096214,-0.484004886,EA-Y,EA,F2708,"Compound thin-plate weir, 11m wide in total, central notch is 3m wide."
27049,Rye,Ness,Rye at Ness,GB-GBN,469439,479196,238.7,25.6,54.203818294021005,-0.936967608,EA-Y,EA,F2505,"Flat-V weir, 12m wide. Station added to peak flows dataset in August 2021 (WINFAP Files v10)."
27050,Esk,Sleights,Esk at Sleights,GB-GBN,486573,508144,308,4.8,54.46130553019311,-0.665974591,EA-Y,EA,F2903,"Velocity area station with broad-crested masonry weir control (25m wide) with a crest 1m long at 5.59mAOD. Fish-pass on left bank (11.73m wide and 0.71m lower). Superseded by new Ultrasonic station at Briggswath (27092) 500m d/s in 1998. Good overlap between the two records, although the ultrasonic gauge was unreliable to start with. Station closed January 1998."
27051,Crimple,Burn Bridge,Crimple at Burn Bridge,GB-GBN,428386,451880,8.1,112,53.96222957922022,-1.568844707,EA-Y,EA,F2120,Flat-V weir (3.5m wide) opened in 1972 near site of masonry weir. No cableway. Original purpose was for water balance studies by Leeds University. Subcatchment flows have also been measured by Leeds University.
27052,Whitting,Sheepbridge,Whitting at Sheepbridge,GB-GBN,437638,374771,50.2,70.3,53.26860161405311,-1.437127832,EA-Y,EA,F0220,"Crump weir, 5.98m wide. No cableway. Confined in a straight concrete channel between road and railway embankments (3m high walls for 200m) in an industrialised valley. Station is 500m downstream of confluence of River Drone with Barlow Brook."
27053,Nidd,Birstwith,Nidd at Birstwith,GB-GBN,423007,460316,217.6,67.4,54.03831401327898,-1.650191908,EA-Y,EA,F2106,"Velocity area station approximately 17m wide. Riffle control 50m d/s, may be subject to erosion as the bed is rocky and unstable."
27054,Hodge Beck,Cherry Farm,Hodge Beck at Cherry Farm,GB-GBN,465151,490255,37.1,37.6,54.303755242972976,-1.000293068,EA-Y,EA,F2570,"Limited range flat-V weir, 6m wide. Replaced the gauge upstream 27010 (Bransdale)."
27055,Rye,Broadway Foot,Rye at Broadway Foot,GB-GBN,455997,488365,131.7,37.7,54.287854729282586,-1.141301809,EA-Y,EA,F2508,"Limited range Crump profile weir, 15m wide with 0.4m high walls. Ultrasonic gauge installed in 2003 to improve measurement of non-modular flows. Station severely damaged by extreme flood in June 2005 - ultrasonics washed away. Wingwall extended and ultrasonic replaced in July 2007. D/s levels are measured."
27056,Pickering Beck,Ings Bridge,Pickering Beck at Ings Bridge,GB-GBN,479106,481952,68.6,28.1,54.2271837,-0.788077848,EA-Y,EA,F2515,"Limited range Crump profile weir, 7m wide. Removed from peak flows dataset in February 2018 (WINFAP Files v6)."
27057,Seven,Normanby,Seven at Normanby,GB-GBN,473581,482152,121.6,28.5,54.22980293815062,-0.872759067,EA-Y,EA,F2540,"Limited range Crump profile weir, 8m wide."
27058,Riccal,Crook House Farm,Riccal at Crook House Farm,GB-GBN,466136,481011,57.6,29.5,54.22056370444652,-0.987196251,EA-Y,EA,F2580,"Limited range flat-V weir, 4m wide. Site replaced by new ultrasonic station 1.3km downstream 27093 (Nunnington) which opened in 2005. 27058 closed November 2007."
27059,Laver,Ripon Laver Weir,Laver at Ripon Laver Weir,GB-GBN,430294,470949,87.5,29.6,54.133500362507306,-1.537868511,EA-Y,EA,F2220,"Crump profile weir, 10m wide. Insensitive at low flows, but a notch in the stilling basin toe wall could be used for very low flow measurement. Fish pass with baffles on downstream face of weir installed September 2015."
27060,Kyle,Newton On Ouse,Kyle at Newton On Ouse,GB-GBN,450988,460295,167.6,5.7,54.03612465392179,-1.222978313,EA-Y,EA,F2480,"Flat V gauging weir, built 1978, gauging rural catchment close to confluence with the River Ouse. Concrete flat V weir 6m wide with 1:10 side slopes and vertical sheet-piled wing walls. Instrument kiosk on left bank with upstream and downstream level recorders in stilling wells. Eel tiles added to weir face in 2014."
27061,Colne,Longroyd Bridge,Colne at Longroyd Bridge,GB-GBN,413644,416110,72.3,72.6,53.64132838735865,-1.795102781,EA-Y,EA,F1104,"Limited range flat-V weir, 12m wide."
27062,Nidd,Skip Bridge,Nidd at Skip Bridge,GB-GBN,448247,456080,516,8.2,53.998507960890585,-1.26549285,EA-Y,EA,F2102,"Full-range multi-path ultrasonic operating since 1999, replaced previous flat-V weir. The weir was for low flow measurement in conjunction with high flow data from Hunsingore (27001), which is insensitive at low flows. The weir was removed in 1999 and station converted to ultrasonic to improve fish passage. Ultrasonic gauge originally only set to measure up to 100 cumecs, but range extended after June 2000 event (and before October 2000 event) to cover full range. Station suffered problems from siltation affecting low flows, until the trapezoidal channel was built in 2017/18."
27063,Dibb,Grimwith Reservoir,Dibb at Grimwith Reservoir,GB-GBN,405777,463931,25.5,239.3,54.07128094084895,-1.913212554,EA-Y,EA,F1955,Flat-V weir measuring outflows from Grimwith Reservoir.
27064,Went,Walden Stubbs,Went at Walden Stubbs,GB-GBN,455064,416309,83.7,5.7,53.640407084029725,-1.16861566,EA-Y,EA,F0920,"Flat-V weir, 7m wide, 1:10 cross-slope."
27065,Holme,Huddersfield Queens Mill,Holme at Huddersfield Queens Mill,GB-GBN,414229,415754,97.4,68.1,53.63811316209824,-1.786270601,EA-Y,EA,F1003,"Flat-V weir, 11m wide, 1:10 cross-slope."
27066,Blackburn Brook,Ashlowes,Blackburn Brook at Ashlowes,GB-GBN,439278,391355,42.8,33.3,53.41754286601087,-1.410488171,EA-Y,EA,F0660,Flat-V weir. Station closed June 2007.
27067,Sheaf,Highfield Road,Sheaf at Highfield Road,GB-GBN,435755,386369,49.1,54.1,53.37297759562223,-1.464055657,EA-Y,EA,F0402,"Flat-V weir, 1:10 cross-slope, for low flow measurement. Ultrasonic installed in 2000 for high flow measurement, but performance up to 2007 was poor. Ongoing investigations (2016-) into gauge level sensor."
27068,Ryburn,Ripponden,Ryburn at Ripponden,GB-GBN,403547,418938,33,96.8,53.66691055175344,-1.947793285,EA-Y,EA,F1240,"Flat-V weir, 1:20 cross-slope. Located close to the confluence of two reservoired catchments - of limited hydrological value."
27069,Wiske,Kirby Wiske,Wiske at Kirby Wiske,GB-GBN,437579,484363,215.5,20.3,54.253571423762054,-1.424711809,EA-Y,EA,F2320,"Flat-V weir. New station built 9km upstream (Viewly Bridge), an ultrasonic gauge for full range measurement, opened 2007. 27069 is continuing for low flow measurement."
27070,Eller Beck,Skipton,Eller Beck at Skipton,GB-GBN,398398,450140,35.3,95,53.94736071214541,-2.025895461,EA-Y,EA,F1530,Compound Crump weir with wooden divide piers (added in early 1980s).
27071,Swale,Crakehill,Swale at Crakehill,GB-GBN,442503,473339,1363,12,54.15411717909187,-1.350694521,EA-Y,EA,F2302,"Crump profile weir at Crakehill (20m width) for low-moderate flows, with high flow calibration based on u/s cableway. Gaugings done using ARC-Boat. Weir was built in a new channel to the left of the natural one, and the river diverted into it. This station superseded the velocity area station at Leckby Topcliffe (27008) 3km u/s, which suffered from heavy weed growth and closed in 1980."
27072,Worth,Keighley,Worth at Keighley,GB-GBN,406369,440866,71.7,96.5,53.863973096507515,-1.904639123,EA-Y,EA,F1403,"Limited range flat-V weir, 1:10 cross-slope."
27073,Brompton Beck,Snainton Ings,Brompton Beck at Snainton Ings,GB-GBN,493627,479462,12.9,9,54.20236759810829,-0.566183836,EA-Y,EA,F2760,"Formal Crump Weir, 5.5m wide, built over a drainage culvert. There is a concrete apron 3-4m u/s of the weir. A drain runs beneath the gauge, receiving drainage from low lying land adjacent to Brompton Beck."
27074,Spen Beck,Northorpe,Spen Beck at Northorpe,GB-GBN,422476,421023,46.3,40.8,53.68518358980047,-1.661162922,EA-Y,EA,F1385,Crump Weir.
27075,Bedale Beck,Leeming,Bedale Beck at Leeming,GB-GBN,430621,490249,160.3,23.8,54.30693053877215,-1.53090345,EA-Y,EA,F2330,"Flat-V weir, 1:10 cross-slope."
27076,Bielby Beck,Thornton Lock,Bielby Beck at Thornton Lock,GB-GBN,476061,444429,103.1,6.2,53.89047309014571,-0.844172378,EA-Y,EA,F2830,"Flat-V weir, 1:10 cross-slope. Complementary to Pocklington Canal feeder (27861)."
27077,Bradford Beck,Shipley,Bradford Beck at Shipley,GB-GBN,415123,437472,58,68,53.83328919958875,-1.771695475,EA-Y,EA,F1650,"Flat-V weir, 1:10 cross-slope in a relatively steep channel."
27079,Calder,Methley,Calder at Methley,GB-GBN,440828,425695,930,17,53.726065863889474,-1.38269132,EA-Y,EA,F1301,"Sidelooker since Nov 2021. Previously, multi-path ultrasonic gauging station positioned on a long straight reach around 45m wide, between flood banks. Primary gauging station on the River Calder, measures full range of flow. Constructed in 1986 but ultrasonic gauge records only available from June 1988, replaced earlier station at Newlands (27004) which closed in 1975."
27080,Aire,Oulton Lemonroyd,Aire at Oulton Lemonroyd,GB-GBN,438170,428169,865,18,53.74850181120733,-1.422669001,EA-Y,EA,F1702,"Triangular Crump weir (approx. 27m wide) with fish pass. No cableway. In 1993 it replaced Fleet Weir 320m u/s. Fleet Weir, built 1985, is a 35m wide Crump weir with a fish pass (not used). Fleet Weir drowns as a result of backing up from Lemonroyd. Both gauges are located downstream of Leeds but upstream of the major confluence with the Calder. A serious bank breach in March 1988 inundated the adjacent open cast coal mine and was attributed to geological fault. After the breach Lemonroyd was built in a 3km long, S-shaped cut through meandering river channel, further from opencast mine. Fleet Weir had shown evidence of movement prior to the inundation event. All data (for 27080 and Fleet Weir) held against this station number. Flows above Qmed are diverted >600m u/s of gauge through St Aidens Washland, flows return to the Aire downstream of the gauge. The offtake to the washland was completed in 2012 (although the washland used prior to this)."
27081,Oulton Beck,Oulton Farrer Lane,Oulton Beck at Oulton Farrer Lane,GB-GBN,436447,428102,25.1,20,53.748022573975554,-1.448803103,EA-Y,EA,F1715,"Flat-V weir, 5m wide (1:10 cross-slope) in steep-sided, straight channel. No cableway. May be subject to accretion and bank encroachment but well maintained and should not affect high flow ratings."
27082,Cundall Beck,Bat Bridge,Cundall Beck at Bat Bridge,GB-GBN,441924,472437,23.5,14.1,54.14605848332051,-1.359684549,EA-Y,EA,F2311,"Flat-V weir, 1:10 cross-slope (replaced the original sharp-edged weir)."
27083,Foss,Huntington,Foss at Huntington,GB-GBN,461239,454337,118,7.5,53.98147066706345,-1.067678652,EA-Y,EA,F2470_SL,"Side-looking H-ADVP gauging station 4km u/s of the Foss barrier. Until 2009, the station was an electromagnetic gauge - a buried coil in an insulated trapezoidal channel. The side-looker and electromagnetic gauge ran in parallel; and from 2009 the H-ADVP data are used for daily flows. Stage-discharge rating for peak flows. No cableway."
27084,Eastburn Beck,Crosshills,Eastburn Beck at Crosshills,GB-GBN,402035,445263,43.35,89,53.90352668414693,-1.970512875,EA-Y,EA,F1525,Concrete flat-V weir (14m wide) in widened channel upstream of confluence with R Aire.
27085,Cod Beck,Dalton Bridge,Cod Beck at Dalton Bridge,GB-GBN,442199,476603,209.34,19,54.18347518095314,-1.354892992,EA-Y,EA,F2313_SL,"Electromagnetic gauging station, replaced with sidelooker at end of 2018. No cableway."
27086,Skell,Ripon Alma Weir,Skell at Ripon Alma Weir,GB-GBN,431570,470949,119.5,22.5,54.13342386395633,-1.518341042,EA-Y,EA,F2216,"Flat-V weir opened 1984 (1:20 cross-slopes, 25m wide). Replaced original Alma Weir. Offtake to Ripon Canal feeder is u/s. Station closed July 2010 - due to construction of Ripon flood alleviation scheme, reopened December 2012 with new structure 60m u/s of old site. New weir is lower and expected to drown in high flows. Ultrasonics installed July 2014 to measure high flows."
27087,Derwent,Low Marishes,Derwent at Low Marishes,GB-GBN,483290,477405,457.5,15,54.18566618216991,-0.725174206,EA-Y,EA,F2702,"Electromagnetic gauge in trapezoidal section with vertical abutments above, 13.5m wide at top water level, provides full range flow measurement. Station was replaced with an ultrasonic gauging station in June 2022."
27088,Calder,Mytholmroyd,Calder at Mytholmroyd,GB-GBN,401160,426050,141.87,89,53.73084416981612,-1.983895645,EA-Y,EA,F1204A,"Originally called Caldene Bridge, name changed to Mytholmroyd in 2008. Gauge changed significantly following construction of flood alleviation scheme in the town, which has previously suffered significant flood damages e.g. Dec 2015 flood. Originally multi-path ultrasonic in 10m wide channel for daily flows and velocity area rated section for peak flows, but rating used for all flows from October 2017 until gauge removed in June 2018 to allow construction of defences. Replacement gauge measures stage data in same location as original gauge near Caldene Bridge but flows are measured by velocity-index gauge at new site 600m upstream."
27089,Wharfe,Tadcaster,Wharfe at Tadcaster,GB-GBN,447706,444103,818,6.6,53.89092063,-1.275611675,EA-Y,EA,F2002,Multi-path ultrasonic gauging station (cross configuration) installed in 1990 just u/s of tidal limit of the Wharfe. Bed scouring during 1991 flood necessitated recalibration. Initial problems with sand deposition due to over-wide channel. 27089 planned to replace 27002 (Flint Mill) but both stations have been retained. Cableway moved to here from Wetherby.
27090,Swale,Catterick Bridge,Swale at Catterick Bridge,GB-GBN,422618,499315,499.4,60,54.38882163287798,-1.653209993,EA-Y,EA,F2306,Velocity area station with cableway and four-path ultrasonic gauge to monitor low flows. Old road bridge d/s acts as control at high flows. Superseded 27024 (Richmond) from 1992. 27024 was closed in 1980.
27091,Crimple,Blackstones,Crimple at Blackstones,GB-GBN,440132,452956,76.8,22,53.97112445272407,-1.389687166,EA-Y,EA,F2125,"Flat-V weir, close to confluence with Nidd."
27092,Esk,Briggswath,Esk at Briggswath,GB-GBN,487316,508248,325.4,7,54.46211290096034,-0.6544854,EA-Y,EA,F2902,"Multi-path ultrasonic station installed at Briggswath in a stable, 30m wide channel in 1992. Gauge has a tendency to drop out on the rising limb of the hydrograph, due to long path lengths and high suspended solids. Station replaced 27050 (Sleights, closed January 1998) in 1992, which was a velocity area station with a broad-crested masonry weir and a fish pass on left bank."
27093,Riccal,Nunnington,Riccal at Nunnington,GB-GBN,467280,480509,40.23,,54.215904124203036,-0.969766535,EA-Y,EA,F2581,Ultrasonic gauging station opened 02-12-2005 to replace 27058 (Riccal at Crook House Farm) which was 1.3km upstream. Problems of power loss to the ultrasonics throughout the period of record.
27094,Wiske,Romanby Viewly Bridge,Wiske at Romanby Viewly Bridge,GB-GBN,435094,492105,158.21,28.4,54.32332327300565,-1.461945775,EA-Y,EA,F2322,"Crossed-path multi-path ultrasonic gauge in rectangular section under bridge, with informal flat V weir downstream for low flow control."
27095,Pickering Beck,Pickering,Pickering Beck at Pickering,GB-GBN,479664,484039,66.2,30.9,54.24584958358874,-0.778967315,EA-Y,EA,F2517,Velocity area station in Pickering. Replaces 27056 for peak flow used only. Station added to peak flows dataset in October 2018 (WINFAP Files v7).
27096,Wharfe,Netherside Hall,Wharfe at Netherside Hall,GB-GBN,398561,464970,215.18,172.1,54.08064776127476,-2.023487785,EA-Y,EA,F1906,Open channel section in deep valley with natural gravel control. Ultrasonic supported by rating curve. Station added to peak flows dataset in October 2018 (WINFAP Files v7).
27097,Aire,Bingley,Aire at Bingley,GB-GBN,410436,439458,464.78,,53.851253299552425,-1.842845262,EA-Y,EA,F1608,"Velocity area station, with an approximately 150m wide broad crested mill weir set at a shallow angle to river flow just downstream. A H-ADVP velocity meter was also operated at the site from 2009 to 2017 with a velocity index rating. Station added to peak flows dataset in September 2019 (WINFAP Files v8)."
27098,Calder,Dewsbury,Calder at Dewsbury,GB-GBN,424241,421436,697,,53.68881709181659,-1.63440715,EA-Y,EA,F1306,"Ultrasonic gauge with additional velocity area rating, built October 2000. Situated on a meander 30m wide, around 0.6km d/s of where the Dewsbury Flood Defence Channel rejoins the River Calder. Man-made channel with vertical sided masonry walls, open out to wider channel at around 2.3m stage, wider channel also has vertical sides. Natural channel was canalised in early 1970s (finished end of 1974). Replaced existing river level-only station. Level-only station built in April 1964, and had a pressure transducer from 1975. Station number previously 27835."
27099,Derwent,Malton A64 Road Bridge,Derwent at Malton A64 Road Bridge,GB-GBN,481200,473100,1360.1,,54.14731907950889,-0.758351273,EA-Y,EA,F2809,"Full range multipath ultrasonic gauge, installed in 2001 under the A64 road bridge. Flood flows from the upper catchment diverted to the Sea Cut (measured at 27033)."
27100,Calder,Todmorden,Calder at Todmorden,GB-GBN,393657,424449,,,53.71641536713245,-2.097589451,,,F1207,
27101,Aire,Gargrave,Aire at Gargrave,GB-GBN,393731,453953,,,53.981594253027396,-2.097081473,,,F1508,
27102,Rother,Canklow Regulator,Rother at Canklow Regulator,GB-GBN,443410,389714,,,53.40247073249839,-1.348547533,,,L0301,
27103,Don,Fishlake,Don at Fishlake,GB-GBN,466879,413505,,,53.61383422959533,-0.990539577,,,L0903,
27104,Fowler Bridge Drain,Bentley Ings Screen,Fowler Bridge Drain at Bentley Ings Screen,GB-GBN,457890,405491,,,53.54287896684725,-1.127880642,,,L0962,
27105,Calder,Hebden Bridge,Calder at Hebden Bridge,GB-GBN,398315,427202,,,53.74119634235872,-2.027025654,,,L1206,
27106,Walsden Water,Walsden Water,Walsden Water at Walsden Water,GB-GBN,393363,421595,,,53.69075965695701,-2.101982049,,,L1209,
27107,Aire,Carlton Bridge,Aire at Carlton Bridge,GB-GBN,464550,422783,,,53.69750602610193,-1.023814743,,,L1801,
27108,Wharfe,Kettlewell,Wharfe at Kettlewell,GB-GBN,396842,472032,,,54.14410927640563,-2.049838717,,,L1907,
27109,Wharfe,Otley,Wharfe at Otley,GB-GBN,420155,445835,,,53.90828380481337,-1.694691105,,,L2009,
27110,Nidd,Knaresborough,Nidd at Knaresborough,GB-GBN,434789,457067,,,54.008457060408695,-1.470667492,,,L2105,
27111,Ure,Ripon Ure Bank,Ure at Ripon Ure Bank,GB-GBN,431763,472113,,,54.14387302577481,-1.51526537,,,L2203,
27112,Ure,Bainbridge,Ure at Bainbridge,GB-GBN,393409,490730,,,54.31212034950991,-2.102809142,,,L2208,
27113,Swale,Grinton Bridge,Swale at Grinton Bridge,GB-GBN,404663,498509,,,54.382054949309875,-1.929711955,,,L2309,
27114,Arkle Beck,Reeth,Arkle Beck at Reeth,GB-GBN,404251,499099,,,54.38736083105977,-1.936047103,,,L2351,
27115,Ouse,Cawood,Ouse at Cawood,GB-GBN,457677,437752,,,53.83283455259286,-1.125106412,,,L2403,
27803,Pickering Beck,Pickering,Pickering Beck at Pickering,GB-GBN,,,69.9,,,,,,,Sharp edge weir set skew across a bend in the river with a small and large sluice parallel to the weir.
27804,Dearne,Dearnemouth,Dearne at Dearnemouth,GB-GBN,450500,400500,,,53.49878288661691,-1.240190796,,,,
27805,Rother,Renishaw,Rother at Renishaw,GB-GBN,444300,378600,,,53.30250407768823,-1.336714226,,,,
27806,Rother,Ickleweir,Rother at Ickleweir,GB-GBN,,,,,,,,,,Low weir on the Rother. Level only station.
27807,Rother,Canklow Regulator,Rother at Canklow Regulator,GB-GBN,443500,389700,,,53.40233751188974,-1.34719589,,,,Level continuously monitored up and downstream.
27808,Derwent,Forse Valley,Derwent at Forse Valley,GB-GBN,498900,485700,,,54.257422079719845,-0.483325258,,,,One of two gauging stations set up by Scarborough Corporation Waterworks to investigate the loss of water from the Derwent to swallow holes (second station not held by NRFA). Sharp edge weir.
27811,Aire,Brotherton Weir,Aire at Brotherton Weir,GB-GBN,449500,424300,1902,,53.712779787277654,-1.251492788,YW,YW,,
27815,Aire,Leeds Lock,Aire at Leeds Lock,GB-GBN,,,,,,,BW,BW,,
27818,Aire,Calder Junction Castleford,Aire at Calder Junction Castleford,GB-GBN,442400,426300,,32.7,53.73137825966281,-1.358785089,,,,
27819,Aire,Ferrybridge,Aire at Ferrybridge,GB-GBN,448400,424500,1900,,53.71468017,-1.268126419,,,,
27825,Yohra,Wakefield Flood Lock,Yohra at Wakefield Flood Lock,GB-GBN,433700,419800,,,53.67359063854077,-1.491356596,,,,
27831,Turvin Clough,Washford Bridge,Turvin Clough at Washford Bridge,GB-GBN,399400,421300,,,53.68815130683844,-2.010562016,,,,Sharp-crested rectangular weir.
27832,Turvin Clough,Victoria Mill,Turvin Clough at Victoria Mill,GB-GBN,400200,422400,,,53.69803871372008,-1.998447922,,,,Compound plate weir.
27841,Derwent,Buttercrambe,Derwent at Buttercrambe,GB-GBN,473100,458700,1586,10,54.019137779529004,-0.885803053,EA-Y,EA,,All data for this site held against 27041.
27846,Aire,Ash Bridge,Aire at Ash Bridge,GB-GBN,447200,426600,1884,,53.733663277339375,-1.285987573,YW,YW,,
27852,Little Don,Langsett Reservoir,Little Don at Langsett Reservoir,GB-GBN,421500,400500,21.1,237.1,53.50076122719271,-1.677347663,EA-Y,EA,,Reservoir compensation flow gauge. Records ceased 1932.
27853,Laver,Laverton,Laver at Laverton,GB-GBN,421500,473100,29.8,436,54.15327310180196,-1.67229863,,,,Rough timber rectangular weir much affected by silt and gravel deposition. Projected site of a reservoir dam.
27854,Aire,Skelton Grange,Aire at Skelton Grange,GB-GBN,433600,430700,,,53.771563158332256,-1.491690835,,,,
27855,Ouse,Naburn Weir,Ouse at Naburn Weir,GB-GBN,459400,444500,,,53.89328340646573,-1.097626017,,,,
27856,Don,Sprotborough Weir,Don at Sprotborough Weir,GB-GBN,,,1256.15,,,,,,,"Station located upstream of Doncaster, superseded by Doncaster (27021). Weir affected by mining subsidence."
27859,Calder,Todmorden,Calder at Todmorden,GB-GBN,393600,424400,19.68,,53.71597424,-2.098452105,EA-Y,EA,,"Ultrasonic gauge positioned in canalised channel around 10m wide, on downstream of road bridge after culvert exit. No cableway. Gauge removed in 2008 due to ongoing data quality problems. Now a level only station."
27861,Pocklington Canal,Thornton Lock,Pocklington Canal at Thornton Lock,GB-GBN,476067,444413,107.3,9,53.89032843572096,-0.844085071,EA-Y,EA,F2831,Crump weir in 1.5m wide channel linking Bielby Beck to Pocklington Canal. Approach channel is through a culvert with a sluice gate at the inlet which controls flows. Culvert is about 15m long and exit is about 3m upstream of the weir crest. Weir measures the abstraction into the canal. Summation of flow here and at 27076 gives total flow in Bielby Beck at this point.
27871,Swale,Crakehill,Swale at Crakehill,GB-GBN,442503,473339,1363,15,54.15411717909187,-1.350694521,EA-Y,EA,,All data for this site held against 27071.
28001,Derwent,Yorkshire Bridge,Derwent at Yorkshire Bridge,GB-GBN,419810,385090,126,159.4,53.362316151791255,-1.703788447,EA-EM,EA,4001,"Two shallow profile trapezoidal flumes with a whaleback divide since 1936; compound sharp-edged weir previously. Below a cascade of 3 reservoirs (built in 1912, 1916, 1946)."
28002,Blithe,Hamstall Ridware,Blithe at Hamstall Ridware,GB-GBN,410890,319170,163,63.8,52.77001647210709,-1.840030952,EA-WM,EA,4002,"Originally a side contracted flume with pilot tube tapping. Since 1994 a permanent non-standard, broad crested weir. Pre-barrage fish pass downstream of the weir."
28003,Tame,Water Orton,Tame at Water Orton,GB-GBN,416940,291460,408,74.4,52.52075950312103,-1.751772981,EA-WM,EA,4003,"Simple Crump profile weir, 8.5m wide, located just upstream of Minworth WRW and trunk sewerage system. Site constructed in 1993 to replace VA gauge subject to backwater influence and weed growth. Channel re-graded in 1974 - channel control became unstable."
28004,Tame,Lea Marston,Tame at Lea Marston,GB-GBN,420600,293500,795,65.8,52.53897331501627,-1.697707835,EA-WM,EA,4004,Station replaced by Lea Marston Lakes (28080) in 1982. Station removed from peak flows dataset in August 2025 (WINFAP Files v14).
28005,Tame,Elford,Tame at Elford,GB-GBN,417300,310500,1475,49.7,52.69191170843643,-1.74547815,EA-WM,EA,4005,Velocity area station Replaced by Hopwas (28095) a short distance upstream. Station removed from peak flows dataset in August 2025 (WINFAP Files v14).
28006,Trent,Great Haywood,Trent at Great Haywood,GB-GBN,399360,323090,325,69.5,52.80536222132173,-2.010934835,EA-WM,EA,4006,Velocity area station with broad floodplain. Removed from peak flows dataset in May 2016 (WINFAP Files v4).
28007,Trent,Shardlow,Trent at Shardlow,GB-GBN,444800,329960,4400,29,52.86526505560801,-1.335972027,EA-EM,EA,4007,Index-Velocity station in the navigable Trent. Main channel approximately 45m wide. Gauged using ADCP boat. Station re-opened in the peak flows dataset in September 2022 (WINFAP Files v11).
28008,Dove,Rocester Weir,Dove at Rocester Weir,GB-GBN,411240,339670,399,86.3,52.954290782160065,-1.834143312,EA-WM,EA,4008,Velocity area station approximately 19.8m wide. Hydro-electric power scheme and larinier fish pass added to control structure in 2011.
28009,Trent,Colwick,Trent at Colwick,GB-GBN,462010,339960,7486,16,52.953442624696024,-1.078455809,EA-EM,EA,4009,Velocity area station in the navigable Trent. Main channel approximately 62m wide. Large navigation weir 2.5 miles downstream provides the hydraulic control for the flow equation.
28010,Derwent,Longbridge Weir,Derwent at Longbridge Weir,GB-GBN,435600,336300,1054,44.4,52.92294013240215,-1.471932356,EA-EM,EA,4010,"Long (92m), curved broad-crested masonry weir narrowed by 14m in 1971 during construction of ring road. Superseded by 28085 in July 1986, all data held against 28085."
28011,Derwent,Matlock Bath,Derwent at Matlock Bath,GB-GBN,429600,358600,690,83.2,53.12375467759397,-1.559135392,EA-EM,EA,4011,Velocity area station about 20 m wide in a deep channel.
28012,Trent,Yoxall,Trent at Yoxall,GB-GBN,413210,317720,1229,56.4,52.75693046735768,-1.805702624,EA-WM,EA,4012,"Two velocity-area sites were used prior to December 1994. The first (just d/s of bridge) opened 1959 and closed after river re-grading in 1976, the second and current site (50 m d/s of original site) began in 1974. Replaced with an electromagnetic gauge in December 1994. Following failure of the electromagnetic gauge, an ultrasonic gauge was installed in 2011. Located just downstream of a major road bridge and a smaller single track arched bridge."
28013,Soar,Zouch,Soar at Zouch,GB-GBN,449800,324000,1289.8,32,52.81125428718017,-1.262614672,EA-EM,EA,,
28014,Sow,Milford,Sow at Milford,GB-GBN,397540,321530,591,69.4,52.79133303102479,-2.037919998,EA-WM,EA,4014,Vertical-area station; channel about 25m wide.
28015,Idle,Mattersey,Idle at Mattersey,GB-GBN,469010,389520,529,3.8,53.39800708263775,-0.963603802,EA-EM,EA,4015,Originally velocity area station; electromagnetic gauge since 1982 in reach between two bridges and trapezoidal flood banks. Primary recording switched to Side-looking ADVM 4th July 2015 then to a bed mounted ADVM from 23rd Jan 2018. Flood flows fully contained.
28016,Ryton,Serlby Park,Ryton at Serlby Park,GB-GBN,464100,389700,231,5.6,53.40024265819207,-1.037398327,EA-EM,EA,,Velocity area station closed in 1984 and superseded by Blyth (Ryton) 28091.
28017,Devon,Cotham,Devon at Cotham,GB-GBN,478750,347710,284,11,53.02090208605927,-0.827454756,EA-EM,EA,4017,"Velocity area station just upstream of a double arch masonry bridge. Became level-only in April 1978 due to unreliable rating, and converted to chart/logger site in 1984. Station closed December 2003, replaced by Wensor Bridge electromagnetic station. Removed from peak flows dataset in September 2023 (WINFAP Files v12)."
28018,Dove,Marston on Dove,Dove at Marston on Dove,GB-GBN,423740,328840,883.2,47.2,52.856533585386984,-1.648875036,EA-WM,EA,4018,"Velocity area station up to 1974 (bankfull 3.0m), when a Flat V Crump profile weir was installed. Very wide floodplain. Cableway removed in 2014 - flow gaugings carried out just downstream of the road bridge, upstream of the main station building. Fish pass introduced in 2016."
28019,Trent,Drakelow Park,Trent at Drakelow Park,GB-GBN,423910,320390,3072,43,52.78056676833502,-1.646965969,EA-WM,EA,4019,Velocity area station. The left bank is a low lying golf course that is inundated from 2.68mASD. Cableway removed in 2014 - flow gaugings still performed in old cableway section.
28020,Churnet,Rocester,Churnet at Rocester,GB-GBN,410310,338900,236,81.4,52.947387570818385,-1.848010229,EA-WM,EA,,"Velocity area station. 500m d/s of Podmore's Mill, Rocester. Situated in a straight, deep reach of the river with tress on both banks."
28021,Derwent,Draycott,Derwent at Draycott,GB-GBN,444250,332790,1175,30,52.890748628713474,-1.343757547,EA-EM,EA,,"Velocity area station, closed in 1977 and superseded by 28067."
28022,Trent,North Muskham,Trent at North Muskham,GB-GBN,480430,360560,8231,4.9,53.13613655312848,-0.799206809,EA-EM,EA,4022,Velocity area station from 1968 to 1996. An ultrasonic gauge was installed in 1996. Highest transducer 7m. The station provides the most downstream gauge on the Fluvial Trent and lies immediately upstream of Cromwell Weir (Trent tidal limit).
28023,Wye,Ashford,Wye at Ashford,GB-GBN,418250,369680,154,139,53.22385737,-1.728109559,EA-EM,EA,4023,Open channel station opened 1965. Problems with severe seasonal weed growth led to closure of original velocity-area station in 1977 (telemetry of levels maintained). Flat-V weir (1:20 cross-slopes) commissioned 1994. Located just downstream of bridge in meandering reach; channel 11m wide.
28024,Wreake,Syston Mill,Wreake at Syston Mill,GB-GBN,461510,312460,413.8,47.7,52.706322221842456,-1.091069535,EA-EM,EA,4024,"Ultrasonic time of flight gauge since October 2018, providing good quality data at low and high flows. Side-looking ADCP gauge 2012-2018. Electromagnetic gauge in use 1982-2012, replacing the original crump weir 4.6m wide which was originally installed in 1967."
28025,Sence,Ratcliffe Culey,Sence at Ratcliffe Culey,GB-GBN,432080,299610,169.4,67.3,52.59334647393849,-1.527864588,EA-WM,EA,,Crump weir.
28026,Anker,Polesworth,Anker at Polesworth,GB-GBN,426280,303340,368,60.4,52.627187664181015,-1.613187309,EA-WM,EA,4026,Crump profile weir with flanking floodbanks to contain out of bank flows - includes a downstream recorder. The flow bypasses on the left bank and rejoins downstream after the railway bridge.
28027,Erewash,Sandiacre,Erewash at Sandiacre,GB-GBN,448250,336430,182.2,33.4,52.92312397772477,-1.283771232,EA-EM,EA,4427,"Two rectangular concrete flood drainage channels, each 3.9m wide, 3.09m deep, separated by divide wall 1m high. Informal low flow controls installed 1981; closed 1984, reopened 1991 as multipath ultrasonic gauge, replaced with Laserflow index velocity gauge in 2022."
28028,Soar,Wanlip,Soar at Wanlip,GB-GBN,460300,310900,480,47,52.69243598509739,-1.109260971,EA-EM,EA,,"Compound Crump weir, closed in 1981."
28029,Kingston Brook,Kingston Hall,Kingston Brook at Kingston Hall,GB-GBN,450300,327700,57,31,52.84446605555602,-1.254628617,EA-EM,EA,,Compound Crump profile weir with crest tapping. Experimental catchment.
28030,Black Brook,Onebarrow,Black Brook at Onebarrow,GB-GBN,446600,317100,8.4,111.1,52.74951656200887,-1.311065387,EA-EM,EA,,Trapezoidal Flume. International Hydrological Decade Experimental Basin.
28031,Manifold,Ilam,Manifold at Ilam,GB-GBN,413980,350720,148.5,131,53.053556522798516,-1.792885312,EA-WM,EA,4031,"Crump profile weir, 12.5m wide in a straight reach - modular to bankfull. Rocky bed, somewhat insensitive but good quality data throughout the range. Gaugings possible with ADCP just upstream of weir at levels up to around 0.8m after which it becomes increasingly more difficult due to turbulent flow. Gaugings can also be performed in Ilam village however are not always reliable. Located downstream of Ilam town and 700m upstream of Manifold/Dove confluence. Fish baffles and eel pass installed on weir in July 2015. Modular style eel bristles added to right bank side of weir, on downstream face in July 2024."
28032,Meden,Church Warsop,Meden at Church Warsop,GB-GBN,455840,368000,63,55.8,53.20614509,-1.16542384,EA-EM,EA,4032,Flat-V weir installed in Jan 2015 to replace the trapezoidal flume built in 1964. 1972-2015 flume was unsatisfactory so site used as velocity area except 1984-1990 when station was inactive. Built to measure flows entering Sherwood Sandstone outcrop.
28033,Dove,Hollinsclough,Dove at Hollinsclough,GB-GBN,406320,366830,8,280.5,53.19851247163744,-1.906851846,EA-WM,EA,4033,"Small compound Crump profile weir, crest lengths 1.2 and 3.02m in rocky channel. Originally an experimental catchment with associated comprehensive climate station. Station out of action Oct 1986-Oct 1996."
28034,Maun,Haughton,Maun at Haughton,GB-GBN,468100,372800,161,29,53.24785828571445,-0.980873135,EA-EM,EA,,
28035,Leen,Triumph Road Nottingham,Leen at Triumph Road Nottingham,GB-GBN,454970,339290,111,24.3,52.94818640515545,-1.183344119,EA-EM,EA,4435,"Two rectangular concrete channels, each 3.05m wide, 2.75m deep, separated by divide wall 1m high. All flows contained. Closed 1984, reopened in 1991 as multiple Ultrasonic operation. Laser flow gauge operational from 2023. Station added to peak flows dataset in August 2024 (WINFAP Files v13)."
28036,Poulter,Twyford Bridge,Poulter at Twyford Bridge,GB-GBN,469990,375250,128.2,16.9,53.26963168746881,-0.952015631,EA-EM,EA,4036,"Station sites where Poulter leaves Sherwood Sandstone outcrop. Original 4.88m wide Crump profile weir submerged from late 1972 by mining subsidence; channel regraded in 1981, but no solution. Ultrasonic gauge installed in 1992 revived the station and was replaced by a LaserFlow gauge in October 2017."
28037,Derwent,Mytham Bridge,Derwent at Mytham Bridge,GB-GBN,421150,382120,203,139,53.33556869416143,-1.683850664,EA-EM,EA,,Downstream of Ladybower Reservoir.
28038,Manifold,Hulme End,Manifold at Hulme End,GB-GBN,410600,359500,46,213.3,53.13255683,-1.843024352,EA-WM,EA,4038,"Concrete weir with iron girder across crest (metal crest added 1968). Crest level 213.281mAOD, 8.5m wide. Removed from peak flows dataset in September 2023 (WINFAP Files v12)."
28039,Rea,Calthorpe Park,Rea at Calthorpe Park,GB-GBN,407070,284710,74,104.2,52.460292846650056,-1.897374958,EA-WM,EA,4039,"Crump profile weir, 3.66m wide, with flanking broad-crested weirs set in a formalised, roughly rectangular channel. Station data is used for flood forecasting."
28040,Trent,Stoke-On-Trent,Trent at Stoke-On-Trent,GB-GBN,389170,346670,53.2,113.2,53.01721853480807,-2.162885037,EA-WM,EA,4040,"Crump profile weir, 4.12m wide, modular throughout range. Liable to collect rubbish and fish baffles added in 2012."
28041,Hamps,Waterhouses,Hamps at Waterhouses,GB-GBN,408290,350160,35.13,210.2,53.04863994029288,-1.877787565,EA-WM,EA,4041,Flat vee weir. Poor approach to weir - rocks and shoal. Station closed 1982-2000.
28042,Churnet,Cheddleton,Churnet at Cheddleton,GB-GBN,397900,352000,136,169.9,53.06523774958584,-2.032789537,EA-WM,EA,,
28043,Derwent,Chatsworth,Derwent at Chatsworth,GB-GBN,426060,368360,335,99,53.211668408956754,-1.611241359,EA-EM,EA,4043,Velocity area station approx. 36m wide at bankfull. Important flood forecasting station.
28044,Poulter,Cuckney,Poulter at Cuckney,GB-GBN,457130,371400,32.2,47,53.236566930698245,-1.145504507,EA-EM,EA,4044,"Crump profile weir 3.71m broad, modular to bankfull. Designed to measure the flow as the Poulter entered the Bunter Sandstone outcrop."
28045,Meden/Maun,Bothamsall / Haughton,Meden/Maun at Bothamsall / Haughton,GB-GBN,468100,373200,262.6,24.3,53.25145323061015,-0.980787721,EA-EM,EA,4045,The Meden and Maun join then split u/s of the gauging points. This is a combination record of DMFs from the Meden at Bothamshall and the Maun at Haughton. No combined peak flows available (those provided are for the Meden). Both stations originally velocity-area stations with trapezoidal flumes built in 1963/4 - closed in 1984.
28046,Dove,Izaak Walton,Dove at Izaak Walton,GB-GBN,414710,351000,83,131.4,53.05605401562994,-1.781981938,EA-WM,EA,4046,"Crump profile flat vee weir, 7.59m wide, deep vertical sidewalls, modular to bankfull. Excellent station, narrower than the main channel."
28047,Oldcotes Dyke,Blyth,Oldcotes Dyke at Blyth,GB-GBN,461470,387550,85.2,10.7,53.38123193789813,-1.077365729,EA-EM,EA,4047,Crump profile Flat V weir with reasonable approach d/s of a road bridge. Removed from peak flows dataset in September 2023 (WINFAP Files v12).
28048,Amber,Wingfield Park,Amber at Wingfield Park,GB-GBN,437540,352000,139,71.2,53.06393181200553,-1.441260657,EA-EM,EA,4048,"Crump profile Flat V weir in trapezoidal channel. Higher flows gauged from bridge upstream. Extreme flows bypass on right bank. Fairly low modular limit. Stream joins downstream, which causes drowning of gauging station weir. Pumped Eel pass installed 2015."
28049,Ryton,Worksop,Ryton at Worksop,GB-GBN,457520,379490,77,32.1,53.30923568812928,-1.138201325,EA-EM,EA,4049,"Crump profile Flat V weir, 4.57m at V-full, in trapezoidal channel. Downstream bridge provokes early non-modularity. Modified stage discharge curve produced for non-modularity at high flows."
28050,Torne,Auckley,Torne at Auckley,GB-GBN,464580,401220,135.53,1.6,53.50371665867306,-1.02781928,EA-EM,EA,4050,"Crump profile Flat V weir in trapezoidal channel, 8.9m wide at V-full. Side-looking doppler installed 50m downstream to allow for reliable low and high flow data from 2016 onwards. New Cross Correlation Doppler installed 6th May 2021."
28051,Soar,Narborough,Soar at Narborough,GB-GBN,455100,298500,202,60.8,52.58152759174655,-1.188254527,EA-EM,EA,,"Crump profile Flat V weir as the invert to a road bridge. Superseded by Littlethorpe electromagnetic gauge (28082), which combines this record."
28052,Sow,Great Bridgeford,Sow at Great Bridgeford,GB-GBN,388350,326980,163,77.1,52.84020318276813,-2.17439429,EA-WM,EA,4052,"Crump profile Flat V weir, 9.1m wide, in trapezoidal channel, with floodbanks to contain out of channel flows. Fish and eel pass constructed in 2014. Removed from peak flows dataset in September 2023 (WINFAP Files v12)."
28053,Penk,Penkridge,Penk at Penkridge,GB-GBN,392191,314433,272,76.3,52.72748243290798,-2.117068585,EA-WM,EA,4053,ADCP gaugings perfomed between weir wing walls or approximately 15m upstream of weir. High level/flood gaugings carried out off upstream road bridge. Periodic weed cutting carried out by contractors during growing season to prevent weir from drowning out prematurely.
28054,Sence,Blaby,Sence at Blaby,GB-GBN,456600,298500,133,62.6,52.58137384609054,-1.166119709,EA-EM,EA,,"Crump profile Flat V weir, 6.57m wide at vee full, in a trapezoidal channel. Closed in April 1984 and superseded by South Wigston (28086). Flows are not consistent with those at South Wigston and it is not recommended that the two series are combined."
28055,Ecclesbourne,Duffield,Ecclesbourne at Duffield,GB-GBN,431940,344640,50.4,69.4,52.99813702791012,-1.52554948,EA-EM,EA,4055,"Crump profile Flat V (1:10) weir set in sloping (1:1) 1.25m high sidewalls, 7.2m wide at V-full. Likely to be modular to structure full. Closed 1983-89. High flows gauged from d/s bridge - bridge downstream may restrict flood flows. Adjustable pre-barrage to improve fish passage installed on weir apron in Jan 2013. Remains modular to structure full. Pre-barrage to improve fish passage installed on weir apron in 2013. Remains modular to structure full."
28056,Rothley Brook,Rothley,Rothley Brook at Rothley,GB-GBN,458060,312130,94,47.4,52.70373626801691,-1.142182384,EA-EM,EA,4056,
28057,Trent,Cromwell Lock,Trent at Cromwell Lock,GB-GBN,480800,361200,8230,5.5,53.14183232793805,-0.793516357,EA-EM,EA,,
28058,Henmore Brook,Ashbourne,Henmore Brook at Ashbourne,GB-GBN,417530,346220,37.7,116.4,53.013002067254874,-1.740166889,EA-WM,EA,4058,"Crump profile Flat V weir, 6.0m wide, within vertical wing walls. Right bank approach built up into low floodbank. Modular limit high, but no arrangements to deal with non-modular discharge. Contains Carsington pump storage reservoir - impounded from September 1991. Station closed between 1984 and 1993. Peak flow data are for record before Carsington Reservoir. Fish baffles added to the downstream weir face in March 2021."
28059,Maun,Mansfield STW,Maun at Mansfield STW,GB-GBN,454800,362300,28.8,78.6,53.15502163363937,-1.181967933,EA-EM,EA,4059,"Velocity area station opened in 1958. Trapezoidal critical depth flume installed in 1964. Flume has drowned in past due to summer weed growth and rubbish accumulation. Station situated immediately downstream of STW. Closed in 1984, replaced by 28115 (Mansfield The Dykes) in May 1992. All flows contained."
28060,Dover Beck,Lowdham,Dover Beck at Lowdham,GB-GBN,465290,347950,69,28.3,53.02486745860448,-1.028031465,EA-EM,EA,4060,Crump profile flat V weir (1:10) in a trapezoidal (1:1) channel. Subject to weed growth; low modular limit. Shallow flow upstream and downstream of the weir.
28061,Churnet,Basford Bridge,Churnet at Basford Bridge,GB-GBN,398234,351970,139,132.9,53.06496935769708,-2.027805117,EA-WM,EA,4061,"Crump profile Flat V weir in trapezoidal channel. Drowns out above +0.55mASD, especially owing to weed growth. Prescribed flow point. Replaced 28042 in 1975. At levels above 2.2mASD bypassing occurs along adjacent canal. Cableway de-roped and no longer operational."
28062,Trent,Fledborough,Trent at Fledborough,GB-GBN,481500,371500,8433,3.4,53.234290395754165,-0.780430896,EA-EM,EA,,
28065,Trent,Torksey,Trent at Torksey,GB-GBN,482700,378000,8547,4.7,53.29251848021144,-0.760769741,EA-EM,EA,,
28066,Cole,Coleshill,Cole at Coleshill,GB-GBN,418170,287360,130,79.4,52.483861849540084,-1.733868224,EA-WM,EA,4066,"Crump profile Flat V weir in trapezoidal channel, 10.9m at V-full, with floodbanks to contain out-of-channel flow. Eel tiles were put on weir in 2016. Site also referred to as Bacons End. Removed from peak flows dataset in September 2023 (WINFAP Files v12)."
28067,Derwent,Church Wilne,Derwent at Church Wilne,GB-GBN,444130,331650,1177.5,31,52.88051128682652,-1.34569521,EA-EM,EA,4067,"Crump profile flat V weir is 27m wide, in trapezoidal channel. Very broad floodplain - flows readily and extensively occur out of bank at approx 2.0mASD. 20km downstream of St Marys Bridge; substantial abstractions and returns in between."
28068,Lathkill,Pickering Wood,Lathkill at Pickering Wood,GB-GBN,423886,365446,89.7,107,53.18557703869068,-1.644010489,EA-EM,EA,4068,Compound rectangular thin plate weir. Head measurement in a stilling well by means of a float and counter weight driven shaft encoder. Site located 600 metres upstream with confluence of the River Wye giving potential for backing up in flood conditions. Originally built in 1964 with charts commencing in 1969. Station closed in 1982. Site reinstated 1997 as part of Environmental change network following significant works.
28069,Tame,Tamworth,Tame at Tamworth,GB-GBN,420600,303700,1407,57,52.63066797194762,-1.697076883,EA-WM,EA,,"Immediately downstream of the River Anker, a major right bank tributary. Site built in 1955 to assist flood studies of the Tame/Anker catchments."
28070,Burbage Brook,Burbage,Burbage Brook at Burbage,GB-GBN,425900,380400,9.1,290,53.31989840396061,-1.612661023,EA-EM,EA,4070,"Compound rectangular thin plate weir (1.5 m wide section at right bank, 4.5 m section 0.15 m higher at left bank, separated by sheet steel divide plate between crests; overall width 6 m). Wing wall stage 1.09 m for small section, over 2m for large weir. No cableway, but footbridge; site unlikely to ever be gauged during events."
28071,Amber,Ogston Reservoir,Amber at Ogston Reservoir,GB-GBN,437900,359800,40,99,53.13401738275321,-1.434971388,EA-EM,EA,,
28072,Greet,Southwell,Greet at Southwell,GB-GBN,471490,353940,46.2,19.7,53.077911808530615,-0.93428434,EA-EM,EA,4072,"Crump profile Flat V (1:10) weir, 6m wide, in concrete 1:1 trapezoidal channel, straightened reach. Rough, inclined sides to about 2.5m. Installed to monitor flows where river crosses Sherwood/Mercia Sandstone to Mercia Mudstone boundary."
28073,Ashop,Ashop diversion,Ashop at Ashop diversion,GB-GBN,417100,389600,42,234,53.402948274338414,-1.744267247,EA-EM,EA,,"Just off the River Derwent, situated between the Derwent and Ladybower Reservoirs. Drains into the Locker Brook."
28074,Soar,Kegworth,Soar at Kegworth,GB-GBN,449160,326250,1292,32,52.83153746930762,-1.271770891,EA-EM,EA,4074,Ultrasonic multi-path gauge in a unidirectional arrangement. Rebuilt in 1991 (no data Jan and Feb 1991) to improve on accuracy of existing single-path gauge (1978-84). Replaced velocity-area site at Zouch. Cableway added in 2002. Upgraded during December 2006 and September 2020.
28075,Derwent,Slippery Stones,Derwent at Slippery Stones,GB-GBN,416900,395100,17,271.4,53.45239102282914,-1.746982301,EA-EM,EA,,Gauge located on the Derwent upstream of the Howden Reservoir.
28076,Tutbury Millfleam,Rolleston Brook,Tutbury Millfleam at Rolleston Brook,GB-GBN,424350,328300,23,47.2,52.85165230026814,-1.639856129,EA-WM,EA,4076,
28077,Spondon Outfall,Spondon Rec Works,Spondon Outfall at Spondon Rec Works,GB-GBN,439500,334500,,40,52.906488436187125,-1.414145283,EA-EM,EA,,Gauge located just off the River Derwent in outer Derby.
28079,Meece Brook,Shallowford,Meece Brook at Shallowford,GB-GBN,387500,329073,86.3,81.1,52.858998649156206,-2.187093997,EA-WM,EA,4079,"Crump profile Flat V weir, 5m wide, 1:10 cross-slopes, with crest tapping. In 2016 the site has undergone silt clearance and eal pass and pre-barrage fish pass were installed."
28080,Tame,Lea Marston Lakes,Tame at Lea Marston Lakes,GB-GBN,420800,293700,799,66.2,52.54076370294748,-1.694746653,EA-WM,EA,4080,"Unusual twin bay, chevron shaped Crump profile weirs, 21.5m total width, discharging into an inline settlement lagoon. Replaced 28004 Lea Marston in 1982 (large scatter in gaugings at all levels), record combined. Weed booms were installed in 2001, 30m upstream of twin weirs but produced large head difference. Weed booms damaged/bent when hit by debris during medium/high flow and were replaced with automatic screens. These can produce pulses in flow when cleared and still have a slight head difference but not as bad as previous screens. Automatic screens removed in 2019."
28081,Tame,Bescot,Tame at Bescot,GB-GBN,401400,295690,169,107.3,52.559044854414616,-1.980780894,EA-WM,EA,4081,"Station opened 1989 to provide flow data for water resources, water quality monitoring and flood forecasting. Original flume never reached critical velocity since Tame dredging not carried out to anticipated depth. Ultrasonic installed in 2003 but appeared to be underestimating flows. Replaced with NivuFlow gauge in June 2020. Sensor racks located in same position as previous install, though with a slightly reduced transducer depth so as to minimise impacts of weed and debris accumulation."
28082,Soar,Littlethorpe,Soar at Littlethorpe,GB-GBN,454200,297320,183.9,61.4,52.57101090724916,-1.201728128,EA-EM,EA,4082,"Cross-correlation gauge in a straight reach, replaced an electromagnetic gauge in April 2018. Flood relief channel joins on the right bank just upstream. Bypassed at high flows above 2.4mASD. Banks raised just upstream of station in 1998 to keep flows in bank to a higher stage. Replaced Narborough (28051) in 1982."
28083,Trent,Darlaston,Trent at Darlaston,GB-GBN,388570,335500,195.2,85.5,52.91679685565736,-2.171430485,EA-WM,EA,4083,"Time-of-flight ultrasonic installed at the site, however, peak flow data are from ratings."
28084,Tame,Sandwell,Tame at Sandwell,GB-GBN,402900,292700,181.2,103.5,52.53215957809578,-1.958680164,EA-WM,EA,,
28085,Derwent,St Mary's Bridge,Derwent at St Mary's Bridge,GB-GBN,435390,336880,1054,44,52.928167527303096,-1.474992711,EA-EM,EA,4085,"Ten-channel, interleaved cross path US gauge in the centre of Derby, 0.5km upstream of Longbridge Weir (28010) which it replaced. Opened in 1984, ultrasonic gauge reconfigured in March 1993. Record combined with 28010 (a long, curved broad-crested masonry weir with complex rating history, very insensitive)."
28086,Sence,South Wigston,Sence at South Wigston,GB-GBN,458810,297680,113,66.5,52.573768990379094,-1.133653386,EA-EM,EA,4086,LaserFlow ultrasonic gauge under Crow Mill bridge from 2017 onwards. Early record from electromagnetic flow gauge just downstream of bridge.
28087,Tame,Perry Park,Tame at Perry Park,GB-GBN,406042,291887,196.1,98,52.52482568520257,-1.912376797,EA-WM,EA,,Flume gauging station.
28091,Ryton,Blyth,Ryton at Blyth,GB-GBN,463145,387128,231,8,53.37724209,-1.052272831,EA-EM,EA,4091,"Laserflow index velocity gauge operational from 2021, in a straight reach downstream of a gentle bend. Previously electromagnetic station installed in March 1984. Data transmitted to West Stockwith pumping station to control regime to the tidal Trent."
28093,Soar,Pillings Lock,Soar at Pillings Lock,GB-GBN,456550,318060,1108.36,38,52.75719828,-1.163507645,EA-EM,EA,4093,12 cross path ultrasonic gauge set in Soar Navigation (merges with Grand Union Canal) 100m upstream of Pillings Lock. Low banks.
28094,Blythe,Castle Farm,Blythe at Castle Farm,GB-GBN,421300,288800,183.82,74.2,52.49669463239015,-1.687686797,EA-WM,EA,,Vertical-area station.
28095,Tame,Hopwas Bridge,Tame at Hopwas Bridge,GB-GBN,418100,305170,1421.66,54.5,52.64397130617432,-1.733932935,EA-WM,EA,4095,"Velocity area station immediately downstream of Hopwas road bridge between training banks that contain the majority of high flows. Station used primarily for water quality purposes. Some bypassing, but accounted for in rating. Site replaces 28005, Elford which was several km upstream. Very broad flood plain on both banks."
28101,Tame,Sheepwash,Tame at Sheepwash,GB-GBN,397397,291756,27.93,127,52.523673468012184,-2.039795127,EA-WM,EA,4101,Velocity area station commissioned in October 1985 to measure levels on the uppermost reaches of the River Tame in the Tipton and Oldbury area. River heads northwest from its source at Oldbury towards West Bromwich and the next flow station at Bescot. Gauge house replaced in July 2012 following vandalism in June 2010 (station closed between this period). Either side of the channel are two large balancing lakes which act as a flood storage area.
28102,Blythe,Whitacre,Blythe at Whitacre,GB-GBN,421210,291150,194.3,71.5,52.51782411244639,-1.688863434,EA-WM,EA,,"EM gauge immediately upstream of confluence with R. Cole. Owned by Severn-Trent plc, operated by NRA/EA until late 1996. Residual flow gauge for PWS abstraction for Shustoke Res. Channel approx 16m wide."
28103,Henmore Brook,Carsington Outflow,Henmore Brook at Carsington Outflow,GB-GBN,424290,350160,15.8,163.9,53.048155918800894,-1.639116485,EA-WM,EA,4103,Rectangular thin-plate weir with a central notch and sides for large releases from Carsington Water.
28104,Tame,James Bridge,Tame at James Bridge,GB-GBN,398920,297500,57,118.9,52.57531664128134,-2.017368777,EA-WM,EA,4104,
28105,Tame,Park Hill,Tame at Park Hill,GB-GBN,400155,295651,74,113.6,52.558695766515164,-1.99914533,EA-WM,EA,,
28108,Bourne Brook,Shustoke,Bourne Brook at Shustoke,GB-GBN,423300,291500,,,52.52088561749914,-1.658039769,,,,"V notch weir set at the end of a concrete channel 10m long. Owned by Severn Trent plc, operated by NRA/EA."
28109,Sow,Walkmill,Sow at Walkmill,GB-GBN,379286,329760,10.9,89.2,52.864919124300755,-2.30913113,EA-WM,EA,4840,V-notch weir. Site located 200m d/s of mill pool. Station closed in July 2013.
28110,Oldacre Brook,Brocton,Oldacre Brook at Brocton,GB-GBN,396130,320230,2.8,88.8,52.77963812912752,-2.058813038,EA-WM,EA,4852,"Two thin-plate V-notch weirs in one structure; the right measures Oldacre Brook, left a small tributary. Station closed in January 2013."
28111,Mease,Stones Bridge,Mease at Stones Bridge,GB-GBN,426120,311490,120.9,60.7,52.700459567023444,-1.614908032,EA-WM,EA,,
28112,Churnet,Quixhill,Churnet at Quixhill,GB-GBN,409460,342180,213,89.7,52.97688760695247,-1.860565501,EA-WM,EA,4142,Station was built in 1998 and is located on the late Joseph Cyril Bamford Estate (JCB) near the village of Rocester.
28113,Erewash,Pinxton,Erewash at Pinxton,GB-GBN,445130,354210,26.9,80.8,53.083210810826714,-1.327697441,EA-EM,EA,4146,Gauge in the upper reaches of the Erewash.
28115,Maun,Mansfield the Dykes,Maun at Mansfield the Dykes,GB-GBN,455970,363620,31.5,69.2,53.16676434,-1.164243242,EA-EM,EA,4115,"Crump profile Flat V (1:10) weir, 4.8m wide, low vertical wingwalls set in wider channel. Lb at about 2m, Rb higher. Weir prone to u/s siltation - sand is mobile, especially under high flow conditions and is washed away in high events - results in variable levels and scatter in gaugings. Replaced 28059 Mansfield - old site was replaced due to drowning of the flume and accumulation of rubbish. Structure situated downstream of sewage works in Mansfield."
28116,Maun,Whitewater Bridge,Maun at Whitewater Bridge,GB-GBN,466320,370400,157,31.9,53.226513364237235,-1.008043495,EA-EM,EA,4116,"Time of flight ultrasonic flow gauge post Jan 2019. Pre-2019 Flat V weir, 5.2m wide with 0.64m high wingwalls. Built to measure flows d/s of the Sherwood Sandstone aquifer and to complement gauge at Mansfield (28115) which measures flows u/s of aquifer. Weir drowned during June 2007 high flows, flows over wingwalls."
28117,Derwent,Whatstandwell,Derwent at Whatstandwell,GB-GBN,433140,354560,755,68.7,53.08723296,-1.506654022,EA-EM,EA,4117,"25 metre wide Flat-V crump profile weir with bypass Larinier Fish Pass. Upstream of A6 road bridge. Level measurement from separate stilling wells on weir and fish pass. Theoretical flow calculation from fish pass channel added to weir flow calculation, increases channel capacity. Station built to provide accurate flow information upstream of Ambergate/Carsington intake point."
28118,Meden,Perlethorpe,Meden at Perlethorpe,GB-GBN,464700,371210,97,31.7,53.23399267224579,-1.03214169,EA-EM,EA,4118,"Replacing d/s station (28045). Data from cross-correlation gauge commences in 2019. Prior measurement from Flat V weir with 1:10 cross slopes, Crump profile, 5.2m wide, wing walls at 0.64m."
28119,Derwent,Mytham Bridge,Derwent at Mytham Bridge,GB-GBN,421150,382120,,,53.33556869416143,-1.683850664,,,4037,
28120,Trent,Farndon,Trent at Farndon,GB-GBN,476970,352310,,,53.06250221442863,-0.852888156,,,4071,
28121,Day Brook,Day Brook,Day Brook at Day Brook,GB-GBN,456240,343540,,,52.98625517722989,-1.163708514,,,4163,
28122,River Idle,Ordsall,River Idle at Ordsall,GB-GBN,470550,379570,,,53.30838230852943,-0.942662478,,,4164,
28123,Gilwikshaw Brook,Packington,Gilwikshaw Brook at Packington,GB-GBN,435990,314420,,,52.726233962097524,-1.468535826,,,4167,
28124,Soar,Freemans Weir,Soar at Freemans Weir,GB-GBN,457880,302790,,,52.61980123,-1.146482509,,,4174,
28125,Mease,Clifton Hall,Mease at Clifton Hall,GB-GBN,426390,311290,,,52.69864864871649,-1.610928592,,,4175,
28126,Erewash,Shipley Gate,Erewash at Shipley Gate,GB-GBN,446400,345350,,,53.00346462200343,-1.310011185,,,4186,
28127,Bottle Brook,Smithy Houses,Bottle Brook at Smithy Houses,GB-GBN,438630,347110,,,53.01989987427789,-1.425580308,,,4190,
28128,Eye,Melton Park,Eye at Melton Park,GB-GBN,475010,318870,,,52.76223521208006,-0.889839867,,,4192,
28129,Wye,Buxton,Wye at Buxton,GB-GBN,406500,372960,,,53.25361173501491,-1.904034637,,,4197,
28130,Trent,Carlton-On-Trent,Trent at Carlton-On-Trent,GB-GBN,480220,364190,,,53.16879084165804,-0.801437056,,,4199,
28131,Leen,Bulwell,Leen at Bulwell,GB-GBN,454440,346110,,,53.00954052166388,-1.19008598,,,4203,
28132,Wood Brook,Loughborough,Wood Brook at Loughborough,GB-GBN,453110,318930,,,52.76536677150684,-1.214333907,,,4205,
28133,CockerBeck,Lowdham Grange,CockerBeck at Lowdham Grange,GB-GBN,465570,346350,,,53.01045275281534,-1.024181994,,,4207,
28134,Wreake,Frisby,Wreake at Frisby,GB-GBN,469560,318060,,,52.755682914319806,-0.970762195,,,4873,
28135,Derwent,Belper,Derwent at Belper,GB-GBN,434540,348130,,,53.02934709796476,-1.486439548,,,4883,
28136,Astonfields,Sandyford Brook,Astonfields at Sandyford Brook,GB-GBN,392430,324500,,,52.81798310599047,-2.113765861,,,4182,
28137,Marchington,Marchington Brook,Marchington at Marchington Brook,GB-GBN,413590,330740,,,52.87396299,-1.799535036,,,4125,
28138,Nuneaton,Anker,Nuneaton at Anker,GB-GBN,438040,291600,,,52.52095810860383,-1.440802441,,,4149,
28139,Hatton,Dove,Hatton at Dove,GB-GBN,421710,329390,,,52.861562915481805,-1.678986042,,,4898,
28140,Broadeye Bridge,Sow,Broadeye Bridge at Sow,GB-GBN,391790,323300,,,52.80718628893828,-2.123231624,,,4703,
28141,Coventry,Sherbourne,Coventry at Sherbourne,GB-GBN,430941,280088,,,52.41791659392767,-1.546486792,,,2129,
28142,Egginton,Egginton Brook,Egginton at Egginton Brook,GB-GBN,426910,328610,,,52.85431764621476,-1.601816712,,,4148,
28143,Uttoxeter Park,Picknall Brook,Uttoxeter Park at Picknall Brook,GB-GBN,408006,333315,,,52.89722135814955,-1.882434734,,,4535,
28144,Solihull Lodge,Cole,Solihull Lodge at Cole,GB-GBN,410044,277750,,,52.39767642830288,-1.853811943,,,4172,
28207,Erewash,Sandiacre Left Channel,Erewash at Sandiacre Left Channel,GB-GBN,448270,336260,182.2,,52.92159413,-1.283498993,EA-EM,EA,4027,"This site gives data for the left channel of two. The total flows for the station are given in site ref 4427 which is the sum of 4027 and 4227 up to 1992. After 1992 the total flows are measured using an US gauge. Two rectangular concrete flood drainage channels, each 3.9m wide, 3.09m deep, separated by divide wall 1.2m high. Unstable ratings. Informal low flow controls installed 1981; data improved but use with care (esp. low flows). Closed 1984, reopened 1991 as multiple US operation. Stop boards can close one channel at low flows. All flows contained. Data should not be used alone in FEH."
28245,Maun,Haughton,Maun at Haughton,GB-GBN,468100,372800,262.6,,53.24785828571445,-0.980873135,EA-EM,EA,,The Meden and Maun join then split u/s of the gauging points. They recombine further d/s. There is a gauging site on both channels. Originally a VA station with trapezoidal flumes built in 1963. Rated by c/m. Poor record. Data cannot be used prior to 1964 as there is no rating before the flume was built.
28445,Meden,Bothamsall,Meden at Bothamsall,GB-GBN,468100,373200,262.6,,53.25145323061015,-0.980787721,EA-EM,EA,,The Meden and Maun join then split U/s of the gauging points. They recombined further D/s. There is a gauging site on both channels. Originally a VA station with trapezoidal flumes built in 1964. Rated by C/m. Poor record. Data cannot be used prior to 1964 as there is no rating before the flume was built.
28803,Ramsley Brook,Kings Newton,Ramsley Brook at Kings Newton,GB-GBN,,,64.8,124.5,,,,,,
28804,Trent,Trent Bridge,Trent at Trent Bridge,GB-GBN,458200,338400,7490,21.9,52.93984699622415,-1.135438211,EA-EM,EA,,
28805,Tributary of Endon Brook,Deep Hayes Reservoir,Tributary of Endon Brook at Deep Hayes Reservoir,GB-GBN,396100,353400,9.8,148.8,53.07781192788433,-2.059668194,EA-WM,EA,,"Dam constructed 1849, comp. releases to R.Churnet. Mar 1914 - Dec 1964 two comp. weirs: earliest d/s of comp. and overflow channels, recording flow from outlet valve and spillway. After Nov 1949 new weir sited in comp. channel below outlet valve, no measure of spill."
28806,Hillcarr Sough,Rowsley,Hillcarr Sough at Rowsley,GB-GBN,426000,363700,,,53.16978413817013,-1.612517315,,,,
28811,Trent,Beeston Weir,Trent at Beeston Weir,GB-GBN,,,8,,,,,,,
28871,Erewash,Sandiacre Right Channel,Erewash at Sandiacre Right Channel,GB-GBN,448300,336400,180.7,33.4,52.92284983722717,-1.283032044,EA-EM,EA,4227,"This site gives data for the right channel of two. The total flows for the station are given in site ref 4427 which is the sum of 4027 and 4227 up to 1992. After 1992 the total flows are measured using an US gauge. Two rectangular concrete flood drainage channels, each 3.9m wide, 3.09m deep, separated by divide wall 1.2m high. Unstable ratings. Informal low flow controls installed 1981; data improved but use with care (esp. low flows). Closed 1984, reopened 1991 as multiple US operation. Stop boards can close one channel at low flows. All flows contained.It should not be used alone in FEH."
28872,Leen,Nottingham (r.h.),Leen at Nottingham (r.h.),GB-GBN,454900,339200,118.4,28,52.94738460602688,-1.184401005,EA-EM,EA,,Located very close to 28035 (Leen at Triumph Road) in central Nottingham.
28873,Maun,Haughton,Maun at Haughton,GB-GBN,468100,372800,161,25.8,53.24785828571445,-0.980873135,EA-EM,EA,,Gauge on the Maun between diffluence and confluence with the Meden. Station closed in 1984.
29001,Waithe Beck,Brigsley,Waithe Beck at Brigsley,GB-GBN,525280,401600,108.3,15.7,53.49619080811476,-0.112927942,EA-LN,EA,029001,Broad trapezoidal flume (1.83m wide at base) with theoretical rating confirmed to 0.9 cumecs. All recorded flows have been contained within the structure.
29002,Great Eau,Claythorpe Mill,Great Eau at Claythorpe Mill,GB-GBN,541600,379310,77.4,6.6,53.291838869490356,0.12292366151763276,EA-LN,EA,029002,Simple low flow Crump profile weir 3.073m wide with flanking broad-crest sections. Total width 9.687m.
29003,Lud,Louth,Lud at Louth,GB-GBN,533700,387900,55.2,15.4,53.37105388823356,0.008105681,EA-LN,EA,029003,"Crump profile weir, 4.569m wide, at u/s end of long culvert (capacity limited to 20 cumecs - yet to be exceeded). Flows recorded 1966-1968 at sharp-crested weir at Bridge Street. Charted data started at Tathwell Nov 1968, and South Elkington Mar-Nov 1968."
29004,Ancholme,Bishopbridge,Ancholme at Bishopbridge,GB-GBN,503210,391180,54.7,3.8,53.40735306501136,-0.448890189,EA-LN,EA,029004,"Compound Crump profile weir, with central crest 2.448m wide and total width of 9.131m."
29005,Rase,Bishopbridge,Rase at Bishopbridge,GB-GBN,503210,391180,66.6,4.1,53.40735306501136,-0.448890189,EA-LN,EA,029005,Crump profile weir (crest length 3.658m). Removed from peak flows dataset in September 2020 (WINFAP Files v9).
29006,Ancholme,Ferriby Sluice,Ancholme at Ferriby Sluice,GB-GBN,497450,421050,450,3,53.67684012608041,-0.526212004,EA-LN,EA,,
29009,Ancholme,Toft Newton,Ancholme at Toft Newton,GB-GBN,503210,387470,27.2,7.7,53.37401768367232,-0.45010164,EA-LN,EA,029009,Flat V weir (3.03m wide). The station is immediately u/s of entry point of flows from Toft Newton reservoir.
30001,Witham,Claypole Mill,Witham at Claypole Mill,GB-GBN,484200,347960,297.9,16.9,53.022320419050445,-0.746162275,EA-LN,EA,030001,"An old three level weir, total width of 24.99m converted to a standard broad-crested Lea design."
30002,Barlings Eau,Langworth Bridge,Barlings Eau at Langworth Bridge,GB-GBN,506600,376600,210.1,3.5,53.27567671,-0.402819261,EA-LN,EA,030902,"Ultrasonic gauge, commissioned 09/03/1999. Originally a natural section until Nov 1965, replaced by a low flow compound Crump profile weir, which ceased operating in Sept 1978 and was replaced by a flat V weir in June 1980."
30003,Bain,Fulsby Lock,Bain at Fulsby Lock,GB-GBN,524080,360970,197.1,10.1,53.13145729361514,-0.146886518,EA-LN,EA,030003,"Broad-crested weir 4.6m wide situated in old lock; rated by model tests. Small bypass channel u/s feeds original river course and a disused model flume (wall ht=1.136m), gauged by sharp-crested weir."
30004,Lymn,Partney Mill,Lymn at Partney Mill,GB-GBN,540170,367590,61.6,14.9,53.18694061129795,0.096333753,EA-LN,EA,030004,Crump weir with 5m crest.
30005,Witham,Saltersford Total,Witham at Saltersford Total,GB-GBN,492700,333500,126.1,57.7,52.890970944535944,-0.62361122,EA-LN,EA,030029,"Compound weir with round-crested low flow weir, 1.83m wide, and broad-crested high flow portion, 8.25m wide. The Measuring Authority recorded these structures separately until 1985."
30006,Slea,Leasingham Mill,Slea at Leasingham Mill,GB-GBN,508800,348430,48.4,12.3,53.02211399252575,-0.379399399,EA-LN,EA,030006,"Rectangular thin-plate weir 1.372m wide set in old gate site, modified in 1984."
30007,S. Forty Foot Dr.,Black Sluice,S. Forty Foot Dr. at Black Sluice,GB-GBN,532610,342910,610,2.5,52.96715951,-0.026898516,EA-LN,EA,,Twin sluice gates with sea doors. Head and tail water levels and gate openings logged on magnetic tape. Calibration by c/m. Flows calculated for specific floods only until Sep 1982.
30008,Witham,Bargate Sluice,Witham at Bargate Sluice,GB-GBN,496850,369550,808,8.1,53.21419408217085,-0.551123941,EA-LN,EA,,Four sluice gates at intersection with Catchwater Drain.
30009,Witham,Fiskerton Sluice,Witham at Fiskerton Sluice,GB-GBN,509050,371250,808,6.6,53.22710870585395,-0.367924283,EA-LN,EA,,Three sluice gates and two flanking weirs.
30010,Witham,Grand Sluice Boston,Witham at Grand Sluice Boston,GB-GBN,532400,344500,2033,3.2,52.98149573,-0.029373539,EA-LN,EA,,Three guillotine sluice gates with head and tail water level recorders and log of gate openings. Flows calculated for specific floods only.
30011,Bain,Goulceby Bridge,Bain at Goulceby Bridge,GB-GBN,524590,379430,62.5,52.2,53.297184537588144,-0.132066772,EA-LN,EA,030011,Free-fall drop under bridge calibrated by c/m until Dec 1969 and standard full-range Crump profile weir (crest length 4.877m) since Aug 1971 (no records between).
30012,Stainfield Beck,Cream Poke Farm,Stainfield Beck at Cream Poke Farm,GB-GBN,512660,373930,37.4,7.7,53.250435820381554,-0.312926206,EA-LN,EA,030012,"Before 1998, compound Crump profile weir with (non-processed) crest tapping which became non-modular above about 2 cumec (stage 0.42m) leading to uncertainty in high flows. Central weir 1.225m wide, total width 5.791m. Divide piers lowered in 1986 to stop debris entrapment. Replaced by 8m wide Flat V with crest tapping."
30013,Heighington Beck,Heighington,Heighington Beck at Heighington,GB-GBN,504040,369510,21.2,11,53.212477550622985,-0.443508343,EA-LN,EA,030013,Crump profile weir 3.51m wide.
30014,Pointon Lode,Pointon,Pointon Lode at Pointon,GB-GBN,512792,331246,11.9,2.7,52.86688347159089,-0.325883575,EA-LN,EA,030014,"British Standard Crump profile weir 2.445m wide, 2.667mAOD, at centre section. Raised walls at Crump weir sides, level 3.426mAOD, with flat concrete surface between each wall and channel bank 1.53m wide."
30015,Cringle Brook,Stoke Rochford,Cringle Brook at Stoke Rochford,GB-GBN,492460,329680,50.5,76,52.856682723345024,-0.628260779,EA-LN,EA,030015,Sharp-crested weir 2.74m wide in tunnel under A1.
30016,Maud Foster Drain,Maud Foster Sluice,Maud Foster Drain at Maud Foster Sluice,GB-GBN,533520,343090,101,3.1,52.96855102363954,-0.013283413,EA-LN,EA,,Three sluice gates fitted with head and tail water level recorders. Flows calculated for specific floods only.
30017,Witham,Colsterworth,Witham at Colsterworth,GB-GBN,492880,324600,51.3,87,52.81095748634778,-0.623469026,EA-LN,EA,030017,Flat V weir 4.996m wide. Removed from peak flows dataset in September 2023 (WINFAP Files v12).
30018,Honington Beck,Honington,Honington Beck at Honington,GB-GBN,493550,343370,22.3,38.8,52.979521819892426,-0.608138601,EA-LN,EA,030018,
30025,Bain,Horncastle,Bain at Horncastle,GB-GBN,525800,369800,112.9,27,53.21038385292391,-0.117724366,EA-LN,EA,,
30033,Brant,Brant Broughton,Brant at Brant Broughton,GB-GBN,492900,354570,65.8,10,53.08028347295981,-0.614594947,EA-LN,EA,030033,"Crump profile Flat V (1:10) weir, 6m wide, set in vertical wingwalls 1.5m high. U/s and sidewall tappings for non-modular flow estimation (not used). Channel u/s formed by training banks circa 1m higher than walls."
30034,Witham / Catchwater Drain,Bargate,Witham / Catchwater Drain at Bargate,GB-GBN,496850,369550,,,53.21419408217085,-0.551123941,,,L30003,
30035,Witham,Boston Grand Sluice - Upstream,Witham at Boston Grand Sluice - Upstream,GB-GBN,532450,344550,,,52.98193258056589,-0.028608827,,,L30004,
30036,Witham,Brayford Pool,Witham at Brayford Pool,GB-GBN,497150,371350,,,53.23031407765047,-0.546085322,,,L30006,
30037,Sincil Dyke,"Monson St, Lincoln","Sincil Dyke at Monson St, Lincoln",GB-GBN,497530,370460,,,53.22224707657175,-0.540666607,,,L30026,
30038,Washland Soke Dyke,Witham Washland Sluice - Washland,Washland Soke Dyke at Witham Washland Sluice - Washland,GB-GBN,495200,363930,,,53.163989919347884,-0.577496684,,,L30037,
30039,Billinghay Skirth,Billinghay,Billinghay Skirth at Billinghay,GB-GBN,515670,354820,,,53.07808921575729,-0.274735149,,,L30045,
30040,Wainfleet Haven,Wainfleet,Wainfleet Haven at Wainfleet,GB-GBN,549510,358580,,,53.10347159391315,0.2318030930624286,,,L30090,
30041,The Lymn,Croft Lane Ps,The Lymn at Croft Lane Ps,GB-GBN,550100,360000,,,53.116060728492876,0.2412719650761926,,,L30123,
30803,Miningsley Beck,Revesby Reservoir,Miningsley Beck at Revesby Reservoir,GB-GBN,531200,363200,7.7,45,53.14978795118539,-0.039621244,EA-LN,EA,,
30811,Bain,Fulsby Lock Bypass,Bain at Fulsby Lock Bypass,GB-GBN,524100,361100,197.1,10.4,53.132620596477985,-0.146537491,EA-LN,EA,,Part of a compound site (30003). Small bypass channel u/s feeds original river course and a disused model flume.
30812,Witham,Saltersford Notch,Witham at Saltersford Notch,GB-GBN,492700,333450,126.1,57.7,52.890521607758245,-0.623625452,EA-LN,EA,,"Compound weir with round-crested low flow weir (1.83m wide) and broad-crested high flow portion (8.25m wide). Discharge computed from a single stage record to 1973, when it was discovered that a trout screen diverted flow over high flow weir. Second recorder installed, which was removed in Feb 1985 when trout screen was removed."
30813,Witham,Saltersford Main Crest,Witham at Saltersford Main Crest,GB-GBN,492700,333500,126.1,56.6,52.890970944535944,-0.62361122,EA-LN,EA,,Part of a compound site (30005). Broad-crested high flow weir (8.25m wide). Total flow is addition of low flow and high flow up to 1985. The total station 30005 was referred to as 30029 in HiFlows-UK.
31001,Eye Brook,Eye Brook Reservoir,Eye Brook at Eye Brook Reservoir,GB-GBN,485300,294100,60.1,54.6,52.538089765526614,-0.743782198,CDWC,CDWC,,Crump weir with 10.89m crest replaced broad-crested weir with central rectangular notch in 1957. Small Crump weir for compensation flows. Originally operated by Corby and District Water Co. Immediately d/s of reservoir built to supply water to Corby Steelworks.
31002,Glen,Kates Br & King St Br,Glen at Kates Br & King St Br,GB-GBN,510620,314870,341.9,6.1,52.72018234692097,-0.363666454,EA-LN,EA,031802,"Compound structure site. Kates Bridge was originally a broad-crested weir, replaced in Nov 1971 by Flat V weir, 9.7m wide, Ultrasonic gauge for high flows installed in 1999. Combined with standing-wave flume at King Street. Ultrasonic measurement closed in February 2013."
31004,Welland,Tallington Total,Welland at Tallington Total,GB-GBN,509590,307720,717.4,13.3,52.65614149675501,-0.381287182,EA-LN,EA,031804,"Compound site. Flows measured over broad-crested weir (total width 28.35m) on main River Welland/Maxey Cutand, two Crump profile weirs (both with 6.1m crest length) on West Deeping, plus flow into Tallington stream and Lolham Mill stream. Total flow is sum of three records - Lolham, West Deeping, and Tallington."
31005,Welland,Tixover,Welland at Tixover,GB-GBN,497010,299620,417,30,52.58574087152451,-0.569574062,EA-LN,EA,031005,"Rated VA station with cableway. A Crump weir at Barrowden upstream measures the low flow range up to 4.3 cumecs, with Tixover used above this."
31006,Gwash,Belmesthorpe,Gwash at Belmesthorpe,GB-GBN,503770,309720,150,24,52.67525798471091,-0.466665047,EA-LN,EA,031006,Crump profile weir (crest length 8.5m).
31007,Welland,Barrowden,Welland at Barrowden,GB-GBN,494820,299910,411.6,34.9,52.58873300548616,-0.601804734,EA-LN,EA,031007,Crump weir 3.04m wide measures flows to 4.2 cumecs. Flow record from 1996 subject to truncation when flows exceed this limit. High flows measured at Tixover (31005).
31008,East Glen,Manthorpe,East Glen at Manthorpe,GB-GBN,506790,315980,136.2,15.6,52.73092561202609,-0.419986672,EA-LN,EA,031008,Flat V weir replaced simple Crump profile weir in Mar 1973. Low flows only.
31009,West Glen,Shillingthorpe,West Glen at Shillingthorpe,GB-GBN,507350,311220,173,13.8,52.68804078358301,-0.413249676,EA-LN,EA,031009,"Simple Crump profile weir, crest 1.83m broad. Rated up to 0.49m (3.0 cumecs - flows truncated, hence not a full range station). Multi-path, cross configuration ultrasonic gauge installed to measure high flows from 2000, although truncation problem persists in recent flow record."
31010,Chater,Fosters Bridge,Chater at Fosters Bridge,GB-GBN,496070,303020,68.9,38.4,52.616463449215104,-0.582457707,EA-LN,EA,031010,"Compound Crump profile weir. Central weir 1.054m wide, total width 6.077m."
31011,West Glen,Burton Coggles,West Glen at Burton Coggles,GB-GBN,498670,326110,31.6,60.8,52.82350017069663,-0.537142352,EA-LN,EA,031011,Flat V weir replaced simple Crump profile weir in 1973.
31012,Tham,Little Bytham,Tham at Little Bytham,GB-GBN,501600,317900,24.9,35.7,52.749178317071596,-0.496222006,EA-LN,EA,,Triangular profile Flat V weir replaced prefabricated low flow weir in Apr 1986.
31013,East Glen,Irnham,East Glen at Irnham,GB-GBN,503800,327300,71.5,42.3,52.83323147665201,-0.460662502,EA-LN,EA,031013,Flat V weir replaced simple Crump profile weir in Nov 1977.
31014,Grimsthorpe Brook,Grimsthorpe Park,Grimsthorpe Brook at Grimsthorpe Park,GB-GBN,504600,320300,21,28.6,52.77017373861078,-0.451029047,EA-LN,EA,,"Simple Crump profile weir, crest 1.82m broad. Rated up to 0.304m (0.67 cumecs). Closed in 1985."
31015,Chater,Ridlington,Chater at Ridlington,GB-GBN,484800,303700,18.5,92,52.624449295544935,-0.748697929,EA-LN,EA,,"Simple Crump profile weir, crest 1.82m broad. Rated up to 0.306m (0.626 cumecs). Closed in 1985."
31016,North Brook,Empingham,North Brook at Empingham,GB-GBN,495710,308880,36.5,50.4,52.66919059670529,-0.586075982,EA-LN,EA,031016,"Simple Crump profile weir, crest 2.36m broad. Rated up to 0.584m (2.503 cumecs) but unsuitable for high flows."
31017,Stonton Brook,Welham Road Bridge,Stonton Brook at Welham Road Bridge,GB-GBN,475900,291800,42.7,66.4,52.518806117172694,-0.882868364,EA-LN,EA,,"Simple Crump profile weir, crest 1.81m broad. Rated up to 0.304m (0.653 cumecs). Closed in 1985."
31018,Langton Brook,Welham Road Bridge,Langton Brook at Welham Road Bridge,GB-GBN,475500,290800,55.1,66.2,52.50987337766247,-0.888988766,EA-LN,EA,,"Simple Crump profile weir, crest 1.83m broad. Rated up to 0.3m (0.636 cumecs). Closed in 1985."
31019,Medbourne Brook,Medbourne,Medbourne Brook at Medbourne,GB-GBN,479640,293940,27.9,65.7,52.53750755608777,-0.827250914,EA-LN,EA,031019,"Simple Crump profile weir, crest 2.82m broad. Rated up to 0.306m (0.658 cumecs)."
31020,Morcott Brook,South Luffenham,Morcott Brook at South Luffenham,GB-GBN,493900,301800,19.6,55.7,52.60587820706372,-0.614844819,EA-LN,EA,,"Simple Crump profile weir, crest 2.0m broad. Rated up to 0.3m (0.689 cumecs). Closed in 1985."
31021,Welland,Ashley,Welland at Ashley,GB-GBN,481880,291570,250.7,55.7,52.515874571090144,-0.794816226,EA-LN,EA,031021,"Crump profile weir in realigned channel beneath bridge. Weir has crest length of 6.97m. Original prebarrage and drop off weirs removed in 2013. Replaced by broad-crested weir 8.7m downstream of gauging weir, with rock prebarrage 3m further downstream. Removed from peak flows dataset in September 2020 (WINFAP Files v9)."
31022,Jordan,Market Harborough,Jordan at Market Harborough,GB-GBN,474050,286670,20.8,75.3,52.472950207515446,-0.911266263,EA-LN,EA,031022,"Simple Crump profile weir, crest 1.47m broad. Rated up to 0.354m (0.673 cumecs)."
31023,West Glen,Easton Wood,West Glen at Easton Wood,GB-GBN,496580,325840,4.4,81,52.821451825204576,-0.568227815,EA-LN,EA,031023,Flat V weir with crest length of 8.05m. Installed as part of study into recharge of Lincolnshire L'st.
31024,Holywell Brook,Holywell,Holywell Brook at Holywell,GB-GBN,502680,314730,22.3,27,52.72048756065387,-0.481218186,EA-LN,EA,031024,"Crump weir, 2.498m wide. Calibrated up to around 1.8 cumecs only."
31025,Gwash South Arm,Manton,Gwash South Arm at Manton,GB-GBN,487410,305070,24.5,83.9,52.63634874324161,-0.709789224,EA-LN,EA,031025,Flat V weir (crest length 5m) measuring inflows to Rutland Water.
31026,Egleton Brook,Egleton,Egleton Brook at Egleton,GB-GBN,487810,307250,2.5,83.9,52.65587679223262,-0.703300784,EA-LN,EA,031026,Flat V weir 2m wide measuring inflows to Rutland Water.
31027,Bourne Eau,Mays Sluice Bourne,Bourne Eau at Mays Sluice Bourne,GB-GBN,510580,319900,10.6,8,52.76538952536917,-0.362565025,EA-LN,EA,,Compound rectangular thin plate weir: spring flow monitoring site.
31028,Gwash,Church Bridge,Gwash at Church Bridge,GB-GBN,495080,308250,76.5,56.2,52.663639538052095,-0.595570887,EA-LN,EA,031028,Compound Crump profile weir. Immediately d/s of Rutland Water. Site monitors compensation flows.
31029,Welland,Low Locks Sluice Upstream,Welland at Low Locks Sluice Upstream,GB-GBN,516350,309030,,,52.66650607266388,-0.280934907,,,L31013,
31801,Fleet Haven,Fleet Haven Pumping Station,Fleet Haven at Fleet Haven Pumping Station,GB-GBN,538200,329200,24.28,,52.84258523271411,0.050454033,,,,
31804,Welland,Tallington Total,Welland at Tallington Total,GB-GBN,509500,307800,717.4,13.3,52.656878544308626,-0.382590606,EA-LN,EA,,Main gauge for this site is 31004.
31810,Glen,Kates Bridge,Glen at Kates Bridge,GB-GBN,510620,314870,341.9,6.1,52.72018234692097,-0.363666454,EA-LN,EA,,Part of a compound site (31002). Flows measured at Kates Bridge and on the Greatford Cut at King Street and summed. 9.7m wide Flat V weir at Kates Bridge replaced broad-crested weir in Nov 1971; standing-wave flume at King Street. Gauge at the point there East Glen river becomes the River Glen at the A15.
31811,Glen,King Street Bridge,Glen at King Street Bridge,GB-GBN,510880,310510,342,9.9,52.68095049521109,-0.361286911,EA-LN,EA,,Part of a compound site (31002). Standing wave flume at King Street. The flows at this station are combined with those from Kates Bridge to give the total flow.
31812,Welland,Tallington Main Weir,Welland at Tallington Main Weir,GB-GBN,509500,307800,717.4,13.1,52.656878544308626,-0.382590606,EA-LN,EA,,Part of a compound site (31004).
31813,Welland,West Deeping Mill Stream,Welland at West Deeping Mill Stream,GB-GBN,509530,307790,717.4,12.5,52.65678263171819,-0.382150597,EA-LN,EA,,Part of a compound site (31004).
31814,Welland,Lolham Mill Stream,Welland at Lolham Mill Stream,GB-GBN,509690,307720,717.4,13.4,52.656121302336445,-0.379809452,EA-LN,EA,,Part of a compound site (31004).
32001,Nene,Orton,Nene at Orton,GB-GBN,516650,297190,1634.3,3.4,52.560051051037014,-0.280673897,EA-LN,EA,,"Series of sluices, weirs and lock. High flows measured at Wansford (32010) and corrected."
32002,Willow Brook,Fotheringhay,Willow Brook at Fotheringhay,GB-GBN,506700,293300,89.6,15.2,52.52713335775403,-0.428636946,EA-LN,EA,032002,"From 2000, Flat V weir (with wall height 16.42mAOD). Pre-2000, structure was a flume (1.676m wide throat, wall height 16.6mAOD)."
32003,Harpers Brook,Old Mill Bridge,Harpers Brook at Old Mill Bridge,GB-GBN,498360,279840,74.3,30.3,52.40773452594171,-0.55549238,EA-LN,EA,032003,"Rated section prior to 1965, then compound Crump profile weir (central crest 1.22m, total crest length 3.66m). Replaced in 1998 by flat V (4.04m wide between existing wing walls)."
32004,Ise Brook,Harrowden,Ise Brook at Harrowden,GB-GBN,489920,271250,194,45.3,52.33198011128997,-0.681826666,EA-LN,EA,032004,"A weir existed already in 1936, so a rectangular notch was cut in in Oct 1936. In Jun-Dec 1943, the rectangular notch was replaced by a flume with low flow notch and the bypass channel was straightened. In 1964, this flume was replaced by a compound Crump weir (its construction. Finally, in 1976, a flat V weir with 5.15m crest was constructed."
32005,Nene,Northampton South Bridge,Nene at Northampton South Bridge,GB-GBN,475600,259800,569.8,185.8,52.23121788,-0.894493163,,,,
32006,Nene/Kislingbury,Upton Total,Nene/Kislingbury at Upton Total,GB-GBN,472080,259190,223,61.6,52.226205983762796,-0.946152712,EA-LN,EA,032806,Compound site. Main channel flow measured in 3.2m wide standing wave flume under mill. Flow in bypass channel measured at Crump profile weir (crest 6.12m) since 1969 and flows summed to produce total.
32007,Nene/Brampton,St Andrews Total,Nene/Brampton at St Andrews Total,GB-GBN,474900,261360,232.8,59.4,52.24533574383291,-0.904395256,EA-LN,EA,032807,Compound site. Main channel flow measured in 2.743m wide standing-wave flume in mill race. Flow in bypass channel measured at 9.11m wide broad-crested weir and flows summed to produce total.
32008,Nene/Kislingbury,Dodford,Nene/Kislingbury at Dodford,GB-GBN,462750,260700,107,79.2,52.24091976128856,-1.082445716,EA-LN,EA,032008,Crump profile weir with 2.667m crest replaced broad-crested weir with low flow notch in 1967.
32009,Willow Brook,Blatherwyke,Willow Brook at Blatherwyke,GB-GBN,498100,296700,62.7,57,52.55930363340191,-0.554354587,CDWC,CDWC,,Closed 1985. Reopened 1996.
32010,Nene,Wansford,Nene at Wansford,GB-GBN,508060,299550,1530,7.9,52.583030431798456,-0.406564974,EA-LN,EA,U32610,"Cross, multiple path (6 velocity and 1 depth) ultrasonic gauge installed 01/06/1996. Previously was a 97m wide VA station with cable way for current metering and sounding, for flows over 28.3 cumecs, used for high flow measurement on River Nene, with low and medium flows measured at Nene at Orton (32001)."
32011,Nene,Upper Weedon,Nene at Upper Weedon,GB-GBN,,,,,,,,,,
32012,Wootton Brook,Lady Bridge,Wootton Brook at Lady Bridge,GB-GBN,473600,257100,53.3,65.4,52.20721873459516,-0.924357646,EA-LN,EA,,"Simple Crump profile weir, crest 1.83m broad. Rated up to 0.25m (0.488 cumecs)."
32013,Nene,Wollaston,Nene at Wollaston,GB-GBN,488700,264700,645,43.1,52.27330759,-0.701448632,EA-LN,EA,032013,"Simple Crump profile weir, crest 4.87m broad. Rated up to 1.698 cumecs."
32014,Nene,Lilford,Nene at Lilford,GB-GBN,502550,283850,1260,21.8,52.44300382084713,-0.492691567,EA-LN,EA,,"Simple Crump profile weir, crest 4.87m broad. Rated up to 0.5m (4.403 cumecs)."
32015,Willow Brook Central,Tunwell Loop,Willow Brook Central at Tunwell Loop,GB-GBN,489800,289200,7.1,96.7,52.49332856,-0.678775209,EA-LN,EA,,"Simple Crump profile weir, crest 1.82m broad. Rated up to 0.304m (0.646 cumecs)."
32016,Willow Brook South,Corby South,Willow Brook South at Corby South,GB-GBN,490070,288630,7.6,101,52.48816120776446,-0.674953531,EA-LN,EA,032016,"Simple Crump profile weir, crest 1.83m broad. Rated up to 0.304m (0.651 cumecs)."
32017,Willow Brook,Pen Green Lane,Willow Brook at Pen Green Lane,GB-GBN,490100,288700,,,52.48878538855557,-0.674492932,,,,Station not commissioned.
32018,Ise,Barford Bridge,Ise at Barford Bridge,GB-GBN,486100,283100,62.4,66.8,52.439098836590745,-0.734830076,EA-LN,EA,032032,"Simple Crump profile weir, crest 2.44m broad. Rated up to 0.31m (1.019 cumecs)."
32019,Slade Brook,Kettering,Slade Brook at Kettering,GB-GBN,487200,276300,58.3,56.2,52.377807499897195,-0.720422227,EA-LN,EA,032033,"Full-range Flat V weir. Replaced low flow simple Crump profile weir (crest 2.42m broad, rated up to 0.3m: 0.848 cumecs) in early 1988, following river improvements."
32020,Wittering Brook,Wansford,Wittering Brook at Wansford,GB-GBN,508900,299500,46.9,9.1,52.58241372260446,-0.39418903,EA-LN,EA,,"Simple Crump profile weir, crest 2.44m broad. Rated up to 0.308m (0.896 cumecs)."
32023,Grendon Brook,Ryeholmes Bridge,Grendon Brook at Ryeholmes Bridge,GB-GBN,488300,263300,47.5,42.7,52.26078869368789,-0.707675239,EA-LN,EA,,"Simple Crump profile weir, crest 1.83m broad. Rated up to 0.3m (0.616 cumecs)."
32024,Southwick Brook,Southwick,Southwick Brook at Southwick,GB-GBN,502500,292100,20.5,25,52.51715464279288,-0.490892131,EA-LN,EA,,Simple Crump profile weir 2m broad. Rated to 0.3m (0.67 cumecs).
32025,Nene/Whilton,Surney Bridges,Nene/Whilton at Surney Bridges,GB-GBN,462000,265800,63.4,92,52.28684931484054,-1.092492727,EA-LN,EA,,Simple Crump profile weir 2.53m broad. Rated to 0.348m (1.177 cumecs).
32026,Nene/Brampton,Brixworth,Nene/Brampton at Brixworth,GB-GBN,473660,270780,58,28.5,52.330176,-0.920497663,EA-LN,EA,032026,"Simple Crump profile weir, crest 2.48m broad. Rated to 0.35m (1.086 cumecs)."
32027,Billing Brook,Chesterton,Billing Brook at Chesterton,GB-GBN,511700,294900,24.3,14,52.54051023073522,-0.354430122,EA-LN,EA,,Simple crump profile weir 2m broad. Rated to 0.28m (0.635 cumecs).
32029,Flore,Experimental Catchment,Flore at Experimental Catchment,GB-GBN,465600,260400,7,80.2,52.237891374484654,-1.040771794,EA-LN,EA,,Trapezoidal critical depth flume. Low flows only. Built upstream of the culvert beneath the M1 motorway. Station removed from peak flows dataset in August 2024 (WINFAP Files v13).
32030,Coton Mill Stream,Ravensthorpe,Coton Mill Stream at Ravensthorpe,GB-GBN,466900,271400,8.5,109.8,52.33661353449633,-1.019557685,EA-LN,EA,,Rectangular notch weir on inflow to Ravensthorpe Res.
32031,Wootton Brook,Wootton Park,Wootton Brook at Wootton Park,GB-GBN,472600,257740,73.85,64.2,52.21310401264153,-0.938851851,EA-LN,EA,032031,Triangular Flat V weir (crest length 8m); theoretical rating. Drowns at high flows due to limited capacity of culverts d/s.
32032,Mill Race,Upton Mill Bypass,Mill Race at Upton Mill Bypass,GB-GBN,472130,259150,,,52.22583989528039,-0.945429353,,,032206,
32033,Nene,South Bridge,Nene at South Bridge,GB-GBN,475420,259740,,,52.23070320969382,-0.897141535,,,L32066,
32034,Harper's Brook,Brigstock,Harper's Brook at Brigstock,GB-GBN,494430,285430,,,52.458665533214635,-0.611668462,,,L32089,
32035,Slade Brook,Kettering North Slade Brook,Slade Brook at Kettering North Slade Brook,GB-GBN,486191,280707,,,52.41757661133583,-0.734108011,,,L32104,
32036,Harper's Brook,Great Oakley Fsr,Harper's Brook at Great Oakley Fsr,GB-GBN,487670,285610,,,52.46140879728538,-0.711082118,,,L32701,
32037,Wootton Brook,Wootton Brook Level,Wootton Brook at Wootton Brook Level,GB-GBN,475821,255988,,,52.19692268888899,-0.892110628,,,L32704,
32801,Flore Stream,Flore,Flore Stream at Flore,GB-GBN,465600,260400,6.81,80,52.237891374484654,-1.040771794,EA-LN,EA,,
32803,Sywell Brook,Sywell Reservoir,Sywell Brook at Sywell Reservoir,GB-GBN,483300,265100,7,69.9,52.277746377179156,-0.780471391,EA-LN,EA,,
32804,Ise Brook,Harrowden Total,Ise Brook at Harrowden Total,GB-GBN,489800,271500,194,49.7,52.33424669100572,-0.683520482,EA-LN,EA,,"Main station at 32004. Flume with low flow notch and side weir to 1965, compound Crump profile weir to April 1976, and theoretically-rated Flat V weir with 5.15m crest since. Crump weir modular to 15.6 cumecs (but bypassed at 14.2). Flat V also bypassed."
32810,Nene/Kislingbury,Upton Mill,Nene/Kislingbury at Upton Mill,GB-GBN,472100,259200,223,61.6,52.226293258326436,-0.945857833,EA-LN,EA,,Part of a compound site (32006). Main channel flow measured in 3.2m wide standing wave flume under mill.
32811,Nene/Kislingbury,Upton Mill Bypass,Nene/Kislingbury at Upton Mill Bypass,GB-GBN,472130,259150,223,61.2,52.22583989528039,-0.945429353,EA-LN,EA,,Part of a compound site (32006). Flow in bypass channel measured at Crump profile weir since 1969.
32812,Nene/Brampton,St Andrews Mill,Nene/Brampton at St Andrews Mill,GB-GBN,474700,261700,232.8,59.4,52.24841903408138,-0.907248914,EA-LN,EA,,Part of a compound site (32007). Main channel flow measured in 2.743m wide standing wave-flume in mill race.
32813,Nene/Brampton,St Andrews Mill Bypass,Nene/Brampton at St Andrews Mill Bypass,GB-GBN,474890,261770,232.8,64.5,52.24902245729948,-0.904450936,EA-LN,EA,,Part of a compound site (32007). Flow in bypass channel measured at 9.11m wide broad-crested weir.
32814,Nene,Northampton Total,Nene at Northampton Total,GB-GBN,475500,259700,570,57,52.23033271695704,-0.895979351,,,,
33001,Bedford Ouse,Brownshill Staunch,Bedford Ouse at Brownshill Staunch,GB-GBN,536962,272740,3030,3.4,52.33565328,0.008750867,EA-EA,EA,,Station consisted of a navigation lock and three radial gates with a low flow notch.
33002,Bedford Ouse,Bedford,Bedford Ouse at Bedford,GB-GBN,505353,249560,1460,24.7,52.13430742950472,-0.462177504,EA-EA,EA,033002,"3 broad-crested weirs, 30m, 20m and 12m wide + 3 vertical sluice gates (either fully open/closed). Duckmill Weir is a broad crested weir with 2 sluice gates; width 30.48m, wing wall 25.885mAOD. Boathouse Weir is a broad crested weir, width 19.5m. Newnham Weir is a weir with 1 sluice gate, width 11.8m. Removed from peak flows dataset in February 2018 (WINFAP Files v6)."
33003,Cam,Bottisham,Cam at Bottisham,GB-GBN,550795,265696,803,2.4,52.2687489,0.20846813582714072,EA-EA,EA,033003,"Triangular profile weir, 7.7m wide, plus two vertical lift gates and a lock. Prior to Jun 1982 broad-crested weir incorporating a sharp-crested rectangular central notch, 2.4m wide."
33004,Lark,Isleham,Lark at Isleham,GB-GBN,564898,275686,466.2,2.4,52.354437015573694,0.4198461658789255,EA-EA,EA,033004,"Navigation lock with vertical lift gate u/s plus a 16m broad high level weir in bypass channel for flood flows only. Small notch inserted in 1980. 1986 weir was lowered, altered to triangular profile and flows diverted to the bypass channel. The lock is now used during high flows only."
33005,Bedford Ouse,Thornborough Mill,Bedford Ouse at Thornborough Mill,GB-GBN,473463,235314,388.5,71.1,52.01140364272993,-0.931054672,EA-EA,EA,033005,Flat V Crump profile weir 10.2m wide and two sluice gates 3.6m broad. Before 1976 weir was broad-crested with centre V notch.
33006,Wissey,Northwold Total,Wissey at Northwold Total,GB-GBN,577107,296526,274.5,5.3,52.53779057455141,0.6099667771188724,EA-EA,EA,033006,"Flow record is summation of a rectangular critical depth flume (4.9m wide) and a flume on a separate side stream which takes approx. 30-40% of the runoff. Streams rejoin just d/s of gauges. Post-1983, the flow from the second weir (side stream) was recorded, and 33006 is the summation of both structures. Eel tiles are installed on the main stream. Removed from peak flows dataset in September 2019 (WINFAP Files v8)."
33007,Nar,Marham,Nar at Marham,GB-GBN,572348,311976,153.3,4.6,52.67807088726521,0.5479172432372835,EA-EA,EA,033007,"Round nosed horizontal crest weir (7.13m wide). Prior to April 1982, low flow flume in centre making structure 7.47m wide (now sealed off)."
33008,Little Ouse,Thetford No1 Staunch,Little Ouse at Thetford No1 Staunch,GB-GBN,586100,283213,699,7.2,52.41524807492698,0.7349785980722353,EA-EA,EA,,Station located in Thetford.
33009,Bedford Ouse,Harrold Mill,Bedford Ouse at Harrold Mill,GB-GBN,494993,256463,1320,40.8,52.19822615385738,-0.611559798,EA-EA,EA,033009,"Compound structure comprising a compound broad-crested weir plus two side spilling broad-crested weirs u/s. Not primarily constructed for flow measurement, essentially a level site. Harrold mill weir under the mill structure. Removed from peak flows dataset in September 2023 (WINFAP Files v12)."
33010,Bedford Ouse,Bromham Mill,Bedford Ouse at Bromham Mill,GB-GBN,501226,250797,1440,27.4,52.146195506204414,-0.522084086,EA-EA,EA,,
33011,Little Ouse,County Bridge Euston,Little Ouse at County Bridge Euston,GB-GBN,589242,280188,128.7,13.4,52.38700814472703,0.7794113291061019,EA-EA,EA,033011,"Compound weir with triangular profile centre section, 3.4m broad; broad-crested flanks in trapezoidal channel 9m broad."
33012,Kym,Meagre Farm,Kym at Meagre Farm,GB-GBN,515607,263134,137.5,17.2,52.25424213093676,-0.307804846,EA-EA,EA,033012,"Compound weir with triangular profile centre section 3m wide and broad-crested flanks in a trapezoidal channel, 8.5m wide. One of 3 stations used to calculate Offord flow to determine abstraction regime at Grafham Water. No major bridge/weir change from 1959 drawings to H Reed 1994 survey."
33013,Sapiston,Rectory Bridge,Sapiston at Rectory Bridge,GB-GBN,589559,279048,205.9,15.6,52.37666197542421,0.7834193305570178,EA-EA,EA,033013,"Rectangular thin-plate weir, 8.8m broad, suppressed end contractions."
33014,Lark,Temple,Lark at Temple,GB-GBN,575805,272944,272,8.9,52.32642497398574,0.5783943208926697,EA-EA,EA,033014,"Compound broad-crested weir with rectangular cross-section, 5.8m broad, central notch 3m broad."
33015,Ouzel,Willen,Ouzel at Willen,GB-GBN,488186,240799,277.1,57.3,52.05856399613006,-0.71518149,EA-EA,EA,033015,Flat V Crump profile weir (10m broad) and sluices. The present weir replaced a compound broad-crested weir (10m broad) with bypass channel in 1977 when the river was realigned.
33016,Cam,Jesus Lock,Cam at Jesus Lock,GB-GBN,544976,259325,761.5,5.2,52.21307433828657,0.12052502192226737,EA-EA,EA,,"Broad-crested weir V-shaped in plan, 21.3m long in parallel with two sluice gates and a navigation lock. Gauging station is in Cambridge."
33017,Bedford Ouse,St Ives,Bedford Ouse at St Ives,GB-GBN,531396,270563,2860,4.8,52.31745278122813,-0.073739375,EA-EA,EA,,"Broad crested weir on bypass channel. Seven sluice gates 9.5ft wide, with low flow notches on 3 gates (8ft by 1 ft), and a navigation lock. Max lift of gates is 2.44m. No GDF available, only peak flows. Now a level only site so has been closed. Little information available, no gaugings, flows discrepancy with Roxton (33039) u/s. Removed from peak flows dataset (and therefore NRFA website as not a daily flow station) in September 2023 (WINFAP Files v12)."
33018,Tove,Cappenham Bridge,Tove at Cappenham Bridge,GB-GBN,471144,248673,138.1,80.8,52.13179081234146,-0.962056095,EA-EA,EA,033018,"Compound broad-crested trapezoidal weir, 7.6m broad; central notch, 2.7m broad."
33019,Thet,Melford Bridge,Thet at Melford Bridge,GB-GBN,587961,283000,316,10.5,52.41269969982161,0.7621887171693092,EA-EA,EA,033019,"Triangular profile weir, 6.2m broad."
33020,Alconbury Brook,Brampton,Alconbury Brook at Brampton,GB-GBN,520832,271757,201.5,9.4,52.33060652125154,-0.228209153,EA-EA,EA,033080,Flat V weir in trapezoidal channel (used to have ultrasonic for use when head above crest >1m) replaced (from 03/06/1995) former broad-crested CP weir with central low flow notch (closed in Sep 1993). Removed from peak flows dataset in May 2016 (WINFAP Files v4).
33021,Rhee,Burnt Mill,Rhee at Burnt Mill,GB-GBN,541538,252368,303,8.9,52.15146185291793,0.067339406,EA-EA,EA,033021,"Trapezoidal cross-section weir with triangular profile crest, 6.1m broad. Also called Haslingfield (Burnt Mill). Consistent records available of groundwater pump operation. Pre barrage fish pass and eel tiles installed."
33022,Ivel,Blunham,Ivel at Blunham,GB-GBN,515288,250922,541.3,18.9,52.14456591458558,-0.316627712,EA-EA,EA,033022,Crump profile weir 7.31m wide. Drowning occurs at 0.91m (rating includes drowning correction). Significant bypassing of station upstream. Pre-1966 record of poorer quality. One of 3 stations used to calculate Offord flows to determine abstraction regime at Grafham Water.
33023,Lea Brook,Beck Bridge,Lea Brook at Beck Bridge,GB-GBN,566235,273254,101.8,3.9,52.33218932911367,0.4382562062989671,EA-EA,EA,033023,"Crump profile weir 4m wide, situated approx. 20m u/s of new road bridge."
33024,Cam,Dernford,Cam at Dernford,GB-GBN,546686,250642,198,14.7,52.13461298529292,0.14178370100986132,EA-EA,EA,033024,"Rectangular thin-plate weir, 5.8m broad. Removed from peak flows dataset in September 2023 (WINFAP Files v12)."
33025,Babingly,West Newton Mill,Babingly at West Newton Mill,GB-GBN,569494,325633,39.6,9.9,52.801622926170936,0.5127933243666869,EA-EA,EA,,"Sharp-crested weir inside converted mill building, with a bypass gate to a mill wheel."
33026,Bedford Ouse,Offord,Bedford Ouse at Offord,GB-GBN,521661,266946,2570,10.9,52.28719253505974,-0.217787108,EA-EA,EA,033126,"Offord Flow = (33039 + 33012 + 33022) x 1.08 - abstraction. The contribution of the station components depends on catchment response, with Roxton: 33039 contributing ~70-90%, Meagre Farm: 33012 contributing ~0-5% and Blunham: 33022 contributing the rest.Historic gauging from complex of automatic radial tilting weir, 15.2m broad; triangular profile weir, 14.8m broad; compound broad-crested weir, 22.7m broad."
33027,Rhee,Wimpole,Rhee at Wimpole,GB-GBN,533301,248518,119.1,17.9,52.118916325093295,-0.054485094,EA-EA,EA,033027,"Trapezoidal critical depth flume, 6.6m broad, horizontal crest 3.8m. Eel tiles installed."
33028,Flit,Shefford,Flit at Shefford,GB-GBN,514241,239310,119.6,36.6,52.040429100866724,-0.335808848,EA-EA,EA,033028,"Trapezoidal critical depth flume, 9.8m broad; 2.1m broad at horizontal crest. Structurefull 0.76m stage."
33029,Stringside,Whitebridge,Stringside at Whitebridge,GB-GBN,571602,300623,98.8,2.5,52.57634686929609,0.5310019765287886,EA-EA,EA,033029,"Trapezoidal critical depth flume, calibrated by model and designed to operate in the non-modular range."
33030,Clipstone Brook,Clipstone,Clipstone Brook at Clipstone,GB-GBN,494016,225958,38.8,86.8,51.92421362,-0.634237995,EA-EA,EA,033090,"A triangular Flat V weir installed in 2002, 1km u/s of the previous structures: Crump weir (1966-1980) broad-crested weir (1957-1962)."
33031,Broughton Brook,Broughton,Broughton Brook at Broughton,GB-GBN,488837,240914,66.6,56.6,52.05949379348163,-0.705659109,EA-EA,EA,033031,"Flat V Crump profile weir 7.0m wide installed in 1977 when river realigned. Prior to 23/6/77 trapezoidal critical depth flume 7.4m wide, horizontal crest 1m wide, located at SP892405."
33032,Heacham,Heacham,Heacham at Heacham,GB-GBN,568523,337484,59,9.4,52.90835846338643,0.5045269150649765,EA-EA,EA,033032,"Two Crump profile weirs in parallel, 3m broad in total."
33033,Hiz,Arlesey,Hiz at Arlesey,GB-GBN,519004,237883,108,35.7,52.026604523076685,-0.266895226,EA-EA,EA,033033,"Crump profile weir, 7m broad. Removed from peak flows dataset in September 2023 (WINFAP Files v12)."
33034,Little Ouse,Abbey Heath,Little Ouse at Abbey Heath,GB-GBN,585089,284362,688.5,7.2,52.42590870259722,0.7207665923745844,EA-EA,EA,033034,Rectangular section Crump profile weir with downstream recorder. Replaced 33008 (Thetford Staunch) in 1968.
33035,Ely Ouse,Denver Complex,Ely Ouse at Denver Complex,GB-GBN,558775,301011,3430,1.5,52.58372469721143,0.34207089626478054,EA-EA,EA,033735,"Three sluices: d/s sluice discharges flow to maintain level in Relief Channel; u/s sluice diverts surplus into Cut Off Channel; dividing sluice can raise level by 0.6m, reversing flow in the Cut Off Channel where it is abstracted at Blackdyke and diverted into the headwaters of Essex rivers (Ely Ouse/Essex Transfer Scheme). Larrinier fish pass installed."
33037,Bedford Ouse,Newport Pagnell Total,Bedford Ouse at Newport Pagnell Total,GB-GBN,487662,244233,800,53.6,52.08951300928788,-0.721941187,EA-EA,EA,033037,"Compound site. Main weir is Compound Crump profile weir (29.3m broad), with central notch (3m broad) and downstream recorder. Separate, complementary Crump weir (3.7m broad) constructed in old mill throttle, 7m u/s of a double arch culvert. Flow record combines the main weir with a weir in the mill channel. Removed from peak flows dataset in September 2023 (WINFAP Files v12)."
33039,Bedford Ouse,Roxton,Bedford Ouse at Roxton,GB-GBN,516004,253461,1660,15.7,52.167232947180295,-0.305302859,EA-EA,EA,033039,"Flat V Crump profile weir (26m broad) with downstream recorder, situated immediately u/s of confluence with R. Ivel. Use in preference to Bedford (33002) if possible."
33040,Rhee,Ashwell,Rhee at Ashwell,GB-GBN,526645,240047,2.01,39.9,52.044360055443484,-0.15478554,EA-EA,EA,033040,Trapezoidal standing wave flume in moulded glass reinforced plastic. Situated 0.5km d/s of source of R. Rhee.
33042,Ouzel,Little Billington,Ouzel at Little Billington,GB-GBN,493100,221700,,,51.88609502852355,-0.648703247,,,,Station not commissioned.
33043,Country Drain,Blackborough,Country Drain at Blackborough,GB-GBN,,,,,,,,,,Station not commissioned.
33044,Thet,Bridgham,Thet at Bridgham,GB-GBN,595681,285495,277.8,14.8,52.43239723046356,0.8770036070831972,EA-EA,EA,033044,"Crump profile weir, 6m broad. Prior to Oct 1979, broad-crested weir (crest: 7.4m), situated under double-arch bridge."
33045,Wittle,Quidenham,Wittle at Quidenham,GB-GBN,602763,287794,28.3,23.8,52.450458872914716,0.9824225156834445,EA-EA,EA,033045,"Compound broad-crested weir (crest 3m), with central notch separated by splitter plates; situated under a road bridge."
33046,Thet,Redbridge,Thet at Redbridge,GB-GBN,599615,292300,145.3,20.1,52.492072672530874,0.9388589619184867,EA-EA,EA,033046,"Crump profile weir, 4m broad. Ultrasonic flow gauge (sidelooker) installed in 2012 to measure non-modular flows more accurately."
33048,Larling Brook,Stonebridge,Larling Brook at Stonebridge,GB-GBN,592791,290686,21.4,24.5,52.48003300525415,0.8375458150595188,EA-EA,EA,033048,"A concrete flume of triangular cross-section with 1:1.5 side slopes, depth 0.8m. Station closed 2000."
33049,Stanford Water,Buckenham Tofts,Stanford Water at Buckenham Tofts,GB-GBN,583407,295285,43.5,14.5,52.524563317855986,0.702063791,EA-EA,EA,033085,"Site used pre-existing broad-crested weir between two small lakes. Station was designed to measure discharge from pilot groundwater scheme area, although is largely natural. Lake outlet is at TL 834 953, joining Wissey 0.5 miles downstream of station. Punch tape recorder at upstream face introduced in Jan 1973. The recorder measured the level of the lake, and runoff of whole catchment drained to the lake, hence catchment area is calculated to the outlet. Watercourse is also referred to as Buckenham Tofts Stream."
33050,Snail,Fordham,Snail at Fordham,GB-GBN,563197,270227,60.6,9.7,52.30591098745129,0.39224555359189456,EA-EA,EA,033050,"Flat V Crump profile weir (Fordham No1 mill main station), 4m broad. From Oct 1974, a subsidiary Crump profile weir (Fordham No2 side stream station), 0.7m broad, measured bypass channel discharge. Flows were combined into single series. Side weir was removed in Dec 1984 and main weir rating adjusted to compensate (flows increased by 2%)."
33051,Cam,Chesterford,Cam at Chesterford,GB-GBN,550523,242645,141,35.2,52.061737506120096,0.19427200094864827,EA-EA,EA,033051,"Compound broad-crested weir, 22.3m broad (in trapezoidal section) with central notch 3m broad, 0.23m deep. Previously called Chesterford Mill, and included millstream flow through old mill on the side of existing river channel."
33052,Swaffham Lode,Swaffham Bulbeck,Swaffham Lode at Swaffham Bulbeck,GB-GBN,555298,262893,36.4,3.1,52.24231688,0.27311564831467067,EA-EA,EA,033052,"Crump profile weir, 2.5m broad (wing wall height 1.6m), situated immediately upstream of road bridge. Prior to 1973 thin-plate weir, 1.45m broad. Also called Gutter Bridge."
33053,Granta,Stapleford,Granta at Stapleford,GB-GBN,547084,251462,114,14.5,52.14187429650181,0.14794883133280276,EA-EA,EA,033053,Compound weir with Crump notch (1.5m broad) and broad-crested flanks (3m broad) superseded - in 1981 - original thin-plate weir.
33054,Babingley,Castle Rising,Babingley at Castle Rising,GB-GBN,568007,325264,47.7,4.5,52.79877367509125,0.4905689030259156,EA-EA,EA,033054,"Triangular profile Flat V Crump weir, 4.5m broad; level of wingwalls is 1.2m above crest."
33055,Granta,Babraham,Granta at Babraham,GB-GBN,551018,250396,98.7,23.2,52.131237082048955,0.20491851888132454,EA-EA,EA,033055,"Triangular profile Flat V weir, 8.3m broad; constructed on an old brick weir. Height of wing walls above crest - 0.6m. Also called Babraham Hall."
33056,Quy Water,Lode,Quy Water at Lode,GB-GBN,553078,262807,76.4,8.3,52.24216561207802,0.240589157,EA-EA,EA,033056,"Compound weir, 4.8m broad, with Crump profile centre section, 1m broad, 0.3m deep."
33057,Ouzel,Leighton Buzzard,Ouzel at Leighton Buzzard,GB-GBN,491690,224077,119,80.9,51.90769389823927,-0.668552581,EA-EA,EA,033057,Crump profile weir (6m broad) in trapezoidal section (7.5m broad). Eel tiles and baffles added to structure in 2016. Removed from peak flows dataset in September 2023 (WINFAP Files v12).
33058,Ouzel,Bletchley,Ouzel at Bletchley,GB-GBN,488293,232162,215,66.2,51.98091416695314,-0.715846059,EA-EA,EA,033058,"Flat V weir, 10m broad. Constructed to measure flows just u/s of urban development (Milton Keynes). In a country park and subject to vandalism."
33059,Cut-off Channel,Tolgate,Cut-off Channel at Tolgate,GB-GBN,572940,275788,314.8,6.7,52.35287750599213,0.5378601489483558,EA-EA,EA,033059,"Three stage broad crested weir, 12m wide: rectangular notch thin plate weir for low flows up to 0.31m, full thin plate weir up to 0.62m and full broad crested weir for high flows."
33060,Kings Dike,Stanground,Kings Dike at Stanground,GB-GBN,520839,297363,30.2,2.5,52.56069246549353,-0.218848959,EA-EA,EA,U33060,"Ultrasonic gauge installed. Flow is a deliberate transfer of water from R. Nene to Great Ouse system through a navigation lock. Measurement is by head on known opening of a submerged paddle gate, 0.6m wide, in one of the u/s pointing doors."
33061,Shep,Fowlmere One,Shep at Fowlmere One,GB-GBN,540218,245980,3.4,20.1,52.094403604033445,0.045429381478283085,EA-EA,EA,033061,Crump weir 1.1m wide installed in Mar 1983. Replaced a rectangular thin-plate weir operational from 1978. Station opened as part of gw scheme.
33062,Guilden Brook,Fowlmere Two,Guilden Brook at Fowlmere Two,GB-GBN,540309,245563,3.4,19.4,52.09063389285206,0.046585358168624844,EA-EA,EA,033062,"Trapezoidal flume in trapezoidal, straight channel. Opened as part of gw scheme."
33063,Little Ouse,Knettishall,Little Ouse at Knettishall,GB-GBN,595497,280786,101,16,52.39018204693294,0.8715514788308233,EA-EA,EA,033063,"Crump profile weir, 4.5m broad. Structure drowns above 3.35 cumecs. 3 wells constructed in 1987 to augment low flows. In 1979 replaced a broad crested weir called Knettishall Heath Weir located just u/s from current station. Removed from peak flows dataset in September 2020 (WINFAP Files v9)."
33064,Whaddon Brook,Whaddon,Whaddon Brook at Whaddon,GB-GBN,535902,246674,16,15.7,52.10171511788825,-0.01725579,EA-EA,EA,033064,Pre-cast fibreglass flume set in concrete; long-crested flume crest 0.1m broad.
33065,Hiz,Hitchin,Hiz at Hitchin,GB-GBN,518531,229011,11.9,62.8,51.94697623834557,-0.276848916,EA-EA,EA,033065,"Old concrete weir with crest reshaped by steel beam to form compound Crump profile, 6.2m wide; central notch 1m wide, 0.14m deep. Small spring fed stream flowing through Hitchin market place."
33066,Granta,Linton,Granta at Linton,GB-GBN,557146,246348,59.8,40.2,52.09316563071032,0.29250424134661307,EA-EA,EA,033066,"Compound Crump Weir, 5.3m broad with 1.5m central crest."
33067,New River,Burwell,New River at Burwell,GB-GBN,560874,269600,19.6,3.1,52.30096369,0.3579054916087077,EA-EA,EA,033067,"Crump weir 1.5m broad in straight, high banked ditch."
33068,Cheney Water,Gatley End,Cheney Water at Gatley End,GB-GBN,529642,240965,5,42.7,52.05191686709234,-0.110763398,EA-EA,EA,033068,"Crump weir, 0.3m broad. It dams a broad pool immediately u/s which is spring fed. The station was opened to monitor this spring as part of a gw scheme."
33070,Lark,Fornham St Martin,Lark at Fornham St Martin,GB-GBN,584766,267226,110.2,26.2,52.272135084875494,0.7066010493562228,EA-EA,EA,033070,"Site consists of three parts: Central crump profile low flow weir, 2.57 m wide, set between flanks which are treated as a broad-crested weir 0.796 m wide (rb width 0.66 m, lb width 0.136 m, length of crest 1.30 m), and a side-weir for flood relief purposes, which consists of a crump weir 5.17 m wide in a bypass channel. Site located just d/s from Bury St Edmunds."
33071,Great Ouse,St Ives,Great Ouse at St Ives,GB-GBN,531450,270550,,,52.31732305944194,-0.072952713,,,L33604,
33072,Great Ouse (Ely Ouse),Ely (Upstream),Great Ouse (Ely Ouse) at Ely (Upstream),GB-GBN,555850,280450,,,52.39987633439019,0.2893214870266277,,,L33630,
33073,Great Ouse,Stoney Stratford,Great Ouse at Stoney Stratford,GB-GBN,478600,240100,,,52.05372162803375,-0.855126044,,,L33860,
33074,Alconbury Brook,Alconbury Weston,Alconbury Brook at Alconbury Weston,GB-GBN,517860,276900,,,52.37746756317115,-0.269997755,,,L33877,
33075,Bury Brook,Kings Ripton,Bury Brook at Kings Ripton,GB-GBN,526100,276700,,,52.373837518970504,-0.149089159,,,L33886,
33076,Great Ouse,Buckingham,Great Ouse at Buckingham,GB-GBN,469300,233770,,,51.99805873539309,-0.992010932,,,L33895,
33077,Nene,Bodsey Bridge,Nene at Bodsey Bridge,GB-GBN,529480,287853,,,52.47326054991146,-0.095153159,,,L33905,
33206,Wissey,Northwold Sidestream,Wissey at Northwold Sidestream,GB-GBN,577100,296500,274.5,,52.53755935486121,0.6098498269616496,EA-EA,EA,033206,Part of a compound site (33006). Trapezoidal critical depth flume forming part of Northwold complex.
33237,Bedford Ouse,Newport Pagnell Mill,Bedford Ouse at Newport Pagnell Mill,GB-GBN,487700,244200,800,,52.08921038275457,-0.721395184,EA-EA,EA,033237,Part of a compound site (33037). Complimentary crump weir in main channel for the peak flow record.
33372,Bourne Brook,Comberton,Bourne Brook at Comberton,GB-GBN,538200,254900,64,17.7,52.17505617372176,0.019613385,EA-EA,EA,,"Level only site, measurement by chart recorder only."
33406,Wissey,Northwold Main,Wissey at Northwold Main,GB-GBN,577100,296500,274.5,,52.53755935486121,0.6098498269616496,EA-EA,EA,033106,Part of a compound site (33006). Rectangular Flume forming part of Northwold complex.
33802,Lark,Hengrave,Lark at Hengrave,GB-GBN,583100,269300,117,,52.291317261777905,0.6833379670400525,,,,"Station located about 3km d/s from 33070, which is just d/s from Bury St Edmunds."
33805,Bechamwell Brook,Bechamwell,Bechamwell Brook at Bechamwell,GB-GBN,573800,303600,34.4,,52.602385332142475,0.5649654678027012,,,,Station was in operation for less than two years.
33809,Bury Brook,Bury Weir,Bury Brook at Bury Weir,GB-GBN,528600,283700,65.3,8,52.436153255556306,-0.109700109,EA-EA,EA,,Station gauging a catchment N from Huntingdon.
33810,Bedford Ouse,Newport Pagnell Main Weir,Bedford Ouse at Newport Pagnell Main Weir,GB-GBN,487600,244200,800,53.6,52.08922619827177,-0.722854334,EA-EA,EA,033137,"Part of a compound site, total flow is recorded against 33037."
33813,Mel,Meldreth,Mel at Meldreth,GB-GBN,537800,246600,8.6,,52.100581163703524,0.010406627458386492,AW,AW,,Station located in an urban area of Meldreth.
33819,Ouzel,Orchard Mill,Ouzel at Orchard Mill,GB-GBN,488500,230800,205,230,51.96863899065498,-0.713183657,,,,"Station located on River Ouzel between Leighton Buzzard and Milton Keynes, about 1.5km u/s from 33058."
33820,Little Ouse,Thetford Bridge,Little Ouse at Thetford Bridge,GB-GBN,586900,283100,,,52.413960859126085,0.7466640321557364,,,,"Station located in Thetford, about 2km u/s from station 33034."
34001,Yare,Colney,Yare at Colney,GB-GBN,618230,308230,231.8,8.2,52.62793291444313,1.2230763460309617,EA-EA,EA,034001,A compound weir 11.9m wide reconstructed in Jan 1964 from single level broad-crested weir. The present structure has a Crump section 8.9m wide separated by a pier from a broad-crested weir at a lower level.
34002,Tas,Shotesham,Tas at Shotesham,GB-GBN,622583,299391,146.5,9.6,52.54683701732593,1.2813450518245717,EA-EA,EA,034002,"Originally a flume set between high rough walls bypassed at 14 cumecs. Reconstructed in 1970 as a Flat V Crump and a bypass channel with movable gates added in 1980 on the left bank, as part of Newton Flotman flood alleviation scheme."
34003,Bure,Ingworth,Bure at Ingworth,GB-GBN,619214,329614,164.7,12.2,52.81946169900257,1.2518489560936736,EA-EA,EA,034003,Two ogee profile weirs beneath bridge arches. Wingwall height not known.
34004,Wensum,Costessey Mill,Wensum at Costessey Mill,GB-GBN,617682,312740,570.9,5.2,52.66863236580929,1.2179660791793983,EA-EA,EA,034004,"Complex structure comprising 30m Crump weir in main channel (crescent shape in plan view, but standard Crump profile slopes); the parallel mill channel has tilting gate and 1.5m wide Crump weir. Also artificial regulation by sluice action at Taversham. Removed from peak flows dataset in September 2019 (WINFAP Files v8)."
34005,Tud,Costessey Park,Tud at Costessey Park,GB-GBN,616966,311275,73.2,9.4,52.65576992807762,1.2064315718582086,EA-EA,EA,034005,Four trapezoidal standing-wave flumes under a road bridge.
34006,Waveney,Needham Mill,Waveney at Needham Mill,GB-GBN,622906,281137,370,16.5,52.38287092192036,1.2739110743355786,EA-EA,EA,034206,Compound Crump weir 8.5m wide in main channel with single crested Crump in mill bypass.
34007,Dove,Oakley Park,Dove at Oakley Park,GB-GBN,617520,277092,133.9,21,52.34872620609057,1.1922847204881746,EA-EA,EA,034007,Compound Crump weir with low flow notch and crest tapping.
34008,Ant,Honing Lock,Ant at Honing Lock,GB-GBN,633119,327041,49.3,1.9,52.79054664675233,1.4559786754583621,EA-EA,EA,034008,Crump type weir utilising the fall of an old navigation lock. No chart back up: limited space within kiosk.
34009,Stiffkey,Stiffkey Village,Stiffkey at Stiffkey Village,GB-GBN,596800,343310,50.5,,52.95106062163924,0.9279864416244779,,,,Station located near the village of Stiffkey.
34010,Waveney,Billingford Bridge,Waveney at Billingford Bridge,GB-GBN,616787,278241,149.4,20.3,52.35932998032091,1.1822819416150165,EA-EA,EA,034010,Compound site of two structures located u/s of two bridge arches: a compound Crump with low flow notch and a simple Crump with lifting gate to retain higher summer levels. Removed from peak flows dataset in May 2016 (WINFAP Files v4).
34011,Wensum,Fakenham,Wensum at Fakenham,GB-GBN,591936,329335,161.9,33.7,52.827350800346856,0.8474439580583238,EA-EA,EA,034011,"Compound Crump with low flow notch, immediately u/s of Fakenham Mill. Removed from peak flows dataset in September 2019 (WINFAP Files v8)."
34012,Burn,Burnham Overy,Burn at Burnham Overy,GB-GBN,584198,342742,80,2.6,52.950431022514834,0.7403211427159738,EA-EA,EA,034012,"Compound Crump weir with three sections - central low flow crest 0.6m, flanked by two crests 1.2m wide each."
34013,Waveney,Ellingham Combined,Waveney at Ellingham Combined,GB-GBN,636434,291631,670,1.6,52.47137128162275,1.479718895826625,EA-EA,EA,,Combination of two sites (34813 Ellingham Mill and 34812 Ellingham Sluice). Aggregating flows accurately was a continuing difficulty and the site was closed in 1996 and ultimately replaced by ultrasonic station upstream (34022 Ellingham).
34014,Wensum,Swanton Morley Total,Wensum at Swanton Morley Total,GB-GBN,602085,318419,397.8,19.1,52.72564921967663,0.9911351433669722,EA-EA,EA,034014,Two structures 150m apart operate in parallel. There is a two-arch bridge with two crump weirs and a three-arch bridge with three crump weirs in the arches.
34015,Hun,Holme Beach Road,Hun at Holme Beach Road,GB-GBN,569900,343600,7.7,30,52.962850128062854,0.5281820984261625,,,,Station under a bridge over the R. Hun in Holme-next-the-Sea.
34016,Glaven,Bayfield,Glaven at Bayfield,GB-GBN,605486,339622,80.5,7.5,52.914702393830055,1.0547501858263084,EA-EA,EA,034016,
34017,Broome Beck,Broome Bridge,Broome Beck at Broome Bridge,GB-GBN,,,,,,,,,,See 34831.
34018,Stiffkey,Warham,Stiffkey at Warham,GB-GBN,594432,341388,87.8,5.3,52.93466784010019,0.8916357449991812,EA-EA,EA,034018,"Flat V weir with crest tapping, 4m wide. ADCP installed in 2012 and used when the structure becomes non-modular."
34019,Bure,Horstead Mill,Bure at Horstead Mill,GB-GBN,626693,319368,313,1.3,52.72442358732241,1.355553254,EA-EA,EA,034019,"Compound Crump weir consisting of 5 Crumps: 4 at fixed levels, the narrowest of which incorporates a fish pass. A vertical lift gate converts the largest to a sharp edge weir, this gate is used, during summer months, to retain u/s water levels."
34020,Stiffkey,Little Walsingham,Stiffkey at Little Walsingham,GB-GBN,593473,336551,49.3,16.7,52.891587553109936,0.8745071670019514,EA-EA,EA,034020,
34021,Mundesley Beck,Mundesley Hospital,Mundesley Beck at Mundesley Hospital,GB-GBN,629634,336400,19.4,19.4,52.87602248709099,1.4109721003119529,EA-EA,EA,034021,
34022,Waveney,Ellingham,Waveney at Ellingham,GB-GBN,636434,291631,,,52.47137128162275,1.479718895826625,EA-EA,EA,034033,"Cross-path Ultrasonic gauge installed in 1996, replacing Crump weir, 0.86 m wide crest, plus complementary 1.515 m wide Crump with variable level gates for high flows at sluice."
34023,Burn,South Creake,Burn at South Creake,GB-GBN,586537,335464,,,52.88427633889793,0.7709156016412709,,,034050,
34024,Waveney,Needham Mill Level Only,Waveney at Needham Mill Level Only,GB-GBN,622906,281137,,,52.38287092192036,1.2739110743355786,,,34106,
34025,Tiffey,Wymondham South,Tiffey at Wymondham South,GB-GBN,610537,301429,,,52.569918968261554,1.105268180366491,,,L341301,
34026,Yare,Barnham Broom,Yare at Barnham Broom,GB-GBN,607516,307427,,,52.62492237490602,1.0645177780725403,,,L341302,
34027,Blackwater River,Low Street,Blackwater River at Low Street,GB-GBN,604368,305856,,,52.61201216332908,1.0171077014781496,,,L341303,
34028,Waveney,Diss,Waveney at Diss,GB-GBN,611121,279350,,,52.371495222924324,1.099902996880232,,,L341601,
34029,Yare,Brundall,Yare at Brundall,GB-GBN,632606,307197,,,52.61269973307975,1.4343636792802634,,,T341505,
34030,Waveney,Beccles Quay Tide,Waveney at Beccles Quay Tide,GB-GBN,642235,291148,,,52.46449682573831,1.5646022561118265,,,T341901,
34031,Waveney,Beccles Quay Bridge,Waveney at Beccles Quay Bridge,GB-GBN,642242,291153,,,52.46453858620733,1.5647087172993166,,,T341910,
34202,Tas,Shotesham Bypass,Tas at Shotesham Bypass,GB-GBN,622650,299450,146.5,,52.54733918,1.2823709853935066,EA-EA,EA,,Component of a compound site. Bypass channel 5m wide built in 1980. The bypass channel has a concrete structure. It causes the structure to drown out more than it used to. The channel is not rated. Refer to Tas at Shotesham 34002 for more details.
34206,Waveney,Needham Mill Bypass,Waveney at Needham Mill Bypass,GB-GBN,622950,281150,370,,52.38296970801066,1.2745650967112265,EA-EA,EA,,Part of a compound site (34006).
34214,Wensum,Swanton Morley 3 arch,Wensum at Swanton Morley 3 arch,GB-GBN,602000,318400,363,19.1,52.72551036911914,0.9898666130651692,,,,All data and metadata held against 34811.
34801,Wensum,Heigham Waterworks,Wensum at Heigham Waterworks,GB-GBN,,,658,,,,,,,Station closed in 1961.
34810,Wensum,Swanton Morley 2 arch,Wensum at Swanton Morley 2 arch,GB-GBN,602000,318400,363,17.8,52.72551036911914,0.9898666130651692,EA-EA,EA,034114,Part of compound site with two structures 150m apart that operate in parallel. Beneath the two arch bridge are two Crump weirs and three Crump weirs are sited in arches beneath a second bridge.
34811,Wensum,Swanton Morley 3 arch,Wensum at Swanton Morley 3 arch,GB-GBN,602044,318455,363,18.2,52.72598770489448,0.9905510233040333,EA-EA,EA,034214,Three Crump weirs sited beneath bridge arches.
34812,Waveney,Ellingham Sluice,Waveney at Ellingham Sluice,GB-GBN,636400,291700,670,0.5,52.47200515576629,1.4792681808061856,EA-EA,EA,034213,Complementary station to 34813 Ellingham Mill.
34813,Waveney,Ellingham Mill,Waveney at Ellingham Mill,GB-GBN,636434,291631,,,52.47137128162275,1.479718895826625,EA-EA,EA,034113,"Crump weir, 0.86m wide crest. This station is part of a compound site."
34831,Broome Beck,Broome Bridge,Broome Beck at Broome Bridge,GB-GBN,634900,292200,44.1,7.5,52.47713885838736,1.4575783960502258,,,,"Station located under a bridge, gauging a tributary of R. Waveney."
35001,Gipping,Constantine Weir,Gipping at Constantine Weir,GB-GBN,615427,244110,310.8,1.7,52.05347961260656,1.1406458198992722,EA-EA,EA,,"A 152 ft long, broad-crested weir with a sluice gate, located within the tidal range (thus strictly on the Orwell, not Gipping). Station is retained primarily for estimation of high flows."
35002,Deben,Naunton Hall,Deben at Naunton Hall,GB-GBN,632162,253350,163.1,5.5,52.129655672740846,1.3905723228794626,EA-EA,EA,035002,A compound Crump (with crest tapping) and low flow notch.
35003,Alde,Farnham,Alde at Farnham,GB-GBN,636008,260105,63.9,5.2,52.188648576389255,1.451345693968585,EA-EA,EA,035003,Broad-crested weir of ogee section with low flow notch and steel plate divide walls.
35004,Ore,Beversham,Ore at Beversham,GB-GBN,636014,258271,54.9,2.4,52.17218750810841,1.450158066246747,EA-EA,EA,035004,A compound Crump weir with low flow notch and crest tapping.
35006,Deben,Kettleburgh Mill,Deben at Kettleburgh Mill,GB-GBN,,,117.9,,,,,,,Mean flow station near Kattleburgh but with unknown coordinates.
35008,Gipping,Stowmarket,Gipping at Stowmarket,GB-GBN,605756,257940,128.9,25.1,52.18131952615241,1.0081597790320642,EA-EA,EA,035008,"Compound Crump weir rebuilt in 1966 from a compound broad-crested weir, with spillway in tail."
35009,Blyth,Blyford Bridge,Blyth at Blyford Bridge,GB-GBN,642475,276445,96.4,1.2,52.332464905268544,1.557489857808891,EA-EA,EA,,Closed station replaced by station 35013 1.5km upstream.
35010,Gipping,Bramford,Gipping at Bramford,GB-GBN,612673,246529,298,6.3,52.076258813897965,1.1020476075140966,EA-EA,EA,035010,"Compound Crump weir with 2m, 5m & 12m sections. The largest section is in the middle and uses flood gate (automated during summer 2001) to convert to a sharp-edge weir. The 5m weir, on the left, is heavily truncated on the down slope - historically used for narrow boat transition. The weir on the right side is the lowest, or ""fish-pass"" weir."
35011,Belstead Brook,Belstead,Belstead Brook at Belstead,GB-GBN,614338,241975,40.4,1.8,52.03473508,1.1234505188205932,EA-EA,EA,035011,"Compound Crump weir with a low-flow centre section 0.62 m wide and two flanking Crumps, with a combined width of 2.4 m. The structure conforms to British Standard 3680 for compound sites. Removed from peak flows dataset in September 2023 (WINFAP Files v12)."
35012,Stonham Watercourse,Creeting St Mary,Stonham Watercourse at Creeting St Mary,GB-GBN,608700,256400,27.4,21.2,52.16638895,1.0502092613018699,,,,Truncated compound crump weir located on a minor watercourse near station 35825.
35013,Blyth,Holton,Blyth at Holton,GB-GBN,640622,276880,92.9,12.3,52.33718325769699,1.530659942880943,EA-EA,EA,035013,An asymmetric compound Crump weir with low flow notch.
35014,Mill River,Newbourne,Mill River at Newbourne,GB-GBN,627049,242001,27.1,4.3,52.02991469500105,1.3084584154011478,EA-EA,EA,,Trapezoidal sharp-edged weir in an old mill stream.
35015,Newbourn Stream,Newbourn,Newbourn Stream at Newbourn,GB-GBN,627312,243357,8.1,5.7,52.041977982216935,1.3131859412768643,EA-EA,EA,,Compound thin-plate weir with orifice.
35016,Rat,Rattlesden,Rat at Rattlesden,GB-GBN,597587,258881,,,52.192752781128284,0.8893883758648683,,,L350801,
35816,Fromus,Benhall Bridge,Fromus at Benhall Bridge,GB-GBN,638786,261802,18.5,8.3,52.2026822,1.493101019991591,EA-EA,EA,035016,"Truncated compound crump weir under a bridge, the low flow section is flanked by two higher weirs of the same crest level."
35817,Shottisham,Shottisham,Shottisham at Shottisham,GB-GBN,631500,244400,8.6,0.1,52.04960756376382,1.3748464415782884,EA-EA,EA,,
35821,Fynn,Playford,Fynn at Playford,GB-GBN,621500,247500,27.5,17,52.08151737284622,1.2312696232811529,,,035025,Truncated compound crump weir.
35822,Haughley W'course,Newton,Haughley W'course at Newton,GB-GBN,604500,260700,25.8,29.2,52.206565840425405,0.991479793,,,,Station near Stowmarket.
35823,Wang,Wangford Bridge,Wang at Wangford Bridge,GB-GBN,646400,279100,31.6,1.6,52.35453925149051,1.616921124817446,,,035023,Non standard flat V.
35825,Stonham Watercourse,Creeting St Mary,Stonham Watercourse at Creeting St Mary,GB-GBN,608765,256458,27.4,21.2,52.16688509308946,1.0511938823382712,EA-EA,EA,035024,
35826,Minsmere,Middleton,Minsmere at Middleton,GB-GBN,643097,267952,49,9.7,52.25598354723627,1.5604769203792337,EA-EA,EA,035022,Flat V weir.
35827,Lothingland,Hulver Bridge,Lothingland at Hulver Bridge,GB-GBN,646586,287336,43.8,7.1,52.42835003283869,1.6257040730343044,EA-EA,EA,035021,Non standard flat V under a road bridge.
35828,Bucklesham Mill,Newbourne,Bucklesham Mill at Newbourne,GB-GBN,627000,242000,25.1,4.3,52.02992575826633,1.3077447284785961,EA-EA,EA,,Station is very close to 35014.
35829,Newbourne,Newbourne,Newbourne at Newbourne,GB-GBN,627400,243200,8.6,5.7,52.040532760021655,1.3143624771883669,EA-EA,EA,,All data and metadata held against 35015.
36001,Stour,Stratford St Mary,Stour at Stratford St Mary,GB-GBN,604200,234000,844.3,5.4,51.966953695330574,0.9711196639587772,ESW,ESW,,Three separate weirs and five sluice gates operated by Essex and Suffolk Water plc at Stratford St Mary WTW.
36002,Glem,Glemsford,Glem at Glemsford,GB-GBN,584576,247224,87.3,33.6,52.09257213894964,0.692941113,EA-EA,EA,036002,Trapezoidal flume.
36003,Box,Polstead,Box at Polstead,GB-GBN,598528,237881,53.9,15.9,52.00385517273467,0.8909121837729238,EA-EA,EA,036003,Trapezoidal flume with high flow rated spillway. Throat tapping.
36004,Chad Brook,Long Melford,Chad Brook at Long Melford,GB-GBN,586785,245940,47.4,34.8,52.080300784118705,0.7244451169559394,EA-EA,EA,036004,'Essex' profile (modified Flat V Crump) weir with low flow side weir.
36005,Brett,Hadleigh,Brett at Hadleigh,GB-GBN,602441,242918,156,18.2,52.04766920911802,0.9508164700273082,EA-EA,EA,036005,'Essex' profile (modified Flat V Crump) weir with low flow side weir and high flow rated spillway. D/s water level recorder to allow for drowning. Station removed from peak flows dataset in August 2024 (WINFAP Files v13).
36006,Stour,Langham,Stour at Langham,GB-GBN,602067,234431,578,6.4,51.971602382480434,0.9403675568790448,EA-EA,EA,036006,Twin-trapezoidal flume with throat tapping. Spillway channel with broad-crested weir constructed in 12/1985 takes some flow above 1.45m. Excellent site.
36007,Belchamp Brook,Bardfield Bridge,Belchamp Brook at Bardfield Bridge,GB-GBN,584785,242156,58.6,27,52.04698858039052,0.6932469636214732,EA-EA,EA,036007,Trapezoidal flume with throat tapping.
36008,Stour,Westmill,Stour at Westmill,GB-GBN,582733,246341,224.5,33.2,52.08525318848269,0.6655966587063574,EA-EA,EA,036008,Compound trapezoidal critical depth flume with d/s level recorder.
36009,Brett,Cockfield,Brett at Cockfield,GB-GBN,591353,252546,25.7,59.4,52.13806300631676,0.7947326513996276,EA-EA,EA,036009,'Essex' profile (modified Flat V Crump weir). No spillway.
36010,Bumpstead Brook,Broad Green,Bumpstead Brook at Broad Green,GB-GBN,568920,241826,28.3,55.8,52.049082316016964,0.46197172056847385,EA-EA,EA,036010,'Essex' profile (modified Flat V Crump) weir with crest tapping and high flow spillway.
36011,Stour Brook,Sturmer,Stour Brook at Sturmer,GB-GBN,569640,244098,34.5,54.6,52.069270218520316,0.4735885594669595,EA-EA,EA,036011,"'Essex' profile (modified Flat V Crump) weir with crest tapping, insensitive."
36012,Stour,Kedington,Stour at Kedington,GB-GBN,570848,245012,76.2,52.5,52.07710884911116,0.4916521893942112,EA-EA,EA,036012,'Essex' profile (modified Flat V Crump) weir with crest tapping. No spillway.
36013,Brett,Higham,Brett at Higham,GB-GBN,603229,235408,195,5.9,51.97995130985916,0.957838214,EA-EA,EA,036013,'Essex' profile (modified Flat V Crump) weir with crest tapping. Located approx. 450m u/s from confluence with R. Stour.
36014,Stour,Wormingford,Stour at Wormingford,GB-GBN,593400,232900,,,51.960935113191596,0.813496239,,,,Station not commissioned.
36015,Stour,Lamarsh,Stour at Lamarsh,GB-GBN,589681,235757,480.7,17.5,51.98787190562756,0.7610129299687949,EA-EA,EA,036015,Flat V weir with low flow sharp-crested rectangular notch.
36016,Ramsey,Great Oakley,Ramsey at Great Oakley,GB-GBN,620481,228850,13.9,9.1,51.91451066899706,1.2044364659916604,EA-EA,EA,,Station gauging a poorly defined catchment in the lowlands between the estuary of R. Stour and Hamford Water near Harwich.
36017,Ely Ouse Outfall,Kirtling Green,Ely Ouse Outfall at Kirtling Green,GB-GBN,567971,255913,,104.2,52.175903928524036,0.45508987121388517,EA-EA,EA,036017,
36018,Stour,Cattawade,Stour at Cattawade,GB-GBN,609900,232700,879.2,,51.95316117315893,1.0531750076965216,AW,AW,,Located near the mouth of R. Stour below the tidal limit.
36019,Box,Boxford,Box at Boxford,GB-GBN,596204,240520,,,52.02837753214464,0.8586109812637679,,,L361601,
37001,Roding,Redbridge,Roding at Redbridge,GB-GBN,541499,188348,303.3,5.7,51.57624418869654,0.040568137,EA-HNL,EA,5480TH,Originally a broad crested weir but was replaced due to insensitivity at low flows. Replaced by the current Essex profile weir (modified Flat V weir) in 1962. Used for both flood warning/forecasting and water resource purposes.
37002,Chelmer,Rushes Lock,Chelmer at Rushes Lock,GB-GBN,579471,209024,533.9,11.3,51.751157016189936,0.598607792,EA-EA,EA,037002,"Sharp-crested, shallow V profile weir (insensitive), replaced broad-crested timber weir in 1972."
37003,Ter,Crabbs Bridge,Ter at Crabbs Bridge,GB-GBN,578645,210753,77.8,14.5,51.766950503540826,0.5875426502825173,EA-EA,EA,037003,"Trapezoidal flume with throat tapping and low flow control, replaced less accurate station - Hatfield Peverel, 900m d/s, in 1964. Hatfield Peverel record held with this station (1932-1964)."
37004,Blackwater,Langford,Blackwater at Langford,GB-GBN,583515,209016,337,6.5,51.74977612485719,0.6571221139549042,EA-EA,EA,,Complex of weirs and sluices near the intake of what was the Southend Water Company. Measurement included the amounts abstracted from the R. Blackwater before it joins with R. Chelmer.
37005,Colne,Lexden,Colne at Lexden,GB-GBN,596249,226113,238.2,8.2,51.898992823630365,0.8510404648498067,EA-EA,EA,037005,Large trapezoidal flume with d/s level recorder. Provides flood warning for Colchester.
37006,Can,Beach's Mill,Can at Beach's Mill,GB-GBN,569009,207165,228.4,23.3,51.73770929343342,0.44629514667981673,EA-EA,EA,037006,Triple throated compound flume (built within mill race). Trapezoidal centre section for low flows.
37007,Wid,Writtle,Wid at Writtle,GB-GBN,568679,206010,136.3,27.1,51.72743332949726,0.4409613189583557,EA-EA,EA,037007,'Essex' profile (modified Flat V Crump) weir.
37008,Chelmer,Springfield,Chelmer at Springfield,GB-GBN,571303,207126,190.3,23.1,51.73666312051497,0.47946582257911613,EA-EA,EA,037008,'Essex' profile (modified Flat V Crump) weir.
37009,Brain,Guithavon Valley,Brain at Guithavon Valley,GB-GBN,581753,214748,60.7,16.2,51.80183223123289,0.6346238197740516,EA-EA,EA,037009,'Essex' profile (modified Flat V Crump) weir with throat tapping. Secondary instrument installed in 2003 to record non-modular flows.
37010,Blackwater,Appleford Bridge,Blackwater at Appleford Bridge,GB-GBN,584463,215816,247.3,14.6,51.81053750532647,0.6744499752382052,EA-EA,EA,037010,Double throated trapezoidal flume with throat tappings and a high flow rated spillway.
37011,Chelmer,Churchend,Chelmer at Churchend,GB-GBN,562886,223350,72.6,51.8,51.88491611,0.3653028519206699,EA-EA,EA,037011,Trapezoidal flume (with central division wall which commences above the lowest contraction) with throat recorder and spillway for flows over 1.42m. Secondary instrument to record non-modular flows installed in 2003.
37012,Colne,Poolstreet,Colne at Poolstreet,GB-GBN,577101,236407,65.1,43,51.997859999976264,0.5783469182589134,EA-EA,EA,037012,Trapezoidal flume with throat tapping. High flow spillway.
37013,Sandon Brook,Sandon Bridge,Sandon Brook at Sandon Bridge,GB-GBN,575534,205471,75.1,19.8,51.72048950836476,0.5398427234661973,EA-EA,EA,037013,'Essex' profile (modified Flat V Crump) weir with crest tapping.
37014,Roding,High Ongar,Roding at High Ongar,GB-GBN,556172,204100,95.1,41,51.713894003905246,0.2591703502938677,EA-HNL,EA,5420TH,Ultrasonic time of flight in an 11m section. Ultrasonic replaced Essex weir rating in November 2012. Essex weir used to maintain head for measuring cross section. Used for both water resource and flood warning/forecasting purposes.
37015,Cripsey Brook,Chipping Ongar,Cripsey Brook at Chipping Ongar,GB-GBN,554835,203526,62.2,41.7,51.70910735436279,0.23957864775975016,EA-HNL,EA,5427TH,Flat V weir (5.6m broad) installed in 1981. It superseded a compound thin-plate weir of limited capacity.
37016,Pant,Copford Hall,Pant at Copford Hall,GB-GBN,566865,231314,62.5,57.9,51.95527915303711,0.4269181688211216,EA-EA,EA,037016,'Essex' profile (modified Flat V Crump) weir (insensitive) with crest tapping.
37017,Blackwater,Stisted,Blackwater at Stisted,GB-GBN,579291,224292,139.2,31.8,51.888347322024075,0.6039006123327083,EA-EA,EA,037017,'Essex' profile (modified Flat V Crump) weir with crest tapping. No spillway.
37018,Ingrebourne,Gaynes Park,Ingrebourne at Gaynes Park,GB-GBN,555163,186177,47.9,11.6,51.55314676519148,0.23664026603188731,EA-HNL,EA,5550TH,"Essex profile (modified Flat V Crump) weir in 9.5m wide section, operated as a rated section. Used for both Water Resource and Flood Incident management. Only gauging station on the Ingrebourne river, approximately 7km upstream of confluence with the Thames."
37019,Beam,Bretons Farm,Beam at Bretons Farm,GB-GBN,551533,185330,49.7,5.8,51.54652242864259,0.18395888658013826,EA-HNL,EA,5541TH,Essex (modified Flat V Crump) weir in 10.4m wide section. The weir is non-standard. Used for both water resource and flood risk management.
37020,Chelmer,Felsted,Chelmer at Felsted,GB-GBN,567088,219360,132.1,40.1,51.84783220048684,0.42437039781477803,EA-EA,EA,037020,'Essex' profile (modified Flat V Crump) weir with crest tapping.
37021,Roman River,Bounstead Bridge,Roman River at Bounstead Bridge,GB-GBN,598493,220530,52.6,4.6,51.84806612,0.88040519,EA-EA,EA,037021,"'Essex' profile (modified Flat V Crump) weir with crest tapping from 11/03/1970, replaced originally a temporary broad-crested weir 03/1965-09/1969 with low flow V notch (data suspect)."
37022,Holland Brook,Thorpe le Soken,Holland Brook at Thorpe le Soken,GB-GBN,618030,221135,54.9,0.8,51.84621613869034,1.1639874380419948,EA-EA,EA,037022,'Essex' profile (modified Flat V Crump) weir (very insensitive) with crest tapping.
37023,Roding,Loughton,Roding at Loughton,GB-GBN,544137,195572,269,18,51.640486745547356,0.081577494,EA-HNL,EA,5470TH,"Prior to 1983, Essex weir, subject to drowning. In 1989, this was replaced by a single crest Crump weir. An ultrasonic gauge has been operating at the site since the 05/02/2012."
37024,Colne,Earls Colne,Colne at Earls Colne,GB-GBN,585513,229784,154.2,25.1,51.93563622237133,0.6971624135555129,EA-EA,EA,037024,'Essex' profile (modified Flat V Crump) weir with crest tapping.
37025,Bourne Brook,Perces Bridge,Bourne Brook at Perces Bridge,GB-GBN,582258,227549,32.1,40.7,51.916637896839504,0.6486861110633129,EA-EA,EA,,Compound V-notch thin-plate weir.
37026,Tenpenny Brook,Tenpenny Bridge,Tenpenny Brook at Tenpenny Bridge,GB-GBN,607928,220758,29,4.1,51.846681930990705,1.0173233904809749,EA-EA,EA,,Thin-plate weir. Installed to monitor irrigation abstractions.
37027,Sixpenny Brook,Ship House Bridge,Sixpenny Brook at Ship House Bridge,GB-GBN,605442,221395,5.1,16.1,51.85332096887341,0.9816625654828759,EA-EA,EA,,Thin-plate weir. Installed to monitor irrigation abstractions.
37028,Bentley Brook,Saltwater Bridge,Bentley Brook at Saltwater Bridge,GB-GBN,610926,219303,12.1,2.1,51.83249514628388,1.0598958331216268,EA-EA,EA,,Thin-plate weir. Installed to monitor irrigation abstractions.
37029,St Osyth Brook,Main Road Bridge,St Osyth Brook at Main Road Bridge,GB-GBN,613449,215989,8,3.3,51.80178497433727,1.0944159254468182,EA-EA,EA,,Thin-plate weir. Installed to monitor irrigation abstractions.
37030,Holland Brook,Cradle Bridge,Holland Brook at Cradle Bridge,GB-GBN,617085,221695,48.6,6.3,51.85161137411195,1.1506415369367344,EA-EA,EA,,"Station has been closed, station 37022 about 1km d/s has more recent data."
37031,Crouch,Wickford,Crouch at Wickford,GB-GBN,574811,193386,71.8,5.8,51.61216211452888,0.5233456850159431,EA-EA,EA,037031,Crump weir and a rated channel for high flows. Station is approaching tidal limit.
37032,Eastwood Brook,Lambeth Road,Eastwood Brook at Lambeth Road,GB-GBN,584176,188913,6.2,33.6,51.56900406077576,0.6561035201909796,EA-EA,EA,,Station located in the urban area of Rayleigh.
37033,Eastwood Brook,Eastwood,Eastwood Brook at Eastwood,GB-GBN,585856,188875,10.4,12.1,51.568111971756956,0.6802959518065873,EA-EA,EA,037033,"Non-standard weir, insensitive at low flows, however, a good stepped fall, so no drowning. In 1996, replaced original weir decommissioned in April 1995 (hence missing data). New weir is a replica of previous structure, non-standard flat V weir. Telemetry was installed at the beginning of 1997."
37034,Mar Dyke,Stifford,Mar Dyke at Stifford,GB-GBN,559619,180384,90.7,5.2,51.49985940616121,0.2982348776502211,EA-EA,EA,037034,'Essex' profile (modified Flat V Crump) weir with d/s tapping.
37035,Salary Brook,Spring Valley,Salary Brook at Spring Valley,GB-GBN,603942,227849,6.7,20,51.91182012046962,0.9637250362544201,EA-EA,EA,,
37036,Ely Ouse Outfall,Great Sampford,Ely Ouse Outfall at Great Sampford,GB-GBN,564550,235099,43.7,67.1,51.98996856255708,0.39507367684350825,EA-EA,EA,037036,Flat V weir with low flow sharp crested rectangular notch - rated. Stepped channel from outfall to river.
37037,Toppesfield Brook,Cornish Hall End,Toppesfield Brook at Cornish Hall End,GB-GBN,567473,237757,1.3,103.3,52.012971300154376,0.4389004160903296,EA-EA,EA,,V-notch weir plate.
37038,Wid,Margaretting,Wid at Margaretting,GB-GBN,567192,200020,98.6,36.1,51.67406932803926,0.4165818475700739,EA-EA,EA,,Sharp-edged trapezoidal weir with central rectangular notch. Closed and replaced by Writtle (37007) about 6km d/s.
37039,Blackwater,Langford (low flows),Blackwater at Langford (low flows),GB-GBN,583515,209016,337,5.4,51.74977612485719,0.6571221139549042,EA-EA,EA,037039,Rectangular notch in broad-crested weir. Measures residual flow to tide after major PWS abstraction.
37044,Roding,Aythorpe Roding,Roding at Aythorpe Roding,GB-GBN,558000,215000,,66.9,51.81130689,0.2905598506439309,EA-HNL,EA,,
37045,Rom,Romford,Rom at Romford,GB-GBN,550580,189460,,,51.58388496049774,0.1719936111047892,,,5522TH,
37805,Roding,Aythorpe Roding,Roding at Aythorpe Roding,GB-GBN,558200,215200,38.3,,51.81304713060984,0.2935498042559284,,,,Flat V thin-plate weir.
37806,Colne,Langley Mill,Colne at Langley Mill,GB-GBN,583400,229800,111.5,,51.93647968355614,0.6664702798660743,,,,
37816,Blackwater,Beeleigh,Blackwater at Beeleigh,GB-GBN,584000,208400,982.7,4.9,51.74408465959898,0.6638143520963055,EA-EA,EA,,Station gauging R. Blackwater before it joins with R. Chelmer.
37817,Colne,Estuary,Colne at Estuary,GB-GBN,600700,225400,253,4.3,51.891006722205766,0.9152309430058143,EA-EA,EA,,"Station is located in the town of Colchester, gauging almost the entire catchment of R. Colne."
37818,Blackwater,Estuary,Blackwater at Estuary,GB-GBN,584000,208400,340.7,4.9,51.74408465959898,0.6638143520963055,EA-EA,EA,,Station gauging R. Blackwater before it joins with R. Chelmer.
38001,Lee,Feildes Weir,Lee at Feildes Weir,GB-GBN,539074,209193,1036,27.7,51.76415334299894,0.013887516723605296,EA-HNL,EA,5290TH,"Historically the station was a 29m wide thin-plate weir (found to be insensitive) and 3 vertical-lift sluices controlling a parallel flood relief channel. The weir is immediately downstream of the confluence of the rivers Lee and Stort. Building started in 1976 and it completed in 1978 to improve hydrometric range and precision. Pre-1976 there was a barrage of gates/sluices (operation evident on hydrographs, pre-1930 especially) to control flows. From 1/1/97, flows normally the sum of stations 38027 (Stort at Glen Faba) and 38031 (Lee at Rye Bridge). In 2004 flow calculation changed to using a combination of weir and gate levels rather than summation. An ultrasonic station was built d/s and opened on the 01/01/2008."
38002,Ash,Mardock,Ash at Mardock,GB-GBN,539360,214840,78.7,36.4,51.81482302782976,0.020295373058430974,EA-HNL,EA,5080TH,"Flat V weir (1:10 cross-slope) 3.9m wide, constructed in 1979. The current station replaced the original hump flume weir that was built in 1939. The old station was not good due to the obstruction caused by the old gate at the mill bypass channel. It was insensitive, subject to bypassing and was inaccurate at low flows. Hence discharges was assessed at the d/s station at Easneye (38005)."
38003,Mimram,Panshanger Park,Mimram at Panshanger Park,GB-GBN,528256,213276,133.9,47.1,51.80342445788499,-0.141273498,EA-HNL,EA,4790TH,Critical-depth flume; 5m wide. All flows are contained.
38004,Rib,Wadesmill,Rib at Wadesmill,GB-GBN,535990,217444,136.5,47.1,51.839050948437965,-0.027539691,EA-HNL,EA,4980TH,Non conforming Trapezoidal flume operated as a rated section with a Crump weir on the overflow channel.
38005,Ash,Easneye,Ash at Easneye,GB-GBN,538000,213800,85.2,32,51.80581523600399,0.000165054,EA-HNL,EA,,Compound thin-plate weir that was reconstructed in 1976 to increase flow range. It was decommissioned in 1981 and was superseded by the Ash at Mardock (38002).
38006,Rib,Herts Training School,Rib at Herts Training School,GB-GBN,533500,215800,148.1,40.8,51.82487851160206,-0.064292598,EA-HNL,EA,,Compound rectangular thin-plate weir (c. 3 metres wide). The structure was used for measuring low flows while high flows were measured u/s by the Rib at Wadesmill (38004). The station was decommissioned in the early 1980s (when 38004 became the primary station).
38007,Canons Brook,Elizabeth Way,Canons Brook at Elizabeth Way,GB-GBN,543166,210394,21.4,37.5,51.77391418738794,0.073637046,EA-HNL,EA,5189TH,"Full range critical-depth flume in rectangular section. Between the years 1965 to 1980, low flows were monitored at a (less sensitive) Crump weir that was in series with the flume."
38008,Lee New Cut,Chalk Bridge,Lee New Cut at Chalk Bridge,GB-GBN,535600,191300,1240,7.1,51.60421967499381,-0.043365878,EA-HNL,EA,,Rectangular thin-plate weir.
38010,Dagenham Brook,Leyton,Dagenham Brook at Leyton,GB-GBN,537400,186400,10.4,3.6,51.55975259873964,-0.01930662,EA-HNL,EA,,Trapezoidal flume.
38011,Mimram,Fulling Mill,Mimram at Fulling Mill,GB-GBN,522646,216944,98.7,66.1,51.837644878289964,-0.221295787,EA-HNL,EA,4770TH,"Crump profile weir, 2.75m wide, built in the mid 1970s. Originally the station was comprised of two complementary thin-plate weirs. Prior to 1993, gauging was a sum of flows through the mill weir and a leaky wooden weir. The station was not used as a full gauging station from 07/1984. It was used solely for low flows for licence purposes from 09/1984 to 05/1990. The data was processed but not archived during this period. However, due to demand, the site came back online in 1990 and the data was stored."
38012,Stevenage Brook,Bragbury Park,Stevenage Brook at Bragbury Park,GB-GBN,527488,221164,36,71.4,51.874483508545836,-0.14950159,EA-HNL,EA,4827TH,Flat V weir - 2.75m wide. It was constructed in 1974 to supersede the original broad-crested weir operated by Stevenage Development Corporation.
38013,Upper Lee,Luton Hoo,Upper Lee at Luton Hoo,GB-GBN,511780,218590,70.7,98,51.854716324978135,-0.378404119,EA-HNL,EA,4640TH,The station has been replaced by a d/s site; the Upper Lee at Luton East Hyde (38033). The station was closed on the 12/05/2013. Rectangular thin-plate weir (0.92m wide) plus and insensitive broad-crested overfall weir (10m wide) for flows > 0.33 cumecs. The side weir has a removable board(s) that have at times been removed with knowledge of measuring authority. The small side weir was re-built in January 1989. The large weir then operated at a stage of 0.223m not at the original 0.304m level.
38014,Salmon Brook,Edmonton,Salmon Brook at Edmonton,GB-GBN,534361,193703,20.5,12.4,51.62611005194522,-0.06032521,EA-HNL,EA,5357TH,"Flat V weir (1:10 cross-slope), 5m wide (insensitive at low flows) in a slightly trapezoidal section. It superseded a less effective (particularly at very low flows) compound broad-crested structure in 1980."
38015,Intercepting Drain,Enfield,Intercepting Drain at Enfield,GB-GBN,535500,193200,7.4,9.6,51.62131721594274,-0.044075109,EA-HNL,EA,,Trapezoidal flume installed as part of the Lower Lee Monitoring Programme.
38016,Stansted Springs,Mountfitchet,Stansted Springs at Mountfitchet,GB-GBN,550043,224738,20.5,12.4,51.90098770342631,0.17945133500294685,EA-HNL,EA,5106TH,Two complementary thin-plate weirs (rectangular and 90 degree V notch) measuring spring flow discharging to the River Stort. The V notch weir was rebuilt in 1989 and new rating table used.
38017,Mimram,Whitwell,Mimram at Whitwell,GB-GBN,518410,221210,39.1,88.1,51.876896148646786,-0.281287318,EA-HNL,EA,4730TH,"Crump weir, 1.0m crest (rather insensitive) within wider section."
38018,Upper Lee,Water Hall,Upper Lee at Water Hall,GB-GBN,529980,209950,150,43.6,51.773138776361975,-0.11752917,EA-HNL,EA,4690TH,Crump weir approximately 6m wide. Present station built in October 1971 to replace two temporary stations at Waterhall Farm and Roxford Farm. River course altered for gravel works and current station was built within this new artificial section.
38019,Salmon Brook,Montague Road,Salmon Brook at Montague Road,GB-GBN,535400,193200,33.9,9,51.62134126061047,-0.045518722,EA-HNL,EA,,Trapezoidal flume. The station was decommissioned in 1981.
38020,Cobbins Brook,Sewardstone Road,Cobbins Brook at Sewardstone Road,GB-GBN,538710,199982,38.4,17.2,51.68147717473159,0.004951214,EA-HNL,EA,5329TH,Trapezoidal critical-depth flume with an overall width of 10m.
38021,Turkey Brook,Albany Park,Turkey Brook at Albany Park,GB-GBN,535980,198500,42.2,16.6,51.668827114370316,-0.035087687,EA-HNL,EA,5349TH,"Flat V weir, 6m wide, situated within but at the end of a concrete-lined channel, the river then flows into a restored naturalised reach through an urban park."
38022,Pymmes Brook,Edmonton Silver Street,Pymmes Brook at Edmonton Silver Street,GB-GBN,534050,192540,42.6,11.1,51.61573327,-0.065259954,EA-HNL,EA,5369TH,Crump weir (crest width 6.16m) in a concrete trapezoidal channel. Installed in 1972 a few metres upstream of the original station (Alcazaar 38025). The original station was commissioned in 1954 and operated as a rated section.
38023,Lee flood relief,Low Hall,Lee flood relief at Low Hall,GB-GBN,535668,188039,1243,4.7,51.574899714725944,-0.043643963,EA-HNL,EA,5380TH,Crump weir 17.1m broad (insensitive) located within a concrete flood relief channel.
38024,Small River Lee,Ordnance Road,Small River Lee at Ordnance Road,GB-GBN,537040,198870,41.5,15.3,51.671894567209286,-0.019624589,EA-HNL,EA,5339TH,"Flat V weir (1:10 cross-slope), 8m wide. Crest tapping does not operate effectively."
38025,Pymmes Brook,Alcazar,Pymmes Brook at Alcazar,GB-GBN,534000,192500,41.4,13.8,51.615385715079135,-0.065996961,EA-HNL,EA,,Formalised rectangular section rated by c/m.
38026,Pincey Brook,Sheering Hall,Pincey Brook at Sheering Hall,GB-GBN,549535,212702,54.6,43.1,51.792986949116944,0.16687284511809303,EA-HNL,EA,5169TH,Flat V weir (1:10.9 cross-slope) 4.02m wide. Removed from peak flows dataset in September 2023 (WINFAP Files v12).
38027,Stort,Glen Faba,Stort at Glen Faba,GB-GBN,539156,209271,280.2,26.4,51.76483385755486,0.015106179711641833,EA-HNL,EA,5190TH,Multipath ultrasonic (cross-path superseded single-path device). River maintained by Canal and River Trust.
38028,Stansted Brook,Gypsy Lane,Stansted Brook at Gypsy Lane,GB-GBN,550537,224047,25.9,60.5,51.89464643005969,0.18632447897219553,EA-HNL,EA,5129TH,Flat V weir (1:10 cross-slope) in slightly trapezoidal channel (3.5m wide).
38029,Quin,Griggs Bridge,Quin at Griggs Bridge,GB-GBN,539125,224786,50.4,67.3,51.90424955418839,0.020889561,EA-HNL,EA,4939TH,"Flat V weir, 4.5m wide. Shallow depth of approach."
38030,Beane,Hartham,Beane at Hartham,GB-GBN,532503,213143,175.1,35.4,51.80124001289882,-0.07976567,EA-HNL,EA,4890TH,"Flat V weir, 8m wide."
38031,Lee,Rye Bridge,Lee at Rye Bridge,GB-GBN,538520,209830,758.3,29.2,51.77001432849905,0.006118718,EA-HNL,EA,5280TH,"Multi-path, cross-configuration US. It is located 0.4km u/s of Feildes Weir and it provides a check on a major component of the Lee at Feildes Weir (38001) flows."
38032,Lee,Lea Bridge,Lee at Lea Bridge,GB-GBN,535177,187240,1364,8,51.56783762361491,-0.051032023,EA-HNL,EA,5390TH,"Multi-path, cross-configuration US. Combined with input of the Lee flood relief channel (at Low Hall - 038023), represents total inflow into the River Thames from the River Lee."
38033,Upper Lee,Luton East Hyde,Upper Lee at Luton East Hyde,GB-GBN,511946,218235,71.24,96.1,51.8514926,-0.376109759,EA-HNL,EA,4641TH,"The station is a replacement of the d/s gauging station, the Upper Lee at Luton Hoo (38013). It is a rated section located 400m d/s of the old structure."
38034,Nazeing Brook,Lower Nazeing,Nazeing Brook at Lower Nazeing,GB-GBN,539581,205993,,,51.73527375619374,0.019946112231633943,,,5313TH,
38035,Theobalds Brook,Trinity Lane,Theobalds Brook at Trinity Lane,GB-GBN,536452,201054,,,51.69166266312618,-0.027269528,,,5322TH,
38801,Lee,Roxford,Lee at Roxford,GB-GBN,530600,210600,155,,51.77883559174975,-0.108304169,,,,
38802,Beane,Molewood / Goldings,Beane at Molewood / Goldings,GB-GBN,531500,214100,,,51.81007616736457,-0.093940326,,,,
38803,Beane,Hartham,Beane at Hartham,GB-GBN,532500,213100,,,51.80085433,-0.079825569,,,,
38804,Stort,Burnt Mill,Stort at Burnt Mill,GB-GBN,544500,211200,,,51.78081364976266,0.093293276,EA-HNL,EA,,Level only station.
38805,Stansted Brook,Stansted Mountfichet,Stansted Brook at Stansted Mountfichet,GB-GBN,550500,224000,25.9,,51.894234151142214,0.18576669110611138,,,,Trapezoidal flume.
38815,Canons Brook,Canons Brook Weir,Canons Brook at Canons Brook Weir,GB-GBN,543100,210400,21.3,41,51.77398495991144,0.072683592,EA-HNL,EA,,Crump weir.
38816,Stanstead Springs,Mountfitchet 1,Stanstead Springs at Mountfitchet 1,GB-GBN,550000,224600,,60.4,51.89975943112821,0.17876682510933684,EA-HNL,EA,,Two complementary thin-plate weirs (rectangular and 90 degree V notch) measuring spring flows discharging to the River Stort.
38817,Stanstead Springs,Mountfitchet 2,Stanstead Springs at Mountfitchet 2,GB-GBN,550000,224600,47.1,60.6,51.89975943112821,0.17876682510933684,EA-HNL,EA,,Rectangular thin-plate weir.
38818,Rye Meads Outfall,Rye Meads Sewage T,Rye Meads Outfall at Rye Meads Sewage T,GB-GBN,539300,209800,281.6,27,51.76955140080956,0.017403422222360763,EA-HNL,EA,5302TH,Single Crump weir that measures the outflow from the Rye Meads STW.
39001,Thames,Kingston,Thames at Kingston,GB-GBN,517780,169850,9948,4.7,51.41544304003509,-0.307709932,EA-T,EA,3400TH,"Until 1974 the GDFs were derived from Teddington Weir (a 150m long complex of gates, sluices, weirs and locks that span 70m across the river), where a tailwater rating was used with twice-daily levels (at low tide) to compute flows >85 cumecs. In 1974 a single path US was commissioned 2km upstream to replace the weir as the primary method for flow derivation. This was upgraded to a multi-path configuration (6 paths) US in 1986, and a second US was installed in 1991 to confirm the performance of the primary gauge. Work undertaken in 2018 to further upgrade the ultrasonics to make the station resilient to a 1-in-1000 year flood event."
39002,Thames,Days Weir,Thames at Days Weir,GB-GBN,456880,193620,3444.7,45.8,51.63851716915775,-1.17947468,EA-T,EA,1900TH,"Adjustable thin-plate weir (5.48m wide) plus 15 radial gates, replaced a barrage of radial and buck gates in 1969. An US 8.5 km u/s at Sutton Courtenay (39046) also measures flow in the Thames (US since 1982, records from 1973), immediately below the abstraction point and u/s of the offtake point for Didcot Power Station. Station closed in 2018, use Sutton Courtenay as the replacement."
39003,Wandle,South Wimbledon,Wandle at South Wimbledon,GB-GBN,526555,170541,176.1,10.4,51.41976417,-0.181344683,EA-KSL,EA,4180TH,"Compound station, consisting rectangular critical-depth flume, 5.5m wide. A compound station since 1999, when a side flume was added - a small rectangular flume, approx 1m wide with approx 1m wingwalls. The side channel contributes only 2-5% of the total flow. Superseded (following channel improvements) Wandle Park immediately u/s (sporadic data available 1939-1960). Side channel flume performs poorly due to weed in channel. Flat +3% contribution from side channel added to main flume until structure can be improved."
39004,Wandle,Beddington Park,Wandle at Beddington Park,GB-GBN,529630,165480,122,33.1,51.37358742401345,-0.138993329,EA-KSL,EA,4150TH,"Velocity area station. Station was previously electromagnetic (buried coil), a compound Crump weir (1964-1991, bankfull flow 5.73 cumecs) and very insensitive broad-crested weir (1939-1964). Some of the photos show a structure constructed (probably around 1992) to keep head levels high in summer, located 50m downstream of the gauging station."
39005,Beverley Brook,Wimbledon Common,Beverley Brook at Wimbledon Common,GB-GBN,521614,171745,43.5,11,51.43166552382579,-0.251954323,EA-KSL,EA,4080TH,"Trapezoidal flume from November 1939, with nominal capacity 26.7m/3s but no standing-wave formed until invert raised in 1961. Overall channel width: 10m. Original station built 1935 as a flume: details unknown, but thought to have had maximum capacity of around 6.2m3/s."
39006,Windrush,Newbridge,Windrush at Newbridge,GB-GBN,440179,201858,362.6,63.4,51.71402047952224,-1.41984478,EA-T,EA,1090TH,"Ultrasonic site replaced compound broad-crested weir (total crest width 8.3m) with complementary side-spilling weir (14.9m wide) into bypass channel in March 2010 . A fish pass was established u/s of the weir in April 2010 following the modification of a bypass channel that was formerly controlled by a sluice from 1996. A side cut has existed for an unknown period of time, but most likely since the fish pass was established in 2010."
39007,Blackwater,Swallowfield,Blackwater at Swallowfield,GB-GBN,473090,164780,354.8,42.3,51.37737783007903,-0.951244567,EA-T,EA,2469TH,"Two Crump weirs (main 4.6m wide, capacity 14.5 cumecs; side 2.7m wide, capacity 11 cumecs) based within separate channels due to limitations on bridge openings and channel capacities. These superseded the original flume (capacity 4.5 cumecs) and a 9m wide side-spilling weir (capacity 27 cumecs) during 1970. The main weir is constructed on the site of the flume and the second weir is 300m u/s on the adjacent channel."
39008,Thames,Eynsham,Thames at Eynsham,GB-GBN,444499,208703,1616.2,59.7,51.775235397125144,-1.356447215,EA-T,EA,1200TH,Complex barrage of gates and weirs with a total breadth of 30m. Farmoor ultrasonic station (39129) was intended to replace flow measurement at Eynsham.
39009,Thames,Bray Weir,Thames at Bray Weir,GB-GBN,490900,179700,6915.3,21.3,51.50892828896849,-0.691591538,EA-T,EA,,Complex barrage of gates and sluices with a substantial leakage rate.
39010,Colne,Denham,Colne at Denham,GB-GBN,505180,186360,743,34.1,51.56631552271932,-0.483911897,EA-HNL,EA,2870TH,Twin semi-circular broad-crested weirs (one section feeds the Frays River). Overall crest length 30m. Used for both water resource and flood warning/forecasting purposes.
39011,Wey,Tilford,Wey at Tilford,GB-GBN,487450,143270,396.3,47.8,51.181982884685205,-0.750229239,EA-T,EA,3040TH,Crump weir (crest: 12m wide) replaced an informal broad-crested structure in 1972 that was incapable of precise flow measurement.
39012,Hogsmill,Kingston upon Thames,Hogsmill at Kingston upon Thames,GB-GBN,518192,168783,69.1,6.1,51.40576756379482,-0.302143422,EA-KSL,EA,3390TH,"Non-standard flume with bed invert/broad crested weir, 9.1m broad situated in a short reach between u/s and d/s bends. Baffles installed on downstream face of structure for fish passage."
39013,Colne,Berrygrove,Colne at Berrygrove,GB-GBN,512108,198118,352.2,54.7,51.67065955275811,-0.380241825,EA-HNL,EA,2830TH,Compound Crump Weir with substantial fall d/s (but backwater effects noted during the 2000 and 2003 floods). Superseded (in 1991) a compound thin-plate weir (9.0m broad - often drowned and bypassed).
39014,Ver,Hansteads,Ver at Hansteads,GB-GBN,515077,201969,132,62.3,51.704670304649355,-0.336058812,EA-HNL,EA,2819TH,"Compound Crump weir with 2 crests, each 2.44m broad. Superseded the original broad-crested weir in 1969 (plus a bypass channel)."
39015,Whitewater,Lodge Farm,Whitewater at Lodge Farm,GB-GBN,473356,152176,44.6,71.5,51.26403076332855,-0.950013283,EA-T,EA,2442TH,"Opened as a crump weir (width 3.24m), full range with crest tapping, superseding a nearby insensitive rectangular thin-plate weir in 1975 that was operated originally by Mid-Southern Water Company. Index-velocity installed in 2016, but ongoing issues with installation and operation. Removed from peak flows dataset in September 2023 (WINFAP Files v12)."
39016,Kennet,Theale,Kennet at Theale,GB-GBN,464959,170828,1033.4,43.4,51.43273887515707,-1.066945927,EA-T,EA,2290TH,Crump weir (15.9m broad) equipped with crest pressure tapping (not used in flow calculations) and d/s recorder. The station is in an artificially straightened section of the Kennet. Since 2014 the station has experienced problems with channel morphology and a new gauging station downstream of Blakes Lock (Reading) has been installed as a possible replacement.
39017,Ray,Grendon Underwood,Ray at Grendon Underwood,GB-GBN,468052,221115,18.8,65.7,51.884451403640135,-1.012686043,EA-T,EA,1471TH,"Flat V weir, rebuilt in 1998, within a channel 6.5m wide. The first records for the new weir from 26 March, 1999. Originally a trapezoidal critical-depth flume with the capacity increased in 1964 to make station full range."
39018,Ock,Abingdon,Ock at Abingdon,GB-GBN,448600,196900,234.1,51.3,51.668780925758966,-1.298656326,EA-T,EA,,Three adjacent broad crested weirs.
39019,Lambourn,Shaw,Lambourn at Shaw,GB-GBN,447033,168219,234.1,75.6,51.41104956400473,-1.325136327,EA-T,EA,2269TH,"Crump weir (10.67m wide) with auxiliary d/s recorder. A pond discharge ditch, running parallel to the main river, bypasses the weir. An ultrasonic flow gauge was temporarily installed into the discharge ditch d/s of the weir and below the A339 road bridge (mean flow 0.2 cumecs). Another multi-path ultrasonic has also been installed within the road bridge structure for future operational reasons."
39020,Coln,Bibury,Coln at Bibury,GB-GBN,412147,206228,106.7,100.6,51.75461321,-1.825427448,EA-T,EA,0660TH,British Standard Crump weir (9.1m broad). Some overspill onto floodplain before design capacity reached.
39021,Cherwell,Enslow Mill,Cherwell at Enslow Mill,GB-GBN,448207,218315,551.7,65,51.86134389255835,-1.301374023,EA-T,EA,1460TH,Asymmetrical compound Crump weir (crests: 3.05m and 6.10m) with side-spilling overfall weir for flows > 10 cumecs.
39022,Loddon,Sheepbridge,Loddon at Sheepbridge,GB-GBN,472011,165260,164.5,42.4,51.38183079525194,-0.966647556,EA-T,EA,2420TH,"Two Crump weirs (2.1m crest, plus 6.9m crest oblique to channel flow) were installed in 1970. A flume was also installed in a new by-pass channel in mid 2002. The flume is not functional and takes less than 1% of the flow under normal flow conditions. This decreases at higher flows. It is not currently used for flow calculations. It is being re-evaluated for possible fish passage viability."
39023,Wye,Bourne End Hedsor,Wye at Bourne End Hedsor,GB-GBN,489597,186679,137.3,26.8,51.571871194943284,-0.708587328,EA-T,EA,2590TH,"British Standard Crump weir, 6.1m broad installed on a slight bend."
39024,Gatwick Stream,Gatwick,Gatwick Stream at Gatwick,GB-GBN,528800,140200,31.1,57.6,51.146580442099754,-0.160005635,EA-KSL,EA,,70m long open concrete culvert of uniform section and bed gradient. Stage pile erected in the deep water section above the culvert length.
39025,Enborne,Brimpton,Enborne at Brimpton,GB-GBN,456783,164772,147.6,59.4,51.37916796638936,-1.185512613,EA-T,EA,2279TH,"Station comprises asymmetrical compound Crump weir (crest widths 3.0m and 4.56m, separated by 0.3m wide divide pier). A timber baffle fish pass has been installed below the crest of the low flow crump weir (lb)."
39026,Cherwell,Banbury,Cherwell at Banbury,GB-GBN,445832,241068,204.6,88.7,52.06609625139596,-1.332830748,EA-T,EA,1420TH,"Asymmetrical non-standard compound Crump-type weir (crest widths: 3.05m, 8.94m). U/s gradient 1:2; d/s gradient 1:3. Design and built dimensions differ so rating under review. The low flow weir is separated from the wider high flow weir by a vertical steel plate that is supported by metal struts fastened to the rb abutment."
39027,Pang,Pangbourne,Pang at Pangbourne,GB-GBN,463450,176580,170.9,39.6,51.48462228214165,-1.087619882,EA-T,EA,2190TH,"Crump weir, 4.0m broad. A tail-water tapping was installed in 2000 (data from 01/07/2001) to replace previous crest-tappings. Low cost fish baffles are present, but they have no impact on the weir."
39028,Dun,Hungerford,Dun at Hungerford,GB-GBN,432130,168520,101.3,99,51.41479329980134,-1.539379135,EA-T,EA,2239TH,"Crump weir, 10.7m broad. Full range and modular."
39029,Tilling Bourne,Shalford,Tilling Bourne at Shalford,GB-GBN,499998,147828,59,31.7,51.22090069492416,-0.569492065,EA-T,EA,3079TH,"Crump weir, 5.5m broad immediately d/s of ornamental pond. A tail recorder was added in August 2013."
39030,Gade,Croxley Green,Gade at Croxley Green,GB-GBN,508243,195241,184,49.7,51.645558600060845,-0.436999344,EA-HNL,EA,2849TH,"Compound Crump-type weir (three sections, total breadth 10.1m); sharp bend immediately d/s. All flows are contained."
39031,Lambourn,Welford,Lambourn at Welford,GB-GBN,441106,173066,176,95.7,51.455088846796535,-1.409790006,EA-T,EA,2255TH,"Mainly low flow station, consisting of 2 Crump weirs and a broad crested weir built under 3 arches of a bridge. Each weir is 2.92m long and the crest of the BC weir is set 0.31m higher than the 2 Crump weirs. The bridge had previously housed 3 sluice gates. The station is located on a bend at the end of a long reach. Removed from peak flows dataset in April 2017 (WINFAP Files v5)."
39032,Lambourn,East Shefford,Lambourn at East Shefford,GB-GBN,439000,174500,154,101.9,51.46813064855969,-1.439940391,EA-T,EA,,"Compound Crump weir with a low centre crest 4.57m long and two side crests 0.3m higher and each 2.29m long. Located in a good, straight reach and the flow pattern over the weir is excellent. The station was decommissioned in 1983, recommissioned in 2003 as part of LOCAR (Lowland Catchment Research) project and was closed again in 2009. Removed from peak flows dataset in April 2017 (WINFAP Files v5)."
39033,Winterbourne Stream,Bagnor,Winterbourne Stream at Bagnor,GB-GBN,445266,169473,49.2,80.5,51.42246775729135,-1.350381187,EA-T,EA,2264TH,"Crump weir, 3m wide, but was originally 5.5m wide and was reduced to improve sensitivity in 1968. Prone to siltation upstream of weir."
39034,Evenlode,Cassington Mill,Evenlode at Cassington Mill,GB-GBN,444816,209933,430,60.2,51.78626842927997,-1.351694621,EA-T,EA,1290TH,Complex configuration. Compound Crump weirs (crests: 2.445m and 3.7m wide) plus two side spilling weirs 40m u/s discharging into a canal section. These consists of a 4.614m wide Crump weir and a 7.46m wide broad-crested weir.
39035,Churn,Cerney Wick,Churn at Cerney Wick,GB-GBN,407574,196292,124.3,82.2,51.66535697,-1.891889109,EA-T,EA,0290TH,Asymmetrical compound Crump weir (crests: 1.8m and 3.7m wide).
39036,Law Brook,Albury,Law Brook at Albury,GB-GBN,504543,146821,16,56.7,51.21103565663786,-0.504727854,EA-T,EA,3074TH,"Rectangular thin-plate weir, 2.7m broad."
39037,Kennet,Marlborough,Kennet at Marlborough,GB-GBN,418705,168631,142,126.5,51.41639053844417,-1.732413568,EA-T,EA,2210TH,"Crump weir, 6.1m broad, with crest-tapping plus a broad-crested side weir for high flows. Fish passage baffles fitted to back face of the main crump weir in 2014."
39038,Thame,Shabbington,Thame at Shabbington,GB-GBN,467000,205500,443,58.1,51.74420461285495,-1.030982897,EA-T,EA,1970TH,"Broad-crested weir (width 10.5m), decommissioned in 1994. It was replaced by Wheatley (39105) located 10.5km downstream where the floodplain is contrained by an old railway embankment. Removed from peak flows dataset in September 2023 (WINFAP Files v12)."
39039,Wye,High Wycombe,Wye at High Wycombe,GB-GBN,485290,193680,67.7,76.9,51.635471932730816,-0.769017375,EA-T,EA,2550TH,"Flat V (1:10 cross-slope) with crest tapping installed, in 1996, as part of alleviation of low flows programme. Structure width exceeds natural channel width. Previously flows were monitored, from 1937, at the same site using two thin-plate weirs (1.8 and 1.4m broad)."
39040,Thames,West Mill Cricklade,Thames at West Mill Cricklade,GB-GBN,409401,194229,185,78.5,51.64678090445091,-1.865528226,EA-T,EA,0190TH,Compound Crump weir (crests: 2.5m and 4.5m wide) with crest-tapping. The site is adjacent to a SSSI site and an SAC. The weir is believed to assist in maintaining levels in the meadow.
39041,Lambourn,Shaw Ultrasonic,Lambourn at Shaw Ultrasonic,GB-GBN,447318,168304,234.1,,51.41179014179201,-1.321027516,EA-T,EA,2270_w1TH,"Installed during October 2014, alongside the Spout Ditch channel to be dual run with the original Shaw gauging station until it was was decommissioned. Situated on the River Lambourn to measure the input into the River Kennet. The ultrasonic station is situated about 2.6km upstream of the confluence with the River Thames. The Lambourn catchment geology is predominantly Chalk, providing a high baseflow component to the hydrograph at Shaw. The Spout Ditch channel was not commissioned, and all equipment was removed. Station added to peak flows dataset in August 2025 (WINFAP Files v14)."
39042,Leach,Priory Mill Lechlade,Leach at Priory Mill Lechlade,GB-GBN,422700,199320,76.9,71.7,51.69217745440709,-1.672995927,EA-T,EA,0890TH,"Crump weir, 4.5m broad with crest-tapping."
39043,Kennet,Knighton,Kennet at Knighton,GB-GBN,429500,171020,295,104.9,51.43741405193673,-1.576988417,EA-T,EA,2230TH,Two Crump weirs: 13.7m crest on the main channel plus a 1.7m crest on the Littlecote Stream.
39044,Hart,Bramshill House,Hart at Bramshill House,GB-GBN,475530,159181,84,49.8,51.32672345392448,-0.917380491,EA-T,EA,2458TH,"Crump weir, 4.0m broad. Removed from peak flows dataset in September 2023 (WINFAP Files v12)."
39045,Kennet,Newbury,Kennet at Newbury,GB-GBN,447100,167100,,,51.40098310569499,-1.324321289,EA-T,EA,,
39046,Thames,Sutton Courtenay,Thames at Sutton Courtenay,GB-GBN,451702,194623,3414,44.9,51.64803339,-1.254142309,EA-T,EA,1800TH,"NIVUS multi-path ultrasonic replaced earlier Sarasota multi-path ultrasonic in 2021. This replaced an earlier multi-path ultrasonic no later than 2006, which replaced the original (first in the UK) single-path device in 1982."
39047,Rea,Water Eaton,Rea at Water Eaton,GB-GBN,412100,193500,,,51.64017526504459,-1.82654572,EA-T,EA,,
39048,Chess,Scotsbridge House,Chess at Scotsbridge House,GB-GBN,506600,194700,104.9,,51.641009620318805,-0.460900395,,,,Crump weir.
39049,Silk Stream,Colindeep Lane,Silk Stream at Colindeep Lane,GB-GBN,521705,189500,29,39.9,51.59121440784712,-0.244522864,EA-HNL,EA,3829TH,"A Flat V weir but used as a rated section in a channel 8.5m wide. Used for both Water Resourse and Flood Incident management. Only flow gauging station on the Silk Stream and situated downstream of confluences with Edgware Brook and Deans Brook. Current weir used since November 1973, replacing earlier stations dating back to 1928."
39051,Sor Brook,Adderbury,Sor Brook at Adderbury,GB-GBN,447500,234600,106.4,28.2,52.00780886159178,-1.309396643,EA-T,EA,,"Crump weir, commissioned in 1982, superseded a compound broad-crested weir (3.6m broad) plus sluice gates."
39052,The Cut,Binfield,The Cut at Binfield,GB-GBN,485350,171250,50.2,45.6,51.43383194638373,-0.773580722,EA-T,EA,2620TH,"Broad-crested weir (13.7m wide) plus adjustable low flow notch (crest 1.22m wide), that was added in 1968, at outfall from an ornamental lake."
39053,Mole,Horley,Mole at Horley,GB-GBN,527090,143280,89.9,51.7,51.17464371113316,-0.183352132,EA-KSL,EA,3230TH,"Central notch: 2.44m broad (crest changed in July 2003 to Crump profile with significantly lower crest level, to reduce u/s impoundment) plus flanking crests: 10.96m broad, no divide walls."
39054,Mole,Gatwick Airport,Mole at Gatwick Airport,GB-GBN,526029,139806,31.8,56.7,51.14365558,-0.199737499,EA-KSL,EA,3210TH,"Since 2005, an ultrasonic station 200m downstream of original station - rectangular flume (2.74m broad) in culvert below airport runway plus Crump weir in overflow channel (built in 1984, and appears to influence the homogeneity of the flow record). Station added to peak flows dataset in September 2022 (WINFAP Files v11)."
39055,Yeading Brook West,North Hillingdon,Yeading Brook West at North Hillingdon,GB-GBN,508300,184600,17.6,32,51.54990666199122,-0.439457374,EA-HNL,EA,3620TH,"Flat V weir (width: 5.02m, 1:20 cross-slope) u/s of culvert below the Western Avenue. Station demolished 1995."
39056,Ravensbourne,Catford Hill,Ravensbourne at Catford Hill,GB-GBN,537225,173255,120.4,14.5,51.4416727,-0.026938037,EA-KSL,EA,4370TH,Trapezoidal flume; breadth at the critical section: 4.267m; insensitive. Full range.
39057,Crane,Cranford Park,Crane at Cranford Park,GB-GBN,510312,177840,61.7,22.9,51.48875859443957,-0.412565401,EA-HNL,EA,3660TH,"Non-standard critical depth flume improvised from the invert of a footbridge. Straight reach, banks stabilised by timber revetments. Removed from peak flows dataset in September 2023 (WINFAP Files v12)."
39058,Pool River,Winsford Road,Pool River at Winsford Road,GB-GBN,537214,172598,38.3,16.9,51.435771410922115,-0.027350607,EA-KSL,EA,4369TH,"Trapezoidal, critical depth flume constructed in 1974 located approximately 0.5km upstream of confluence with the Ravensbourne. The site replaces a previous station (Selworthy Road, 39827) that was located approximately 300m upstream of the current site and which was operational 1961-71. Removed from peak flows dataset in February 2018 (WINFAP Files v6)."
39059,Cole,Coleshill,Cole at Coleshill,GB-GBN,423400,193500,120,69.2,51.639820929670925,-1.663257003,EA-T,EA,,Velocity area station.
39060,Evenlode,Ascott-under-Wychwood,Evenlode at Ascott-under-Wychwood,GB-GBN,430100,219100,184,90.6,51.86966842401752,-1.564233492,EA-T,EA,,Velocity area station.
39061,Letcombe Brook,Letcombe Bassett,Letcombe Brook at Letcombe Bassett,GB-GBN,437486,185325,4,105.6,51.56556067288251,-1.460587256,EA-T,EA,1761TH,Flat V weir (3.0m wide) superseded original rectangular notch (1.0 m wide) in 1981.
39062,Trib of Letcombe,Manor Farm Wantage,Trib of Letcombe at Manor Farm Wantage,GB-GBN,439700,186400,2.4,96.7,51.57507482365168,-1.428526617,EA-T,EA,,
39063,Childrey Brook,West Challow,Childrey Brook at West Challow,GB-GBN,436700,188400,4.3,72.3,51.593259415183866,-1.471605917,EA-T,EA,,
39064,Ewelme Brook,Cottesmore Farm,Ewelme Brook at Cottesmore Farm,GB-GBN,463600,192000,15.3,63.2,51.623234827096354,-1.082676355,EA-T,EA,,
39065,Ewelme Brook,Ewelme,Ewelme Brook at Ewelme,GB-GBN,464225,191613,13.4,65.9,51.6196848,-1.073720139,EA-T,EA,1995TH,Flat V weir (width: 2m) installed in 1980 superseding (after 4-yr break) and built on top of a thin-plate weir (width: 1.524m). Significant pre-1950 artificial channel re-alignment in Ewelme.
39066,Winterbourne Stream,Winterbourne,Winterbourne Stream at Winterbourne,GB-GBN,445300,171500,40.3,84.5,51.440689784793406,-1.34963363,EA-T,EA,,
39067,Cove Brook,Hawley Road Bridge,Cove Brook at Hawley Road Bridge,GB-GBN,486200,158100,66.1,47.9,51.31549071627221,-0.764541747,EA-T,EA,,Velocity area station.
39068,Mole,Dorking,Mole at Dorking,GB-GBN,517990,150160,316,39.2,51.23842949322148,-0.311204953,EA-KSL,EA,3270TH,"Crump weir with side channel for old mill, which rejoins the main river downstream."
39069,Mole,Kinnersley Manor,Mole at Kinnersley Manor,GB-GBN,526245,146209,142,48,51.20115504220129,-0.194404945,EA-KSL,EA,3240TH,"Rectangular flume, 7.1m wide at throat, and 1.48m wide rectangular side sluice. Removed from peak flows dataset in February 2018 (WINFAP Files v6)."
39070,Thames,St Johns,Thames at St Johns,GB-GBN,422300,199100,903,71.2,51.69021537921729,-1.678796657,EA-T,EA,,Level only station.
39071,Thames,Ewen,Thames at Ewen,GB-GBN,400746,197314,63.7,100.5,51.67459513297487,-1.990610158,EA-T,EA,0130TH,"Upgraded to full-width Flat V in 2002, full range capability. Previously, a Flat V weir (4.0 metres broad, 1:10 cross-slope) with thin-plate overfalls. It is not considered a primary station."
39072,Thames,Royal Windsor Park,Thames at Royal Windsor Park,GB-GBN,498040,177240,7046,13.5,51.485623764526174,-0.58942452,EA-T,EA,2700TH,"Multi-path US superseded, in 1988, original single-path configuration (installed 1978)."
39073,Churn,Cirencester,Churn at Cirencester,GB-GBN,402013,202863,84,111.2,51.72448420011892,-1.972257265,EA-T,EA,0260TH,"Flat V weir (1:10 cross-slope, 4.5m broad). Auxiliary d/s water level recorder."
39074,Ampney Brook,Sheepen Bridge,Ampney Brook at Sheepen Bridge,GB-GBN,410585,195042,74.4,78,51.65406994924675,-1.848392032,EA-T,EA,0490TH,"Flat V weir (1:10 cross-slope, 4.5m broad). Often drowned."
39075,Marston Meysey Brook,Whetstone Bridge,Marston Meysey Brook at Whetstone Bridge,GB-GBN,412764,196492,25,75.9,51.66706234,-1.816842379,EA-T,EA,0530TH,"Flat V weir (1:10 cross-slope, 3.0m broad)."
39076,Windrush,Worsham,Windrush at Worsham,GB-GBN,430140,210658,296,90.6,51.79376684812746,-1.56438499,EA-T,EA,1080TH,"Multi-path ultrasonic commissioned in December, 1995. Previously two adjustable radial gate (sharp-crested) weirs."
39077,Og,Marlborough Poulton Fm,Og at Marlborough Poulton Fm,GB-GBN,419265,169837,59.2,124.9,51.42721562321823,-1.724295766,EA-T,EA,2219TH,Flat V weir (width: 3.0m) with auxiliary d/s recorder.
39078,Wey (North),Farnham,Wey (North) at Farnham,GB-GBN,483673,146263,191.12,63.5,51.20945442832008,-0.803557449,EA-T,EA,3020TH,Modified Crump weir (width: 9.14m) with thin-plate along the crest line.
39079,Wey,Weybridge,Wey at Weybridge,GB-GBN,506850,164830,1008,9.2,51.372484368409154,-0.466329461,EA-T,EA,3090TH,A multi-path cross-configuration ultrasonic replaced a single-path US (Harwell design) in 2003.
39081,Ock,Abingdon,Ock at Abingdon,GB-GBN,448148,196667,234,51.4,51.66672495453129,-1.305223629,EA-T,EA,1790TH,"Crump weir, 7.79m wide, with auxiliary d/s tapping. Superseded original compound structure in 1979 (with associated gaps in the record). Due for fish passage baffles FY 2019-20."
39082,Graveney,Longley Road,Graveney at Longley Road,GB-GBN,527130,170900,16.7,14.9,51.422861963556976,-0.172951197,EA-KSL,EA,4189TH,Used for flood monitoring purposes.
39083,Yeading Brook,Brookside Park,Yeading Brook at Brookside Park,GB-GBN,511700,181200,42.6,29,51.51868580449544,-0.391519479,EA-HNL,EA,,Level only station.
39084,Brent,Brent Cross,Brent at Brent Cross,GB-GBN,523610,188025,36.4,40.7,51.577544297216654,-0.21755627,EA-HNL,EA,3820TH,Rectangular thin-plate weir with rectangular notch.
39085,Wandle,Wandle Park,Wandle at Wandle Park,GB-GBN,526600,170300,176.1,10.7,51.41758824794551,-0.180783864,EA-KSL,EA,,
39086,Gatwick Stream,Gatwick Link,Gatwick Stream at Gatwick Link,GB-GBN,528519,141717,33.6,54.7,51.1602774,-0.163479489,EA-KSL,EA,3229TH,"Crump weir (4.6m broad) with crest-tapping (almost permanently blocked but weir remains modular except during exceptional floods); located at the end of a culvert. Superseded earlier u/s velocity-area station, 1952-1977."
39087,Ray,Water Eaton,Ray at Water Eaton,GB-GBN,412100,193520,84.1,75.9,51.64035508917051,-1.826545035,EA-T,EA,0390TH,Multi-path US superseded (in 1989) a Crump weir (width: 5.195m) with crest and d/s recorders.
39088,Chess,Rickmansworth,Chess at Rickmansworth,GB-GBN,506573,194809,105,47.1,51.64199442376322,-0.461257264,EA-HNL,EA,2859TH,A crump weir (6.0m broad) with downstream recorder for non-modularity adjustment. Used for both water resource and flood warning/forecasting purposes. The Chess is a chalk stream with intemittence in the upper catchment.
39089,Gade,Bury Mill,Gade at Bury Mill,GB-GBN,505326,207648,48.2,86.5,51.75762574312334,-0.475398087,EA-HNL,EA,2841TH,A non-standard rectangular flume with side contractions installed by Hemel Hempstead Development Corporation in the mid 1960s. The station was operated by the local authority until the mid 1970s when its operation passed to Thames Water and subsequently the Environment Agency. Used for both Water Resource and Flood Incident management.
39090,Cole,Inglesham,Cole at Inglesham,GB-GBN,420820,196950,140,72.7,51.670941131405044,-1.700334223,EA-T,EA,0790TH,Compound Crump Weir (high central crest).
39091,Misbourne,Quarrendon Mill,Misbourne at Quarrendon Mill,GB-GBN,497500,196300,66.29,83.6,51.657040618935326,-0.591915987,EA-HNL,EA,,"Informal broad-crested control - secondary station, superseded in 1984 by the new Denham Lodge station d/s."
39092,Dollis Brook,Hendon Lane Bridge,Dollis Brook at Hendon Lane Bridge,GB-GBN,524000,189567,25.1,46.4,51.59131660157218,-0.211386954,EA-HNL,EA,3809TH,Flat V weir has replaced a compound broad-crested weir with rectangular thin-plate inset. Removed from peak flows dataset in May 2016 (WINFAP Files v4).
39093,Brent,Monks Park,Brent at Monks Park,GB-GBN,520194,185052,117.6,24.5,51.55156322440803,-0.267844246,EA-HNL,EA,3850TH,"Critical depth flume (rectangular) in a concrete channel, d/s of Brent Reservoir (informally called the Welsh Harp Reservoir)."
39094,Crane,Marsh Farm,Crane at Marsh Farm,GB-GBN,515455,173487,81,7.4,51.448609401397185,-0.339943886,EA-HNL,EA,3680TH,Rectangular critical depth flume (insensitive) in a straight concrete channel. Capacity approx. 30 cumecs; yet to be exceeded.
39095,Quaggy,Manor House Gardens,Quaggy at Manor House Gardens,GB-GBN,539485,174878,33.5,13.3,51.45570549815209,0.006197783,EA-KSL,EA,4389TH,"A critical depth flume (width: 4m, wing wall height: 2m) in a concrete channel. Removed from peak flows dataset in February 2018 (WINFAP Files v6). Station closed."
39096,Wealdstone Brook,Wembley,Wealdstone Brook at Wembley,GB-GBN,519359,186216,21.8,29.1,51.56220155162865,-0.279486821,EA-HNL,EA,3839TH,"Flat V profile weir in a culvert (below Olympic Way Wembley). Following modifications to the structure in 1978, it was refurbished but the crest is sub-standard."
39097,Thames,Buscot,Thames at Buscot,GB-GBN,423000,198100,997,70.3,51.68119625290557,-1.668735878,EA-T,EA,,Complex weir - radial gates and overfall weirs - embracing two channels. Two u/s and two d/s head recorders.
39098,Pinn,Uxbridge,Pinn at Uxbridge,GB-GBN,506200,182600,33.3,30.5,51.532329010079444,-0.470335324,EA-HNL,EA,,"Initially an electromagentic station (overhead coil) in a formalised trapezoidal section. Flow derivation ceased due to the failure of the electromagnetic equipment in 2004 and station since has measured water level only, with data used for management of canal navigation. The station is being investigated (in 2025) for suitability for a bed mounted ADVP with a view to reopening the station for flow measurement."
39099,Ampney Brook,Ampney St Peter,Ampney Brook at Ampney St Peter,GB-GBN,407705,201331,45.3,95.3,51.71066165782166,-1.889885443,EA-T,EA,0470TH,"Flat V weir, 1:10 cross-slope."
39100,Swill Brook,Oaksey,Swill Brook at Oaksey,GB-GBN,399667,192686,53.3,87.5,51.63298391232908,-2.006208163,EA-T,EA,0155TH,Flat V weir installed in 2002 (with US installed more recently to improve measurement when FV drowned). Superseded unreliable EM. Not a primary gauging station.
39101,Aldbourne,Ramsbury,Aldbourne at Ramsbury,GB-GBN,428901,171719,53.1,106.4,51.443729740797956,-1.585548835,EA-T,EA,2229TH,Two Flat V weirs - 1:10 cross-slopes (one is located on a bypass stream).
39102,Misbourne,Denham Lodge,Misbourne at Denham Lodge,GB-GBN,504764,186658,94.8,35,51.56907136903952,-0.489822741,EA-HNL,EA,2879TH,"Crump weir (crest: 3.5m wide) plus Flat V (width: 2.0m, 1:10 cross-slope) on small distributary."
39103,Kennet,Newbury,Kennet at Newbury,GB-GBN,447164,167172,548.1,70,51.40162515180474,-1.323391803,EA-T,EA,2250TH,"From December 2019 onwards, a cross-correlation gauge. From November 2016 onwards a side-looking ADCP gauge. Pre-November 2016, an ultrasonic with six pairs of transducers in cross-path configuration."
39104,Mole,Esher,Mole at Esher,GB-GBN,513058,166063,469.6,10,51.38236579352127,-0.376787802,EA-KSL,EA,3290TH,"New ultrasonic, full range capability and improved reliability. Replaced earlier US just u/s (in a reach created as part of the Mole Flood alleviation Scheme); debris and siltation (blocking transducers) and high temperature gradients caused substantial malfunction particularly at low flows. New gauge is prone to weed in channel, which can cause issues at low flows. Station added to peak flows dataset in September 2022 (WINFAP Files v11)."
39105,Thame,Wheatley,Thame at Wheatley,GB-GBN,461190,205030,533.8,50,51.740642722441194,-1.115205266,EA-T,EA,1980TH,Multi-path US (cross- configuration).
39106,Mole,Leatherhead,Mole at Leatherhead,GB-GBN,516110,156410,371.4,27.8,51.29499001951742,-0.336095737,EA-KSL,EA,3280TH,"Currently ultrasonic, replacing an electromagnetic gauge in 2009."
39107,Hogsmill,Ewell,Hogsmill at Ewell,GB-GBN,521590,163300,33.66,28.6,51.35577166509056,-0.255189346,EA-KSL,EA,3350TH,Rectangular flume; Modular. Overfall u/s. Frequently vandalised. Station downgraded in 2010 to level only.
39108,Churn,Perrott's Brook,Churn at Perrott's Brook,GB-GBN,402150,205710,59,120.1,51.75008137208427,-1.970257213,EA-T,EA,0250TH,"Flat V weir, 6 metres wide, 1:10 cross-slope."
39109,Coln,Fossebridge,Coln at Fossebridge,GB-GBN,408015,211237,82,116.7,51.79972274299339,-1.885173693,EA-T,EA,0630TH,"Crump-profile crest, 7.8m wide (constructed on original overfall)."
39110,Coln,Fairford,Coln at Fairford,GB-GBN,415023,201207,130,83.7,51.709400020361514,-1.783978101,EA-T,EA,0680TH,Opened as an electromagnetic gauging station (buried coil). Ultrasonic since 2011.
39111,Thames,Staines,Thames at Staines,GB-GBN,503497,171328,8120,10,51.43151258201391,-0.512589123,EA-T,EA,2900TH,US multi-path (6) in cross configuration. Transducers are located in piles set in the channel.
39112,Letcombe Brook,Arabellas Lake,Letcombe Brook at Arabellas Lake,GB-GBN,437270,185150,3.1,112.7,51.56400152687044,-1.463721822,EA-T,EA,1751TH,Flat V weir at outfall of the lake.
39113,Manor Farm Brook,Letcombe Regis,Manor Farm Brook at Letcombe Regis,GB-GBN,438270,185996,1.4,109.5,51.571541091941846,-1.449204252,EA-T,EA,1771TH,Flat V weir.
39114,Pang,Frilsham,Pang at Frilsham,GB-GBN,453762,173025,89.8,74,51.453662392005135,-1.22766587,EA-T,EA,2140TH,Flat V weir.
39115,Pang,Bucklebury,Pang at Bucklebury,GB-GBN,455595,171045,109,64.3,51.4356842,-1.20159906,EA-T,EA,2150TH,Flat V weir.
39116,Sulham Brook,Sulham,Sulham Brook at Sulham,GB-GBN,464210,174075,3,42.7,51.46201586210514,-1.077130729,EA-T,EA,2195TH,Flat V weir. U/s and d/s levels monitored.
39117,Colne Brook,Hythe End,Colne Brook at Hythe End,GB-GBN,501899,172265,929.5,12.3,51.440224226399884,-0.535298825,EA-HNL,EA,2894TH,Electromagnetic gauging station (buried coil).
39118,Wey,Alton,Wey at Alton,GB-GBN,471667,139431,44.6,101.2,51.14966164579159,-0.976758359,EA-T,EA,3010TH,Flat V weir (1:10) cross-slope. U/s and d/s levels monitored.
39119,Wey,Kings Pond (Alton),Wey at Kings Pond (Alton),GB-GBN,472356,139526,45.9,99.3,51.150429191545605,-0.966890385,EA-T,EA,3012TH,Rectangular thin-plate weir at outfall from lake.
39120,Caker Stream,Alton,Caker Stream at Alton,GB-GBN,472873,138390,88.1,99.6,51.14015045623039,-0.95972959,EA-T,EA,3015TH,Flat V weir. U/s and d/s levels monitored.
39121,Thames,Walton,Thames at Walton,GB-GBN,509931,167056,9291.5,8.9,51.391904681436465,-0.421395928,EA-T,EA,3100TH,"Multi-path, cross configuration US."
39122,Cranleigh Waters,Bramley,Cranleigh Waters at Bramley,GB-GBN,499970,146270,109.5,34.9,51.20690057,-0.57032665,EA-T,EA,3069TH,Multi-path cross-configuration ultrasonic gauging station beneath road bridge.
39123,Blackwater,Farnborough,Blackwater at Farnborough,GB-GBN,488068,155852,35.5,66.8,51.29499643667148,-0.738299785,EA-T,EA,2427TH,Currently side-look ADCP. Side-look US installed in February 2009. This replaced the decommissioned EM. The EM had been installed as part of a R&D project into flow within two stage channels.
39124,Wraysbury River,Staines,Wraysbury River at Staines,GB-GBN,503326,171841,55.7,14.3,51.43615487818268,-0.514898555,EA-HNL,EA,2896TH,"Crump weir with downstream level monitoring allowing a correction to be made for drowning. Situated on the Wraysbury River, controlled by upstream offtake gates which splits the Wraysbury and Poyle Channel."
39125,Ver,Redbourn,Ver at Redbourn,GB-GBN,510916,211904,62.6,91.9,51.79479861906155,-0.39308333,EA-HNL,EA,2815TH,Flat-V weir (4.0m wide).
39126,Red,Redbourn,Red at Redbourn,GB-GBN,510676,211714,18.5,92.1,51.793138486314035,-0.396622503,EA-HNL,EA,2816TH,Flat-V weir (4.0m wide) which frequently drowns.
39127,Misbourne,Little Missenden,Misbourne at Little Missenden,GB-GBN,493421,198458,47.2,101,51.677130171501524,-0.65028864,EA-HNL,EA,2873TH,Rectangular thin-plate weir with flanking Crump crests.
39128,Bourne (South),Addlestone,Bourne (South) at Addlestone,GB-GBN,506030,164990,90.1,10.9,51.374076071386696,-0.478057806,EA-T,EA,2989TH,"Cross-path time-of-flight ultrasonic station installed in 2012/13. After becoming ultrasonic, a bund was added to promote head level at low flows. Prior to ultrasonic, this was a velocity area station - low level sharp-crested weir (rather insensitive with poor approach conditions)."
39129,Thames,Farmoor,Thames at Farmoor,GB-GBN,443830,206730,1608.6,60,51.757549787120624,-1.366391138,EA-T,EA,1100TH,Multi-path cross-configuration US.
39130,Thames,Reading,Thames at Reading,GB-GBN,471802,174065,4633.7,30,51.46101531,-0.967869046,EA-T,EA,2200TH,Multi-path cross-configuration US sited beneath Reading Bridge (incorporates adjustment for flows outside the transducer piers).
39131,Brent,Costons Lane Greenford,Brent at Costons Lane Greenford,GB-GBN,514914,182238,146.2,16.3,51.52737099508365,-0.344880078,EA-HNL,EA,3870TH,Flat V weir with vertical wing walls (bankfull: 2m).
39132,Wandle,Waddon Ponds,Wandle at Waddon Ponds,GB-GBN,530910,165260,116.8,36.9,51.37131692899111,-0.120695102,EA-KSL,EA,4139TH,Informal sharp-edged weir measuring outfall from Waddon Ponds. Not a primary gauging station.
39133,Wandle,Carshalton Ponds,Wandle at Carshalton Ponds,GB-GBN,527990,164710,1.1,31.8,51.36703910583991,-0.162819124,EA-KSL,EA,4159TH,"Rectangular sharp-edged weir, not a primary gauging station."
39134,Ravensbourne,Bromley South,Ravensbourne at Bromley South,GB-GBN,540566,168740,10.3,48.3,51.400282426075414,0.019312818,EA-KSL,EA,4319TH,Flat V weir (1:10 cross slope) with vertical wing walls. Straight approach with no significant modification to flow regime. Original structure built in 1962 as a critical depth flume. The structure was rebuilt in 1992.
39135,Quaggy,Chinbrook Meadows,Quaggy at Chinbrook Meadows,GB-GBN,541012,172227,14.5,36.3,51.43150589496799,0.027105750908730554,EA-KSL,EA,4386TH,Flat V weir installed 2002 (large fall d/s implies full modular range); replaced (with marginal increase in catchment area) rectangular critical depth flume (flood walls added May 1982) 220m u/s.
39136,Yeading East,Charville Lane,Yeading East at Charville Lane,GB-GBN,509800,183700,32.4,29.6,51.54152790520616,-0.418113262,EA-HNL,EA,,Rectangular flume. The station is sites d/s of a storage lagoon.
39137,Yeading West,Gutteridge Wood,Yeading West at Gutteridge Wood,GB-GBN,509641,184386,21.1,31.6,51.54772453247296,-0.420191536,EA-HNL,EA,3625TH,Rectangular flume.
39138,Loddon,Twyford,Loddon at Twyford,GB-GBN,477800,176800,690.03,32,51.484810951505416,-0.880949215,EA-T,EA,2490TH,"Two side-looking ADCP devices, installed since 2010, located within two rectangular road bridge culverts. Previously, data was supplied by a multi-path US (cross configuration) located 200m d/s on a gently curving reach spanning the total length of the lower stages of the river."
39139,Cherwell,Oxford,Cherwell at Oxford,GB-GBN,452102,206037,906.8,55,51.750612754966546,-1.246660072,EA-T,EA,1490TH,Multi-path US.
39140,Ray,Islip,Ray at Islip,GB-GBN,452320,213730,290.1,50,51.81975439017024,-1.242345084,EA-T,EA,1489TH,Multi-path cross-configuration US (in two-channel section).
39141,Wey,Guildford,Wey at Guildford,GB-GBN,499370,149500,689.6,30.4,51.236040022485675,-0.578018423,EA-T,EA,3080TH,Multi-path US (cross configuration) that was upgraded in 2003.
39142,Windrush,Bourton on the Water,Windrush at Bourton on the Water,GB-GBN,416073,220936,65.5,132.1,51.886753211890834,-1.767874024,EA-T,EA,1020TH,Crump weir. U/s and d/s levels monitored.
39143,Dikler,Bourton on the Water,Dikler at Bourton on the Water,GB-GBN,417996,219619,90.7,123.9,51.87485398385145,-1.740002384,EA-T,EA,1029TH,Crump Weir.
39144,Sor,Bodicote,Sor at Bodicote,GB-GBN,446282,236901,87.7,90.5,52.028597598430224,-1.326829692,EA-T,EA,1437TH,Crump Weir with u/s and d/s levels monitored.
39145,Yeading Brook East,Western Avenue A40,Yeading Brook East at Western Avenue A40,GB-GBN,511188,184538,9.62,32.5,51.54878830893237,-0.3978426,EA-HNL,EA,3629TH,Flat V weir that was rebuilt in 1993. Initially established from 1974 it was removed in 1981 and subsequently replaced in October 1985.
39146,Mill Brook,Blewbury,Mill Brook at Blewbury,GB-GBN,453184,186483,2,59.8,51.57471290007507,-1.233957249,EA-T,EA,2020TH,Flat V weir.
39147,Wendover Springs,Wendover,Wendover Springs at Wendover,GB-GBN,486900,208300,9.5,120.1,51.76664491051613,-0.742121474,CRT,CRT,,Thin-plate weir (0.91m wide) monitoring outflow from the Wendover Springs (into the Wendover Arm of the Grand Union Canal).
39148,Thames,Maidenhead,Thames at Maidenhead,GB-GBN,490140,181380,6910,,51.524151622418984,-0.702110421,EA-T,EA,2604TH,
39149,Hughenden Stream,High Wycombe,Hughenden Stream at High Wycombe,GB-GBN,486375,193714,30.5,,51.63561222820191,-0.753335491,EA-T,EA,2569TH,"Flat V weir, opened in 1997."
39150,Windrush,Witney Fws,Windrush at Witney Fws,GB-GBN,435667,210257,,,51.78983759490222,-1.484290052,,,1082TH,
39151,Unnamed watercourse,Wendlebury,Unnamed watercourse at Wendlebury,GB-GBN,456200,219830,,,51.87421757177821,-1.185070504,,,1486TH,
39152,Hinksey Stream,Coldharbour Flood Warning,Hinksey Stream at Coldharbour Flood Warning,GB-GBN,451785,203841,,,51.73089933030734,-1.251577809,,,1675TH,
39153,Thames,Mapledurham Lock,Thames at Mapledurham Lock,GB-GBN,466754,176793,,,51.486157528740634,-1.040004311,,,2199TH,
39154,River Pinn,Eastcote Road,River Pinn at Eastcote Road,GB-GBN,512244,189069,,,51.589303040307634,-0.381173681,,,2804TH,
39155,Bullbourne,Hemel Hempstead_Two Waters Road,Bullbourne at Hemel Hempstead_Two Waters Road,GB-GBN,505504,205809,,,51.74106355824806,-0.473377468,,,2846TH,
39156,Colne,Iver_Clisbys Bridge,Colne at Iver_Clisbys Bridge,GB-GBN,504930,182230,,,51.529240541362505,-0.488747814,,,2882TH,
39157,Blackwater,Iver Bridge,Blackwater at Iver Bridge,GB-GBN,504107,181265,,,51.52071895770402,-0.500892455,,,2884TH,
39158,Colne,West Drayton Mill,Colne at West Drayton Mill,GB-GBN,505410,179090,,,51.50092802659481,-0.482768829,,,2885TH,
39159,Wey,Brooklands,Wey at Brooklands,GB-GBN,506969,161887,,,51.34600897229623,-0.465504677,,,3089TH,
39160,Kyd Brook,Hazelmere Road Fd,Kyd Brook at Hazelmere Road Fd,GB-GBN,544722,168300,,,51.39528458845809,0.078836328,,,4380TH,
39161,Kennet,Reading Calcot Bridge,Kennet at Reading Calcot Bridge,GB-GBN,466215,170998,1037.77,,51.434122091137326,-1.048849121,EA-T,EA,2292BTH,"Multipath cross configuration time-of-flight ultrasonic gauge, with two additional single inline paths closest to the bed making it an inline/multipath hybrid time-of-flight ultrasonic gauge."
39203,Wandle,South Wimbledon Side,Wandle at South Wimbledon Side,GB-GBN,526500,170500,176.1,,51.41940796,-0.182149854,EA-KSL,EA,,"Small rectangular flume built in 1999, approx 1m wide with approx 1m wingwalls. The side channel contributes only 2-5% of the total flow."
39206,Windrush,Newbridge Side Weir,Windrush at Newbridge Side Weir,GB-GBN,440100,201800,362.6,,51.71350465747338,-1.420994827,EA-T,EA,1090_w2TH,Complementary side-spilling weir (14.9m wide) into bypass channel. A fish pass has been installed at the weir.
39207,Blackwater,Swallowfield Side Weir,Blackwater at Swallowfield Side Weir,GB-GBN,473200,164600,354.8,,51.37574545373108,-0.949701419,EA-T,EA,2469_w2TH,Crump weir (2.7m wide) superseded side-spilling weir in 1970.
39221,Cherwell,Enslow Side Weir,Cherwell at Enslow Side Weir,GB-GBN,448200,218300,551.7,,51.86120964226336,-1.301477752,EA-T,EA,1460_w2TH,Side-spilling overfall weir for flows > 10 cumecs.
39222,Loddon,Sheepbridge Side Weir,Loddon at Sheepbridge Side Weir,GB-GBN,472000,165200,164.5,,51.38129277742949,-0.966817733,EA-T,EA,2420_w2TH,Crump weir (6.9m crest oblique to channel flow).
39234,Evenlode,Cassington Side Weirs,Evenlode at Cassington Side Weirs,GB-GBN,444800,209900,430,,51.785973022659874,-1.351930811,EA-T,EA,1290_w2TH,"Two side-spilling weirs (broad-crested, 7.46m broad and Crump 4.614m broad); which both discharge to a canal section."
39403,Wandle,South Wimbledon Main,Wandle at South Wimbledon Main,GB-GBN,526500,170500,176.1,,51.41940796,-0.182149854,EA-KSL,EA,,Rectangular critical-depth flume (5.5m wide).
39406,Windrush,Newbridge Main Weir,Windrush at Newbridge Main Weir,GB-GBN,440100,201800,362.6,,51.71350465747338,-1.420994827,EA-T,EA,1090_w1TH,Compound broad-crested weir (total crest width 8.3m).
39407,Blackwater,Swallowfield Main Weir,Blackwater at Swallowfield Main Weir,GB-GBN,473100,164800,354.8,,51.37755634744254,-0.951096806,EA-T,EA,2469_w1TH,Crump weir (4.6m wide). Superseded original flume in 1970.
39421,Cherwell,Enslow Main Weir,Cherwell at Enslow Main Weir,GB-GBN,448200,218300,551.7,,51.86120964226336,-1.301477752,EA-T,EA,1460_w1TH,Asymmetrical non standard compound Crump weir (crest widths: 3.05m and 6.10m). Crump weir does not drown.
39422,Loddon,Sheepbridge Main Weir,Loddon at Sheepbridge Main Weir,GB-GBN,472000,165200,164.5,,51.38129277742949,-0.966817733,EA-T,EA,2420_w1TH,Crump weir (2.1m crest).
39434,Evenlode,Cassington Main Weir,Evenlode at Cassington Main Weir,GB-GBN,444800,209900,430,,51.785973022659874,-1.351930811,EA-T,EA,1290_w1TH,Compound Crump weir (crest width: 2.445m and 3.7m; relative crest height 0.226m).
39809,Bear Brook,Aylesbury,Bear Brook at Aylesbury,GB-GBN,482800,213900,,78,51.81760406093568,-0.800185904,EA-T,EA,1927TH,
39813,Mole,Ifield Weir,Mole at Ifield Weir,GB-GBN,524400,136400,12.69,68,51.113399407303504,-0.224187231,EA-KSL,EA,,
39814,Crawters Brook,Hazelwick,Crawters Brook at Hazelwick,GB-GBN,528100,137900,4.5,64,51.12606627,-0.170824707,EA-KSL,EA,,
39820,Dollis Brook,Hendon Lane Bridge,Dollis Brook at Hendon Lane Bridge,GB-GBN,,,25.1,,,,,,,Rectangular thin-plate weir.
39824,Ravensbourne East,Bromley South,Ravensbourne East at Bromley South,GB-GBN,540500,168700,10.3,44.3,51.39993932094634,0.018348846033590462,EA-KSL,EA,,
39825,Ravensbourne West,Hayes Lane,Ravensbourne West at Hayes Lane,GB-GBN,540500,167900,4.3,46.2,51.392750487631794,0.018032427,EA-KSL,EA,,
39829,Quaggy,Chinbrook Meadows,Quaggy at Chinbrook Meadows,GB-GBN,541000,172000,15,35.1,51.42946906996267,0.026842963,EA-KSL,EA,,
39830,Beck,Rectory Road,Beck at Rectory Road,GB-GBN,537000,169700,10,30,51.40978094420996,-0.03154674,EA-KSL,EA,,
39831,Chaffinch Brook,Beckenham,Chaffinch Brook at Beckenham,GB-GBN,536000,168500,7,33,51.39923778378423,-0.046375771,EA-KSL,EA,,
39832,Wandle,Carshalton,Wandle at Carshalton,GB-GBN,527900,164700,1,31.8,51.36696949163081,-0.164114849,EA-KSL,EA,,
39833,Silk Stream,Sheaveshill Road,Silk Stream at Sheaveshill Road,GB-GBN,521400,189500,29,39,51.59128014462951,-0.248923476,EA-HNL,EA,,Velocity area station.
39834,Brent,Hanwell,Brent at Hanwell,GB-GBN,515100,180100,132,8.8,51.508117510966606,-0.342897575,EA-HNL,EA,,Velocity area station.
39835,Yeading Brook West,Ruislip,Yeading Brook West at Ruislip,GB-GBN,510300,185900,,,51.56120394764067,-0.410217269,GLC,GLC,,
39836,Duke of N St,Mogden Lower Dukes,Duke of N St at Mogden Lower Dukes,GB-GBN,515300,175300,35,8.7,51.46493576322908,-0.341582952,EA-HNL,EA,3695TH,Rectangular thin-plate weir.
39837,Duke of N St,Feltham,Duke of N St at Feltham,GB-GBN,508800,174200,35,2.2,51.456334359405744,-0.435453562,EA-HNL,EA,,Velocity area station.
39838,Longford,Feltham,Longford at Feltham,GB-GBN,508500,174100,30,20.7,51.45549305,-0.439800324,EA-HNL,EA,,Velocity area station.
39848,Duke of N St,Baber Bridge,Duke of N St at Baber Bridge,GB-GBN,511200,174300,,20.8,51.45676733462652,-0.400893731,EA-HNL,EA,,Broad-crested weir.
39849,Yeading Brook East,Yeading,Yeading Brook East at Yeading,GB-GBN,511100,184500,9.6,31.5,51.54846408,-0.399123189,EA-HNL,EA,,Flat V weir.
39850,Thames,Cookham Lock,Thames at Cookham Lock,GB-GBN,490100,185700,6760.9,23.2,51.562990858440905,-0.701582157,EA-T,EA,,
39851,Coln/Bibury Springs,Trout Farm,Coln/Bibury Springs at Trout Farm,GB-GBN,411400,206900,,104.5,51.760670730293846,-1.836227388,EA-T,EA,0655TH,Very small crump weir positioned after a right-angle bend in the River Coln.
39852,Coln/Bibury Spring,Swan Hotel,Coln/Bibury Spring at Swan Hotel,GB-GBN,411400,206900,,104.5,51.760670730293846,-1.836227388,EA-T,EA,0657TH,
39853,Coln/Bibury Spring Total,Trout Farm / Swan Hotel,Coln/Bibury Spring Total at Trout Farm / Swan Hotel,GB-GBN,411400,206900,,104.5,51.760670730293846,-1.836227388,EA-T,EA,,Flow is the combination of the Coln/Bibury Springs at Trout Farm (39851) and Coln/Bibury Spring at Swan Hotel (39852).
39866,Jubilee River,Taplow,Jubilee River at Taplow,GB-GBN,490452,181950,6908.94,,51.52922559,-0.697468302,EA-T,EA,2603TH,"Bypass channel commissioned in 2002 to alleviate flooding in Maidenhead, Bray and Windsor. Channel designed to carry 215 cumecs."
40001,Medway,Weir Wood Reservoir,Medway at Weir Wood Reservoir,GB-GBN,540700,135300,26.9,61.8,51.09974779117624,0.008103402,SW,SW,,Measures compensation and overflow from Weir Wood Reservoir.
40002,Darwell,Darwell Reservoir,Darwell at Darwell Reservoir,GB-GBN,572200,121300,9.6,21,50.96538585504835,0.45093921638083645,SW,SW,,Measures outflows from Darwell Reservoir - storage augmented by pumping from River Rother. High flows monitored 70m downstream at rectangular critical depth flume.
40003,Medway,Teston / East Farleigh,Medway at Teston / East Farleigh,GB-GBN,570865,153033,1256.1,7,51.25086954552649,0.4469605156250056,EA-KSL,EA,453202901,Combination of low flows from Teston (Fish Pass and Crump Weir) and flows > 17 cumecs from East Farleigh (velocity-area station) 2km downstream.
40004,Rother,Udiam,Rother at Udiam,GB-GBN,577250,124410,206,2.1,50.99179432610241,0.5242982902966807,EA-KSL,EA,556505001,"Flat V Weir with multi-path ultrasonics. Ultrasonics were installed in 2000 but not incorporated into the flow record until 2012. 2000 Rebuild superseded original Flat V (1992-2000) in embanked river section with paved bed and weir control for low stages that was insensitive at low flows. Deformation of crest was suspected and station rebuilt as a new flat-V weir with cableway in July 1992. Previously a broad-crested weir (1961-1992) and velocity-area section (pre-1961) (274m d/s of road bridge) and a flume at Robertsbridge pumping station (for flows below 1.54 m3/s, some turbulence was experienced at lower flows)."
40005,Beult,Stilebridge,Beult at Stilebridge,GB-GBN,575870,147770,277.1,11.5,51.202070701237794,0.5160240104633264,EA-KSL,EA,453210001,"Flat V-weir with high flow rating and single-path ultrasonics installed to help validate high flows. The station is located on a long and reasonably straight reach of the River Beult approx. 110m downstream of the Stile bridge, 12 km upstream of the Medway confluence. Constructed in 2001 to replace existing weir ~30m d/s, a compound broad-crested structure, with the central flume separated by short divide piers (which could trap debris) from the broad-crested flanking sections. The ends of the dividing walls caused disturbance of flow, although modelling showed a negligible overall impact. Regarded as full range aside from largest exceptional events."
40006,Bourne,Hadlow,Bourne at Hadlow,GB-GBN,563168,149612,50.3,24,51.22238636820517,0.33521281442732487,EA-KSL,EA,453310001,"Electromagnetic gauge installed July 2002, located in a formalised flume structure, situated on a 0.2 km straight reach of the River Bourne approx 100m d/s of the A26 bridge at Hadlow. At the end of the measurement reach the river passes under a farm bridge. Originally a trapezoidal (long throated) critical depth flume, with stated capacity 8.5m3/s, though drowned at high flows - variable modular limit and constant dredging needed downstream. Removed from peak flows dataset in February 2018 (WINFAP Files v6)."
40007,Medway,Chafford / Colliers Land Bridge,Medway at Chafford / Colliers Land Bridge,GB-GBN,551780,140590,255.1,30.8,51.14445819,0.16845646884563367,EA-KSL,EA,453500002,Combination of low flows from Chafford (humped trapezoidal flume) and high flows from Colliers Land Bridge (Ultrasonic and velocity-area station). Located ~3km upstream of the confluence with River Eden at Penshurst and ~9km upstream of the Leigh flood barrier.
40008,Great Stour,Wye,Great Stour at Wye,GB-GBN,604880,147000,230,29,51.18549794369444,0.9302935385506069,EA-KSL,EA,654306001,"Triangular crump weir (width 7.61m) - drowns at <3 cumecs (no flow adjustment). Velocity area station (just downstream) for high flows. The River Stour is wide & shallow at the gauging station, the floodplain is limited by the railway line. Previously a broad crested weir (1960-62) which was subject to premature drowning frequently due to weed growth and the low design of the weir sill."
40009,Teise,Stonebridge,Teise at Stonebridge,GB-GBN,571789,139960,136.2,24.5,51.13314872104673,0.4539387423266701,EA-KSL,EA,453230001,"Flat V weir 7m wide, located 50 m d/s of a minor road bridge between Horsmonden and Brandfold, in a relatively straight approach. Station used as control point for Bewl Water Reservoir (offtake is ~1km upstream), data inspected regularly by Southern Water. Superseded broad-crested weir (crest width: 5.95m; weir capacity: ~3 cumecs) in trapezoidal section."
40010,Eden,Penshurst / Vexour Bridge,Eden at Penshurst / Vexour Bridge,GB-GBN,552012,143688,224.3,27.8,51.172233835950365,0.17307835453943557,EA-KSL,EA,453600003,Combination of low flows from Penshurst (Flat V weir) and high flows Vexour Bridge (time of flight ultrasonic) 3km upstream. Out of bank flows at Vexour calculated via high flow rating when stage rises above 3.3m at Vexour. The ultrasonic gauge was installed in 2003 to quantify hysteresis effects due to water impoundment at the Leigh Barrier (13 km d/s).
40011,Great Stour,Horton,Great Stour at Horton,GB-GBN,611549,155356,345,12.5,51.258102048329114,1.0305080731386866,EA-KSL,EA,654400001,"Broad-crested weir (width: 10.55m, insensitive) in trapezoidal section plus a velocity-area section for flows >20 cumecs. There is a confluence 0.2 km upstream of the gauge, upstream of which the Stour flows through multiple channels."
40012,Darent,Hawley,Darent at Hawley,GB-GBN,555222,171842,191.4,11.2,51.42433574304352,0.23119293246353165,EA-KSL,EA,451321001,"British Standard Crump weir, crest width 7.62 m; concrete channel tapers in from the right bank resulting in narrowing d/s. Straight approach in bridge invert, canalised section d/s follows a gentle right hand curve. Modular to bankfull."
40013,Darent,Otford,Darent at Otford,GB-GBN,552497,158426,100.5,60,51.3045307,0.1862807025423906,EA-KSL,EA,451332001,"Compound Crump profile weir; main crest width 3.04m with two side crests each 2.286m; crest tapping and u/s, d/s gauge boards. Relatively straight reach with a bend 30 m d/s. Floodplain is extensive on the right bank, but narrow on the left. Replaced velocity-area station in 1969."
40014,Wingham,Durlock,Wingham at Durlock,GB-GBN,627554,157585,37.7,4.1,51.27195483298308,1.2609224023961836,EA-KSL,EA,654620001,Station closed in 2007.
40015,White Drain,Fairbrook Farm,White Drain at Fairbrook Farm,GB-GBN,605469,160732,31.8,7.6,51.30859988656862,0.9465853799375091,EA-KSL,EA,652421001,Principally a low flow station. Occasional overtopping onto wide alluvial floodplain. Calibration limit ~2.7 cumecs.
40016,Cray,Crayford,Cray at Crayford,GB-GBN,551059,174556,119.7,6.3,51.44984517979673,0.17251959820369622,EA-KSL,EA,451220001,"Compound structure. Low flow Larinier on left bank has width of 1.5m. Larger Flat-V has width of 9.120 and a crest of 6.449mAOD. Eel tiles also present inside right bank wing wall. Site was rebuilt in 2015. Previously asymmetrical compound Crump profile weir; left bank weir width 3.052m, right bank weir width 7.612 m. The weirs are separated by a 0.23m wide concrete wall and are both contained within wing walls. Located in a very straight reach with some bank encroachment especially in weeded section immediately upstream of the tapping pipe outlet. Crests frequently vandalised."
40017,Dudwell,Burwash,Dudwell at Burwash,GB-GBN,567855,124005,27.5,27.6,50.990970133529814,0.39036808199565837,EA-KSL,EA,556521001,"Crump profile weir (crest: 4.88m) in straight reach, containing an energy dissipator and crest tapping (not used). Between 1967 and 1968 a temporary rated section was in place to monitor flows prior to the construction of the permanent station. This station had a 3m range and produced monthly charts."
40018,Darent,Lullingstone,Darent at Lullingstone,GB-GBN,553029,164280,118.4,44.1,51.356986942291414,0.1964190449649131,EA-KSL,EA,451320001,"Three bay, non-standard broad-crested weir, each bay approx. 3-4m wide, total crest width 11m. Channel bends downstream of structure."
40019,Len,Maidstone,Len at Maidstone,GB-GBN,,,4300,,,,,,,
40020,Eridge Stream,Hendal Bridge,Eridge Stream at Hendal Bridge,GB-GBN,552187,136570,53.7,41.5,51.108228246689244,0.17257459626436775,EA-KSL,EA,453520001,"Triangular profile flat V weir (width: 5.6m) superseded velocity-area station (data: 1973-83). Modular limit 1.89 m. Weir is 50 m downstream of B2188 road bridge, previous station was upstream of this bridge. Station located approx. 2km upstream of the confluence with the River Medway. Removed from peak flows dataset in February 2018 (WINFAP Files v6)."
40021,Hexden Channel,Hopemill,Hexden Channel at Hopemill,GB-GBN,581330,129020,32.4,5.2,51.031936383479874,0.5846746410899615,EA-KSL,EA,556710001,"Structure capacity 2.25 cumecs, channel capacity is considerably greater but bypassing on left bank. Station added to peak flows dataset in September 2022 (WINFAP Files v11)."
40022,Great Stour,Chart Leacon,Great Stour at Chart Leacon,GB-GBN,599229,142280,72.5,39.5,51.145104269449014,0.8469281041525772,EA-KSL,EA,654110001,Flat V weir (7.96m broad; shallow approach depth - modular limit >0.217m) superseded - in 1979 - a velocity-area station (level records from 1967). The VA station was installed to provide design data for future structure; was subject to vegetation problems. Gauge is located 3.5km upstream of the confluence with the East Stour.
40023,East Stour,South Willesborough,East Stour at South Willesborough,GB-GBN,601513,140704,58.75,34.8,51.13015192,0.8786568211530732,EA-KSL,EA,654210001,"Flat V weir, superseded a Velocity-Area station."
40024,Bartley Mill St,Bartley Mill,Bartley Mill St at Bartley Mill,GB-GBN,563269,135669,25.1,56.8,51.097086260337896,0.3303354619139026,EA-KSL,EA,453233001,Broad-crested weir with low flow notch. All flows contained.
40025,Brede,Brede Pumping Station,Brede at Brede Pumping Station,GB-GBN,581279,117749,45.7,2.3,50.93070355069675,0.5783310397956761,EA-KSL,EA,556330002,
40026,Rother,Blackwall Bridge,Rother at Blackwall Bridge,GB-GBN,588673,125789,424,1.7,51.00055290941618,0.687597175,EA-KSL,EA,556201001,Recorded outflow is net outflow from tidal reach.
40027,Sarre Penn,Calcott,Sarre Penn at Calcott,GB-GBN,617391,162459,19.4,17.9,51.31968049583329,1.1184241090724474,EA-KSL,EA,654715002,"Ultrasonic station since 2006; Decommissioned in 1994, re-opened in 2006."
40028,Boxley Stream,Boxley,Boxley Stream at Boxley,GB-GBN,575200,158300,8.5,10.1,51.29686974254713,0.5115937256867905,EA-KSL,EA,,
40029,Len,Lenside,Len at Lenside,GB-GBN,576290,155630,69.7,9,51.272548824229546,0.5258951876397762,EA-KSL,EA,453120001,"Flat V weir, theoretically rated."
40030,Teise,Laddingford,Teise at Laddingford,GB-GBN,569000,148800,,10.7,51.21339616552319,0.4182673124782412,EA-KSL,EA,,
40031,Lesser Teise,Den Farm,Lesser Teise at Den Farm,GB-GBN,572200,147500,157.8,11.9,51.200762282504606,0.4634147500019583,EA-KSL,EA,453203001,
40032,Rother,Crowhurst Bridge,Rother at Crowhurst Bridge,GB-GBN,568340,126330,92.7,22.3,51.011717228079746,0.3983495206294106,EA-KSL,EA,556500002,Low flow Crump weir. Not considered primary gauging station - but convincing pre-Crump duration curve suggests site should be kept under review.
40033,Dour,Crabble Mill,Dour at Crabble Mill,GB-GBN,630043,143019,49.5,16.3,51.140196377043615,1.2872121124332407,EA-KSL,EA,654019001,"Flat-V weir (1:20 cross-slope, capacity: 1 cumec) within concrete berms in brick-lined section, almost all flows contained. Replaced velocity-area station in 1984."
40034,White Drain,Boughton,White Drain at Boughton,GB-GBN,605234,159568,,12.8,51.29823201046492,0.9425495105942548,EA-KSL,EA,652421004,Station opened as a replacement for Fairbrook Farm (40015).
40035,Old Mill Stream,Aylesford,Old Mill Stream at Aylesford,GB-GBN,602354,141272,17.96,,51.13495661017393,0.8909788121887817,EA-KSL,EA,654220001,"Site was setup in 2003 as a new flood forecasting site. Flow was measured using an ultrasonic flow gauge with 4 single paths. In March 2020, ultrasonics were replaced with a rating derived from data produced by the ultrasonic gauge. Station added to peak flows dataset in September 2022 (WINFAP Files v11)."
40036,Teise,Darman Bridge Gs,Teise at Darman Bridge Gs,GB-GBN,568782,147074,,,51.19795433041805,0.4143378678710178,,,453220001,
40037,Teise,Lamberhurst Rl,Teise at Lamberhurst Rl,GB-GBN,567720,136220,,,51.10075302825341,0.3940992019753776,,,453230002,
40038,Medway,Branbridges Fw,Medway at Branbridges Fw,GB-GBN,566962,147988,,,51.20670011,0.38873808807215715,,,453300006,
40039,Medway,Town Lock Rl,Medway at Town Lock Rl,GB-GBN,559272,146436,,,51.19495005,0.27806045030269333,,,453400003,
40040,Eden,Edenbridge Rl,Eden at Edenbridge Rl,GB-GBN,544384,145931,,,51.194364783160175,0.064942014,,,453610001,
40041,Rother,Robertsbridge Rl,Rother at Robertsbridge Rl,GB-GBN,573810,124050,,,50.98960842578703,0.47515830934092984,,,556510004,
40207,Medway,Chafford,Medway at Chafford,GB-GBN,551780,140600,255.1,,51.144548047934286,0.16846068043869095,EA-KSL,EA,,"Humped trapezoidal flume (capacity 8.5 cumecs, crest width: 5.45m) in 12.6m wide channel. Adjacent flood plain is approx. 500m in width."
40403,Medway,Teston,Medway at Teston,GB-GBN,570900,153000,1256.1,,51.25056260644715,0.44744579867992623,EA-KSL,EA,,"Teston is a low flow station consisting of a fish pass, insensitive Crump profile weir (crest width 18 m) plus a 5.4m wide sluice gate which, at very high flows, acts as sharp crested weir. The addition of the fish pass to this compound structure ensures, under normal flow conditions, that there is no flow passing over the sluice gate. All flow goes either through the fish pass and over the crump weir. The sluice gate and Crump Weir are separated by a 0.4m wide concrete wall with the fish pass being located fractionally upstream on the left hand bank. This arrangement superseded an insensitive broad crested weir with sluice and lock. One of the previous weirs was a compound with no divide wall - accuracy was further limited by a small freeboard."
40410,Eden,Penshurst,Eden at Penshurst,GB-GBN,552030,143700,224.3,,51.172336881093024,0.17334070771141907,EA-KSL,EA,,"Flat V weir (6.0m wide) measures flows up to ~8 m3/s. Located in a short, relatively straight reach 60 m d/s of a minor bridge on the River Eden, upstream of the confluence with the River Medway."
40802,Bewl,Bewl Bridge,Bewl at Bewl Bridge,GB-GBN,568664,134725,22.7,,51.08704502262237,0.40687159606225576,EA-KSL,EA,453234001,Bewl Reservoir 1km upstream; flows vary rapidly. Station constructed short time prior to reservoir build.
40803,Medway,Colliersland Bridge,Medway at Colliersland Bridge,GB-GBN,552200,141300,254.7,34.2,51.150726497058606,0.1747560352550635,EA-KSL,EA,453400001H,
40806,Rother,Roberlo Bridge,Rother at Roberlo Bridge,GB-GBN,574200,124000,169,,50.98904143264273,0.48068570492818635,,,,
40807,Bid Bridge Stream,Bid Bridge,Bid Bridge Stream at Bid Bridge,GB-GBN,555500,147700,10.1,,51.20734534474679,0.2246683018346688,,,,
40808,Kent Water,Hobbs Hill,Kent Water at Hobbs Hill,GB-GBN,550100,140500,26.2,39.4,51.144092080355705,0.1444199491994081,EA-KSL,EA,,"Despite gauging, rating curve not formally derived."
40809,Pipingfored Brook,Paygate,Pipingfored Brook at Paygate,GB-GBN,547900,134300,24,,51.08895136653617,0.11045189603210141,,,,
40811,Leybourne Stream,Leybourne,Leybourne Stream at Leybourne,GB-GBN,,,23.7,,,,,,,
40812,Cray,Ruxley,Cray at Ruxley,GB-GBN,547600,170400,,,51.41341327069743,0.12104736427807945,,,,
40813,Tillingham,Hundred House Bridge,Tillingham at Hundred House Bridge,GB-GBN,,,19.4,,,,,,,
40816,Little Stour,West Stourmouth PS,Little Stour at West Stourmouth PS,GB-GBN,,,208,,,,,,,
40820,Medway,East Farleigh,Medway at East Farleigh,GB-GBN,573700,153700,1270,10.4,51.25600571,0.4878663214746131,EA-KSL,EA,453101001H,"Gaugings possible via cableway. No major abstractions, impoundments or discharges between here and upstream Teston site."
40822,Eden,Vexour Bridge,Eden at Vexour Bridge,GB-GBN,551144,145596,,30.6,51.18960814670841,0.16147339958405416,EA-KSL,EA,453600002H,"Velocity-Area station in straight reach, 3km upstream of Penshurst (NGR: TQ510455)."
41001,Nunningham Stream,Tilley Bridge,Nunningham Stream at Tilley Bridge,GB-GBN,566193,112875,16.9,3.8,50.89145269524014,0.3616346551066541,EA-SSD,EA,351221005,"From May 1981 to November 2005, thin plate weir (insensitive) used in summer to overcome drowning of flume and to increase depth for 'wet fencing' upstream. Thin plate removed in winter and weir used exclusively. Changeover day between winter and summer ratings varied by year; thin plate no longer used."
41002,Ash Bourne,Hammer Wood Bridge,Ash Bourne at Hammer Wood Bridge,GB-GBN,568405,114145,18.4,7.2,50.90222291067318,0.3936418510701229,EA-SSD,EA,351223005,Compound thin-plate weir used in summer (maintains depth for 'wet fencing' upstream); insensitive and flow pattern can be erratic due to raising / lowering of plate.
41003,Cuckmere,Sherman Bridge,Cuckmere at Sherman Bridge,GB-GBN,553288,105159,134.7,3.7,50.82568325739017,0.1750642251399304,EA-SSD,EA,351520004,"Flat-V weir (width 10m, cross-slope 1:10), with crest tapping. High flows gauged at velocity-area section upstream at Arlington, previously calculated using a slope-area section and stage measured at Milton Lock 1.6km downstream. Prior to 1994: compound broad-crested weir - drowned regularly (tidal locking in extreme events, especially in winter) when ratio of downstream to upstream head was >40%. Flows then assessed using fall-discharge method (adjustment discontinued 1981 - peaks truncated at ~5 cumecs until ~1990). Removed from peak flows dataset in May 2016 (WINFAP Files v4)."
41004,Ouse,Barcombe Mills,Ouse at Barcombe Mills,GB-GBN,543421,114808,395.7,5.2,50.91492272654836,0.038847442,EA-SSD,EA,352710015,Ultrasonics moved upstream of abstraction intake in 1999.
41005,Ouse,Gold Bridge,Ouse at Gold Bridge,GB-GBN,542907,121374,180.9,11.3,50.974056522204606,0.034114527,EA-SSD,EA,352810006,"Flat-V weir (crest: 10m wide, cross slope 1:10) commissioned July 1992. Velocity area section with cableway for higher flows, but problems associated with upstream influences. Superseded a compound short-crested semi-circular weir (width 10.7m, central section 1.22m wide & 2 flanking sections, 3.15m wide, elevated by 0.15m). The modular limit of this weir was 0.6m stage / 5.6 cumecs, or a ratio of upstream to downstream head > 40%."
41006,Uck,Isfield,Uck at Isfield,GB-GBN,545871,119006,87.8,11.3,50.952034300219076,0.075354204,EA-SSD,EA,352910003,"Flat-V weir (crest width 7.62m; 1:10 cross-slope) with cableway. Crest tapping (not currently instrumented) and some non-standard elements (e.g. experimental fish-ladder which has now been removed) between the abutments of a pre-existing Crump weir. Fish baffles installed in August 2019 on the downstream slope of the weir. Station is well sited downstream of railway embankment with large capacity bridge opening, 2km upstream of the Isfield Road Bridge. Superseded (in Sept 1999) a Crump profile weir (crest width 7.62m, crest level from bed 1.13m), with crest tapping. Flow capacity of earlier Crump was 51 cumecs but was subject to drowning in the mid flow range (10-30 cumecs), with a return to modular conditions at high flows due to overbank flow and the valley shape downstream. Prior to weir replacement (1999), retaining wall around old structure was in poor condition with the masonry on the right bank in danger of collapse."
41007,Arun,Park Mound,Arun at Park Mound,GB-GBN,503300,120000,403.3,4.2,50.97016440545718,-0.530178828,EA-SSD,EA,,
41008,Rother,Fittleworth,Rother at Fittleworth,GB-GBN,501000,118200,348.3,4.9,50.954390809478994,-0.563423288,EA-SSD,EA,,Expected to be the high flow site for Hardham - 41009. Electromagnetic gauging station operated from 1976-79.
41009,Rother,Hardham,Rother at Hardham,GB-GBN,503425,117946,345.8,3.9,50.95167791403656,-0.528982372,EA-SSD,EA,254310002L,Lower Crump section acts as fish pass and flood gate is rarely used.
41010,Adur W Branch,Hatterell Bridge,Adur W Branch at Hatterell Bridge,GB-GBN,517842,119741,109.1,3.6,50.96504789723329,-0.323245071,EA-SSD,EA,253320002,Flanking sections (each 2.16m wide) can be closed to concentrate flow in the central bay (0.864m). Station closed in 2005.
41011,Rother,Iping Mill,Rother at Iping Mill,GB-GBN,485220,122904,154,26.8,50.999227422769096,-0.78692506,EA-SSD,EA,254340011,"Compound Crump profile weir (crest widths 3.05m and 2 x 5.03m), central bay 0.3m lower. New ultrasonic gauge present downstream at Fittleworth to measure high flows. Prior to 1968 an existing penstock weir was in place, consisting of 5 irregularly shaped masonry piers & abutments, constructed in the late 18th century. The 6 wooden ratchet operated doors had fallen into disuse."
41012,Adur E Branch,Sakeham,Adur E Branch at Sakeham,GB-GBN,521884,118985,93.3,3.1,50.95741269733194,-0.265965714,EA-SSD,EA,253220001,"Compound Crump profile weir (crests: 1.219m and 2 x 2.438m, total width 6.71m right-hand crest is 0.01m higher than left-hand crest). Present weir was constructed between 14/05/1966 - 10/10/1967, along with work on a local improvement in river section and alignment plus replacement of old penstock. Old penstock weir crest was lifted in 1964 to avoid backwater effects."
41013,Huggletts Stream,Henley Bridge,Huggletts Stream at Henley Bridge,GB-GBN,567173,113769,14.2,6.4,50.89920241242771,0.3759648136778243,EA-SSD,EA,351222002,Compound thin-plate weir with compound critical depth flume for higher flows.
41014,Arun,Pallingham,Arun at Pallingham,GB-GBN,504692,122929,379,3.7,50.99624278248676,-0.50951829,EA-SSD,EA,254210010,"Flat-V weir (installed in 1994 when station moved to Pallingham Manor Farm) with ultrasonics for high flows (from 2002, poor performance in early period). Superseded an insensitive broad-crested weir at Pallingham Quay (15m wide), with 0.03m fall along crest due to settlement, cableway at Park Mound. Possibly also early broad-crested weir at Park Mound (1960-1970)."
41015,Ems,Westbourne,Ems at Westbourne,GB-GBN,475500,107400,58.3,9.6,50.86119021438364,-0.928621268,EA-SSD,EA,255110010,Asymmetrical compound Crump profile weir; crests: 0.61m (showing effects of erosion) and 4.12m broad. Located 160m upstream of Hampshire Bridge.
41016,Cuckmere,Cowbeech,Cuckmere at Cowbeech,GB-GBN,561135,115076,18.7,29.8,50.91266115316673,0.2907507371756979,EA-SSD,EA,351550005,An asymmetrical compound Crump profile weir with reinforced concrete crests 2.13m and 2.97m broad. with crest tapping. Second crest is 0.15 m above lower crest.
41017,Combe Haven,Crowhurst,Combe Haven at Crowhurst,GB-GBN,576500,110200,30.74,1.9,50.864366080819586,0.506748253,EA-SSD,EA,351110006,"Compound Crump profile weir (crests: 2.44m and 2 x 2.13m broad) subject to frequent drowning. Station level-only from 2004, due to bypassing and access issues."
41018,Kird,Tanyards,Kird at Tanyards,GB-GBN,504400,125600,66.8,8.7,51.02030591,-0.51291021,EA-SSD,EA,254220010,Station closed from October 2001. Crump profile weir (8.7m broad - fall of 0.012m along crest due to settlement) with crest tapping (not used for most recent data before station closure). Located 3.23km upstream of confluence with River Arun. A low retention weir existed 305m downstream of the site at the time of construction. It was originally intended that the water upstream of the new weir could be drained through a 0.61m diameter pipe in order to facilitate maintenance on the upstream side.
41019,Arun,Alfoldean,Arun at Alfoldean,GB-GBN,511722,133150,139,21.4,51.08679582776269,-0.406231873,EA-SSD,EA,254250008,Asymmetrical compound Crump profile weir(crests: 4.0m and 6.0m broad).
41020,Bevern Stream,Clappers Bridge,Bevern Stream at Clappers Bridge,GB-GBN,542351,116107,34.6,9.6,50.92686119118212,0.024143038313510994,EA-SSD,EA,352711019,"Crump profile weir (crest 6m broad) in straight reach of realigned channel, approx 100m downstream of road bridge. Weir altered by the insertion of low flow crump weir (0.5m wide) in centre of structure in Oct 2005 (new crest 0.521m below the rest of the weir). Low flow weir generates substantial fall below station; two sets of baffles (with notches in sides for fish passage) reduce scour on downstream side of weir. Two cross-path ultrasonic gauge installed January 2007. Evidence for two previous structures in locality."
41021,Clayhill Stream,Old Ship,Clayhill Stream at Old Ship,GB-GBN,544823,115361,7.1,6.3,50.919542485117766,0.058997087,EA-SSD,EA,352712005,Crump profile weir (crest width: 3.0m) with crest tapping and flushing point. Located 0.57 km upstream of confluence with Iron River.
41022,Lod,Halfway Bridge,Lod at Halfway Bridge,GB-GBN,493124,122259,52,14.3,50.99220563768222,-0.674483182,EA-SSD,EA,254323017,Crump profile weir (crest 7.05m broad).
41023,Lavant,Graylingwell,Lavant at Graylingwell,GB-GBN,487062,106450,87.2,20.7,50.851026371263146,-0.764605354,EA-SSD,EA,255220018,"Flat-V weir (crest width 5.0 m, cross-slope 1:10, maximum head 1m, capacity 6 cumecs). The River Lavant has a long history of flooding, the last major events occurring in 1960, 1994-5 and 2000."
41024,Shell Brook,Shell Brook,Shell Brook at Shell Brook,GB-GBN,533477,128613,22.6,37.5,51.04137617948904,-0.097459158,EA-SSD,EA,352835017,"Flat-V weir, 1:10 cross slope, from summer 1995, modified from the existing Crump profile weir (crest: 4.0m broad), station level remains unchanged."
41025,Loxwood Stream,Drungewick,Loxwood Stream at Drungewick,GB-GBN,505995,130912,91.6,13.1,51.06776419624493,-0.48862515,EA-SSD,EA,254240009,"Asymmetrical compound Crump profile weir, crest widths 2.0m and 4.0m. Located 50m upstream of road bridge, 20m upstream of canal aqueduct (built 2002). Upstream of the gauging station the river winds across the floodplain, the embankment of the Wey & Arun Canal (situated on the left edge of the flood plain) acts to reduce the floodplain. Downstream of the gauge the river narrows & meanders sharply across the floodplain. Removed from peak flows dataset in September 2019 (WINFAP Files v8)."
41026,Cockhaise Brook,Holywell,Cockhaise Brook at Holywell,GB-GBN,537653,126163,36.1,28.6,51.018373798553455,-0.038859101,EA-SSD,EA,352840006,"Crump profile weir, crest 3.5m broad, for low and medium flows. Velocity area calibration for high flows. Removed from peak flows dataset in May 2016 (WINFAP Files v4)."
41027,Rother,Princes Marsh,Rother at Princes Marsh,GB-GBN,477230,127032,37.2,56.4,51.03746677281456,-0.899887232,EA-SSD,EA,254360008,"Crump profile weir, crest 5m broad. Removed from peak flows dataset in September 2019 (WINFAP Files v8)."
41028,Chess Stream,Chess Bridge,Chess Stream at Chess Bridge,GB-GBN,521667,117269,24,4.6,50.94203474224915,-0.269626732,EA-SSD,EA,253211017,"Central notch for summer/low flows inside a higher wider weir section for winter/high flows, total width approx 3.36m. Located 100m downstream of Chess Bridge. Prior to 2004, the station consisted of two separate structures - rectangular flume and compound thin-plate weir, the weir was lowered into the flume for low flows (normally in place May to November). Removed from peak flows dataset in September 2019 (WINFAP Files v8)."
41029,Bull,Lealands,Bull at Lealands,GB-GBN,557642,113034,40.8,18.2,50.895276577985655,0.2402233283925234,EA-SSD,EA,351540001,"Flat-V weir, (crest width: 5m, cross-slope 1:10). Both upstream and downstream stilling wells present, but only upstream well still in use."
41030,Ouse,Ardingly,Ouse at Ardingly,GB-GBN,533288,128283,37.2,35.2,51.038454231364994,-0.100274782,EA-SSD,EA,352835027,Flat-V weir fitted with ultrasonics for high flow measurement in 2010.
41031,Fulking Stream,Fulking,Fulking Stream at Fulking,GB-GBN,524751,111408,1,49.7,50.88869734157766,-0.227755081,EA-SSD,EA,253125007,"Chart recorder only. Replaced by similar structure downstream (in 2000) - less, prone to vandalism (originally sited in pub garden - hence missing data)."
41032,Rother,Fittleworth (new),Rother at Fittleworth (new),GB-GBN,501198,118198,348.3,4.9,50.954338136006676,-0.560605843,EA-SSD,EA,254310003H,
41033,Costers Brook,Cocking,Costers Brook at Cocking,GB-GBN,487958,117464,2.7,52,50.94990962370835,-0.749230612,EA-SSD,EA,254333004,"Crump weir, crest width 1.22m. Chart recorder only. Damaged during Oct 1987 storm, subsequently reinstated but significant leakage around structure. Weir renovated in Jun 1996 to prevent leakage."
41034,Ems,Walderton,Ems at Walderton,GB-GBN,478600,110400,41.5,34.3,50.887749907926704,-0.883939491,EA-SSD,EA,,Small pre-fabricated Crump weir (welded steel) monitoring the headwater flows of the Ems.
41035,North,Brookhurst,North at Brookhurst,GB-GBN,512963,132526,53.93,25.1,51.080944176326796,-0.388715453,EA-SSD,EA,254260001,"Flat V weir, 1:10 cross-slope, 5m wide. Large modular range."
41036,Ninfield Stream,Kitchenham Road,Ninfield Stream at Kitchenham Road,GB-GBN,567900,112400,4.2,8.4,50.88669174132616,0.38566506755538443,EA-SSD,EA,351224001,
41037,Winterbourne Stream,Lewes,Winterbourne Stream at Lewes,GB-GBN,540329,109584,17.3,10.8,50.86873432647351,-0.007113599,EA-SSD,EA,352622003,"Flat-V weir replaced (in 1997) twin-crested (both 1.22m) Crump weir of steel construction (originally intended as temporary structure). Originally chart recorder only, but data logger replaced this in Jan 2007."
41038,Ouse,Barcombe,Ouse at Barcombe,GB-GBN,543742,114897,399.6,2.9,50.91564274686228,0.043445725,EA-SSD,EA,352710066,
41039,Adur,Beeding Bridge Rl,Adur at Beeding Bridge Rl,GB-GBN,519204,110626,,,50.88283852961266,-0.306835306,,,253110011,
41040,Powdermill Stream,Crowhurst Rl,Powdermill Stream at Crowhurst Rl,GB-GBN,575978,111706,,,50.87805478371415,0.5000620507765932,,,371112001,
41041,Ouse,Southease Tl,Ouse at Southease Tl,GB-GBN,542741,105344,,,50.83004008208768,0.025490083,,,372610031,
41042,Scrase Stream,Scrase Bridge Rl,Scrase Stream at Scrase Bridge Rl,GB-GBN,534820,124736,,,51.00621974051044,-0.079754379,,,372821001,
41801,Hollington Stream,Hollington,Hollington Stream at Hollington,GB-GBN,578800,110000,3.52,18,50.861863221021416,0.5393002257610937,EA-SSD,EA,351114005,
41803,Searles Lake St.,Nutley,Searles Lake St. at Nutley,GB-GBN,,,1,,,,,,,
41804,Sedgy Gill,Balcombe,Sedgy Gill at Balcombe,GB-GBN,,,3.5,,,,,,,
41805,Winterbourne Stream,Lewes,Winterbourne Stream at Lewes,GB-GBN,540300,109600,,,50.86888515138755,-0.007519329,,,,
41806,North End Stream,Allington,North End Stream at Allington,GB-GBN,538500,113800,2.3,24.4,50.907064670713794,-0.031492958,EA-SSD,EA,352631003,
41807,Bevern Stream,East Chiltington,Bevern Stream at East Chiltington,GB-GBN,536800,115300,5.6,31.7,50.92095044573743,-0.05509508,EA-SSD,EA,352711012,
41808,Adur (East),Burgess Hill,Adur (East) at Burgess Hill,GB-GBN,,,18.3,,,,,,,
41814,Ems,Walderton,Ems at Walderton,GB-GBN,478600,110400,,,50.887749907926704,-0.883939491,,,,
42001,Wallington,North Fareham,Wallington at North Fareham,GB-GBN,458746,107460,111,3.7,50.86367143566352,-1.166631533,EA-SSD,EA,153309001,"Flat-V weir (1:10 cross slope, 6 m wide) installed 1991, 250m upstream of the M27 river crossing. Replaced a compound critical depth flume with total crest width 4.8m, comprising central low flow channel and two side channels (0.39 m above central channel) which operated from 0.567 m3/s and was occasionally blocked by debris."
42003,Lymington,Brockenhurst,Lymington at Brockenhurst,GB-GBN,431780,101920,98.9,6.1,50.81596055494209,-1.550259596,EA-SSD,EA,150509001,"Compound rectangular thin-plate weir, width 7.3m, installed in 1996; channel geometry and course immediately upstream straightened, but no change in hydrological regime or characteristics. Pre-1996: a thin-plate weir with V-notch (no divide piers) - total breadth 8.48m - primarily for low and medium flows. Installed with punch-tape recorder which provided flows from theoretical relationship. No stage records available until digital logger installed in 1982. Flood Studies Report Grade E for pre-1996 structure."
42004,Test,Broadlands,Test at Broadlands,GB-GBN,435410,118860,1040,10.1,50.96807617500823,-1.497097962,EA-SSD,EA,151816001,Velocity area station.
42005,Wallop Brook,Broughton,Wallop Brook at Broughton,GB-GBN,431100,133020,53.6,35.9,51.09564973819155,-1.557263985,EA-SSD,EA,151808001,Rectangular thin plate weir without end contractions. Station closed for peak flows in July 2012.
42006,Meon,Mislingford,Meon at Mislingford,GB-GBN,458927,114112,72.8,29.3,50.92346413115663,-1.162988871,EA-SSD,EA,152803001,"Flat-V weir (breadth: 6.6m, theoretically rated - also gauged to 0.56m) upstream of a small five-arch bridge. Superseded (in November 2000) a critical depth flume (breadth: 3.66m, theoretical rating - flow limit: 5.7 cumecs). The flume was infrequently bypassed via the upstream left bank at flows above 0.77m."
42007,Alre,Drove Lane Alresford,Alre at Drove Lane Alresford,GB-GBN,457433,132607,57,56.5,51.08990880362855,-1.181321229,EA-SSD,EA,152202001,Combination of a main weir (2.5m wide Crump) and side weir (1.5m wide Crump).
42008,Cheriton Stream,Sewards Bridge,Cheriton Stream at Sewards Bridge,GB-GBN,457362,132235,75.1,55.8,51.08657117455344,-1.182393846,EA-SSD,EA,152201001,"Granite crested Crump profile weir (crest width 3.0m), with an approach channel approx. 2.6 times the crest width."
42009,Candover Stream,Borough Bridge,Candover Stream at Borough Bridge,GB-GBN,456875,132346,71.2,54.4,51.087617596731185,-1.189328778,EA-SSD,EA,152203001,Crump profile weir (crest: 2.99m broad) located 100m downstream of bridge.
42010,Itchen,Highbridge & Allbrook Total,Itchen at Highbridge & Allbrook Total,GB-GBN,446129,121122,360,16.8,50.98765880568836,-1.344171397,EA-SSD,EA,152208001,Combination of flows from main weir (4.75m Crump) and side weir (1m Crump). Full range station. Since 2017 the side channel is routinely drowned due to weed growth in the channel downstream of the weir.
42011,Hamble,Frogmill,Hamble at Frogmill,GB-GBN,452280,114926,56.6,9.4,50.931422619579735,-1.257433417,EA-SSD,EA,152502001,"Crump profile weir, crest width 3.03m, in flume section."
42012,Anton,Fullerton,Anton at Fullerton,GB-GBN,437890,139230,185,40.5,51.15108074,-1.459655025,EA-SSD,EA,151806001,Combination of flows from main weir (4.75m Crump) and side weir (1m Crump). Full range station.
42013,Test,Longbridge,Test at Longbridge,GB-GBN,435500,117800,1040,5.9,50.95853919060312,-1.495919422,EA-SSD,EA,151816002,Electromagnetic gauging station. Close to the Broadlands velocity-area site (42004). Station level-only since 2009. Original Plessey device superseded by Sarasota electromagnetic in 1982; bed remained un-insulated.
42014,Blackwater,Ower,Blackwater at Ower,GB-GBN,432816,117381,104.7,7.6,50.95493012051315,-1.534170783,EA-SSD,EA,151817001,"Crump profile weir, crest width 6.16m, with pressure transducer downstream. Located 10km upstream of the confluence of the River Blackwater with the River Test. Stage measured in stilling well inside hut on upstream side of weir. Downstream stage stopped being recorded in 2009."
42015,Dever,Weston Colley,Dever at Weston Colley,GB-GBN,449600,139400,52.7,64.9,51.15171650122503,-1.292222388,EA-SSD,EA,151804001,"Compound thin-plate V-notch within Cipoletti weir (crest 3.6m), no divide piers; the thin-plate used to be removed during the winter."
42016,Itchen,Easton,Itchen at Easton,GB-GBN,451110,132500,236.8,41.7,51.08954380992759,-1.271610894,EA-SSD,EA,152204002,Installed 1983 - calibration confirmed by current-meter. Superseded a velocity-area station heavily affected by weed growth; weekly weed cutting can be necessary. Slight narrowing of channel upstream of section to flush out gravel and maintain a clear section. This has caused a small riffle in the centre of the section.
42017,Hermitage Stream,Havant,Hermitage Stream at Havant,GB-GBN,471065,106790,17,8,50.85626689848244,-0.991743845,EA-SSD,EA,153601001,"Velocity area station, 5.36m wide in a concrete trapezoidal section. Formalised reach with grass berms beneath a bridge; concrete block wall higher on outside of bend on right bank."
42018,Monks Brook,Stoneham Lane,Monks Brook at Stoneham Lane,GB-GBN,444285,117465,43.3,8,50.954920476636225,-1.370885443,EA-SSD,EA,152104001,Flat-V weir (1:10 cross-slope) with current-meter calibration for high flows. Previously a velocity-area station (with piling stabilised banks). High flow gauging at footbridge and ford about 200m upstream; trapezoidal concrete channel between ford and gauging station.
42019,Tanners Brook,Millbrook,Tanners Brook at Millbrook,GB-GBN,438876,113343,16,3.9,50.918245005621024,-1.448327998,EA-SSD,EA,151901001,Velocity area station in a trapezoidal concrete section.
42020,Tadburn Lake,Romsey,Tadburn Lake at Romsey,GB-GBN,436230,121220,19,16.4,50.98924624506497,-1.485186323,EA-SSD,EA,151815001,Velocity area station in concrete channel to speed water through residential estate. Hydrological research (mostly in the headwaters) undertaken initially by Southampton University.
42021,Branch of Test,Conagar Bridge,Branch of Test at Conagar Bridge,GB-GBN,435515,115899,1050,4.5,50.941444541418555,-1.495890698,EA-SSD,EA,151816005,Ultrasonic gauging station; replaced electromagnetic flow gauge with overhead coil in 2011. Site formerly known on National River Flow Archive as Nursling.
42022,Test,Testwood,Test at Testwood,GB-GBN,435430,115248,1183,4,50.935595971490436,-1.497163549,EA-SSD,EA,151816003,
42023,Itchen,Riverside Park,Itchen at Riverside Park,GB-GBN,444470,115340,415,0.7,50.93579874480881,-1.368510578,EA-SSD,EA,152210001,Ultrasonic gauging station (multi-path with reflector). Gauge replaced in 2008 and data produced are now good.
42024,Test,Chilbolton Total,Test at Chilbolton Total,GB-GBN,438500,139390,453,39.4,51.152478806965696,-1.450917035,EA-SSD,EA,151805003,Two Electromagnetic gauging stations (buried coil): Chilbolton Main and Chilbolton Back Carrier; flows are summed. Monthly current-meter results substantially extend the overall record.
42025,Lavant Stream,Leigh Park,Lavant Stream at Leigh Park,GB-GBN,472100,107200,54.5,11.9,50.859825309372944,-0.976961376,EA-SSD,EA,153701001,Velocity area station in trapezoidal section. Station level-only.
42026,Wallop Brook,Bossington,Wallop Brook at Bossington,GB-GBN,433400,131330,61.1,32.3,51.08032471025187,-1.524576469,EA-SSD,EA,151808002,Flat-V weir. Occasional truncation of peak flows (e.g. Feb 2001).
42027,Dever,Bransbury,Dever at Bransbury,GB-GBN,442150,142240,122.3,50,51.17784806363606,-1.398400149,EA-SSD,EA,151804002,"Electromagnetic gauging station, supersedes 42015."
42029,Test,Timsbury,Test at Timsbury,GB-GBN,435160,123400,978.42,19,51.00891472474957,-1.500220106,EA-SSD,EA,151812001,Cross-path ulstrasonic gauge installed in September 2004.
42030,Meon,West Meon,Meon at West Meon,GB-GBN,464864,123964,27.44,83,51.011408891189525,-1.07677767,EA-SSD,EA,152803002,Flat V weir with record since 1987.
42031,Itchen,Wharf Mill Rl,Itchen at Wharf Mill Rl,GB-GBN,448590,129016,,,51.05843607606666,-1.308056625,,,152206003,
42032,Itchen,St Bedes Rl,Itchen at St Bedes Rl,GB-GBN,448473,129916,,,51.06653828081957,-1.309605631,,,152206023,
42033,Unnamed watercourse,Hobb Lane Grill,Unnamed watercourse at Hobb Lane Grill,GB-GBN,449541,112949,,,50.91388730344495,-1.296673816,,,152504001,
42202,Itchen,Highbridge,Itchen at Highbridge,GB-GBN,446730,121420,360,,50.99028995842822,-1.33557129,EA-SSD,EA,,"Granite crested Crump weir. Replaced, in 1971, a velocity-area station. Previous station suffered from weedgrowth problems which was calibrated monthly using gaugings. River was rerouted at Highbridge when weir was constructed."
42212,Anton,Fullerton Bypass,Anton at Fullerton Bypass,GB-GBN,437840,139330,185,,51.151983202471925,-1.460359373,EA-SSD,EA,,Granite crested Crump weir 1m broad on a bypass channel.
42412,Anton,Fullerton Main Weir,Anton at Fullerton Main Weir,GB-GBN,437890,139230,185,,51.15108074,-1.459655025,EA-SSD,EA,,Crump weir 4.75m broad.
42810,Alre,Drove Lane Alresford Main,Alre at Drove Lane Alresford Main,GB-GBN,457400,132600,57,56.5,51.08984916248816,-1.181793477,EA-SSD,EA,,"Crump profile weir 2.47m wide located 18m upstream of Drove Lane road bridge, with ample fall to a culvert 6m away."
42811,Alre,Drove Lane Alresford Side,Alre at Drove Lane Alresford Side,GB-GBN,457400,132600,57,57.8,51.08984916248816,-1.181793477,EA-SSD,EA,152202207,"Crump profile weir, 1.5m on a bypass channel to main weir, 46m west of Drove Lane Road Bridge, measuring the outflow from a fish farm.."
42812,Havant and Bedhampton Springs,Havant,Havant and Bedhampton Springs at Havant,GB-GBN,471200,106200,92.98,7.9,50.85094559108048,-0.98994077,PW,PW,,"Flows from all the springs measured from 1952. Earlier data, from 1908, are extrapolated from the measured discharge of a proportion of the springs. Monthly flows only archived."
42813,Itchen,Allbrook,Itchen at Allbrook,GB-GBN,446129,121122,360,17.1,50.98765880568836,-1.344171397,EA-SSD,EA,152208002,"Thin plate weir in former navigation channel. Five-tier fish pass installed in Nov/Dec 1993. Original thin plate weir (pre 1970), calibrated by monthly gaugings."
43001,Avon,Ringwood,Avon at Ringwood,GB-GBN,414389,105399,1649.8,13.7,50.84793506297921,-1.796981794,EA-WX,EA,,Pre-cursor to East Mills (43003). Not considered a primary gauging station.
43002,Stour,Ensbury,Stour at Ensbury,GB-GBN,408781,96528,1056.7,4.1,50.76827367552723,-1.876849238,EA-WX,EA,,Velocity area station installed in 1959. Initially high flows only station.
43003,Avon,East Mills Total,Avon at East Mills Total,GB-GBN,415868,114355,1477.8,27.3,50.92843208642496,-1.775587507,EA-WX,EA,432613,Combined site consisting East Mills Weir (43811) and East Mills Flume (43810). Weir is a compound Crump profile weir with central notch fish pass. Flume consists of a critical depth rectangular flume.
43004,Bourne,Laverstock,Bourne at Laverstock,GB-GBN,415685,130383,163.6,45.9,51.072563534915545,-1.777503939,EA-WX,EA,432410,"Crump weir, crest 3m wide, approximately 1.6 km upstream of confluence with River Avon. Station closed in 2017."
43005,Avon,Amesbury,Avon at Amesbury,GB-GBN,415109,141387,323.7,67.1,51.17152667694999,-1.785267486,EA-WX,EA,432130,Crump profile weir (crest 9.14m wide) flanked by broad-crested weirs.
43006,Nadder,Wilton,Nadder at Wilton,GB-GBN,409725,130794,220.6,51.1,51.076390044753595,-1.862560054,EA-WX,EA,432210,"Crump weir, crest 18.3m wide."
43007,Stour,Throop,Stour at Throop,GB-GBN,411233,96046,1073,4.4,50.763897445369615,-1.842093942,EA-WX,EA,433710,"Compound Crump profile weir, centre crest 5m wide and 2 higher flanking crests 18m wide."
43008,Wylye,South Newton,Wylye at South Newton,GB-GBN,408628,134249,445.4,55.6,51.10747498598422,-1.878137393,EA-WX,EA,432330,"Crump profile weir, crest 10.7m broad. Full range station; opened in 1966. Subject to drowning and bypassing at high discharges."
43009,Stour,Hammoon,Stour at Hammoon,GB-GBN,382005,114692,523.1,40.9,50.93139328289834,-2.257437088,EA-WX,EA,433410,"Compound Crump profile weir with low flow crest 6.1m wide, total breadth 18.3m. Structure situated under road bridge."
43010,Allen,Loverley Farm,Allen at Loverley Farm,GB-GBN,400689,108568,94,37.4,50.87660796913687,-1.991577015,EA-WX,EA,433529,"Time-of-flight ultrasonic station installed at Loverley Farm in 2013 to replace Loverley Mill Crump weir with hatches. Crump weir situated under old mill house, 1.84m wide. Built in 1969 for the specific purpose of measuring the low summer flows and later made operational over the full flow range."
43011,Ebble,Bodenham,Ebble at Bodenham,GB-GBN,416501,126502,109,41.5,51.03764256531803,-1.766032956,EA-WX,EA,,Velocity area station at concrete spillway and Crump weir 2.8m broad. Discontinued in 1976.
43012,Wylye,Norton Bavant,Wylye at Norton Bavant,GB-GBN,390858,142759,112.4,96.7,51.183985262163226,-2.132179222,EA-WX,EA,432320,"Crump profile weir, crest 6.09m broad. Full range station, theoretically rated. Station closed on 18/07/2024 due to modification of weir structure to aid fish passage, and is being replaced by an ultrasonic gauge in a similar location."
43013,Mude,Somerford,Mude at Somerford,GB-GBN,418367,93387,12.4,5.6,50.73980573518911,-1.741074116,EA-WX,EA,430160,
43014,East Avon,Upavon East,East Avon at Upavon East,GB-GBN,413351,155948,85.78,92.1,51.30249997211068,-1.809874883,EA-WX,EA,432110,"Station constructed early in 1970 at the confluence of the 2 branches of the Upper Avon. Crump profile weir, crest 3.05m broad. Station adjacent to West Avon at Upavon (43017); the two weirs gauge the two branches of the Avon immediately upstream of their confluence at Upavon. Eel tiles and fish baffles installed in 2015."
43015,Wylye,Longbridge Deverill,Wylye at Longbridge Deverill,GB-GBN,386734,141268,69,114.8,51.17049665402312,-2.191127247,EA-WX,EA,,
43017,West Avon,Upavon West,West Avon at Upavon West,GB-GBN,413353,155938,84.6,92,51.30241000840458,-1.809846565,EA-WX,EA,432120,"Crump profile weir, crest 4.57m wide constructed just u/s of the confluence of the East and West Avon just north of Upavon. Station adjacent to East Avon at Upavon (43014); the two weirs gauge the two branches of the Avon immediately upstream of their confluence at Upavon."
43018,Allen,Walford Mill,Allen at Walford Mill,GB-GBN,400825,100698,176.5,18.8,50.80583697688921,-1.989659284,EA-WX,EA,433540,Two Crump profile weirs: main channel weir crest 6.1m wide; secondary weir in mill stream adjacent to main channel - 0.9m wide. Eel pass added in 2018.
43019,Shreen Water,Colesbrook,Shreen Water at Colesbrook,GB-GBN,380819,127790,29.1,71.8,51.04913398252564,-2.275009235,EA-WX,EA,433110,"Crump profile weir, crest 3m wide."
43021,Avon,Knapp Mill,Avon at Knapp Mill,GB-GBN,415607,94304,1706,2.5,50.748132115798974,-1.780149011,EA-WX,EA,432819,Station closed on 5th May 2024 due to high uncertainty in bypass flow.
43022,Moors River,Hurn Court,Moors River at Hurn Court,GB-GBN,412623,96894,143.3,6,50.77149482903391,-1.822356486,EA-WX,EA,433610,Tributary of the Dorset Stour which it joins 1km d/s.
43023,Ebble,Nunton Bridge,Ebble at Nunton Bridge,GB-GBN,416090,126363,106.6,45.4,51.03640423650192,-1.771900849,EA-WX,EA,432520,Tributary of the River Avon (Hampshire). Pristine chalk stream within a natural catchment.
43024,Wylye,Stockton Park,Wylye at Stockton Park,GB-GBN,397516,139371,254.8,79.7,51.15358950708548,-2.036895912,EA-WX,EA,432325,Tributary to the River Avon (Hampshire). Station closed for flows on 11/11/2023 as the electromagnetic gauge is no longer functional and monitoring is level-only for the forseeable future.
43025,Dockens Water,Moyles Court,Dockens Water at Moyles Court,GB-GBN,416080,108301,17.15,26.5,50.87398675579172,-1.772835741,EA-WX,EA,432800,"Tributary of the Upper Hampshire Avon, in western part of the New Forest."
43026,Bourne,Salisbury Bourne,Bourne at Salisbury Bourne,GB-GBN,415530,129290,,,51.06273939157003,-1.779762834,EA-WX,EA,432420,"Time of flight ultrasonic gauging station with three channels, comprised of the main river and two bypassing culverts. Main channel is monitored using a time of flight cross path arrangement, within a rectangular concrete section. Culverts are monitored using a time of flight inline arrangement and a shared level at the culvert exits. The main channel has periodically been desilted. Culverts have historically been blocked to varying degrees and since 23/12/14 permanently closed."
43027,Allen,All Hallows,Allen at All Hallows,GB-GBN,402434,112936,36.16,,50.915882388309754,-1.966747415,EA-WX,EA,433510,Flat V weir 2.5m across.
43028,Chitterne Brook,Codford,Chitterne Brook at Codford,GB-GBN,397070,140150,69.7,,51.160592068531045,-2.043279423,EA-WX,EA,432324,"Crump weir with single concrete crest and brick walls, 3.0m wide, with a footbridge over the structure."
43029,Wylye,Brixton Deverill,Wylye at Brixton Deverill,GB-GBN,385620,137960,50.04,,51.14072417429441,-2.206927708,EA-WX,EA,432310,Flat V Crump weir 4.5m wide for low flows with an ultrasonic multipath for periods of non-modularity.
43040,Winterbourne,Winterbourne Kingston Rl,Winterbourne at Winterbourne Kingston Rl,GB-GBN,386021,97784,,,50.77946180593297,-2.199639591,,,433414,
43805,Avon,Upavon,Avon at Upavon,GB-GBN,413300,155900,162.2,92,51.30206955322305,-1.810608209,,,,
43810,Avon,East Mills Flume,Avon at East Mills Flume,GB-GBN,415764,114351,1447.8,25.2,50.928398948292916,-1.777067472,EA-WX,EA,432610,Critical depth rectangular flume. East Mills Flume is part of a combined site with East Mills Weir (43811). Flows are combined to produce 43003.
43811,Avon,East Mills Weir,Avon at East Mills Weir,GB-GBN,415868,114355,1447.8,25.6,50.92843208642496,-1.775587507,EA-WX,EA,432620,Compound Crump profile weir with central weir acting as fish pass. Summed with East Mills Flume (43810) to form combined record for East Mills Total (43003).
44001,Frome,East Stoke Total,Frome at East Stoke Total,GB-GBN,386727,86839,414.4,9.2,50.68105446384377,-2.189228523,EA-WX,EA,445912,Combined station consisting of East Stoke Flume and East Stoke Weir.
44002,Piddle,Baggs Mill,Piddle at Baggs Mill,GB-GBN,391322,87609,183.1,2.1,50.68806642919363,-2.12420961,EA-WX,EA,444510,"Rectangular critical depth 'humped' flume, 4.885m wide. Situated in left-hand bend of river."
44003,Asker,Bridport,Asker at Bridport,GB-GBN,347014,92756,49.1,6.4,50.73199078724127,-2.752143436,EA-WX,EA,,"Crump weir on channel dug as part of flood prevention scheme. Flow measured at this location 1966 to 1980. In 1980-1996 station was moved to site at Jessops Avenue (head control weir with relief weir), but no data available for this station. Station replaced by East Bridge Bridport (44011) in 1996."
44004,Frome,Dorchester Total,Frome at Dorchester Total,GB-GBN,370848,90331,206,52,50.71187416252025,-2.414251346,EA-WX,EA,445512,"Combined station (Loudsmill, Loudsmill Fish Pass, Stinsford) consisting of 3 crump weirs and a Larinier fish pass."
44006,Sydling Water,Sydling St Nicholas,Sydling Water at Sydling St Nicholas,GB-GBN,363239,99649,12.4,109.7,50.79523096238412,-2.522948553,EA-WX,EA,445410,"Crump profile weir built in 1969, crest 1.95m wide with brick side walls and stainless steel crest."
44008,South Winterbourne,Winterbourne Steepleton,South Winterbourne at Winterbourne Steepleton,GB-GBN,362982,89732,19.9,89.6,50.70603846958003,-2.525594781,EA-WX,EA,445610,"Flat V weir, 2.5m wide, installed in 1974 for low flow monitoring and year-round enforcement of minimum prescribed flow conditions on public water supply abstraction license."
44009,Wey,Broadwey,Wey at Broadwey,GB-GBN,366644,83888,7,17.8,50.65370910384632,-2.473208249,EA-WX,EA,446020,"Flat V Crump profile weir, crest 4.5m wide, crest slopes 1:10."
44010,Asker,St Andrews Road,Asker at St Andrews Road,GB-GBN,347300,93000,48.9,8.5,50.73421088,-2.748126325,,,,
44011,Asker,Bridport East Bridge,Asker at Bridport East Bridge,GB-GBN,347014,92756,48.5,9,50.73199078724127,-2.752143436,EA-WX,EA,448301,"Station replaced Bridport (44003) in March 1996 at the same location but in a greatly modified channel, so held as separate stations."
44012,Piddle,South House,Piddle at South House,GB-GBN,370743,99087,21.5,,50.79060619005582,-2.416436892,EA-WX,EA,444110,"Coule of miles up stream of Little Piddle, installed to monitor abstraction."
44013,Piddle,Little Puddle,Piddle at Little Puddle,GB-GBN,371855,96463,34.8,,50.767065522139454,-2.400459628,EA-WX,EA,444120,"The station was built in 1992 with a Flat V Crump weir structure, 3.0m wide."
44014,Piddle,Briantspuddle,Piddle at Briantspuddle,GB-GBN,382220,93369,112,,50.73965497508338,-2.253336446,EA-WX,EA,444310,Flat V Crump weir 6.0m broad for low flow monitoring.
44015,Hooke,Hooke,Hooke at Hooke,GB-GBN,353760,100030,11.8,,50.797976226102115,-2.657480448,EA-WX,EA,445210,"Station was built in 1989. GRP flat V Crump weir, 3m wide. Station number previously 44801."
44204,Frome,Dorchester Stinsford,Frome at Dorchester Stinsford,GB-GBN,370800,90300,206,49.1,50.71159297770631,-2.4149287,,,,
44807,Win,Winfrith,Win at Winfrith,GB-GBN,380570,84880,15.63,,50.66326364,-2.276270014,EA-WX,EA,445930,"Rectangular thin plate weir, inner notch."
44810,Frome,East Stoke Flume,Frome at East Stoke Flume,GB-GBN,386727,86839,414.4,7.1,50.68105446384377,-2.189228523,EA-WX,EA,445910,"Rectangular critical depth flume, 3.05m wide, flanked by two broad-crested weirs (local no. 445910). Ultrasonic Time of Flight equipment used to measure flow when flume is non-modular. Combined station with East Stoke Weir, on adjacent bypass channel."
44811,Frome,East Stoke Weir,Frome at East Stoke Weir,GB-GBN,387232,86688,414.4,6.8,50.67970797,-2.182075552,EA-WX,EA,445920,"Station opened in 1965 with Crump profile weir on bypass channel, approx. 3.6m wide (local no. 445920). Combined station with East Stokes Flume (44810)to produce flows for East Stokes Total (44001)."
44812,Frome,Dorchester Louds Mill,Frome at Dorchester Louds Mill,GB-GBN,370848,90331,206,51.1,50.71187416252025,-2.414251346,EA-WX,EA,445508,"Crump profile weir with broad crested abutments, crests 10.66m (side-spilling). Side Crump profile weir on Mill Stream 1.52m broad. This site is a combined site with Stinsford to produce a combined flow record called Dorchester Combined."
44813,Frome,Stinsford,Frome at Stinsford,GB-GBN,371160,90723,206,49.1,50.71541482958107,-2.40986329,EA-WX,EA,445520,"Crump profile weir at Stinsford, crest 3.04m wide. This site is a combined site with Louds Mill to produce a combined flow record called Dorchester Total."
44814,Sutton Poyntz Spring,Sutton Poyntz,Sutton Poyntz Spring at Sutton Poyntz,GB-GBN,370800,84400,0.3,43.2,50.65853728996303,-2.414460748,,,,"Site passed to Dorset Water Board (1969) and to Wessex Water (1974), now a Water Supply Museum. Initially reservoired, the impoundment was enclosed after a spring collapse in 01-2003."
45001,Exe,Thorverton,Exe at Thorverton,GB-GBN,293602,101602,600.9,25.9,50.80417401456552,-3.511308909,EA-DC,EA,SS90F011,"Station started in 1956. Velocity-area station, approx. 32m wide. Non-standard flat V bed control constructed in 1973. Station is control point for operational releases from Wimbleball Reservoir. Station immediately below a bridge."
45002,Exe,Stoodleigh,Exe at Stoodleigh,GB-GBN,294281,117801,421.7,74.5,50.94991651883119,-3.506365493,EA-DC,EA,SS91F008,"Velocity area station in a natural section with cableway sited on a straight, stable length of river."
45003,Culm,Woodmill,Culm at Woodmill,GB-GBN,302066,105773,226.1,44,50.843164907976885,-3.39234716,EA-DC,EA,ST00F008,"Originally a velocity-area station with a cableway, reliable records began in 1962. The river was regraded and downstream obstructions were removed in August 1965. Station rebuilt between 1971 and 1973, and during this period a temporary recorder was installed downstream. New weir fully operative from 08/1973 - an informal shallow V weir, 11.45 m overall width, 1:26 side slopes, 1:18 u/s and d/s slopes."
45004,Axe,Whitford,Axe at Whitford,GB-GBN,326208,95324,288.5,7.3,50.752805354833065,-3.047421482,EA-DC,EA,SY29F052,"Compound Crump profile weir, total width 21.3m, low flow section 7.6m broad. Cableway on site. Installed primarily to measure low flows. Since 2009, Velocity area station for medium flows, modelled rating for high flows."
45005,Otter,Dotton,Otter at Dotton,GB-GBN,308665,88435,202.5,14.5,50.68837188148589,-3.294337288,EA-DC,EA,SY08F055,"Velocity area station with cableway. Station opened in 10/1962. Hut rebuilt after July 1968 flood. 14m wide informal shallow Flat V weir installed 1971. Initially for Water Resources, more recently considered full range with FCRM interest."
45006,Quarme,Enterwell,Quarme at Enterwell,GB-GBN,291900,135600,20.4,187.5,51.109468333736565,-3.545562022,EA-DC,EA,,
45007,Exe,Trews Weir,Exe at Trews Weir,GB-GBN,292246,91881,1191.3,5.2,50.71653717094638,-3.527696275,EA-DC,EA,SX99U053,"Ultrasonic station at Exeter Quay approximately 300m upstream of the actual 'Trews Weir' structure. Channel about 45m wide. Initially built for Water Resources, but now multifunctional. Station added to peak flows dataset in October 2018 (WINFAP Files v7)."
45008,Otter,Fenny Bridges,Otter at Fenny Bridges,GB-GBN,311454,98573,104.2,54.7,50.77994915720625,-3.257303954,EA-DC,EA,SY19F052,"Velocity area station opened in 1974, incorporated in middle section of 3-arch bridge, with Flat V control and cableway."
45009,Exe,Pixton,Exe at Pixton,GB-GBN,293493,125960,159.7,128,51.023113317700776,-3.519973301,EA-DC,EA,SS92F014,Full range velocity area station in natural section immediately d/s of bridge. The bridge washed away in 1960. Channel about 12m wide.
45010,Haddeo,Hartford,Haddeo at Hartford,GB-GBN,295200,129400,50,164,51.054349889780084,-3.496639767,EA-DC,EA,,"Velocity area station located in steep wooded valley, approximately 1km downstream of Wimbleball Reservoir."
45011,Barle,Brushford,Barle at Brushford,GB-GBN,292695,125832,128,128,51.02181417878277,-3.531309091,EA-DC,EA,SS92F008,Velocity area station at road bridge 800m upstream of confluence with River Exe.
45012,Creedy,Cowley,Creedy at Cowley,GB-GBN,290093,96723,261.6,14.2,50.75965983148274,-3.559627066,EA-DC,EA,SX99F052,Velocity area station in deep cutting. Rock bars form low flow control.
45013,Tale,Fairmile,Tale at Fairmile,GB-GBN,308810,97112,34.4,48.2,50.766404057045506,-3.294433701,EA-DC,EA,SY09E073,"US system installed in 05/2010 to replace problematic EM flow gauge. Original station opened in 1978 with an unstable bed control, underneath a bridge. Channel width approximately 7m. The control shifted every time a flood occurred. A new electromagnetic station 50 m downstream replaced the original station in 01/1999 (recording since 17/01/99). New EM station overcame the previous problems with the unstable bed control with a concrete block weir used as a control. Subsequently replaced by US station."
45801,Back Brook,Hawkerland,Back Brook at Hawkerland,GB-GBN,305800,88700,2.5,82.1,50.69029688574158,-3.334951416,EA-DC,EA,,
45802,Budleigh Brook,Yettington,Budleigh Brook at Yettington,GB-GBN,305100,85700,2.52,,50.66321219515759,-3.344087612,UE,UE,,
45803,Otter,Knackers Hole,Otter at Knackers Hole,GB-GBN,322100,112000,,,50.90219869214439,-3.109192465,EA-DC,EA,,
45807,Otter,Royston Water,Otter at Royston Water,GB-GBN,322700,113100,0.76,,50.91216924572947,-3.100894829,,,,
45816,Haddeo,Upton,Haddeo at Upton,GB-GBN,298820,128880,6.7,,51.05032540109525,-3.444862782,EA-DC,EA,SS92F056,"Station opened in 01/1993 with a Flat V weir, crest length approximately 5m wide. Relatively straight approach with a stable bed. Velocity area station for higher flows."
45817,Unnamed Stream,Upton,Unnamed Stream at Upton,GB-GBN,298830,128970,1.9,,51.05113620126895,-3.444745346,EA-DC,EA,SS92F057,"Station opened in 1993 with a Flat V weir, approximately 2m wide. Relatively straight approach. Velocity area station for higher flows."
45818,Withiel Florey Stream,Bessom Bridge,Withiel Florey Stream at Bessom Bridge,GB-GBN,298030,132640,9.92,,51.083985009485616,-3.457190736,EA-DC,EA,SS93F030,"Station opened in 1992 as a broad crested Flat V weir, crest length approximately 4m. Relatively straight reach with stable river bed. Footbridge approx.12m downstream of the station. Velocity area station for higher flows."
45825,Spring,Allerbeare,Spring at Allerbeare,GB-GBN,314800,104400,,,50.83283890531582,-3.211210057,EA-DC,EA,,
45826,Spring,Blindmoor,Spring at Blindmoor,GB-GBN,326200,114900,,218,50.92881162116078,-3.051484431,EA-DC,EA,,
45827,Spring,Sallicombe,Spring at Sallicombe,GB-GBN,316900,95500,,179,50.75312789192778,-3.179380838,EA-DC,EA,,
45828,Spring,Sandy Farm,Spring at Sandy Farm,GB-GBN,321300,107400,,200,50.86073281884622,-3.119575129,EA-DC,EA,,
46001,South Teign,Fernworthy Reservoir,South Teign at Fernworthy Reservoir,GB-GBN,267100,84400,9.9,323,50.644088387599936,-3.881011786,SWW,SWW,,SWW site.
46002,Teign,Preston,Teign at Preston,GB-GBN,285566,74554,381,3.8,50.55950311021811,-3.616924009,EA-DC,EA,SX87F051,"Velocity area station, channel width approximately 15m. Flow measurement effectively ceased in May 2007 but level recording remains."
46003,Dart,Austins Bridge,Dart at Austins Bridge,GB-GBN,275112,65841,247.6,22.4,50.479042001959066,-3.761522191,EA-DC,EA,SX76F051,"Velocity area station with cableway, main channel approximately 30m wide. Station significantly improved in 1973. Full range station serving Water Resources and Flood Warning purposes."
46004,Avon,Avon Reservoir,Avon at Avon Reservoir,GB-GBN,268000,65100,12,312.1,50.470821762637264,-3.861441923,SWW,SWW,,
46005,East Dart,Bellever,East Dart at Bellever,GB-GBN,265712,77570,21.5,309,50.58238261359342,-3.898158121,EA-DC,EA,SX67F051,"Velocity area station, channel width approximately 11.5m; cableway approximately 26m. Flood warning station."
46006,Erme,Ermington,Erme at Ermington,GB-GBN,264158,53219,43.5,7.9,50.36315555840282,-3.911246241,EA-DC,EA,SX65F051,Velocity area station with low level Flat V control. Control is approximately 9.4m wide and unchanged. Station is located a few hundred metres east of the village of Ermington.
46007,West Dart,Dunnabridge,West Dart at Dunnabridge,GB-GBN,264343,74197,47.9,283.8,50.551749854216986,-3.916252983,EA-DC,EA,SX67F052,13.5m wide flat V informal low flow control. Originally built in 1972 but crest raised 0.1m in 1976. Cableway span 30m. In straight reach between two right hand bends.
46008,Avon,Loddiswell,Avon at Loddiswell,GB-GBN,271879,47584,102.3,5.9,50.31423667798244,-3.8008334,EA-DC,EA,SX74F051,Velocity area station built in 1971. Natural control until Flat V weir built in 2012/13.
46009,Gara,Nr. Hansel,Gara at Nr. Hansel,GB-GBN,282200,47600,23.5,22.5,50.316535299263684,-3.655945208,EA-DC,EA,,
46010,Unnamed Stream,Slapton Wood,Unnamed Stream at Slapton Wood,GB-GBN,282400,45700,1.01,27.4,50.299495099220884,-3.652545011,EA-DC,EA,,
46011,Unnamed Stream,Deer Bridge,Unnamed Stream at Deer Bridge,GB-GBN,281300,44500,11.7,9.2,50.28848712011724,-3.667605676,EA-DC,EA,,
46012,Unnamed Stream,Stokely Barton,Unnamed Stream at Stokely Barton,GB-GBN,281700,42700,1.7,9.1,50.27238630797543,-3.661429606,EA-DC,EA,,
46013,Bovey,Bovey Parke,Bovey at Bovey Parke,GB-GBN,280987,78672,86.95,30.1,50.59560446084457,-3.682859697,EA-DC,EA,SX87U053,"Ultrasonic station immediately upstream of a single-span bridge. Channel is 9m wide, reasonably straight approach with gentle bend in river downstream of bridge. Initially built for Water Resources as a replacement for Preston Gauging Station (46002) with a sister site at Chudleigh Bridge (46014), now a multi-functional site. Station added to peak flows dataset in October 2018 (WINFAP Files v7)."
46014,Teign,Chudleigh,Teign at Chudleigh,GB-GBN,285722,78513,232.28,15.5,50.595122359918314,-3.615940267,EA-DC,EA,SX87U052,"Ultrasonic station immediately upstream of a single-span road bridge. Channel is 19m wide, good straight approach and exit. Initially built for Water Resources as a replacement for Preston Gauging Station (46002) with a sister site at Bovey Parke (46013), now a multifunctional site. Station added to peak flows dataset in October 2018 (WINFAP Files v7)."
46801,Erme,Erme Intake,Erme at Erme Intake,GB-GBN,264000,63200,14.9,294.1,50.45282951478613,-3.917084265,EA-DC,EA,,
46802,Swincombe,Swincombe Intake,Swincombe at Swincombe Intake,GB-GBN,263300,71900,14.2,317,50.53086163628398,-3.930123564,SWW,SWW,,
46803,Teign,Ashton,Teign at Ashton,GB-GBN,284000,84700,183,,50.650398082109135,-3.642195661,,,,
46804,West Dart,Huccaby,West Dart at Huccaby,GB-GBN,266200,73000,72.5,,50.54141949140431,-3.889625169,SWW,SWW,,
46805,Bala Brook,Bala intake,Bala Brook at Bala intake,GB-GBN,267200,62900,5.9,246.6,50.45086675928389,-3.871927743,EA-DC,EA,,
46806,Avon,Avon intake,Avon at Avon intake,GB-GBN,268100,64100,14,273.7,50.46185596689282,-3.859680831,EA-DC,EA,,
46807,Erme,Ivybridge,Erme at Ivybridge,GB-GBN,263900,57100,31.9,,50.397978974135405,-3.91627712,,,,
46812,Hems,Tally Ho,Hems at Tally Ho,GB-GBN,281700,63700,39.2,10,50.46116411199695,-3.668036707,EA-DC,EA,,Velocity area station. Informal bed control. Channel width approx. 6m.
46818,Hems,Woodlands,Hems at Woodlands,GB-GBN,277800,67500,3.3,52,50.49452180925291,-3.724198906,EA-DC,EA,SX76F052,Velocity area station with history of informal structures for control. Channel width approx. 2m. Station closed due to hydrometric issues in 1998.
47001,Tamar,Gunnislake,Tamar at Gunnislake,GB-GBN,242627,72524,916.9,8.2,50.531270000539834,-4.221854116,EA-DC,EA,SX47F051,"Velocity area station with a wide, shallow channel and rocky bed. Cableway span is 46.9m. New cableway in 1999. Informal Flat V low flow level bed control installed in 1989. Access problem at high flows."
47002,Tamar,Werrington,Tamar at Werrington,GB-GBN,234298,88604,232.1,57,50.67345295080125,-4.34645085,EA-DC,EA,,Velocity area station closed in 1961.
47003,Tavy,Lopwell,Tavy at Lopwell,GB-GBN,247498,65034,205.9,2.7,50.46525079171396,-4.150118246,EA-DC,EA,,
47004,Lynher,Pillaton Mill,Lynher at Pillaton Mill,GB-GBN,236849,62571,135.5,8.5,50.44025081050001,-4.29896543,EA-DC,EA,SX36F069,"Velocity area station, channel approx. 10.6m wide, cableway span 16.9m. Downstream shoal as control."
47005,Ottery,Werrington Park,Ottery at Werrington Park,GB-GBN,233721,86613,120.7,54.7,50.65539886698777,-4.353714389,EA-DC,EA,SX38F073,Velocity area station with informal Flat V low flow wooden control 16.9m wide (surveyed in 2005). Good straight approach. 36.5m span cableway extends over flood banks.
47006,Lyd,Lifton Park,Lyd at Lifton Park,GB-GBN,238896,84249,222.9,47.8,50.63561203345279,-4.279537725,EA-DC,EA,SX38F072,"Originally a velocity area station, superseded in 1968 by a shallow, rectangular, concrete flume to overcome low-flow measurement problems. Flume has side and bed contractions, throat 3.5m wide, 0.38 m deep, and is flanked by broad crested weirs in 7.9 m wide channel. Wooden structure added to central channel to aid fish movement. Gentle approach bend. Cableway 5 m upstream of present position prior to 1977. Flood Studies Report grade C."
47007,Yealm,Puslinch,Yealm at Puslinch,GB-GBN,257416,51110,54.9,5.5,50.34260440066625,-4.00517735,EA-DC,EA,SX55F055,"Flat V weir installed 2002, with crest tapping and downstream level measurement to calculate drowned flows. Modular at 0.82m. Prior to 2001 station consisted of a low flow rectangular flume, 4.7m throat width, side and bottom contractions, this, in turn, superseded a velocity-area station in 07/1967."
47008,Thrushel,Tinhay,Thrushel at Tinhay,GB-GBN,239783,85516,112.7,55.5,50.64724161363852,-4.267553273,EA-DC,EA,SX38F071,"Three-bay compound Crump profile weir with crests of 3.66m, 10.97m (total) length. A second pre-weir was constructed at the end of 2017 to improve fish passage and a passive eel pass installed within the outer weir face on the right hand bank."
47009,Tiddy,Tideford,Tiddy at Tideford,GB-GBN,234468,59634,37.2,4.2,50.41319279670565,-4.331170215,EA-DC,EA,SX35F068,"Station opened in 1969 with a Crump profile weir, 5.5 m wide and wing walls 2.3m high with subsidiary floodbanks."
47010,Tamar,Crowford Bridge,Tamar at Crowford Bridge,GB-GBN,229006,99099,76.7,84,50.766215169110744,-4.426142269,EA-DC,EA,SX29F067,"Compound Crump profile weir, total crest length 11m."
47011,Plym,Carn Wood,Plym at Carn Wood,GB-GBN,252141,61175,79.2,15.5,50.43175941,-4.083220719,EA-DC,EA,SX56F056,Compound crump weir built in 1971. Centre crest of 3.5m and 2 flank crests of 4.5m. Total crest width 12.5m.
47013,Withey Brook,Bastreet,Withey Brook at Bastreet,GB-GBN,224416,76393,16.2,228.7,50.56084630894867,-4.480388343,EA-DC,EA,SX27F066,"Three-bay compound Crump profile weir, crest lengths 0.91m and 2.54m (total). Crest replaced 03/2000. Affected by subsidence post-1990 (unquantified). Associated climate station. Footbridge over the weir. Residual flow gauge for associated major public water supply abstraction."
47014,Walkham,Horrabridge,Walkham at Horrabridge,GB-GBN,251312,69888,44.6,82.3,50.509853881466306,-4.098349682,EA-DC,EA,SX56F057,"Three-bay non-standard compound structure with 2.47m flat V weir (on fish pass), 9.48m wide triangular profile weir and a 8.53m wide broad-crested weir. Flat V weir on fish pass superseded a previous sharp crested weir in 1976."
47015,Tavy,Ludbrook,Tavy at Ludbrook,GB-GBN,247613,68174,197.3,10,50.49349898083844,-4.149779427,EA-DC,EA,SX46F003,Unconventional control opened in 1981 comprising a flume set within shallow (0.3m) wing walls which curve through 90 deg. W to fill the whole channel (20m). Cableway spans 32m.
47016,Lumburn,Lumburn Bridge,Lumburn at Lumburn Bridge,GB-GBN,245968,73115,20.5,67,50.53747080153216,-4.174994284,EA-DC,EA,,Velocity area station. Closed for health and safety reasons in March 2002.
47017,Wolf,Combe Park Farm,Wolf at Combe Park Farm,GB-GBN,241890,89810,31.1,89,50.68640294694694,-4.23961116,EA-DC,EA,,
47018,Thrushel,Hayne Bridge,Thrushel at Hayne Bridge,GB-GBN,241625,86663,57.6,67,50.65805236282166,-4.242011308,EA-DC,EA,SX48F012,"Low level bed control between 7m wide, high angle, trapezoidal gabion wing walls, in poor section on meandering stretch with accretion problems. Cableway extends over low lb."
47019,Tamar,Polson Bridge,Tamar at Polson Bridge,GB-GBN,235312,84864,470.3,48,50.64013580813127,-4.330448394,EA-DC,EA,SX38F080,
47020,Inny,Bealsmill,Inny at Bealsmill,GB-GBN,235911,77075,105,43,50.57031707372319,-4.318540492,EA-DC,EA,SX37F070,Velocity area station with a low flow bed control built in 1976. Station re-opened with broad-crested weir in 1988. Channel approximately 9.5m wide.
47021,Kensey,Launceston Newport,Kensey at Launceston Newport,GB-GBN,233003,85110,33.43,,50.641688696032304,-4.363184756,EA-DC,EA,12N02,"Velocity area station, initially installed to collect data for feasibility studies surrounding flood defence scheme and was then upgraded to a permanent station forming part of the flood warning system for River Kensey."
47022,Tory Brook,Newnham Park,Tory Brook at Newnham Park,GB-GBN,255154,57654,15.72,,50.40086630978923,-4.039466493,EA-DC,EA,S11512_FW,"Open channel rated section, opened in 1979 to collect data for licence determination in connection with upstream mine. Original site decommissioned in 1988. In 2003 the site was reopened as a Flood Warning station positioned slightly further downstream at Newnham Park road bridge. Current set up includes an ADVP gauge to assist in calibration of the stage-discharge relationship alongside current meter gaugings."
47023,Tamar,Tamarstone Bridge,Tamar at Tamarstone Bridge,GB-GBN,228319,105513,49.07,,50.823638175291514,-4.438874107,EA-DC,EA,S12549_FW,Open channel flood warning gauged installed just upstream of road bridge. Station closed 01/10/2017 and converted to level only site for flood warning.
47024,Tavy,Tavistock Abbey Bridge,Tavy at Tavistock Abbey Bridge,GB-GBN,248301,74511,95.63,,50.55062632581025,-4.142665376,EA-DC,EA,SX47F022,Open channel site. Stage-discharge is the primary flow calculation derived from gaugings and ADVP flow gauge data.
47025,Wolf,Germansweek,Wolf at Germansweek,GB-GBN,244580,94220,11.31,,50.72675665,-4.203418769,EA-DC,EA,SX49F007,Station started in 1991 with a low level bed control. Channel approximately 5.2m wide.
47803,Unnamed Stream,Slew Wood,Unnamed Stream at Slew Wood,GB-GBN,241910,89660,0.4,,50.685060507850935,-4.23926407,EA-DC,EA,,"Station opened in 1986 with a trapezoidal flume, 1m wide, and closed in 2002."
47804,Hennard Stream,Moors Mill,Hennard Stream at Moors Mill,GB-GBN,242450,93850,7.1,,50.72285782896065,-4.233415019,EA-DC,EA,,"Station is located 2km downstream of Moor's Mill and was opened in 1992. Station is in the vicinity of a bridge. Low level bed control, non-standard. Crest length approximately 6m wide."
48001,Fowey,Trekeivesteps,Fowey at Trekeivesteps,GB-GBN,222743,69816,36.8,187.9,50.50125076049817,-4.500857151,EA-DC,EA,SX26F065,"Station opened in 10/1958 with a broad-crested weir with central notch (limited accuracy, flow overestimated) and since 05/1969 has been a three-bay compound Crump profile weir, with a middle crest length 1.52m and two side crests of 2.75m (7.01m total)."
48002,Fowey,Restormel one,Fowey at Restormel one,GB-GBN,210788,61316,171.2,3.8,50.42115057757544,-4.664948541,EA-DC,EA,,
48003,Fal,Tregony,Fal at Tregony,GB-GBN,192107,44747,87,6.9,50.266018131838905,-4.918436552,EA-DC,EA,SW94F056,"Originally a velocity-area station in a formalised trapezoidal channel built in 1961; augmented by a low flow, side-contracted flume 2.8m wide in 08/1967."
48004,Warleggan,Trengoffe,Warleggan at Trengoffe,GB-GBN,215951,67373,25.3,70.3,50.47720730070581,-4.595324927,EA-DC,EA,SX16F060,"Three-bay compound Crump profile weir, with central crest length 1.52m and two side crests of 4.265m (10.05m total). Wing walls at 1.67m."
48005,Kenwyn,Truro,Kenwyn at Truro,GB-GBN,181975,45030,19.1,7.2,50.264904968350045,-5.060558212,EA-DC,EA,SW84F054,"Three-bay compound Crump profile weir with central crest length 1.22m and two side crests of 1.524m and 1.535m (4.27m total). Crest levels are: left 7.09mAOD, central 7.4mAOD, right 7.09mAOD. Pier and wing wall height 1.98m."
48006,Cober,Helston County Bridge,Cober at Helston County Bridge,GB-GBN,165543,27359,37.5,4.5,50.099946417279746,-5.279839665,EA-DC,EA,S20599_FW,"Velocity area station. Originally (1968) a velocity-area station in a formalised rectangular channel, 4m wide, with natural bed control. Informal broad-crested weir and sluice to power a water wheel, installed in 1975, 3m d/s as a temporary control which was then removed in 1976. Between 1976-1977 return to natural control followed by installation of a broad crested weir in 1977. Original gauging station closed and demolished in 1989. In 2003, the site reopened as a natural channel section in the same location as the original gauging station for low flows. In 2009, the station was relocated 200m upstream to County Bridge to estimate high flows."
48007,Kennal,Ponsanooth,Kennal at Ponsanooth,GB-GBN,176228,37642,26.5,13.6,50.196411169437894,-5.136710394,EA-DC,EA,SW73F053,"Crump profile weir with 4.88m crest length, wing walls and flood banks at height of 2.2m. Weir face retrofitted with Low Cost Baffles and vertically mounted eel tiles in April 2014. Station approximately 4 miles downstream of Stithians reservoir (Wendron Moor)."
48008,St Austell,Molingey,St Austell at Molingey,GB-GBN,200707,49476,29.9,11.5,50.31146296487772,-4.800414351,EA-DC,EA,18A08,
48009,St Neot,Craigshill Wood,St Neot at Craigshill Wood,GB-GBN,218436,65995,22.7,70.5,50.46560265252234,-4.559670012,EA-DC,EA,SX16F062,"Three-bay compound Crump profile weir, middle crest lengths 1.75m and side crests 2.75m (total 7.25m). Wing walls at 1.7m."
48010,Seaton,Trebrownbridge,Seaton at Trebrownbridge,GB-GBN,229956,59471,39.1,26.6,50.41043880791573,-4.394543273,EA-DC,EA,SX25F064,"Three-bay compound Crump profile weir, middle crest length 3m and side crests 4m each (total 11m). Wing walls and floodbanks at 2.05m."
48011,Fowey,Restormel,Fowey at Restormel,GB-GBN,209796,62454,169.1,9.2,50.43105298970122,-4.679474304,EA-DC,EA,SX06F059,"Compound Crump profile weir with tailwater recorder, with middle crest length 3.5m and 2 side crests of 6.5m (16.5m total). Piers at 1.75m, wing walls at 2.5m. Superseded velocity-area station 48002 (Fowey at Restormel One), from which pre-1973 data is taken."
48012,Fal,Trenowth,Fal at Trenowth,GB-GBN,193730,50600,65.07,,50.31915807920044,-4.898889546,EA-DC,EA,S19589_FW,Open channel flood warning gauge.
48013,Cober,Boscadjack,Cober at Boscadjack,GB-GBN,167445,30749,26.82,,50.131133356542485,-5.255354508,EA-DC,EA,S20594_FW,"Velocity-area station, about a 4m wide section. Station opened in 1998 as a flood warning level site, one of 3 flow sites on the River Cober. Station added to peak flows dataset in August 2025 (WINFAP Files v14)."
48801,Cober,Trenear,Cober at Trenear,GB-GBN,167570,31120,26.53,,50.13451357838902,-5.253834593,EA-DC,EA,SW63F042,"Station opened in 1988 with a thin plate weir, approximately 4m wide. New stilling well, hut and new thin plate weir since September 2001. Removed from peak flows dataset in September 2023 (WINFAP Files v12)."
48802,Carnon,Devoran Bridge,Carnon at Devoran Bridge,GB-GBN,179100,39430,42.69,,50.21354691465786,-5.097572499,EA-DC,EA,,"Station opened in 1991 as a velocity area station with a natural shoal as the control. Channel approximately 5m wide at gauge. Tidally influenced station, but the magnitude of the influence unknown. Closed in 10/2000 due to tidal influence."
48803,Carnon,Bissoe,Carnon at Bissoe,GB-GBN,177440,41280,33.62,,50.22953779784818,-5.121888514,EA-DC,EA,SW74F056,"Station opened in 1994. Flat V weir, crest length approximately 4.0m wide."
48811,St Neot,East Colliford (L),St Neot at East Colliford (L),GB-GBN,218100,70700,12.9,235.8,50.50776822701424,-4.566689826,EA-DC,EA,,
48812,St Neot,East Colliford (U),St Neot at East Colliford (U),GB-GBN,218000,70800,12.6,241,50.50863553233924,-4.568147384,EA-DC,EA,,
49001,Camel,Denby,Camel at Denby,GB-GBN,201748,68159,208.8,4.6,50.479634026572384,-4.795672947,EA-DC,EA,SX06F058,"Open channel velocity area station replaced an unreliable station at Grogley/Polbrook, 1km downstream, in 1964. A concrete low level bed control was built in 1980 and a new cableway in December 2000. Site closed March 2019."
49002,Hayle,St Erth,Hayle at St Erth,GB-GBN,154881,34171,47.6,7,50.15679652432555,-5.433030571,EA-DC,EA,SW53F051,"Compound Crump profile weir. Width of middle crest of 1.22m and the two side crests of 1.675m each. Piers and wingwalls at a height of 1.83m with floodbanks at 3.8m. In 2023, eel pass tiles were installed along the left hand bank outer weir and fish bristles on the centre weir."
49003,De Lank,De Lank,De Lank at De Lank,GB-GBN,213262,76556,21.5,226.4,50.55885153500999,-4.637778401,EA-DC,EA,SX17F063,"Three-bay compound Crump profile weir, with middle crest length 1.22m and side crests 3.2m (7.62m total). Divide piers 1.01m high, wing walls 1.62m. Unusually small difference between crest elevations (the central crest is 0.095m below the outer two crests). Fish pass easements including vertically mounted eel tiles in the right hand bank crest/ wingwall and bristles on the central glacis installed in March 2019."
49004,Gannel,Gwills,Gannel at Gwills,GB-GBN,182866,59268,41,8.8,50.39309775969024,-5.056273804,EA-DC,EA,SW85F055,"Crump profile weir, crest length 6m, wing walls 1.9m."
49005,Bolingey Stream,Bolingey Cocks Bridge,Bolingey Stream at Bolingey Cocks Bridge,GB-GBN,176841,52883,16.08,,50.33350562061504,-5.137122011,EA-DC,EA,S23538_FW,Acoustic Time of Flight installed upstream of road bridge in rectangular channel cross section. Station used to issue flood warnings for Perranporth downstream.
49006,Camel,Camelford,Camel at Camelford,GB-GBN,210671,83875,12.86,,50.62376454259048,-4.678047037,EA-DC,EA,25B12,Open channel rated section located within flood defence scheme. Station located upstream of non-standard weir and fish pass and rated by gauging. ADVP flow gauge also installed to assist in rating process.
49007,Camel,Bodmin Dunmere,Camel at Bodmin Dunmere,GB-GBN,204456,67451,138.85,30,50.47418444759643,-4.75718138,EA-DC,EA,SX06F057,"Cross path ultrasonic gauge attached to 15m high bridge abutments in a deep section of river, also held up by a stable shoal downstream. A replacement for Denby (49001) 2.5 miles downstream which closed in March 2019."
49008,Penberth River,Penberth,Penberth River at Penberth,GB-GBN,140014,22986,14.09,12,50.050072192981304,-5.633125777,EA-DC,EA,SW42F895,"A 90 degree Vee Notch thin plate weir flanked by bevelled concrete shoulders into which additional boards are set to control water levels in summer . Installed in 1993 to assess water resources on a remote, small natural catchment in response to an abstraction scheme that was never developed. Now used to indicate water resources status on the Lands End Peninsula."
50001,Taw,Umberleigh,Taw at Umberleigh,GB-GBN,260795,123662,826.2,14.1,50.995468752173934,-3.985041306,EA-DC,EA,SS62F001,"Velocity area station, main channel 34m wide, cableway span approx. 40m. Straight channel."
50002,Torridge,Torrington,Torridge at Torrington,GB-GBN,249955,118564,663,13.9,50.94693199,-4.137295265,EA-DC,EA,SS51F004,"Velocity area station on straight reach built in 1960. Main channel 28m wide, cableway span 57m."
50003,Taw,Sticklepath,Taw at Sticklepath,GB-GBN,263353,93831,15.6,218.6,50.72798295683022,-3.93746439,EA-DC,EA,SX69F051,
50004,Hole Water,Muxworthy,Hole Water at Muxworthy,GB-GBN,270500,137410,5.4,222,51.121295950715684,-3.851749656,EA-DC,EA,,
50005,West Okement,Vellake,West Okement at Vellake,GB-GBN,255676,90326,13.3,286.4,50.69462593229054,-4.044793382,EA-DC,EA,SX59F005,Rectangular thin plate weir flanked by compound broad-crested weirs under a bridge. Crest length approx. 7.5m. Removed from peak flows dataset in February 2018 (WINFAP Files v6).
50006,Mole,Woodleigh,Mole at Woodleigh,GB-GBN,266011,121039,327.5,47.9,50.973134262013815,-3.909790594,EA-DC,EA,SS62F002,"Velocity area station built in 1965 with cableway, rock ledges/gravel shoals as controls."
50007,Taw,Taw Bridge,Taw at Taw Bridge,GB-GBN,267293,106820,71.4,84.5,50.845638295275634,-3.886366913,EA-DC,EA,SS60F015,"Station built in 1973 with a natural, unstable, bed control. A Flat V weir was constructed to replace this in 1998 - crest length approximately 15m wide."
50008,Lew,Gribbleford Bridge,Lew at Gribbleford Bridge,GB-GBN,252770,101392,71.1,81.3,50.79334341984986,-4.090335001,EA-DC,EA,SS50F007,"Informal Flat V control built in 1988; 10.4m wide between high angle, trapezoidal gabion wing walls. Some erosion of weir crest. Station replaced by more formal Flat-V construction in 10/2002 at or about same location, with new weir, wing walls and datum. Station is on a gentle bend with reasonably straight approach. Cableway. Natural catchment but station was installed to monitor potential transfer from Roadford Reservoir."
50009,Lew,Norley Bridge,Lew at Norley Bridge,GB-GBN,250060,99910,20.2,103,50.779330456576304,-4.128152639,EA-DC,EA,SX59F053,"Informal Flat V low flow control built in summer 1988; 6.7m wide between high angle, trapezoidal gabion wing walls. Velocity area at higher flows. Station installed to monitor potential transfer from Roadford Reservoir. Peak flow data no longer being updated until more gaugings can be taken to verify rating curve."
50010,Torridge,Rockhay Bridge,Torridge at Rockhay Bridge,GB-GBN,250672,106976,257.8,61,50.84298610858742,-4.12235529,EA-DC,EA,SS50F060,"Informal Flat V low flow control built in 1988 between high angle, 12.8m wide, trapezoidal gabion wing walls. Sited on a bend. Gauging was from an iron footbridge upstream but cableway installed in 1995. Station installed to monitor potential transfer from Roadford Reservoir. Removed from peak flows dataset in February 2018 (WINFAP Files v6)."
50011,Okement,Jacobstowe,Okement at Jacobstowe,GB-GBN,259185,101918,82.1,90,50.79966581739743,-3.999578325,EA-DC,EA,SS50F042,Round-nosed broad-crested flat V weir with cableway constructed in 1991 (station reopened on 11/09/91). Velocity area at higher flows. Previously a natural bed control 2/11/73-6/10/81 (before station closure).
50012,Yeo,Veraby,Yeo at Veraby,GB-GBN,277430,126655,53.7,110,51.02615680393882,-3.749131197,EA-DC,EA,SS72F024,Velocity area station built in 1968 with a natural bed control. Some loose stone so susceptible to change. Removed from peak flows dataset in February 2018 (WINFAP Files v6). Station closed 30/10/2019 for operational reasons.
50013,Bray,Leehamford Bridge,Bray at Leehamford Bridge,GB-GBN,267727,139915,17.6,234.4,51.143174665953524,-3.892269286,EA-DC,EA,SS63F015,
50014,Yeo,Collard Bridge,Yeo at Collard Bridge,GB-GBN,259530,135620,79.6,,51.102623454605656,-4.007698745,EA-DC,EA,SS53F044,"Station constructed at Yeotown in 1968 as a velocity area station with a natural bed control. In 01/1996 the original station was replaced by Collard Bridge for health and safety reasons. Collard Bridge is a velocity area station with a natural rock bed control, 400m upstream of the original (Yeotown) station. The two records are treated as a continuous record due to the small difference in the catchment area between the two sites. New Flat V (truncated) triangular profile weir operational from 10/2007; velocity-area rating used."
50801,Yeo,Parkham,Yeo at Parkham,GB-GBN,239300,122100,7.7,80.8,50.975829876267625,-4.29040878,EA-DC,EA,,"South-West Water site operated by Environment Agency. Flat V Crump profile weir from 04/1969, approx. 2m wide."
50804,Hookmoor Brook,Gorhuish,Hookmoor Brook at Gorhuish,GB-GBN,253200,98700,11.4,150.9,50.76926057671673,-4.083162545,EA-DC,EA,,
51001,Doniford Stream,Swill Bridge,Doniford Stream at Swill Bridge,GB-GBN,308848,142865,75.8,9.3,51.17772784910256,-3.305378596,EA-WX,EA,510910,"Opened in 1967 as velocity-area station with rock control. Flat V weir installed in August 1983 for low flows. New weir installed in 2018, with eel pass."
51002,Horner Water,West Luccombe,Horner Water at West Luccombe,GB-GBN,289849,145826,20.8,61,51.20099473762112,-3.577981699,EA-WX,EA,510310,"Opened in 1973. Triangular profile Crump weir for low flows, crest 4.5m wide, plus rated section at higher flows. Station closed from September 1979 to April 1985, reopened with telemetry facilities."
51003,Washford,Beggearn Huish,Washford at Beggearn Huish,GB-GBN,304008,139474,36.3,67.1,51.146451739052175,-3.37369163,EA-WX,EA,510810,"Opened in 1966 as a velocity-area station. Flat V fibreglass weir, 4.5m crest, installed in 1982."
51802,Washford,Lower Washford,Washford at Lower Washford,GB-GBN,305000,141500,39.9,20.7,51.164830086947866,-3.360049714,,,,
51901,West Lyn,Lynmouth,West Lyn at Lynmouth,GB-GBN,,,23.5,,,,,,,
51902,Horner Water,West Luccombe,Horner Water at West Luccombe,GB-GBN,289800,145800,20.8,,51.200751576841405,-3.578674764,,,,
52001,Axe,Wookey,Axe at Wookey,GB-GBN,352704,145806,18.2,30.5,51.20949051688661,-2.678442795,EA-WX,EA,521210,"Also known as Henley, owned by Bristol water."
52002,Yeo,Sutton Bingham Reservoir,Yeo at Sutton Bingham Reservoir,GB-GBN,355653,111646,30.3,41.5,50.902574732158556,-2.632032414,EA-WX,EA,,
52003,Halsewater,Halsewater,Halsewater at Halsewater,GB-GBN,320647,125236,87.8,16.8,51.020999331944495,-3.132742283,EA-WX,EA,520580,"Station opened in 1961 as a rated section with an unstable bed. Flat V fibreglass weir (for low flows), 6.0m wide, built in 08/1981. Located 0.5km upstream of confluence with River Tone. Road bridge 40m d/s. Station is part of the flood warning system for Taunton."
52004,Isle,Ashford Mill,Isle at Ashford Mill,GB-GBN,336054,118785,90.1,14.6,50.96492094528892,-2.911974095,EA-WX,EA,520110,"Crump profile weir for low flows, crest 6.71m broad, located approximately 300m upstream of Ashford Mill House. Velocity area station for higher flows downstream. Site subject to vandalism."
52005,Tone,Bishops Hull,Tone at Bishops Hull,GB-GBN,320576,125023,202,16.6,51.01907455,-3.133707628,EA-WX,EA,520560,"Located upstream of Taunton, the station is important for flood warning. Opened in 1961 as a rated section with cableway and with an unstable bed, 50 m upstream of a road bridge. Crump profile weir built in 1968 (breadth 12.2m). In the winter of 2022/23, the existing Crump weir was converted into a compound Crump weir with the installation of a section of lower weir crest and a divide wall."
52006,Yeo,Pen Mill,Yeo at Pen Mill,GB-GBN,357328,116182,213.1,23.9,50.943488322929035,-2.608745853,EA-WX,EA,520240,"Station was installed in November 1963 and is located next to a sewage treatment works. Crump profile weir for low flows, set within trapezoidal concrete flanks and topped with the natural banks, becomes velocity-area station at high flows. Station moved slightly in 1989, due to stilling-well problems; bank repairs undertaken in 1997/98."
52007,Parrett,Chiselborough,Parrett at Chiselborough,GB-GBN,346070,114438,74.8,20.7,50.926861630303094,-2.768714563,EA-WX,EA,520310,"Station opened in 1966. Crump weir (breadth: 7.87m) with crest tapping, situated in bridge culvert."
52008,Tone,Clatworthy Reservoir,Tone at Clatworthy Reservoir,GB-GBN,304430,131240,18.1,196.7,51.072502845620704,-3.365476805,EA-WX,EA,,
52009,Sheppey,Fenny Castle,Sheppey at Fenny Castle,GB-GBN,349838,143850,59.6,5.8,51.191658571442844,-2.719193351,EA-WX,EA,521010,"Station opened in 1964. Crump profile weir for low flows, crest 5.18m wide. Velocity area station for flows greater than 1.84 cumecs."
52010,Brue,Lovington,Brue at Lovington,GB-GBN,358994,131756,135.2,19.8,51.083646999224975,-2.586799556,EA-WX,EA,520920,"Station is located west of Lovington and was opened in 1964. Crump profile weir for low flows, crest 6.71m broad, then rated section for flows > 2.2 cumecs."
52011,Cary,Somerton,Cary at Somerton,GB-GBN,349814,129055,82.4,8.8,51.05862965932885,-2.717472113,EA-WX,EA,520810,"Station opened in 1965. Compound Crump profile weir, approx. 330m upstream of Cary Bridge. Centre section 3.05m broad, two side sections 1.22m broad. Velocity area station for flows greater than 4.4 cumecs (downstream summer weed growth affects the stability of stage-discharge relationship). Truncated up and down stream."
52014,Tone,Greenham,Tone at Greenham,GB-GBN,307848,120279,57.2,77.1,50.97452506,-3.313915294,EA-WX,EA,520540,"The station is located 15 km west of Taunton and was opened in 1967 as a rated section with an unstable bed. Compound Flat V Crump profile weir, 8.06m wide, installed 08/1979. Small road bridge upstream of station."
52015,Land Yeo,Wraxall Bridge,Land Yeo at Wraxall Bridge,GB-GBN,348301,171565,23.3,11.4,51.440706565772544,-2.745213571,EA-WX,EA,521510,"Station opened in 1971. Triangular profile Crump weir, crest 5m wide, then rated section within wing walls."
52016,Currypool Stream,Currypool Farm,Currypool Stream at Currypool Farm,GB-GBN,322149,138193,15.7,49,51.13769379522228,-3.114127239,EA-WX,EA,520710,"Station opened in 1971. Crump profile weir, crest 4m broad. Velocity area station for flows >1.654 cumecs. Flat pasture on both sides of the river. The original weir was converted into a 2 crested stainless steel compound Crump weir in winter 2022/2023."
52017,Congresbury Yeo,Iwood,Congresbury Yeo at Iwood,GB-GBN,345174,163065,66.6,7.4,51.363990426121426,-2.788882715,EA-WX,EA,521410,"Station located 200m south of Iwood Farm and was opened in 1966 as a rated section. Between 08/1971 and 03/1973 a Crump weir was installed, crest 5m broad. Flood warning station for Congresbury approx. 1km downstream."
52018,Sowy,Monks Lease Clyse,Sowy at Monks Lease Clyse,GB-GBN,340940,127609,,10.7,51.04478239941137,-2.84384377,EA-WX,EA,,
52019,Kings Sedgemoor D,Dunball Clyse,Kings Sedgemoor D at Dunball Clyse,GB-GBN,331000,140700,,2.5,51.161370269475384,-2.988120013,EA-WX,EA,,
52020,Gallica Stream,Gallica Bridge,Gallica Stream at Gallica Bridge,GB-GBN,357100,110000,16.4,56,50.88788371216861,-2.611261939,EA-WX,EA,520230,
52021,Yeo,Sherborne,Yeo at Sherborne,GB-GBN,364751,116617,,57.9,50.94790297907013,-2.50313734,EA-WX,EA,,
52022,Tone,Gardeners Bridge Clatw'thy,Tone at Gardeners Bridge Clatw'thy,GB-GBN,304800,130000,,184.7,51.061417316617856,-3.359870489,EA-WX,EA,,
52023,Parrett,Langport,Parrett at Langport,GB-GBN,341545,126708,,4.1,51.036743318190815,-2.835068969,EA-WX,EA,,
52024,Tone,Taunton,Tone at Taunton,GB-GBN,322906,125096,,10.7,51.02004846263559,-3.100511466,EA-WX,EA,,
52025,Hillfarrance Brook,Milverton,Hillfarrance Brook at Milverton,GB-GBN,311325,127009,27.8,64.8,51.03557456160499,-3.266051151,EA-WX,EA,520550,"Station is located 2km north west of the village of Milverton and was opened in 1991 as part of the flood warning system for Taunton. Designed by Flood Defence. Flat V weir for low flow, with rated section for high flows."
52026,Alham,Higher Alham,Alham at Higher Alham,GB-GBN,367932,140970,5.12,109.3,51.16706810258892,-2.460023856,EA-WX,EA,520910,
52801,Tone,Wadhams Farm,Tone at Wadhams Farm,GB-GBN,305500,126800,32.1,152.4,51.032766171129516,-3.349048359,EA-WX,EA,,
52802,Durleigh Brook,Rexworthy,Durleigh Brook at Rexworthy,GB-GBN,325900,136300,15,,51.121173289838026,-3.060133294,,,,
52803,Aisholt,Hawkridge,Aisholt at Hawkridge,GB-GBN,320100,135900,3,,51.116796476064074,-3.142898998,,,,
52806,Cannington Brook,Hawkridge,Cannington Brook at Hawkridge,GB-GBN,321300,136500,11.1,,51.12235698409582,-3.12588948,WW,WW,,
52807,Congresbury Yeo,Blagden,Congresbury Yeo at Blagden,GB-GBN,350300,160100,21,,51.33780486854587,-2.714846567,,,,
52808,Kenn,Kenn Moor Gate,Kenn at Kenn Moor Gate,GB-GBN,345100,168000,17.9,,51.408352775600434,-2.790710093,BWW,BWW,,
52810,Rickford Spring,Rickford,Rickford Spring at Rickford,GB-GBN,348700,159200,2.1,80,51.32957053596944,-2.737683174,BWW,BWW,,
52811,Langford Spring,Langford,Langford Spring at Langford,GB-GBN,346600,159300,1,52.7,51.330275877615655,-2.767836169,BWW,BWW,,
52813,Tone,Taunton,Tone at Taunton,GB-GBN,320800,125000,289.8,17.5,51.01889871260576,-3.130509739,EA-WX,EA,,
52814,Parrett,Langport,Parrett at Langport,GB-GBN,342500,126300,758,12.6,51.03317143721716,-2.821385257,EA-WX,EA,,
52815,Tone,Fosters,Tone at Fosters,GB-GBN,328900,125300,398,6.7,51.02265627696188,-3.015109463,EA-WX,EA,,
52816,Parrett,Bridgewater,Parrett at Bridgewater,GB-GBN,330000,137500,1355,3.1,51.13247855701529,-3.001795038,EA-WX,EA,,
53001,Avon,Melksham,Avon at Melksham,GB-GBN,390298,164102,665.6,30,51.37588740579287,-2.140777839,EA-WX,EA,,Velocity area station. Closed in 1980.
53002,Semington Brook,Semington,Semington Brook at Semington,GB-GBN,390737,160543,157.7,33.1,51.343893526440375,-2.134376818,EA-WX,EA,530950,Station located 3km upstream of the confluence with the River Avon in operation since 1947. Formalised trapezoidal section with a 6m wide non-standard weir and a cableway. Replaced downstream velocity-area station in 1970 (superseded due to low banks and backwater from the Avon at high flows). Bed-mounted hydro-acoustic gauge installed 09/2006.
53003,Avon,Bath St James,Avon at Bath St James,GB-GBN,375100,165100,1595,17.1,51.384394654231585,-2.359197134,EA-WX,EA,,"Velocity area station located approximately 180m upstream of Pultney Weir, Bath."
53004,Chew,Compton Dando,Chew at Compton Dando,GB-GBN,364801,164723,129.5,16.8,51.38045754948798,-2.507149403,EA-WX,EA,531450,"Station opened in 1958 north of the village of Compton Dando. Trapezoidal critical depth flume in deeply incised channel 5-6 m deep. Wide natural flood plain to north, terrace to south. Ultrasonic gauge installed 11/2007."
53005,Midford Brook,Midford,Midford Brook at Midford,GB-GBN,376315,161132,147.4,27.4,51.34876859712587,-2.341472449,EA-WX,EA,531370,The station is located approximately 1km south of Bath and was opened in 1961. Trapezoidal critical depth flume 2.4km upstream of confluence with the River Avon. Ultrasonic gauge installed 11/2007.
53006,Frome (Bristol),Frenchay,Frome (Bristol) at Frenchay,GB-GBN,363753,177202,148.9,20,51.49259240004188,-2.523488664,EA-WX,EA,530270,Station opened in 1961. Trapezoidal critical depth flume.
53007,Frome (Somerset),Tellisford,Frome (Somerset) at Tellisford,GB-GBN,380519,156427,261.6,35.1,51.306623543985594,-2.280850549,EA-WX,EA,531160,Station located 500m north of the village of Tellisford and was opened in 1961. Trapezoidal critical depth flume. Ultrasonic gauge installed 11/2007.
53008,Avon,Great Somerford,Avon at Great Somerford,GB-GBN,396483,183310,303,57.6,51.54866975010844,-2.052114312,EA-WX,EA,530150,"Station located near the village of Great Somerford, 4km south east of Malmesbury and was opened in 1963 as one of the first Compound Crump weirs in Britain. Compound Crump profile weir having low flow crest between two flanking sections. Situated 90m downstream of Great Somerford road bridge."
53009,Wellow Brook,Wellow,Wellow Brook at Wellow,GB-GBN,374033,157995,72.6,43.7,51.32046202,-2.37400855,EA-WX,EA,531360,"Station opened in 1966. Trapezoidal critical depth flume on incised channel. Two bridges approx. 50 m downstream. Bed-mounted hydro-acoustic gauge installed 07/2007. As of 2019, station in need of significant maintenance, concrete is spalling. Gaugings are consistently positive, d/s blocks maybe affecting flows."
53010,Avon,Backbridge,Avon at Backbridge,GB-GBN,392200,188200,,,51.59259356116142,-2.113991754,,,,Station on River Avon approximately 1.5km downstream from station on the Tetbury Avon at Brokenborough.
53011,Lower Strode Stream,Chow Stoke,Lower Strode Stream at Chow Stoke,GB-GBN,355200,161500,,,51.35080071914014,-2.644687109,,,,
53013,Marden,Stanley,Marden at Stanley,GB-GBN,395536,172969,99.2,47.3,51.455682228749566,-2.065637236,EA-WX,EA,530850,Station located approx. 2km east of Chippenham and was opened in 1970. Trapezoidal critical depth flume. Ultrasonic gauge installed 11/2007.
53014,Spring Flow,Three Ashes,Spring Flow at Three Ashes,GB-GBN,365500,146400,,239.3,51.215750494369374,-2.495328967,EA-WX,EA,,
53015,Spring Flow,Tiswell,Spring Flow at Tiswell,GB-GBN,390200,152400,,79.9,51.27066472438972,-2.141860241,EA-WX,EA,,
53016,Spring Flow,Dunkerton,Spring Flow at Dunkerton,GB-GBN,380300,139900,1.2,149,51.15800902866404,-2.283078029,EA-WX,EA,,
53017,Boyd,Bitton,Boyd at Bitton,GB-GBN,368142,169866,47.9,15.5,51.42689794972072,-2.459609089,EA-WX,EA,530350,"Flat V weir for low flows, crest 8m broad; rated section for high flows. Station opened in 1973 located approx 1.5 km upstream of its confluence with the River Avon (Bristol). Situated in rectangular sheet-piled section, 4m deep."
53018,Avon,Bathford,Avon at Bathford,GB-GBN,378533,167023,1552,18,51.40182623544686,-2.309983205,EA-WX,EA,530180,"Velocity area station with cableway next to railway bridge, 4km upstream of Bath (replacement for Bath St James 53003), immediately downstream of confluence with By Brook. Opened in 1969. The early part of the record is Stage/Discharge. However, with the exception of a brief period in 2013 the flow data since 2012 has been derived from indexed Acoustic Doppler equipment."
53019,Woodbridge Brook,Crabb Mill,Woodbridge Brook at Crabb Mill,GB-GBN,394883,186569,46.6,65.5,51.577960018597594,-2.075237239,EA-WX,EA,530130,
53020,Gauze Brook,Rodbourne,Gauze Brook at Rodbourne,GB-GBN,393730,184029,28.2,66,51.555110108637756,-2.091829768,EA-WX,EA,530140,"Primarily a low flow station to monitor the impact of groundwater abstraction/recharge on river flow, which may cause abrupt rises in summer months."
53021,The Malago,Bristol,The Malago at Bristol,GB-GBN,358300,170300,12.1,10.5,51.43015931579263,-2.601212282,EA-WX,EA,,
53022,Avon,Bath ultrasonic,Avon at Bath ultrasonic,GB-GBN,373837,165101,1605,20.6,51.38434657146607,-2.377345914,EA-WX,EA,530184,Flow gauge ceased to work on 22/09/2024 but data are suspect from 15/08/2024 due to partial failure skewing the velocity data.
53023,Sherston Avon,Fosseway,Sherston Avon at Fosseway,GB-GBN,389139,187031,89.7,77.1,51.58203141395139,-2.158141883,EA-WX,EA,530550,"Station is located 3km upstream of Malmsbury and was opened in 1976. Flat V Crump profile weir, crest 7m broad."
53024,Tetbury Avon,Brokenborough,Tetbury Avon at Brokenborough,GB-GBN,391444,189329,73.6,78.2,51.602733600238395,-2.124932818,EA-WX,EA,530650,Low flow station.
53025,Mells,Vallis,Mells at Vallis,GB-GBN,375736,149106,119,67.8,51.24061090998656,-2.348964638,EA-WX,EA,531240,"Station is located 1km north west of Frome and was opened in 1979/1980 in connection with monitoring of Mendip quarrying impacts. Crump profile weir, crest 6m broad."
53026,Frome (Bristol),Frampton Cotterell,Frome (Bristol) at Frampton Cotterell,GB-GBN,366732,182203,78.5,42.6,51.537740758679554,-2.481054919,EA-WX,EA,530240,"Station opened in 1978. Crump profile weir, crest 7.5m broad."
53028,By Brook,Middlehill,By Brook at Middlehill,GB-GBN,381408,168806,102,28.1,51.41796019787847,-2.268748789,EA-WX,EA,530450,"Primarily installed as a low flow station, opened in 1981 approximately 4km west of Corsham. Flat V weir 8m wide for low flow, then rated section for higher flows. Wing walls at 2m contain most floods."
53029,Biss,Trowbridge,Biss at Trowbridge,GB-GBN,385436,157893,77.6,32,51.31995343047168,-2.210374476,EA-WX,EA,531050,"Station is located in the centre of Trowbridge and was opened in 1984. Flat V weir (1:10) for low flows, then concrete rectangular rated section (high flows), 7.13m wide, set in deep culvert with vertical walls. Ultrasonic gauge installed 12/2006."
53030,Tetbury Avon,Slads farm,Tetbury Avon at Slads farm,GB-GBN,389710,192037,,88.9,51.62705255,-2.150049744,EA-WX,EA,530620,
53031,Avon,St Johns Weir,Avon at St Johns Weir,GB-GBN,393549,186874,,,51.580688412257885,-2.09449359,,,530591,
53032,Avon,St Johns Weir Combined,Avon at St Johns Weir Combined,GB-GBN,395549,186874,,,51.58070816468001,-2.065630307,,,530590,
54001,Severn,Bewdley,Severn at Bewdley,GB-GBN,378230,276160,4325,17,52.38303494883721,-2.321266282,EA-WM,EA,2001,"The current site was converted to an ultrasonic gauge in March 1982. The former Thermo gauge was upgraded during September 2019 and replaced with a nivus 18-path ultrasonic gauge. High flows are still measured using the velocity-area method. Site humbly started from individual staff gauge readings dating back to 1921 at Bewdley bandstand near Bewdley Bridge. Spot flow measurements were conducted 0.5miles upstream of Bewdley Bridge to build a stage discharge relationship. Later a station, Bewdley Recorder, formally opened at Elan Aqueduct 2.5miles upstream of Bewdley in 1923. However manual readings took place from the original site up until 1950. This measuring section used for the original site became the current location for the ultrasonic gauge at Bewdley. The installation of the site occurred in 1968. Records prior to 1968 are of modest precision and potentially there are inconsistencies due to datum changes. However the quality of data has been considered overall to be high."
54002,Avon,Evesham,Avon at Evesham,GB-GBN,404007,243741,2210,19.5,52.09200107481648,-1.942927567,EA-WM,EA,2002,Velocity area station with gauge site can measure out-of-bank flows.
54003,Vyrnwy,Vyrnwy Reservoir,Vyrnwy at Vyrnwy Reservoir,GB-GBN,301882,319027,94.3,226.3,52.75990706405459,-3.455424767,NRW,NRW,2003,"Thin plate rectangular regulating weir on the Vyrnwy River; stone cill overflow weirs on the rivers Cownwy and Marnant (whose flows are mostly diverted into the reservoir). Rainfall and spatial data are currently for the natural 74 sq km catchment, whereas the area draining to the gauging station including these catchwaters is 94.3 sq km. Direct supply to Liverpool."
54004,Sowe,Stoneleigh,Sowe at Stoneleigh,GB-GBN,433155,273096,262,55,52.35493080767568,-1.51462408,EA-WM,EA,2004,"Since 1979 compound Crump profile weir (3 channels) with crest tapping. In-channel Larinier fish pass installed in lower crest of compound structure in Feb 2013. From 1951 to 1979 two humped invert flumes, total width 7.16m, and an overflow weir at 1.45m. Alteration carried out to lariner fish pass design from September 2019, due to access issues for carrying out routine maintenance. Structural remediation work also carried out on station building (ongoing)."
54005,Severn,Montford,Severn at Montford,GB-GBN,341190,314460,2025,52,52.72457384176918,-2.872207687,EA-WM,EA,2005,"Velocity area station only until 1994 when cross-path ultrasonic installed measuring flows to bankfull. Fully contained (EA comment that it can bypass on left bank); motorised winch can gauge all floods since 1985 (earlier, right bank only). Very prone to weed growth; considerable variations recorded in summer stage discharge relations."
54006,Stour (Worcs),Kidderminster Callows Lane,Stour (Worcs) at Kidderminster Callows Lane,GB-GBN,383010,276830,324,30,52.38922842,-2.251074324,EA-WM,EA,2167,"Station opened in 1987 to replace Kidderminster Gilt Edge (54906), which was a short distance upstream. Velocity-area station in formalised trapezoidal channel. All flows contained. Cableway moved from Gilt Edge to Callows Lane in 1995. An ultrasonic station from July 1990, located beneath the Kidderminster bypass and formed by the 4m high walls of the box culvert beneath this road bridge. All flows contained. There is a natural control 20m downstream of this bridge. Much silt, which moves about on the bed and builds up on transducers, but probably does not affect high flows. Rating not applied once ultrasonic installed. In terms of data quality, the ultrasonic station could probably be classed as OK for Pooling. However, since 2003 the Puxton flood alleviation scheme limits major events (see Artificial influences), so in terms of hydrology the station is not OK for Pooling after 2003. Ultrasonic record (from July 1990) combined with Gilt Edge, because they have same indicative suitability."
54007,Arrow,Broom,Arrow at Broom,GB-GBN,408638,253580,319,29.8,52.18040629678273,-1.875086783,EA-WM,EA,2104,Opened in 1976 and replaced Broom (Old) (54907). Crump profile weir (12m) with a higher containment capacity than old site - high wing walls (1.7m) and banks.
54008,Teme,Tenbury,Teme at Tenbury,GB-GBN,359770,268520,1134.4,48,52.31330500416855,-2.591547627,EA-WM,EA,2008,"Velocity area station with gravel control. Well gauged to bankfull - open channel site with cableway. Straight wide channel, susceptible to bed movement. U/s shoaling may render low flow rating variable from year to year. Rarely out of bank. Installation of Flat V at d/s 54029 has largely eliminated apparent inconsistency between the two flow series."
54009,Stour (Worcs),Stourton,Stour (Worcs) at Stourton,GB-GBN,386100,284600,232,,52.459168413048594,-2.205996302,,,,
54010,Stour (Warks),Alscot Park,Stour (Warks) at Alscot Park,GB-GBN,420833,250643,319,37.8,52.15367853933674,-1.696916548,EA-WM,EA,2010,"Compound broad crested weir, overall width 17.6 m, with shallow central drop section 0.15 m lower and 9.12 m wide. Set in old amenity weir with sluices. Thin-plate side weir built for low flow measurement when the station re-opened in 2000. Problems with trash accumulation on trash screen upstream of thin plate weir. Broad-crested structure in poor state of repair. Eel pass installed during works to infill 2 large recesses in 2018."
54011,Salwarpe,Harford Hill,Salwarpe at Harford Hill,GB-GBN,386860,261930,184,19,52.25538196073758,-2.193915994,EA-WM,EA,2011,"Originally a velocity area station with a bed of stone blocks; closed 31/8/92. Replaced in 9/11/1992 by a flat V crump profile (1:20) weir, 7m wide, cross slopes, wing walls at 0.7m in reasonably straight reach, with additional cableway. Fully contained. Velocity-area station very prone to weed growth, summer corrections made: low flows of variable quality."
54012,Tern,Walcot,Tern at Walcot,GB-GBN,359180,312280,852,44.6,52.70663806862904,-2.605587196,EA-WM,EA,2012,"Initially rated section (1959-76), then gabion control (June 1976-Dec 1978), both very prone to weed growth leading to unstable stage-discharge relationship; now flat V weir, 15m wide with cableway."
54013,Clywedog,Cribynau,Clywedog at Cribynau,GB-GBN,294400,285500,57,170.9,52.45720725513771,-3.555538653,NRW,NRW,2013,"Compound triangular cross-section weir with low-flow flume, downstream of Clywedog reservoir. Record spans period of construction (Apr-1964 to Dec-1966) and opening (1968) of reservoir. Station now closed, superseded by 54081 Clywedog at Bryntail."
54014,Severn,Abermule,Severn at Abermule,GB-GBN,316481,295777,580,83,52.55340265259719,-3.233249172,NRW,NRW,2014,Velocity area station in a straight reach with rock/gravel bed.
54015,Bow Brook,Besford Bridge,Bow Brook at Besford Bridge,GB-GBN,392693,246252,156,13.4,52.11454018298853,-2.10812179,EA-WM,EA,2015,"Prefabricated Flat V Crump profile weir, 4.01m wide, 1:10 cross slopes, wing walls at 0.67m, replaced full-width (2.44m) rectangular thin plate weir, thus improving flood flow measurement."
54016,Roden,Rodington,Roden at Rodington,GB-GBN,358910,314170,259,48,52.72360696152186,-2.609820015,EA-WM,EA,2016,Model tested trapezoidal flume and flanking broad-crested weirs within a vertical concrete side walls. Originally the site was built in the 1960s.
54017,Leadon,Wedderburn Bridge,Leadon at Wedderburn Bridge,GB-GBN,377664,223340,293,9.1,51.90814318592089,-2.326091691,EA-WM,EA,2017,"Constructed in 1961 as a non-standard compound section comprised of a central trapezoidal flume flanked by broad crested weirs, with vertical sidewalls. Eel tiles installed flush to weir crest in November 2015. Expected to impact low flow measurement only. Calibration gaugings ongoing."
54018,Rea Brook,Hookagate,Rea Brook at Hookagate,GB-GBN,346570,309230,178,64.6,52.678121890808846,-2.791706052,EA-WM,EA,2018,"Model tested trapezoidal flume and flanking broad-crested weirs within a vertical concrete side walls, 7.3m apart. Originally the site was built in the 1960s, and although previously there were concerns about potential erosion on site, low flow gaugings confirm there are no issues at site."
54019,Avon,Stareton,Avon at Stareton,GB-GBN,433287,271535,347,54.7,52.340889703820984,-1.512840262,EA-WM,EA,2019,"Crump profile weir, 7.3m wide with crest tapping."
54020,Perry,Yeaton,Perry at Yeaton,GB-GBN,343440,319240,180.8,61.3,52.76777967560187,-2.83972291,EA-WM,EA,2020,"Crump profile weir with vertical wingwalls, 6m wide with (unused) crest tapping. Low cost fish baffles installed on downstream face of weir in July 2015."
54021,Severn,Llanidloes,Severn at Llanidloes,GB-GBN,295400,284800,,,52.451109152683244,-3.540607874,,,,"Level-only station on Severn immediately downstream of Clywedog confluence. Originally used for river regulation (reservoir releases from Clywedog Dam were restricted to 130 Ml/d when level at Llanidloes exceeded 1.5m), more recently used for flood warning. (Suspect this is the same station as 54880 Severn at Llanidloes)."
54022,Severn,Plynlimon flume,Severn at Plynlimon flume,GB-GBN,285300,287200,8.7,331,52.47064670737766,-3.689987348,CEHW,CEH,,"A compound sharp-edged weir, capacity 10 cumecs, with flanking broad crests 1953-1958. Trapezoidal flume with side contractions since 1968, capacity 43 cumecs. 15 min. runoff totals available, also rainfall, evaporation and soil data from a dense monitoring network."
54023,Badsey Brook,Offenham,Badsey Brook at Offenham,GB-GBN,406291,244920,95.8,23.9,52.10258013652721,-1.909568881,EA-WM,EA,2023,"Original trapezoidal flume (1968-95) replaced in 1995 (poor state of repair and weed growth problems affecting low flows). New weir is a flat V Crump profile (1:10) weir in straightened cut 5m wide, with wing walls at 0.7m and has cableway. Fish baffles added to weir in June 2018."
54024,Worfe,Burcote,Worfe at Burcote,GB-GBN,374600,295340,258,33.2,52.555301861562015,-2.376064249,EA-WM,EA,2024,"Crump profile weir, 5.5m wide, with crest tapping (unused). Eel tiles and low-cost fish baffles were installed in 2014."
54025,Dulas,Rhos-y-pentref,Dulas at Rhos-y-pentref,GB-GBN,294985,282492,52.7,178.5,52.43028806074402,-3.545985707,NRW,NRW,2025,"Trapezoidal flume, 15.9m wide, with side contractions to 13.7m in critical section, between asymmetric wing walls (right bank 1.5m, left bank 1.7m)."
54026,Chelt,Slate Mill,Chelt at Slate Mill,GB-GBN,389167,226371,34.5,16.9,51.93573908920131,-2.158977131,EA-WM,EA,2026,"Concrete trapezoidal flume constructed in 1969. A poor station, prone to variable silt build-up at lower end of flume. All flows contained within structure but high flow performance uncertain and no current metering since 1995. Station closed in 2010 and structure removed."
54027,Frome,Ebley Mill,Frome at Ebley Mill,GB-GBN,383014,204627,198,30.9,51.74008679023695,-2.247398632,EA-WM,EA,2027,Velocity area station on a curved reach. Control is a compound broad-crested weir. River inundates widely at gauging section. Possibly some bypassing above 18 m3/s. Suffers from weed growth at low flows.
54028,Vyrnwy,Llanymynech,Vyrnwy at Llanymynech,GB-GBN,325294,319641,778,62,52.76917510342187,-3.108710481,NRW,NRW,2028,"Velocity area station, 35m wide, in a substantially straight reach with natural shoal control. Llanymynech gauging section frequently changes shape due to the movement of the bed as a result of sediment loads deposited in the channel following high flow events. Gravel bars are often formed and have remained stable enough to become heavily vegetated in the past, these can cause skew flow. The physical changes to the channel control the stage-discharge relationship."
54029,Teme,Knightsford Bridge,Teme at Knightsford Bridge,GB-GBN,373490,255730,1480,21,52.199158533451055,-2.389289543,EA-WM,EA,2029,"Weir converted to a rock ramp fish pass. Initial works during summer 2018 and secondary works during summer 2019. Cross correlation flow gauge installed 02/08/2022. Prior to this, a Flat V weir with training banks which contained higher flows, with cableway for full range calibration. Prior to 1998, velocity-area station which had a gravel control affected by weed growth at low flows."
54030,Gam,Llangadean,Gam at Llangadean,GB-GBN,301100,309800,,,52.67684451651868,-3.464228518,,,,
54032,Severn,Saxons Lode,Severn at Saxons Lode,GB-GBN,386349,239041,6850,7.5,52.04958805037374,-2.200474236,EA-WM,EA,2032,"Originally velocity area station between abutments of demolished railway bridge which mostly contain high flows at the site. Multipath ultrasonic gauge from 1987; this is reliable at low and medium flows, but bypassing means the station becomes progressively less reliable once stage exceeds about 4 m. Station is affected by high tides and tidal gates on R. Avon at Tewkesbury."
54033,Severn,Mythe Bridge Tewkesbury,Severn at Mythe Bridge Tewkesbury,GB-GBN,388900,233700,,,52.00162665221273,-2.163100117,,,,
54034,Dowles Brook,Oak Cottage,Dowles Brook at Oak Cottage,GB-GBN,377100,276420,40.8,24.2,52.38532601275221,-2.337885613,EA-WM,EA,2034,"Flat V Crump profile weir 6m wide, with a cableway to allow high flow gauging."
54035,Avon,Evesham (North Site),Avon at Evesham (North Site),GB-GBN,403200,244700,,,52.10062809288356,-1.954697884,,,,
54036,Isbourne,Hinton on the Green,Isbourne at Hinton on the Green,GB-GBN,402368,240680,90.7,25.5,52.064490033683015,-1.966870685,EA-WM,EA,2036,"Crump profile weir, 4.5m wide by 0.5m deep, in an incised trapezoidal channel. Low cost fish baffles installed in Oct 2012. Cableway for high flows until 2014. High flows (to bankfull, and possibly above) are now gauged by rope or radio controlled boat. Commonly exceeds bankfull and does bypass some of the gauging section. Insensitive at low flows. EA use site as a tributary index gauge in flood forecasting system."
54038,Tanat,Llanyblodwel,Tanat at Llanyblodwel,GB-GBN,325230,322440,229,77,52.79432310786592,-3.110299174,EA-WM,EA,2038,"From Feb 1992 Crump profile Flat V (1:20) weir, 12.4m wide, 0.72m high wing walls, replaced velocity area station with natural rock step control approx. 150m d/s of cableway. Gravel bed. Right bank floodplain approx. 50m wide, partially crossed by cableway."
54040,Meese,Tibberton,Meese at Tibberton,GB-GBN,368070,320490,167.8,56.4,52.78103904671113,-2.474819713,EA-WM,EA,2040,"Crump profile weir, 6m wide, installed for the Shropshire Groundwater Scheme."
54041,Tern,Eaton upon Tern,Tern at Eaton upon Tern,GB-GBN,364920,323140,192,53.5,52.80466401795808,-2.52180325,EA-WM,EA,2041,"Two-bay Crump profile weir with identical crest heights, 6m total width, with crest tapping set into old mill sluices. Weirs constructed beneath twin arch bridge. Constructed for low flow measurement as part of Shropshire Groundwater Scheme network. Station closed in 2015."
54042,Clywedog,Clywedog Dm Lower Weir,Clywedog at Clywedog Dm Lower Weir,GB-GBN,291400,286700,49,212.4,52.4674022,-3.600062156,NRW,NRW,2042,Removed following construction of 54081 Clywedog at Bryntail. (Suspect this is the same station as 54942 Clywedog at Lower Weir - hardcopy-only station file).
54043,Severn,Upton On Severn,Severn at Upton On Severn,GB-GBN,386300,239900,6850,7.5,52.05730971878125,-2.201223497,EA-WM,EA,,Velocity-area station opened in 1955. Superseded in 1970 by 54032 2km d/s.
54044,Tern,Ternhill,Tern at Ternhill,GB-GBN,362850,331480,92.6,62.2,52.87949312586806,-2.553460076,EA-WM,EA,2044,"Rectangular thin plate weir present on site, 4m wide by 0.43m depth. The site is located next to the confluence of the Bailey Brook, and shares the gauging station on site with the Bailey Brook gauge (54052). Levels exceptionally rarely reach out of bank."
54045,Perry,Perry Farm,Perry at Perry Farm,GB-GBN,334680,330250,49.1,79,52.86574906595649,-2.971742429,EA-WM,EA,,Flat V Crump weir.
54046,Worfe,Cosford,Worfe at Cosford,GB-GBN,378030,304670,54.9,59.5,52.63932512211901,-2.326097709,EA-WM,EA,2046,"Originally a rectangular weir, 3.05m wide, with side contractions. Suffered from substantial leakage, rebuilt in 1990: weir 4m wide."
54047,Perry,Ruyton Bridge,Perry at Ruyton Bridge,GB-GBN,340300,322300,155,71,52.794945647676144,-2.886814472,EA-WM,EA,,Velocity area station.
54048,Dene,Wellesbourne,Dene at Wellesbourne,GB-GBN,427271,255587,102,41.3,52.19784703545583,-1.602423688,EA-WM,EA,2048,"Flat V Crump profile weir built in 1976 as part of flood alleviation scheme works, 7.97m wide; cross-slope 1:20, large d/s fall, all flows contained. Fish pass on right bank completed in July 2023."
54049,Leam,Princes Drive Weir,Leam at Princes Drive Weir,GB-GBN,430858,265437,362,46.3,52.28621062,-1.549048772,EA-WM,EA,2049,"Originally a thin-plate notch set in a broad-crested curved weir with a (leaking) sluice gate. Record poor, high flows unreliable. The sluice was replaced by a second, lower thin-plate weir which became operational in 1979 and has led to improved data."
54050,Leam,Eathorpe,Leam at Eathorpe,GB-GBN,438853,268829,300,56.6,52.31619857758272,-1.43145896,EA-WM,EA,2050,"Side-contracted central low flow flume, flanked by broad-crested weirs in a straight reach."
54051,Clywedog,upper stilling pool,Clywedog at upper stilling pool,GB-GBN,291400,286700,49,221,52.4674022,-3.600062156,NRW,NRW,2051,Broad-crested weir immediately below Clywedog Dam with capability to measure extreme high flows. (Suspect this is the same station as 54242 Clywedog at Clywedog Dam).
54052,Bailey Brook,Ternhill,Bailey Brook at Ternhill,GB-GBN,362850,331490,34.4,62.2,52.87958301514468,-2.553461221,EA-WM,EA,2052,"Rectangular notch, 1m wide, 0.63m deep with side contractions, which act as broad-crested weirs above notch full. Shares a recorder hut with the gauge on the adjacent River Tern gauge (54044), confluence 10m d/s. Site used for monitoring the Shropshire Groundwater Scheme. Removed from peak flows dataset in September 2023 (WINFAP Files v12)."
54053,Corve,Ludlow,Corve at Ludlow,GB-GBN,351000,275200,164,81.4,52.372640073351434,-2.721159563,EA-WM,EA,,Velocity area station. Closed in 1976.
54054,Onny,Onibury,Onny at Onibury,GB-GBN,345470,278980,235,98,52.406095639797805,-2.80299518,EA-WM,EA,,Velocity area station. Closed in 1976.
54055,Rea,Nean Sollars,Rea at Nean Sollars,GB-GBN,366400,272400,129,68,52.34863279999793,-2.494687048,EA-WM,EA,,
54056,Clun,Clungunford,Clun at Clungunford,GB-GBN,339340,278580,195,127,52.40185356920013,-2.893019828,EA-WM,EA,,
54057,Severn,Haw Bridge,Severn at Haw Bridge,GB-GBN,384491,227878,9895,6,51.94917645321464,-2.227058868,EA-WM,EA,2057,"Haw Bridge is a velocity-area measurement station located on the B4213. It is downstream of the Warwickshire Avon inflow and is the lowest flow gauge on the River Severn. The site is impacted by the tide, however flows values will not account for this. Tidal influences are taken into account by the Deerhurst ADCP gauge approximately 2.21miles upstream (54110)."
54058,Stoke Park Brook,Stoke Park,Stoke Park Brook at Stoke Park,GB-GBN,364400,326000,14.3,58.6,52.83033854,-2.529829059,EA-WM,EA,,Flat V weir.
54059,Allford Brook,Allford,Allford Brook at Allford,GB-GBN,365400,322300,10.2,56,52.79714427513185,-2.514594262,EA-WM,EA,,Flat V weir.
54060,Potford Brook,Sandyford Bridge,Potford Brook at Sandyford Bridge,GB-GBN,363480,322190,25,55.7,52.79602853015585,-2.543056143,EA-WM,EA,2060,"Prefabricated flat V Crump profile weir, initially installed for the Shropshire Groundwater investigation (low flows). Site closed 1979-86 and repositioned in 1987 to avoid backing up. Removed from peak flows dataset in May 2016 (WINFAP Files v4). Station closed in 2012."
54061,Hodnet Brook,Hodnet,Hodnet Brook at Hodnet,GB-GBN,362800,328800,5.1,61.4,52.85539928689074,-2.553895937,EA-WM,EA,,Shallow flat V weir closed in 1977. Stream dry in summer. Installed for Shropshire Groundwater investigation.
54062,Stoke Brook,Stoke on Tern,Stoke Brook at Stoke on Tern,GB-GBN,363700,328000,13.7,58.8,52.848269716294126,-2.540441437,EA-WM,EA,2062,"Prefabricated flat vee crump profile weir, 1.6m wide, installed for the Shropshire Groundwater investigation - low flow measurement. Closed in January 2012."
54063,Stour (Worcs),Prestwood Hospital,Stour (Worcs) at Prestwood Hospital,GB-GBN,386700,286150,89.9,51.1,52.47311786489219,-2.197228418,EA-WM,EA,2063,"Original secondary velocity area station replaced in 1995 with a Flat V Crump profile weir, 11m wide, 1:20 cross slopes, wing walls at 0.9m in a good reach."
54065,Roden,Stanton,Roden at Stanton,GB-GBN,356500,324100,210,63,52.81267826121025,-2.646822276,EA-WM,EA,,"Velocity area station, closed in 1979. Part of Shropshire Groundwater Scheme network."
54066,Platt Brook,Platt,Platt Brook at Platt,GB-GBN,362800,322900,15.7,60,52.80236415904602,-2.553221495,EA-WM,EA,,"Prefabricated Flat V Crump profile weir, 2m wide."
54067,Smestow Brook,Swindon,Smestow Brook at Swindon,GB-GBN,386120,290560,81.3,60.4,52.512748673370474,-2.205952371,EA-WM,EA,,"Velocity area station, closed in 1978."
54068,Tetchill Brook,Hordley,Tetchill Brook at Hordley,GB-GBN,337900,329800,21.2,79,52.86208620786952,-2.923831818,EA-WM,EA,,
54069,Springs Brook,Lower Hordley,Springs Brook at Lower Hordley,GB-GBN,338700,329700,10.4,81,52.86127924963898,-2.911932001,EA-WM,EA,,Flat V weir.
54070,War Brook,Walford,War Brook at Walford,GB-GBN,343200,319800,22.5,68.3,52.772788021895856,-2.843376862,EA-WM,EA,,"Prefabricated Flat V Crump profile weir, 2m wide."
54071,Severn,Ashleworth,Severn at Ashleworth,GB-GBN,381829,224969,9983,5.2,51.92294137659018,-2.265634935,EA-WM,EA,,
54072,Chelt,Withey Bridge,Chelt at Withey Bridge,GB-GBN,390500,224600,32.5,26.8,51.91984104959828,-2.139538852,,,,
54073,Chelt,Arle Park,Chelt at Arle Park,GB-GBN,393300,223600,24.8,46.5,51.91089155,-2.098806734,,,,
54074,Chelt,Sandford Park,Chelt at Sandford Park,GB-GBN,395500,221500,20.1,63.9,51.89203336158157,-2.066796687,,,,
54075,Tirle Brook,Pamington,Tirle Brook at Pamington,GB-GBN,393800,233400,22.4,19.4,51.999006807728826,-2.091718235,,,,
54076,Shorn Brook,Hardwicke Meb,Shorn Brook at Hardwicke Meb,GB-GBN,379100,212700,1,13,51.81253730375272,-2.304570575,,,,
54077,Shorn Brook,Hardwicke,Shorn Brook at Hardwicke,GB-GBN,379200,212700,3.4,13.4,51.81254105459268,-2.303120037,,,,
54078,Shorn Brook,Haresfield,Shorn Brook at Haresfield,GB-GBN,381700,211700,1.6,29.8,51.80363812012898,-2.266803344,,,,The trapezoidal flume and flanking broad-crested weirs within vertical sidewalls (7.3m).
54079,Dean Brook,Stoke Orchard,Dean Brook at Stoke Orchard,GB-GBN,391800,228500,14.6,22.6,51.95492598359531,-2.120730996,EA-WM,EA,,
54080,Severn,Dolwen,Severn at Dolwen,GB-GBN,298949,285181,174,145.8,52.455201868736246,-3.488519604,NRW,NRW,2118,"Compound triangular profile weir, replacing informal station in 2000."
54081,Clywedog,Bryntail,Clywedog at Bryntail,GB-GBN,291330,286804,49,212.1,52.46832285103607,-3.601126072,NRW,NRW,2109,"Flat V weir, immediately below Clywedog reservoir. Installed for the purpose of measuring compensation and regulation releases."
54082,Wymans Brook,Swindon,Wymans Brook at Swindon,GB-GBN,393300,224800,10,37.7,51.92168052093789,-2.098830482,EA-WM,EA,,
54083,Crow Brook,Horton,Crow Brook at Horton,GB-GBN,367800,314100,16.7,60.2,52.723581787892556,-2.478192733,EA-WM,EA,,"Flat V Crump profile weir, 8m wide; cross-slope 1:10."
54084,Cannop Brook,Parkend,Cannop Brook at Parkend,GB-GBN,361677,207481,31.5,37.7,51.76468879606271,-2.556713472,EA-WM,EA,2124,"Crump profile weir, 3m wide, 1m wingwalls, set in a wider channel."
54085,Cannop Brook,Cannop Cross,Cannop Brook at Cannop Cross,GB-GBN,360900,211500,10.4,81,51.800768076303136,-2.56842597,EA-WM,EA,,"Flat V Crump profile weir, 2m wide; cross-slope 1:10."
54086,Cownwy Diversion,Cownwy Weir,Cownwy Diversion at Cownwy Weir,GB-GBN,299950,318004,13.2,282,52.75035915684126,-3.483731691,NRW,NRW,2149,Flat V weir. Flows diverted to Vyrnwy Reservoir.
54087,Allford Brook,Childs Ercall,Allford Brook at Childs Ercall,GB-GBN,366700,322780,4.7,66,52.801541134378354,-2.495363785,EA-WM,EA,2151,90 degree Vee notch with side contractions set in an access chamber to a culverted section.
54088,Little Avon,Berkeley Kennels,Little Avon at Berkeley Kennels,GB-GBN,368232,198741,134,7,51.68652064048926,-2.460932942,EA-WX,EA,542349,"Velocity area station replaced, in 2000, earlier gauging station which suffered from afflux from ornamental bridge upstream. New site is 10m upstream of the bridge in rectangular concrete channel; gauged from road bridge."
54089,Avon,Bredon,Avon at Bredon,GB-GBN,392065,237238,2674,9,52.03349047824861,-2.117080049,EA-WM,EA,2128,"Ultrasonic single path instrument installed in 1979, unsuccessful experiment. Replaced in 1988 by multipath cross configuration US in broad reach. River inundates hams on lb extensively during floods. For very high flows use 54002."
54090,Tanllwyth,Tanllwyth Flume,Tanllwyth at Tanllwyth Flume,GB-GBN,284233,287655,0.92,357,52.47450990827371,-3.705845836,CEHW,CEH,,"Catchment nested within 54022 Severn at Plynlimon Flume. Rainfall, evaporation and soil moisture estimates also available from dense monitoring network. Station added to peak flows dataset in August 2025 (WINFAP Files v14)."
54091,Severn,Hafren Flume,Severn at Hafren Flume,GB-GBN,284296,287733,3.58,357,52.475224184334095,-3.704945845,CEHW,CEH,,"Rectangular, side contracted critical depth flume designed to gauge streams which have supercritical flow regimes. Catchment nested within 54022 Severn at Plynlimon flume. Primary 15 minute dataset available. Rainfall, evaporation and soil moisture estimates also available from dense monitoring network."
54092,Hore,Hore Flume,Hore at Hore Flume,GB-GBN,284514,287266,3.17,336,52.47107393091069,-3.701575823,CEHW,CEH,,"Rectangular, side contracted critical depth flume designed to gauge streams which have supercritical flow regimes. Catchment nested within 54022 Severn at Plynlimon flume. Primary 15 minute dataset available. Rainfall, evaporation and soil moisture estimates also available from dense monitoring network."
54094,Strine,Crudgington,Strine at Crudgington,GB-GBN,364050,317540,95.65,50,52.75426754320996,-2.534090961,EA-WM,EA,2170,"Electromagnetic gauge, using a bubbler device for level measurement, in trapezoidal channel."
54095,Severn,Buildwas,Severn at Buildwas,GB-GBN,364550,304400,3717,36,52.63618194362459,-2.525262709,EA-WM,EA,2134,Multiple US cross-configuration gauging station.
54096,Hadley Brook,Wards Bridge,Hadley Brook at Wards Bridge,GB-GBN,387020,263140,53.43,21.8,52.26626399,-2.191619015,EA-WM,EA,2193,Crump profile Flat V (1:10) weir set in low 0.5m vertical wingwalls.
54097,Hore,Upper Hore flume,Hore at Upper Hore flume,GB-GBN,283083,286939,1.62,412,52.46783067776578,-3.72251749,CEHW,CEH,,"Flume structure designed to gauge streams which have supercritical flow regimes. Rainfall, evaporation and soil moisture estimates also available from dense monitoring network. Natural catchment nested within 54022 Severn at Plynlimon Flume. Station added to peak flows dataset in August 2025 (WINFAP Files v14)."
54098,Cam,Cambridge,Cam at Cambridge,GB-GBN,375075,203576,29.3,10.8,51.73033882865139,-2.362296582,EA-WM,EA,2603,"Flat V weir, 6m wide with 2.295m wing walls and integral access bridge. Owned and built by British Waterways but now operated by the EA. Cam acts as important feeder for Gloucester and Sharpness Canal."
54099,Coley Brook,Coley Mill,Coley Brook at Coley Mill,GB-GBN,377980,319270,37.3,68.8,52.77056930359311,-2.327819375,EA-WM,EA,2199,"Rectangular thin-plate weir 1.9m wide with concrete side contractions, set in existing brick lined channel."
54100,Lonco Brook,Whitleyford Bridge,Lonco Brook at Whitleyford Bridge,GB-GBN,374650,323860,33.6,71.7,52.81168338648847,-2.377532673,EA-WM,EA,2602,"Flat V weir, opened in 2002."
54101,Cound Brook,Boreton Bridge,Cound Brook at Boreton Bridge,GB-GBN,351620,306780,105.1,60.7,52.65657440032408,-2.716658947,EA-WM,EA,2608,"Flat V Crump profile weir, 9m wide between vertical wing walls 0.675m high, cross slope 1:20."
54102,Avon,Lilbourne,Avon at Lilbourne,GB-GBN,456355,277779,108.9,92.9,52.395138069227556,-1.17323403,EA-WM,EA,2088,"Open channel site suffered heavily from weed growth which led to the installation of the flat-v weir. Cableway no longer in use - flow gaugings carried out by waded, remote control or roped ADCP in the same section as the cableway."
54103,Swift,Churchover,Swift at Churchover,GB-GBN,450713,280684,66.7,92.1,52.42180257969534,-1.25570141,EA-WM,EA,2117,Site located at the source of a canal feeder with a sluice gate to control the flow diversion.
54105,Alne,Little Alne,Alne at Little Alne,GB-GBN,414200,261100,,,52.24789942957616,-1.793430229,,,,
54106,Stour (Warks),Shipston,Stour (Warks) at Shipston,GB-GBN,426042,240517,185.2,59,52.06242242506407,-1.621553218,EA-WM,EA,2092,"Station opened in 1972, Flat V weir."
54107,Arrow,Studley,Arrow at Studley,GB-GBN,407634,263999,92.9,60.1,52.27409112606735,-1.889538563,EA-WM,EA,2094,"V/A station, 9m channel width, b/full 2.5m."
54108,Alne,Little Alne,Alne at Little Alne,GB-GBN,414161,261060,139,52.6,52.24754081617304,-1.794003127,EA-WM,EA,2095,
54109,Glynch Brook,Bromsberrow,Glynch Brook at Bromsberrow,GB-GBN,374463,233229,18.26,45.4,51.99691278020092,-2.373359838,EA-WM,EA,2607,"Flat Vee weir, 3.0m wide, in vertical wingwalls 0.692m high, slightly non-standard."
54110,Severn,Deerhurst,Severn at Deerhurst,GB-GBN,386798,230103,9877,9.8,51.96924079023385,-2.193579341,EA-WM,EA,2606,Cross path ultrasonic gauge to measure low to medium flows where tides affect the flow regime. Upgrade of ultrasonic gauge started June 2007. High flow and gauging site at Haw Bridge (54057) but prone to overestimate flows during tidal phases - leading to significant differences in flow series during tidal phases and dropouts in flow.
54111,Avon,Rugby,Avon at Rugby,GB-GBN,450292,276636,242.7,83.3,52.38545256,-1.262498412,EA-WM,EA,2090,Velocity area station opened in 1973 with early record subject to negative flows and poor rating. Daily flow data are not presented due to site issues. Station removed from peak flows dataset in August 2025 (WINFAP Files v14).
54112,Leam,Kites Hardwick,Leam at Kites Hardwick,GB-GBN,446750,268593,99.6,69.5,52.31346299328364,-1.315652933,EA-WM,EA,2609,"Originally an open channel site opened 25/01/2000. It was opened for low flow measurement but primarily for high flows, following the Bye Report. Prior to its installation, flows and flood warnings on the River Leam were based on levels at Eathorpe, which was downstream of the confluence with the River Itchen. The 1998 floods proved that this was insufficient for accurate flood warning. In June 2000, a project was set up to install a flat vee weir and gauge house located downstream of Thurlaston Bridge. The weir was designed as low and shallow as it could be, to provide useful flow information at low levels but would drown out at high levels and not cause any backing up."
54113,Itchen,Southam,Itchen at Southam,GB-GBN,440503,262686,105.5,119.8,52.26085550522325,-1.407991526,EA-WM,EA,2613,"Following the review of the Easter 1998 floods, it was determined that the gauging station at Eathorpe on the River Leam did not provide sufficient coverage, to provide accurate flood warnings to Leamington. The Environment Agency decided to construct a gauging station on the River Itchen at Southam to monitor water levels and flows entering the River Leam, to improve flow forecasting models and flood warning lead-time for Leamington. The gauge provides improved monitoring of abstraction on the River Itchen for water resources. The gauging station building has two stilling wells, to measure both the upstream head and tail water levels. A new channel was excavated on the right bank of the existing channel to provide a straighter approach and to facilitate construction of the hydraulic structure. Following completion of the works, the old river channel was backfilled with the material excavated from the new channel."
54114,Avon,Warwick,Avon at Warwick,GB-GBN,429912,265296,1012,46.1,52.284995133033306,-1.562928975,EA-WM,EA,2091,"An open channel site, with the river impounded 1.5 km downstream of the site, it has very limited navigation and has a small seasonal weed growth effect."
54115,Piddle Brook,Wyre Piddle,Piddle Brook at Wyre Piddle,GB-GBN,396259,247611,104.89,179.6,52.12679464,-2.056061503,EA-WM,EA,2133,Flat-V weir installed in July 2000 replaced level recorder in open channel site closed in 1984. Weir crest 4m wide. Site located 1.9km u/s of Piddle Brook confluence with River Avon.
54116,Frome,Chalford,Frome at Chalford,GB-GBN,391049,202805,57.5,178.9,51.723892634178306,-2.13098568,EA-WM,EA,2617,"Flat V shaped weir with tube mounted cabinet housing shaft encoder and outstation. This site replaced a previous level only site called Golden Valley. The site is located at the headwaters of the River Frome and is one of four valleys which ultimately meet at Stroud. The catchment is largely agricultural, with the site itself located in a steep sided valley. Gauge is used for water resources, but mainly the gauge is operated for flood warning purposes due to the potential for flooding in Chalford and further downstream. The site lies approximately, 5.3km upstream of the Brimscombe gauge."
54117,Stour,Puxton,Stour at Puxton,GB-GBN,382840,277420,,31,52.39452718135486,-2.253602689,EA-WM,EA,2267,"Sidelooker ADCP device is located downstream of a culvert with associated telemetry outstation located in building nearby. Originally opened in 2004 as a level only site, due to landownership problems with local flow site Callows Lane, Puxton is to be the replacement primary flow measurement on the Stour. Further upstream is a flood storage area."
54118,Stour (Warks),Wimpstone,Stour (Warks) at Wimpstone,GB-GBN,421343,249236,,40,52.14100976581301,-1.689550301,EA-WM,EA,2200,"Open channel site located in arched bridge culvert, with bed-mounted ADCP for index velocity meausurement. Opened March 2010 as a replacement site for Alscot Park (54010) 1.6km downstream."
54119,Severn,Upper Hafren,Severn at Upper Hafren,,,,,,,,CEHW,CEH,,
54159,Banwy,Llanerfyl,Banwy at Llanerfyl,GB-GBN,303000,309700,,,52.676289644706145,-3.436106568,,,,
54242,Clywedog,Clywedog Dam,Clywedog at Clywedog Dam,GB-GBN,291400,286700,,,52.4674022,-3.600062156,,,,
54301,Perry,Rednal Mill,Perry at Rednal Mill,GB-GBN,337300,329300,,,52.857522436380826,-2.932646111,,,,
54302,Roden,Northwood,Roden at Northwood,GB-GBN,346200,333400,20.9,,52.89533999402254,-2.801160147,,,,
54303,Roden,Aston,Roden at Aston,GB-GBN,353000,328700,79.4,,52.85373207126994,-2.699409502,,,,
54304,Sleap Brook,Ruewood,Sleap Brook at Ruewood,GB-GBN,,,47.2,,,,,,,
54306,Neese,Great Bolas,Neese at Great Bolas,GB-GBN,364800,320700,,,52.78272276410543,-2.523319775,,,,
54309,Smestow Brook,Priestwood,Smestow Brook at Priestwood,GB-GBN,386100,286500,,,52.476249257844124,-2.206076159,,,,
54325,Heath Brook,Heath,Heath Brook at Heath,GB-GBN,362700,328800,3,,52.85539234727894,-2.555380949,,,,
54327,Allford Brook Upper,Allford Upper,Allford Brook Upper at Allford Upper,GB-GBN,,,47,,,,,,,
54328,Welsh Bridge,Severn,Welsh Bridge at Severn,GB-GBN,348880,312730,,,52.70980617632052,-2.758087727,,,2077,
54329,Bridgnorth,Severn,Bridgnorth at Severn,GB-GBN,371890,293110,,,52.53512122,-2.415844195,,,2180,
54330,Worcester,Severn,Worcester at Severn,GB-GBN,384014,256544,,,52.20688447499361,-2.235351962,,,2642,
54331,Gloucester,Severn,Gloucester at Severn,GB-GBN,382687,218488,,,51.864699721693036,-2.252831191,,,2165,
54332,Ludlow Teme,Teme,Ludlow Teme at Teme,GB-GBN,351990,274240,,,52.36409806497318,-2.706481447,,,2625,
54333,Hereford Bridge,Wye,Hereford Bridge at Wye,GB-GBN,350568,239430,,,52.05104146633085,-2.722268494,,,55807,
54334,Ross on Wye,Wye,Ross on Wye at Wye,GB-GBN,359682,224254,,,51.91534539997778,-2.587580663,,,55817,
54335,Upper Pound,Avon,Upper Pound at Avon,GB-GBN,389450,233390,,,51.99885038547692,-2.155078855,,,2098,
54803,Severn,Diglis Lock,Severn at Diglis Lock,GB-GBN,384700,253500,5130,,52.179537532960545,-2.225174879,,,,
54811,Little Avon,Wickwar,Little Avon at Wickwar,GB-GBN,372900,188800,23.8,48,51.59738645693049,-2.392637485,EA-WX,EA,,
54812,Ozleworth,Alderly,Ozleworth at Alderly,GB-GBN,,,,,,,BWW,BWW,,
54813,Little Avon,Damery,Little Avon at Damery,GB-GBN,370900,194100,89,19.5,51.644938744445156,-2.421952619,EA-WX,EA,,
54818,Roden,Northwood,Roden at Northwood,GB-GBN,346200,333400,20.9,84,52.89533999402254,-2.801160147,EA-WM,EA,,
54819,Roden,Aston,Roden at Aston,GB-GBN,353000,328700,79.4,71,52.85373207126994,-2.699409502,EA-WM,EA,,
54820,Sleap Brook,Ruewood,Sleap Brook at Ruewood,GB-GBN,349800,327500,47.2,78,52.84265621232527,-2.746741176,EA-WM,EA,,
54821,Heath Brook,Heath,Heath Brook at Heath,GB-GBN,362700,328800,3,65,52.85539234727894,-2.555380949,EA-WM,EA,,
54822,Allford Brook,Allford Upper,Allford Brook at Allford Upper,GB-GBN,366800,324000,4.7,,52.812514049948035,-2.494004944,EA-WM,EA,,
54824,Teme,Broadwas,Teme at Broadwas,GB-GBN,375300,244300,1489.25,65,52.096484006130936,-2.361972947,,,,
54825,Teme,Bransford Bridge,Teme at Bransford Bridge,GB-GBN,,,1579.9,,,,,,,
54827,Teme,Llanvair Waterdine,Teme at Llanvair Waterdine,GB-GBN,,,91.1,,,,,,,
54880,Severn,Llanidloes,Severn at Llanidloes,GB-GBN,295400,284800,,159.8,52.451109152683244,-3.540607874,,,,
54881,Severn,Bewdley Recorder,Severn at Bewdley Recorder,GB-GBN,377600,278300,4325,29,52.40224789,-2.330665836,EA-WM,EA,,
54885,Severn,The Mythe (Tewkesbury),Severn at The Mythe (Tewkesbury),GB-GBN,388900,233700,6975,10,52.00162665221273,-2.163100117,EA-WM,EA,,
54887,Teme,Leintwardine,Teme at Leintwardine,GB-GBN,340400,273900,439.57,119.5,52.35990147647163,-2.876607891,EA-WM,EA,2132,
54906,Stour (Worcs),Kidderminster Gilt Edge,Stour (Worcs) at Kidderminster Gilt Edge,GB-GBN,382900,276800,324,,52.38895527,-2.252689093,EA-WM,EA,2006,Replaced by 54006 Kidderminster Callows Lane. Chart only with cableway. Recorder situated on upstream face of a twin box culvert.
54907,Arrow,Broom,Arrow at Broom,GB-GBN,408600,253600,319,,52.18058669049903,-1.87564203,EA-WM,EA,2007,Up to 1976 rated section; not rated above bankfull when extensive inundation occurred. Replaced in 1976 by 54007 Broom (New) - a crump profile weir with a higher containment capacity. There is a wide floodplain on the right bank (~200m) and a bypass channel on the left bank.
55001,Wye,Cadora,Wye at Cadora,GB-GBN,353500,209000,4040,8.8,51.77772418157861,-2.675396434,NRW,NRW,,Station opened in 1936 but recorder was situated 1 mile upstream at railway bridge. Station closed and replaced by Redbrook (55023) in October 1969 as flows were tidally affected. Removed from peak flows dataset in September 2019 (WINFAP Files v8).
55002,Wye,Belmont,Wye at Belmont,GB-GBN,348500,238799,1895.9,46.3,52.04518013540897,-2.752327628,EA-WM,EA,055002,"Channel control velocity-area station, width at bankfull approx. 49 m; cableway span 62 m. Embankment constructed in 1966 on the left extends flood containment."
55003,Lugg,Lugwardine,Lugg at Lugwardine,GB-GBN,354871,240585,885.8,44.9,52.06179292042225,-2.659676484,EA-WM,EA,055003,Velocity area station with cableway (27.5m between stanchions). Width at bankfull is 16m. Flows over right bank at 2.50m onto wide floodplain with considerable storage. Station for flood warning purposes only from Jul 1982 to Dec 1989. Reinstated as flow monitoring station from Jan 1990. Removed from peak flows dataset in April 2017 (WINFAP Files v5).
55004,Irfon,Abernant,Irfon at Abernant,GB-GBN,289048,246014,72.8,184.4,52.10129905927274,-3.621263584,NRW,NRW,055004,"Velocity area station. Approx width at bankfull stage is 20m. Long record, downgraded in 1982 to flood warning station only."
55005,Wye,Rhayader,Wye at Rhayader,GB-GBN,296900,267600,166.8,195,52.29681870871527,-3.513249556,NRW,NRW,,Velocity area station. Closed and replaced by Ddol Farm (55026) in Oct 1969 which has higher banks and is more contained.
55006,Elan,Caban Coch Reservoir,Elan at Caban Coch Reservoir,GB-GBN,292600,264500,184,251,52.26813479,-3.575289487,NRW,NRW,,
55007,Wye,Erwood,Wye at Erwood,GB-GBN,307580,244490,1282.1,112.1,52.09101148605088,-3.350380452,NRW,NRW,055007,"A velocity-area station with a large rock bar as a control. Bankfull width approx. 64m. Stable section. The station was demolished and re-constructed through 2006/2007, completed in February 2007, the left bank was also re-profiled slightly."
55008,Wye,Cefn Brwyn,Wye at Cefn Brwyn,GB-GBN,282915,283683,10.5,341,52.43853648128565,-3.723846032,CEHW,CEH,,"3-bay Crump profile weir (no divide piers), divide plates installed 1962; concrete piers built 1969. Operated as an experimental basin by IH/UKCEH since 1968."
55009,Monnow,Kentchurch,Monnow at Kentchurch,GB-GBN,341900,225100,357.4,57.6,51.921375924945536,-2.846225936,NRW,NRW,,"Velocity area station. l/b is high and steep, r/b has floodplain at 2.44m. Closed and replaced by Grosmont (55029) in Apr 1972. Station removed from peak flows dataset in August 2024 (WINFAP Files v13)."
55010,Wye,Pant Mawr,Wye at Pant Mawr,GB-GBN,284418,282504,27.2,309.9,52.42826211002256,-3.701338088,NRW,NRW,055010,Velocity area station. Informal rock bar control. Station in headwaters of Wye catchment. Flood warning only from July 1982.
55011,Ithon,Llandewi,Ithon at Llandewi,GB-GBN,310458,268284,111.4,230.1,52.305346408912975,-3.314682243,NRW,NRW,055011,Velocity area station. Natural river section. Approx width at bankfull stage is 18m. Used as a flood warning station only from 1982. Removed from peak flows dataset in September 2019 (WINFAP Files v8).
55012,Irfon,Cilmery,Irfon at Cilmery,GB-GBN,299507,250766,244.2,136.3,52.14600874478388,-3.47002917,NRW,NRW,055012,"Velocity area station, initially with a gravel shoal control. Improved in 1977 by installing a 25m wide Crump profile Flat V weir."
55013,Arrow,Titley Mill,Arrow at Titley Mill,GB-GBN,332821,258500,126.4,129,52.22059410415232,-2.984807653,EA-WM,EA,055013,"Velocity area station. Low flow control is a stable riffle; otherwise a three-bay road bridge 50m d/s is the control. Approx bankfull width is 13.25m. Bankfull on RHB is 2.5m, LHB is 2.0m. Cableway span is 21m."
55014,Lugg,Byton,Lugg at Byton,GB-GBN,336432,264689,203.3,124.1,52.27665705457093,-2.933123297,EA-WM,EA,055014,"Flat V weir Crump profile weir, 1:20 cross-slopes, 12.5m wide constructed in 1971. Pre-1971, station was natural river section with stable riffle control. Above 2m left bank overtopped, right bank is steep cliff."
55015,Honddu,Tafolog,Honddu at Tafolog,GB-GBN,327668,229443,25.1,253.1,51.95874644356187,-3.054050865,NRW,NRW,055015,"Velocity area station. Natural river section. First station with flat V weir opened 55m d/s of current site in 1954. Station closed August 1982 to January 1992. Station downgraded to level-only for flood warning in July 1982. Status upgraded in 2010, with flows from 2005. Non-standard control means flows should be viewed with caution. Removed from peak flows dataset in September 2019 (WINFAP Files v8)."
55016,Ithon,Disserth,Ithon at Disserth,GB-GBN,302455,257784,358,149.5,52.209612986003364,-3.428982226,NRW,NRW,055016,"Flat V Crump profile weir, replaced velocity-area station with channel control in October 1972. Station is used for flood warning."
55017,Chwefru,Carreg-y-wen,Chwefru at Carreg-y-wen,GB-GBN,299800,253100,29,151.4,52.16703887446751,-3.466438189,NRW,NRW,,Natural river section with Flat V weir (date of installation vague - Nov 1972 or Feb 1974). lb is high and steep. Extensive floodplain on right above 2.2m. Station closed in 1982. Removed from peak flows dataset in September 2019 (WINFAP Files v8).
55018,Frome,Yarkhill,Frome at Yarkhill,GB-GBN,361482,242705,144,55.4,52.081352506832694,-2.563492134,EA-WM,EA,055018,"Velocity area station using a road bridge with a flat, insensitive invert and an adjacent box culvert as low and medium range controls. Approx bankfull stage width is 12m. Broad floodplains operate above 2m when the Lodon tributary may bypass station via Watery Lane on right bank. Floodplain on left bank (above 2.5m) is very wide (1/2 mile)."
55019,Gamber Brook,Kilbreece,Gamber Brook at Kilbreece,GB-GBN,352900,223500,30.3,52.1,51.90803311231629,-2.686072028,EA-WM,EA,,"Flat-V weir built in May 1969, only operational for two years: 1972-74. Demolished in the early 1980's."
55020,Pinsley Brook,Cholstrey Mill,Pinsley Brook at Cholstrey Mill,GB-GBN,346166,259900,24.2,77.3,52.23464802522983,-2.78970498,EA-WM,EA,055020,"Flat V weir width with 1:5 downstream, 1:2 upstream and 1:5 cross stream slopes. The structure is 10m long and 2m wide with 1m high side walls. The station is located on the left bank of the Pinsley Brook, some 3km u/s from the confluence with the River Lugg."
55021,Lugg,Butts Bridge,Lugg at Butts Bridge,GB-GBN,350208,258942,371,67.1,52.22641720564578,-2.730382419,EA-WM,EA,055021,Velocity area station with rough stone control (at low flows) providing flood warning station. Station rebuilt in 1984. Width at bankfull is 21m. Stanchion span is 24m.
55022,Trothy,Mitchel Troy,Trothy at Mitchel Troy,GB-GBN,350247,211226,142,16.2,51.79745619113745,-2.722863066,NRW,NRW,055022,"Velocity area station, informal Flat V weir installed 1975 as a low flow control. Bankfull width approx 10 m. Level only station since 1982 for flood warning purposes."
55023,Wye,Redbrook,Wye at Redbrook,GB-GBN,352769,211077,4010,9.2,51.79633582649559,-2.686274521,NRW,NRW,055023,"Channel control velocity-area station replacing Cadora (55001, 1937-71; 4040 sq.km. which was tidally affected; flows incorporated in the Redbrook series). Width at bankfull stage approx 69m."
55025,Llynfi,Three Cocks,Llynfi at Three Cocks,GB-GBN,316611,237596,132,87.9,52.030480644657366,-3.216911805,NRW,NRW,055025,Velocity area station; informal broad-crested. Asymmetrical Flat V weir enhancing the natural rock bar control. Approx. width at bankfull stage is 16m.
55026,Wye,Ddol Farm,Wye at Ddol Farm,GB-GBN,297580,267584,174,192.8,52.29680224708838,-3.503277103,NRW,NRW,055026,Velocity area station with rock bar as control. Informal Flat V installed 1972. Station replaced 55005 Rhayader Groe (1937-69). Bankfull width 30m. No wingwalls/structure.
55027,Rudhall Brook,Sandford Bridge,Rudhall Brook at Sandford Bridge,GB-GBN,364065,225717,13.2,67.1,51.928799385522396,-2.524013579,EA-WM,EA,,Flat V Crump profile weir.
55028,Frome,Bishops Frome,Frome at Bishops Frome,GB-GBN,366665,248863,77.7,75.7,52.13705158506851,-2.488466684,EA-WM,EA,055028,"Flat V Crump profile weir 5m wide, replaced velocity-area station in 1975. Cableway span 10m."
55029,Monnow,Grosmont,Monnow at Grosmont,GB-GBN,341609,224831,354,58,51.91892716,-2.850411085,NRW,NRW,055029,Velocity area station with an informal Flat V weir enhancing the natural rock step control 200m d/s. Approx. 30m wide at bankfull.
55030,Claerwen,Dol-y-mynach,Claerwen at Dol-y-mynach,GB-GBN,291000,262000,95.3,256,52.24535267629551,-3.597918559,NRW,NRW,,"Two sharp edged weirs, approx 22m each, constructed to monitor runoff from the partially completed Dol-y-Mynach dam. Total width approx 120m. Construction of the dam was abandoned, but it resulted in a storage of around 0.1 sq km. NRW have no records for this station. No HIF series. Station discontinued in 1950."
55031,Yazor Brook,Three Elms,Yazor Brook at Three Elms,GB-GBN,349122,241454,42.3,57.9,52.069105748936884,-2.743655524,EA-WM,EA,055031,"Flat V weir, theoretically rated, replaced, in 1999, non-standard Flat V Crump (1:5 cross-slopes, 2.5m wide)."
55032,Elan,Caban Dam,Elan at Caban Dam,GB-GBN,292817,264605,184,209.7,52.26912079384065,-3.572144201,NRW,NRW,055032,"Flat V Crump profile weir; 23m wide, 350m d/s of Caban dam. Used as a flood warning station. Caban gauging station is located on the left hand bank of the river Elan with 40m span cableway."
55033,Wye,Gwy flume,Wye at Gwy flume,GB-GBN,282420,285372,3.88,405,52.45360731025631,-3.73171962,CEHW,CEH,,"Rectangular, side contracted critical depth flume designed by Hydraulics Research Ltd, suitable for streams with steep gradients, heavy sediment loads and high flood/drought flow ratios. Catchment nested within Cefn Brwyn (55008). Primary 15 minute dataset available."
55034,Cyff,Cyff flume,Cyff at Cyff flume,GB-GBN,282425,284187,3.07,356,52.44296009978341,-3.73122836,CEHW,CEH,,"Rectangular, side contracted critical depth flume designed by Hydraulics Research Ltd, suitable for streams with steep gradients, heavy sediment loads and high flood/drought flow ratios. Catchment nested within Cefn Brwyn (55008). Primary 15 minute dataset available."
55035,Iago,Iago flume,Iago at Iago flume,GB-GBN,282526,285402,1.08,386,52.45389971253603,-3.730171081,CEHW,CEH,,"Rectangular, side contracted critical depth flume designed by Hydraulics Research Ltd, suitable for streams with steep gradients, heavy sediment loads and high flood/drought flow ratios. Catchment nested within Cefn Brwyn (55008). Primary 15 minute dataset available."
55036,Garren,Marstow Mill,Garren at Marstow Mill,GB-GBN,356017,219344,91,26,51.8709249,-2.640233839,EA-WM,EA,055036,"A Velocity-Area station until 21/12/1997, ultrasonic time of flight (ToF) flow measurement until 14/08/2012 and then Acoustic Doppler flow measurement. New ultrasonic ToF flow meter installed and operational from 12/07/2022 until present. Periods of record replaced with rated flow during times when flow meter is unreliable. Immediately upstream of former mill in concrete-sided mill leat and just downstream of a side weir which operates during high flow conditions. Primarily for low flow measurement."
55303,Lugg,Lugg Mill,Lugg at Lugg Mill,GB-GBN,354900,240700,885.8,,52.062829138276875,-2.65926874,EA-WM,EA,,
55809,Elan,Craig Goch Dam,Elan at Craig Goch Dam,GB-GBN,,,55.44,,,,,,,
55812,Wye,Glyn Weir,Wye at Glyn Weir,GB-GBN,296700,265800,,,52.28060431740972,-3.515628816,,,,
56001,Usk,Chainbridge,Usk at Chainbridge,GB-GBN,334606,205591,911.7,22.6,51.745185246930546,-2.94857815,NRW,NRW,056001,"Velocity area station; 45m wide, straight and uniform cross section."
56002,Ebbw,Rhiwderin,Ebbw at Rhiwderin,GB-GBN,325868,188879,216.5,30.6,51.59386093549779,-3.071566363,NRW,NRW,056002,"Originally natural section, low flow Flat V weir installed in 1976, refurbished in 1996. Location may also be referred to as Rhiwderyn."
56003,Honddu,The Forge Brecon,Honddu at The Forge Brecon,GB-GBN,305100,229700,62.1,143.9,51.95765834068645,-3.382461188,NRW,NRW,056003,Three-bay compound crump weir built in 1963 replacing problematic river section that was affected by bed scour and siltation of intake pipe and closed in 1960. Station discontinued 1984.
56004,Usk,Llandetty,Usk at Llandetty,GB-GBN,312660,220398,543.9,103.6,51.87528670022552,-3.270111004,NRW,NRW,056004,"Velocity area station, natural river section. Downgraded to a flood warning level-only station in October 1985. Relocated 50m d/s and upgraded in Oct 1999."
56005,Lwyd,Ponthir,Lwyd at Ponthir,GB-GBN,332964,192432,98.1,14.9,51.626692982493566,-2.969825648,NRW,NRW,,"Compound Crump weir (three crests, each 6.096m wide). Level-only station since July 1998, closed in 2010. Replaced by Ponthir Star Industrial Estate 200m d/s. Removed from peak flows dataset in September 2019 (WINFAP Files v8)."
56006,Usk,Trallong,Usk at Trallong,GB-GBN,294726,229547,183.8,166,51.95441403636608,-3.533328512,NRW,NRW,056006,Velocity area station in a straight reach. Situated in a valley with narrow floodplain bounded by moderately sloping hillsides. Gravel bed control associated with a rock exposure. Approx channel width is 31m. The approach is through buttresses of road bridge and an abandoned railway bridge. De-rated to level only in 1984 due to instability at high flows; now used as a flood warning facility.
56007,Senni,Pont-Hen-Hafod,Senni at Pont-Hen-Hafod,GB-GBN,292826,225467,19.9,219.6,51.917381944307145,-3.559693361,NRW,NRW,056007,"Flat V Crump weir (width 7.01m) from Dec 1997; previously standard Crump weir. Concrete side walls form a contained approach to the weir, starting from road bridge approx 10 m u/s. Removed from peak flows dataset in September 2019 (WINFAP Files v8)."
56008,Monks Ditch,Llanwern,Monks Ditch at Llanwern,GB-GBN,337200,188500,15.4,7.9,51.59183325335536,-2.907933575,NRW,NRW,,
56009,Nant Bran,Pont-ar-Fran,Nant Bran at Pont-ar-Fran,GB-GBN,298500,229700,,,51.956491514391594,-3.478475631,,,,
56010,Usk,Trostrey Weir,Usk at Trostrey Weir,GB-GBN,335841,204208,927.2,20.4,51.73289523660096,-2.930437304,NRW,NRW,056010,"Crump weir. From March 2002, station became complementary low flow station to Usk at 56001 Chain Bridge. Hence gauged daily flows often missing above a threshold."
56011,Sirhowy,Wattsville,Sirhowy at Wattsville,GB-GBN,320600,191200,76.1,68.7,51.61400662757529,-3.148125692,NRW,NRW,056011,Crump profile Flat V weir. Station closed in 1983.
56012,Grwyne,Millbrook,Grwyne at Millbrook,GB-GBN,324054,217590,82.2,82.7,51.851715277272625,-3.104018607,NRW,NRW,056012,"Crump weir of reinforced concrete and local stone with phosphor bronze crest, 10.67m wide."
56013,Yscir,Pont-Ar-Yscir,Yscir at Pont-Ar-Yscir,GB-GBN,300348,230405,62.8,161.2,51.96316256056383,-3.451796996,NRW,NRW,056013,"Crump weir with aluminium-bronze crest, width 9m."
56014,Usk,Usk Reservoir,Usk at Usk Reservoir,GB-GBN,283989,229047,17,267.2,51.94778249079064,-3.689331569,NRW,NRW,056014,
56015,Olway Brook,Olway Inn,Olway Brook at Olway Inn,GB-GBN,338475,201090,105.1,15,51.70516014371429,-2.891749743,NRW,NRW,056015,"Crump weir, 4.0m wide. Removed from peak flows dataset in September 2019 (WINFAP Files v8)."
56016,Caerfanell Outfall,Talybont Reservoir,Caerfanell Outfall at Talybont Reservoir,GB-GBN,310400,220600,32.4,142.8,51.876743428779946,-3.30298332,NRW,NRW,,Compound thin-plate weir immediately d/s of Talybont reservoir; a compensation flow station.
56017,Lwyd,Pontnewynydd,Lwyd at Pontnewynydd,GB-GBN,327400,201900,42.5,141,51.71111583486068,-3.052162066,NRW,NRW,,
56018,Sirhowy,Shon Sheffrey,Sirhowy at Shon Sheffrey,GB-GBN,313100,211400,13.5,354,51.79447464421422,-3.261458455,NRW,NRW,,
56019,Ebbw,Aberbeeg,Ebbw at Aberbeeg,GB-GBN,320975,201467,71.7,149,51.70635387035254,-3.145035552,NRW,NRW,056019,"Non-standard weir. Station rebuilt in 2014/15, located closer to bank than previous station. Station removed from peak flows dataset in August 2024 (WINFAP Files v13)."
56028,Lwyd,Ponthir Star,Lwyd at Ponthir Star,GB-GBN,333244,192327,,,51.625782379677766,-2.965761227,NRW,NRW,056028,Constructed in 2007 to replace the Ponthir Weir site (56005) located upstream. Data collection began November 2007.
57001,Taf Fechan,Taf Fechan Reservoir,Taf Fechan at Taf Fechan Reservoir,GB-GBN,306000,211700,33.7,297.9,51.79602161022849,-3.364460002,NRW,NRW,057016,Station measuring reservoir outflows.
57002,Taf Fawr,Llwynon Reservoir,Taf Fawr at Llwynon Reservoir,GB-GBN,301186,211166,43,236.3,51.79039116246501,-3.434090595,NRW,NRW,057817,Reservoir outflows.
57003,Taff,Tongwynlais,Taff at Tongwynlais,GB-GBN,313165,181810,486.9,23.8,51.52849880447083,-3.253154841,NRW,NRW,,Natural river section with bed control. Channel width approx 40m. Station closed 1972. Telemetry installed in 1999 and site opened as a flood warning station. Removed from peak flows dataset in September 2019 (WINFAP Files v8). Main station at 57005 Pontypridd.
57004,Cynon,Abercynon,Cynon at Abercynon,GB-GBN,307940,195652,106,81.2,51.65209440206187,-3.332089543,NRW,NRW,057004,Flat V weir from June 1966 - channel control at high flows. Located 900m upstream of confluence with Taff. Station opened Sept 1957 as rated section.
57005,Taff,Pontypridd,Taff at Pontypridd,GB-GBN,307924,189715,454.8,45.1,51.598725041162076,-3.330758019,NRW,NRW,057005,Non-standard flat V weir.
57006,Rhondda,Trehafod,Rhondda at Trehafod,GB-GBN,305283,190946,100.5,68.3,51.60935171908652,-3.369209218,NRW,NRW,057006,Originally opened Sep 1968 as open channel. Velocity area station formalised concrete trapezoidal channel (constructed Dec 1980 - Sept 1981).
57007,Taff,Fiddlers Elbow,Taff at Fiddlers Elbow,GB-GBN,308920,195153,194.5,82.5,51.64776879087247,-3.317797968,NRW,NRW,057007,Flat V weir with concrete side walls.
57008,Rhymney,Llanedeyrn,Rhymney at Llanedeyrn,GB-GBN,322422,182122,178.7,11.8,51.532653197512396,-3.119809335,NRW,NRW,057008,"Flat V weir with vertical side walls, velocity area station for high flows."
57009,Ely,St Fagans,Ely at St Fagans,GB-GBN,312103,177055,145,11,51.48559039655737,-3.267273251,NRW,NRW,057009,"Flat V weir with concrete side walls, velocity area station for high flows."
57010,Ely,Lanelay,Ely at Lanelay,GB-GBN,303359,182684,39.4,46,51.53475989795165,-3.394709654,NRW,NRW,057010,Velocity area station with standard Flat V weir.
57011,Blaen Taf Fawr,Beacons Reservoir,Blaen Taf Fawr at Beacons Reservoir,GB-GBN,298700,219300,5.1,413,51.86305434848816,-3.472504837,NRW,NRW,,
57012,Garwnant,Llwynon Reservoir,Garwnant at Llwynon Reservoir,GB-GBN,300400,212900,4.31,272,51.805837046429815,-3.445981403,NRW,NRW,,
57014,Rhymney,Bargoed,Rhymney at Bargoed,GB-GBN,315596,198381,63.2,617,51.67782898850468,-3.222113421,NRW,NRW,057014,"Bargoed gauging station (previously called Gilfach Bargoed) opened in 1967, measuring stage in a natural river section; a weir was constructed in 1975 and a cableway added in 1977. The rating was unstable due to silting and, from 1986, the station operated as a flood warning station only. A new gauging station with a flat V weir was constructed in 2001, 30m u/s of the original site. Still used as flood warning station."
57015,Taff,Merthyr Tydfil,Taff at Merthyr Tydfil,GB-GBN,304308,206814,104.1,170.6,51.751817023292396,-3.387639267,NRW,NRW,057015,Flat V weir; velocity area station for high flows.
57016,Taf Fechan,Pontsticill,Taf Fechan at Pontsticill,GB-GBN,305995,211529,33.8,295.2,51.794483742943704,-3.364486077,NRW,NRW,,"Flat V weir just d/s of Pontsticill Reservoir. Records compensation water and spill flows from Pontsticill PWS reservoir, (see station 57001)."
57017,Rhondda Fawr,Tynewydd,Rhondda Fawr at Tynewydd,GB-GBN,293259,198687,16.6,188.6,51.67677419285992,-3.545148344,NRW,NRW,057809,Flat V weir in good condition with fish baffles on d/s slope. Channel is 7.35m wide. Flood warning station.
57802,Mychyd,Ynys-y-Plwm,Mychyd at Ynys-y-Plwm,GB-GBN,303800,184300,15.4,,51.54936113542906,-3.388795829,,,,
57803,Clun,Cross Inn,Clun at Cross Inn,GB-GBN,305300,182400,25.9,47.9,51.53253639342815,-3.366657575,NRW,NRW,,Natural river section. Station closed in 1980. Removed from peak flows dataset in September 2019 (WINFAP Files v8).
57804,Rhymney,Gilfach Bargoed,Rhymney at Gilfach Bargoed,GB-GBN,315700,198400,63.2,,51.67801542252687,-3.220614255,,,,
57902,Ely,St Fagan's,Ely at St Fagan's,GB-GBN,312500,177100,146,,51.48605656039616,-3.261568367,,,,
58001,Ogmore,Bridgend,Ogmore at Bridgend,GB-GBN,290379,179437,158,13.8,51.503202135088216,-3.580764873,NRW,NRW,058001,Velocity area station with Flat V weir (installed in July 1975). Channel width: 20m.
58002,Neath,Resolven,Neath at Resolven,GB-GBN,281529,201698,190.9,15.1,51.70148066158548,-3.715739627,NRW,NRW,058002,Flat V weir (installed in 1978); channel width: 28m.
58003,Ewenny,Ewenny Priory,Ewenny at Ewenny Priory,GB-GBN,291394,177981,62.9,8.3,51.49031161132028,-3.565698481,NRW,NRW,,Velocity area station. Closed in 1965. Superseded in 1971 by Flat V weir d/s at 58009 Keeper's Lodge.
58004,Afan,Cwmafan,Afan at Cwmafan,GB-GBN,279109,192976,81.5,41.1,51.622579326683905,-3.747721345,NRW,NRW,058S0014W,Velocity area station with an informal control (sewage pipe crossing). Fully functional station. NRFA station name changed in 2013 from Cwmavon to Cwmafan for consistency with NRW spelling. Station closed in 1970s but reopened in 1989 at the site of the original auxiliary gauge as a level-only station - around 1.5km u/s of the main gauge location at Cwmafan (1961-1977).
58005,Ogmore,Brynmenyn,Ogmore at Brynmenyn,GB-GBN,290368,184425,74.3,43.1,51.54803211,-3.582477227,NRW,NRW,058005,Flat V weir; velocity area station for high flows. Channel width is 13.7m.
58006,Mellte,Pontneddfechan,Mellte at Pontneddfechan,GB-GBN,291491,208183,65.8,86.4,51.761782625599146,-3.573668898,NRW,NRW,058006,Flat V weir and velocity area station; channel width 15m.
58007,Llynfi,Coytrahen,Llynfi at Coytrahen,GB-GBN,289076,185478,50.2,49.9,51.557243581449264,-3.601434741,NRW,NRW,058007,Flat V weir and velocity area station. Bankfull channel width 9.1m.
58008,Dulais,Cilfrew,Dulais at Cilfrew,GB-GBN,277850,200761,43,42.1,51.692270548571685,-3.768621402,NRW,NRW,058008,Compound Crump weir and Flat V weir. Weir like-for-like refurbished in 2017. Sewage discharges and hydro-electric power scheme affect runoff.
58009,Ewenny,Keepers Lodge,Ewenny at Keepers Lodge,GB-GBN,291991,178217,62.5,8.3,51.492547287477414,-3.557175309,NRW,NRW,058009,Flat V weir. Channel width 12.25m.
58010,Hepste,Esgair Carnau,Hepste at Esgair Carnau,GB-GBN,296954,213333,11,330,51.809103635415894,-3.496072286,NRW,NRW,058010,Velocity area station with Flat V weir. Channel width 7m.
58011,Thaw,Gigman Bridge,Thaw at Gigman Bridge,GB-GBN,301738,171662,49.2,7.3,51.43540591188947,-3.415001843,NRW,NRW,058011,Originally designed as a temporary station; Flat V Weir structure replaced non-standard bed control weir in April 1999; velocity-area calibration was based on gaugings from bridge u/s.Removed from peak flows dataset in September 2019 (WINFAP Files v8).
58012,Afan,Marcroft Weir,Afan at Marcroft Weir,GB-GBN,277124,190976,87.8,17.8,51.60417511728047,-3.775679055,NRW,NRW,058012,Non-standard compound Crump profile weir. Channel width: 17.2m.
58113,Crynant STW,Crynant,Crynant STW at Crynant,GB-GBN,278900,204000,,,51.72160689267675,-3.754564305,,,,
59001,Tawe,Ynystanglws,Tawe at Ynystanglws,GB-GBN,268553,199798,227.7,9.3,51.68151523031973,-3.902686925,NRW,NRW,059001,Velocity area station.
59002,Loughor,Tir-y-dail,Loughor at Tir-y-dail,GB-GBN,262330,212672,46.4,30.7,51.795704204841726,-3.997738097,NRW,NRW,059002,Velocity area station with bed control (crude oblique Crump weir) built over sewer crossing.
59004,Twrch,Gurnos,Twrch at Gurnos,GB-GBN,277252,209295,49.89,,51.76883309,-3.780280325,NRW,NRW,059S0405W,"An open-channel velocity area station opened in 1995, located on the upstream face of the road bridge in Ystalyfera. Station added to peak flows dataset in September 2020 (WINFAP Files v9). Station re-numbered from 60017 to 59003 in February 2023 (WINFAP Files v11.1) to correct the Hydrometric Area, and to 59004 in August 2024 (WINFAP Files v13)."
60001,Tywi,Ty Castell,Tywi at Ty Castell,GB-GBN,249144,220397,1087.8,7.2,51.861705350728194,-4.192171131,NRW,NRW,060001,Velocity area high flow station - only peak flows data is on NRFA. Low flows measured d/s at 60010 (Capel Dewi). Channel width: 42m. Natural open-channel section within a straight reach of river.
60002,Cothi,Felin Mynachdy,Cothi at Felin Mynachdy,GB-GBN,250870,222490,297.8,16.1,51.88097406964828,-4.168029801,NRW,NRW,060002,Velocity area station. Straight reach and natural rock control. Channel width: 20m.
60003,Taf,Clog-y-Fran,Taf at Clog-y-Fran,GB-GBN,223831,216034,217.3,9.3,51.815096297733305,-4.557182418,NRW,NRW,060003,Velocity area station. Channel width: 13.9m. Site used for flood forecasting and drought trigger.
60004,Dewi Fawr,Glasfryn Ford,Dewi Fawr at Glasfryn Ford,GB-GBN,228982,217489,36.67,10.2,51.829766493823634,-4.483249925,NRW,NRW,060004,"Velocity area station, constructed in opening of railway embankments where railway bridge crosses river. Channel width 7m. Ford 10m d/s. Discontinued at end of 1983, reinstated in Apr 1990. Removed from peak flows dataset in September 2019 (WINFAP Files v8)."
60005,Bran,Llandovery,Bran at Llandovery,GB-GBN,277129,234341,66.8,64.6,51.99388197794858,-3.790987618,NRW,NRW,060005,"Flat V weir for low flows, Ultrasonic installed in Dec 1995. Replaced velocity-area station with records from 1968, bed control installed 1972. Channel width: 7.5m. Station removed from peak flows dataset in August 2024 (WINFAP Files v13)."
60006,Gwili,Glangwili,Gwili at Glangwili,GB-GBN,243036,221947,129.5,7.5,51.87394444644473,-4.281503352,NRW,NRW,060006,Velocity area station. Channel width: 15.5m.
60007,Tywi,Dolau Hirion,Tywi at Dolau Hirion,GB-GBN,276187,236244,231.8,68.9,52.01077336963861,-3.8053884,NRW,NRW,060007,"Velocity area station. Stable section with natural control and fairly steep and high banks; lb is 3.8m, rb is 4.5m. Channel width: 38m."
60008,Tywi,Ystradffin,Tywi at Ystradffin,GB-GBN,278559,247241,89.8,174.7,52.11012014886292,-3.774760028,NRW,NRW,060008,Crump weir. Site owned by Welsh Water. Station used principally to monitor compensation and regulated flows from Llyn Brianne Reservoir.
60009,Sawdde,Felin-y-cwm,Sawdde at Felin-y-cwm,GB-GBN,271212,226573,77.5,55.3,51.922737508634846,-3.87420367,NRW,NRW,060009,"Flat V Crump profile weir. Channel width: 13.7m. Weir built in 1970, replaced in Jun 2008-Sep 2009."
60010,Tywi,Capel Dewi,Tywi at Capel Dewi,GB-GBN,248509,220576,1090.4,7.8,51.86314138848953,-4.201463956,NRW,NRW,060010,"Flat V weir set in Crump profile flanking section. Channel width: 43m. NRFA station name changed in 2013 from Nantgaredig to Capel Dewi for consistency with MA nomenclature, though station may still be referred to as Nantgaredig on occasion. High flows measured u/s at 60001 Ty Castell."
60011,Gwendraeth Fach,Gwendraeth,Gwendraeth Fach at Gwendraeth,GB-GBN,241800,210300,,,51.76896145071932,-4.294118314,,,,
60012,Twrch,Ddol Las,Twrch at Ddol Las,GB-GBN,265023,243991,20.7,151.2,52.077777891291475,-3.971011486,NRW,NRW,060012,Velocity area station. Channel width 4.65m. Station closed Dec 1982 and re-opened Oct 1990.
60013,Cothi,Pont Ynys Brechfa,Cothi at Pont Ynys Brechfa,GB-GBN,253717,230111,261.6,54.5,51.95020046309223,-4.129937691,NRW,NRW,,River section with gravel bed. Station was a subsidiary to 60002 Felin Mynachdy. Station closed in 1981 after damage from Dec 1979 flood when station floor level was exceeded.
60015,Gwendraeth Fach,Llangyndeyrn,Gwendraeth Fach at Llangyndeyrn,GB-GBN,245483,213713,46.5,40,51.800653562164825,-4.242307582,NRW,NRW,060015,Station within Llangyndeyrn/Llangendeirne STW. Channel width approx 10m.
60016,Tywi,Manorafon,Tywi at Manorafon,GB-GBN,265740,223994,580.37,,51.89827003157648,-3.952721035,NRW,NRW,060016,Rated section. Channel width: 34.25m. Station added to peak flows dataset in September 2022 (WINFAP Files v11).
60802,Towy,Llandilo Yr Ynys (syn),Towy at Llandilo Yr Ynys (syn),GB-GBN,249100,220400,1090,9,51.86172039876488,-4.192810915,NRW,NRW,,
61001,Western Cleddau,Prendergast Mill,Western Cleddau at Prendergast Mill,GB-GBN,195402,217700,197.6,3.5,51.82036959980241,-4.9700452,NRW,NRW,061001,Velocity area station. Channel width: 10.5m.
61002,Eastern Cleddau,Canaston Bridge,Eastern Cleddau at Canaston Bridge,GB-GBN,207226,215292,183.1,4.9,51.80295080115102,-4.797370633,NRW,NRW,061002,Velocity area station; artificial control installed in 1974 in the form of a DCWW water pipe. Channel width: 17.4m.
61003,Gwaun,Cilrhedyn Bridge,Gwaun at Cilrhedyn Bridge,GB-GBN,200501,234913,31.3,70.3,51.97677471536852,-4.906128598,NRW,NRW,061003,"Velocity area station in straight reach, width: 7.0m. Station used for flood forecasting. Station removed from peak flows dataset in August 2024 (WINFAP Files v13) pending rating review."
61004,Western Cleddau,Redhill,Western Cleddau at Redhill,GB-GBN,194200,218400,197.6,5.8,51.82621321517467,-4.987876427,NRW,NRW,,"Velocity area station, 10.5m wide. Superseded Prendergast Mill (61001 - subject to tidal influence) between Jan 74 - May 90. , however, records now combined to form continuous record held as 61001."
61005,Western Cleddau,Treffgarne,Western Cleddau at Treffgarne,GB-GBN,195884,224275,,,51.87958201290672,-4.966944766,NRW,NRW,061005,"Treffgarne is constructed on the site of a fishing hut in Treffgarne Gorge. The record begins on 25/10/2013. The control structure at the site consists of an informal blockstone weir which provides adequate levels of sensitivity at low flows whilst maintaining a relatively stable section. The site is less suitable flow high flow monitoring due to highly vegetated banks. When flow is out-of-bank (~1.2m), this has a large effect on velocities and prevents on-site gaugings. Flows above 23 cumecs should be used with caution."
62001,Teifi,Glanteifi,Teifi at Glanteifi,GB-GBN,224419,241655,893.6,5.2,52.045405413220685,-4.561740473,NRW,NRW,062001,"Velocity area station. Straight reach, width: 35m. Natural control. Drought trigger site for DCWW."
62002,Teifi,Llanfair,Teifi at Llanfair,GB-GBN,243335,240655,510,66,52.04209418251045,-4.285699957,NRW,NRW,062002,Natural river section in straight reach of river. Channel width is approx 22.6m. Station closed 01/11/82 and re-opened 12/4/2002.
62003,Teifi,Pont Llanio,Teifi at Pont Llanio,GB-GBN,265230,256890,175.38,289,52.19372795734732,-3.973109504,NRW,NRW,062S0577W,Velocity area station in a rural catchment. 3 arched bridge downstream - flow is typically through 2 arches with the 3rd permitting out of bank flow. Station opened on 1st July 1998. Station added to peak flows dataset in August 2021 (WINFAP Files v10).
63001,Ystwyth,Pont Llolwyn,Ystwyth at Pont Llolwyn,GB-GBN,259024,277289,169.6,12,52.375447795349004,-4.07237859,NRW,NRW,063001,"Velocity area station; non-standard oak weir shallow V bed control, installed in 1973. Channel width: 16m."
63002,Rheidol,Llanbadarn Fawr,Rheidol at Llanbadarn Fawr,GB-GBN,260117,280362,182.1,8.9,52.40333691877804,-4.057617641,NRW,NRW,063002,"Velocity area station. Hydro-electric power has significant effect on flows across the range and shoaling affects the gauged section. Station closed in 1984, reopened on 31/10/1995 and bank stabilisation works were carried out in 2012/2013. Station added to peak flows dataset in August 2024 (WINFAP Files v13)."
63003,Wyre,Llanrhystud,Wyre at Llanrhystud,GB-GBN,254184,269790,40.6,19.3,52.30680991609269,-4.140168739,NRW,NRW,063003,"Velocity area station. Station closed from Dec 1979 when ford washed away, ford rebuilt and station re-opened in early 1980s. Ford has been deteriorating since about 2005, and was closed to traffic in March 2010."
63004,Ystwyth,Cwm Ystwyth,Ystwyth at Cwm Ystwyth,GB-GBN,279075,273700,32.1,198.5,52.347994883389624,-3.776699064,NRW,NRW,063004,Flat V weir with vertical side walls. Channel width 13m.
63005,Maesnant,Nant-y-Moch C,Maesnant at Nant-y-Moch C,GB-GBN,277800,287700,0.56,462,52.47351084731331,-3.800524793,CEHW,CEH,,
63006,Maesnant Fach,Nant-y-Moch E,Maesnant Fach at Nant-y-Moch E,GB-GBN,276500,286500,0.8,381.4,52.46243551547297,-3.819208875,CEHW,CEH,,
63801,Rheidol,Ponterwyd,Rheidol at Ponterwyd,GB-GBN,274900,280700,,,52.40995585722831,-3.84057227,CEGB,CEGB,,
63802,Rheidol,Rheidol Falls,Rheidol at Rheidol Falls,GB-GBN,272800,278200,141,,52.387008070487774,-3.870476972,CEGB,CEGB,,
64001,Dyfi,Dyfi Bridge,Dyfi at Dyfi Bridge,GB-GBN,274489,301958,471.3,5.9,52.60086955,-3.854636773,NRW,NRW,064001,A 40m wide river section.
64002,Dysynni,Pont-y-Garth,Dysynni at Pont-y-Garth,GB-GBN,263117,306604,75.1,2.3,52.639862221058635,-4.024363854,NRW,NRW,064002,"Velocity area station with informal flat-v style pitching strip. Station opened in 1965 in a 40m wide section between floodbanks, controlled by sheet piling d/s in straight channel which was dredged prior to station construction. Station was insensitive at low flows, so moved 50m downstream in 1997; sheet-piling removed and weir constructed."
64003,Mawddach,Ganllwyd,Mawddach at Ganllwyd,GB-GBN,272900,323300,138.6,25,52.79225289810297,-3.886336675,NRW,NRW,,
64004,Twymyn,Cemmaes Road,Twymyn at Cemmaes Road,GB-GBN,282528,304730,111.45,26.4,52.62757662887586,-3.736986024,NRW,NRW,,Velocity-Area site with an extremely mobile bed. Attempts were made to stabilise the section with engineering works and the inclusion of a gravel trap. The gravel trap failed to perform (requiring far more emptying than envisaged) and the situation of the trap also spoiled hydraulic conditions in the cableway section. Site was therefore considered uneconomical to maintain and was closed in 2001.
64005,Wnion,Dolgellau,Wnion at Dolgellau,GB-GBN,272924,317980,110.8,6.2,52.74446023129621,-3.883915719,NRW,NRW,,Station downgraded to level only in 1972. Flows not possible due to transient nature of gravels through section on an event/annual basis. Limited information available. Files were lost.
64006,Leri,Dolybont,Leri at Dolybont,GB-GBN,263462,288050,47.2,14.6,52.473255,-4.011626287,NRW,NRW,064006,A 10m wide single crest Crump profile weir in a straight flood-banked reach.
64007,Delyn,Llanbrynmair,Delyn at Llanbrynmair,GB-GBN,289900,306200,1.07,301,52.64233282780388,-3.628610946,CEHW,CEH,,
64008,Cwm,Llanbrynmair E,Cwm at Llanbrynmair E,GB-GBN,291600,308300,3,296,52.66154642,-3.604188111,CEHW,CEH,,
64010,Mawddach,Tyddyn Gwladys,Mawddach at Tyddyn Gwladys,GB-GBN,273529,326744,63.1,87,52.823343837211404,-3.87834779,NRW,NRW,064010,Velocity Area station with pitching strip 100m downstream of cableway that is used to stabilise rating curve at low flow. Station added to peak flows dataset in August 2024 (WINFAP Files v13).
64011,Cerist,Llaw'r Cae,Cerist at Llaw'r Cae,GB-GBN,281953,316316,5.35,162.8,52.73155740651796,-3.749633562,NRW,NRW,064011,"Crump profile weir 4m wide. Small upland catchment with largely natural flow regime. Station opened in 1997, mainly as a result of increased interest in hydropower development in the area and a lack of gauged data from small upland catchments."
64802,Llanbrynmair,Control,Llanbrynmair at Control,GB-GBN,289600,305900,0.12,,52.63957599350778,-3.632942273,CEHW,CEH,,
64803,Afon Cwm,Experimental,Afon Cwm at Experimental,GB-GBN,291600,308200,0.29,,52.660647801877595,-3.604155199,CEHW,CEH,,
64808,Cwm,Llanbrynmair E(Upper Catchmt),Cwm at Llanbrynmair E(Upper Catchmt),GB-GBN,292500,309600,3.4,465,52.67340784103018,-3.591311211,CEHW,CEH,,
65001,Glaslyn,Beddgelert,Glaslyn at Beddgelert,GB-GBN,259164,347783,68.6,32.9,53.0087789,-4.100515311,NRW,NRW,065001,A 20m wide river section with non-standard stone section control. High profile site due to its importance for early flood warnings.
65002,Dwyryd,Maentwrog,Dwyryd at Maentwrog,GB-GBN,267000,341430,78.2,12.1,52.95370994068599,-3.981189751,NRW,NRW,,River section near the tidal limit of the Dwyryd. Station terminated in 1978. Files containing station history were lost in the mid-1990s.
65003,Gwyrfai,Llyn Gwellyn,Gwyrfai at Llyn Gwellyn,GB-GBN,255200,355700,20.6,140,53.07883696217178,-4.163109896,NRW,NRW,,
65004,Gwyrfai,Bontnewydd,Gwyrfai at Bontnewydd,GB-GBN,248386,359889,47.9,30.9,53.11457061911928,-4.266726088,NRW,NRW,065004,"A 10.37m wide non-standard shallow V Crump weir, rebuilt in late 2009 after original standard Crump weir was damaged in 2004."
65005,Erch,Pencaenewydd,Erch at Pencaenewydd,GB-GBN,240013,340372,18.1,56.1,52.93683538484064,-4.382029252,NRW,NRW,065005,A 6m wide Crump profile weir.
65006,Seiont,Peblic Mill,Seiont at Peblic Mill,GB-GBN,249450,362269,74.4,18.6,53.136249381926646,-4.251960088,NRW,NRW,065006,Gauging station located on the left bank upstream of a non-standard compound control (not owned or managed/maintained by NRW). Originally built as part of investigations prior to construction of the Dinorwic pumped-storage scheme.
65007,Dwyfor,Garndolbenmaen,Dwyfor at Garndolbenmaen,GB-GBN,249866,342916,52.4,85.5,52.962534177453485,-4.236723184,NRW,NRW,065007,Compound Crump profile weir. Divide piers separate the 6.5m wide lower crest from two flanking crests each 5m wide. Station built as the control point for the Cwmystradllyn Reservoir/Afon Dwyfawr regulation scheme.
65008,Peris,Nant Peris,Peris at Nant Peris,GB-GBN,260837,357960,11.96,143,53.10063827466375,-4.079998531,NRW,NRW,065008,Velocity-Area station (previously known at 65801 Nant Peris at Tan-yr-Alt) in almost straight reach. Channel width: 5m.
65009,Cwm Dulyn,Llyn Cumdulyn Outflow,Cwm Dulyn at Llyn Cumdulyn Outflow,GB-GBN,248900,349900,,,53.02499457,-4.254359853,WELW,WELW,,
65010,Gwyrfai,Nant Mill,Gwyrfai at Nant Mill,GB-GBN,254700,356200,,,53.08319238107879,-4.17079439,WELW,WELW,,
65011,Cwmystraddlyn,Llyn Cwmystaddlyn Outflow,Cwmystraddlyn at Llyn Cwmystaddlyn Outflow,GB-GBN,255800,344000,5,,52.97390086928754,-4.148926993,WELW,WELW,,
65014,Colwyn,Hafod Wydr,Colwyn at Hafod Wydr,GB-GBN,257426,350203,6.58,171,53.03005735760389,-4.127469323,NRW,NRW,065014,"A 5m wide Crump weir (u/s approach depth 1m), located in a steep section of the River Colwyn."
65015,Llyfni,Pont Y Cim,Llyfni at Pont Y Cim,GB-GBN,244020,352353,48.14,22,53.04562575462508,-4.328243544,NRW,NRW,065015,A 9m wide Crump weir (u/s approach depth 0.5m).
65801,Nant Peris,Tan-Yr-Alt,Nant Peris at Tan-Yr-Alt,GB-GBN,260900,357900,11.4,113,53.10011572459949,-4.079032237,NRW,NRW,,
65804,Dwyryd,Hydro-Electric Scheme,Dwyryd at Hydro-Electric Scheme,GB-GBN,268900,342200,46.15,,52.96109560089052,-3.953237633,CEGB,CEGB,,
66001,Clwyd,Pont-y-Cambwll,Clwyd at Pont-y-Cambwll,GB-GBN,306988,370961,404,15.3,53.227517980521654,-3.394746636,NRW,NRW,066001,"Velocity area station, opened 1959."
66002,Elwy,Pant yr Onen,Elwy at Pant yr Onen,GB-GBN,302100,370400,220,35.7,53.22159762465531,-3.467769137,NRW,NRW,,Rated section. Station closed in 1973.
66003,Aled,Bryn Aled,Aled at Bryn Aled,GB-GBN,295695,370348,70,105.2,53.21991041785595,-3.563645997,WELW,WELW,066003,Compound Crump weir. Secondary gauging station measuring low flows only. Main purpose is as operational control of Aled Regulation Scheme.
66004,Wheeler,Bodfari,Wheeler at Bodfari,GB-GBN,310501,371336,62.9,54.6,53.23149204483416,-3.342244619,NRW,NRW,066004,"Single-level Crump weir, 3.034m wide, between vertical sidewalls with eel pass. Immediately downstream of rectangular channel beneath disused railway bridge. Originally a temporary timber weir between Sept 1967 and Sept 1969. Station closed on 14/07/2023 due to access issues. Wingwall height unclear but photography suggests about 1.3m, with the soffit of the footbridge much lower than this."
66005,Clwyd,Ruthin Weir,Clwyd at Ruthin Weir,GB-GBN,312185,359214,95.3,51.3,53.122838838013216,-3.313690584,NRW,NRW,066005,Station rebuilt in 2009. Central notch is for low flows and fish pass.
66006,Elwy,Pont-y-Gwyddel,Elwy at Pont-y-Gwyddel,GB-GBN,295240,371773,194,87.9,53.232625071805096,-3.570926507,NRW,NRW,066006,Twin arch bridge with castellated low profile crump weirs under each arch to enable low flow monitoring.
66008,Aled,Aled Isaf Reservoir,Aled at Aled Isaf Reservoir,GB-GBN,291516,359875,11.6,364,53.12496997880964,-3.622652659,WELW,WELW,066008,
66011,Conwy,Cwmlanerch,Conwy at Cwmlanerch,GB-GBN,280129,358077,344.5,11.6,53.106375286615474,-3.792062514,NRW,NRW,066011,"Natural river section, 50m wide."
66012,Lledr,Pont Gethin,Lledr at Pont Gethin,GB-GBN,278605,353821,72.8,37.7,53.067792319773616,-3.813206805,NRW,NRW,066012,Site previously known as Gethin's Bridge.
66025,Clwyd,Pont Dafydd,Clwyd at Pont Dafydd,GB-GBN,304409,374894,430.81,7,53.262401490012756,-3.434548013,NRW,NRW,066025,Nearby 66001 remains the primary gauging station due to issues with siltation.
66306,Gele,Abergele,Gele at Abergele,GB-GBN,,,,,,,,,,
66801,Conwy,Blaen-y-Coed,Conwy at Blaen-y-Coed,GB-GBN,280400,345200,11.7,372,52.99073990854485,-3.78323259,CEGB,CEGB,,Sharp crested compound weir operated by the CEGB in the 1950s as part of hydroelectric power investigations. Station closed in June 1958.
66802,Clwyd,Rhuddlan,Clwyd at Rhuddlan,GB-GBN,302100,378000,695,3.4,53.28988984192388,-3.470109599,NRW,NRW,,Level recorder d/s of Rhuddlan road bridge.
67001,Dee,Bala,Dee at Bala,GB-GBN,294087,335721,261.6,159.2,52.90844639773676,-3.576314708,NRW,NRW,067001,Hybrid site consisting of crump weir and cross-path.
67002,Dee,Erbistock Rectory,Dee at Erbistock Rectory,GB-GBN,335630,341310,1028,23.4,52.965271362560756,-2.959828836,NRW,NRW,,"Velocity area station. The station is at the point where the Dee leaves the Welsh hills and starts to flow along the edge of the Cheshire plain. Prior to the level recorder installation in 1937, the levels at 67812 Erbistock Weir 67812 were used. Station replaced by 67015 Manley Hall in 1970. Removed from peak flows dataset in September 2019 (WINFAP Files v8)."
67003,Brenig,Llyn Brenig outflow,Brenig at Llyn Brenig outflow,GB-GBN,297465,353919,20.2,325.3,53.072628959751505,-3.531882814,NRW,NRW,067003,"Sharp-edged weir, built in 1923."
67004,Alwen,Alwen Reservoir,Alwen at Alwen Reservoir,GB-GBN,295700,352800,25.5,311.9,53.06223189600614,-3.557853528,,,,
67005,Ceiriog,Brynkinalt Weir,Ceiriog at Brynkinalt Weir,GB-GBN,329503,337318,113.7,64.4,52.92862065,-3.050165901,NRW,NRW,067005,Compound broad-crested weir modified from original velocity-area site in 1969. There was an eel pass on site from 2010-2012. Bankfull height is 2.92m but bypassing begins around 2m. No wingwalls.
67006,Alwen,Druid,Alwen at Druid,GB-GBN,304077,343600,184.7,146.2,52.981128696866755,-3.430155763,NRW,NRW,067006,Natural river section about 20m wide.
67007,Dee,Glyndyfrdwy,Dee at Glyndyfrdwy,GB-GBN,315500,342800,728,118,52.97586406049958,-3.259856751,NRW,NRW,,"Velocity area station in very uniform, straight section. Discontinued in October 1969 due to commission of d/s station, 67015 Manley Hall."
67008,Alyn,Pont-y-Capel,Alyn at Pont-y-Capel,GB-GBN,333526,354047,227.1,37.3,53.079491612349806,-2.993777612,NRW,NRW,067008,Asymmetrical compound crump weir (two crests).
67009,Alyn,Rhydymwyn,Alyn at Rhydymwyn,GB-GBN,320408,366737,77.8,121.1,53.19174034211065,-3.192716327,NRW,NRW,067009,Trapezoidal flume in concrete trapezoidal channel. Site constructed in 1939. Intermittent flow regime.
67010,Gelyn,Cynefail,Gelyn at Cynefail,GB-GBN,284245,342049,13.1,306.2,52.96327301541372,-3.72485093,NRW,NRW,067010,Compound Crump profile weir.
67011,Nant Aberderfel,Nant Aberderfel,Nant Aberderfel at Nant Aberderfel,GB-GBN,285100,339200,3.7,335,52.93785812670829,-3.711116613,NRW,NRW,,
67012,Tryweryn,Upper Tryweryn,Tryweryn at Upper Tryweryn,GB-GBN,283800,339800,27.2,334,52.942969149523975,-3.730665747,NRW,NRW,,
67013,Hirnant,Plas Rhiwedog,Hirnant at Plas Rhiwedog,GB-GBN,294600,334900,33.9,195,52.9011699,-3.568423249,NRW,NRW,,Rated section on a small steep stream that enters the Dee d/s of Bala Sluices.
67014,Dee,Corwen,Dee at Corwen,GB-GBN,306900,343300,655.4,134.4,52.978931087794116,-3.388036358,NRW,NRW,067014,River section located d/s of the confluence of the Alwen with the Dee. Level-only station since 1935. Removed from peak flows dataset in May 2016 (WINFAP Files v4).
67015,Dee,Manley Hall,Dee at Manley Hall,GB-GBN,334822,341459,1013.18,25.4,52.9665128,-2.971887018,NRW,NRW,067015,Asymmetrical compound Crump profile weir. Replaced 67002 Erbistock Rectory in order to provide more accurate measurement of low-medium flows on the river Dee. Site used for flood warning.
67016,Worthenbury Brook,Worthenbury,Worthenbury Brook at Worthenbury,GB-GBN,341806,346397,142.1,10.4,53.01170110650761,-2.868806086,NRW,NRW,,
67017,Tryweryn,Llyn Celyn outflow,Tryweryn at Llyn Celyn outflow,GB-GBN,288077,339939,59.9,249.3,52.945127879174365,-3.667096,NRW,NRW,067017,Compound broad-crested weir measuring controlled outflow and overspill from Llyn Celyn regulating reservoir.
67018,Dee,New Inn,Dee at New Inn,GB-GBN,287353,330798,53.9,163.5,52.86284018338616,-3.674694176,NRW,NRW,067018,"Flat-V concrete ford. Located d/s of confluence with Afon Lliw. Data from site is used operationally for flood alleviation, flood warning and a daily naturalization indicator for upper Dee flows."
67019,Tryweryn,Weir X,Tryweryn at Weir X,GB-GBN,293221,335987,111.2,162.6,52.91066508818949,-3.589273792,NRW,NRW,067019,Compound broad-crested weir. Part of Celyn reservoir outflow into Dee.
67020,Dee,Chester Weir,Dee at Chester Weir,GB-GBN,340846,365842,1816.8,4.3,53.186366194722964,-2.886700187,NRW,NRW,,Non-standard broad crested weir u/s of ancient weir. Superseded by 67024 Farndon (except when flood flows exceed 100 cumecs) and 67033 Chester Suspension Bridge. Level only from March 1998. Used to derive the high flows of the synthetic record at 67026 Eccleston Ferry. Removed from peak flows dataset in February 2018 (WINFAP Files v6).
67021,Aldford Brook,Lea Hall Farm,Aldford Brook at Lea Hall Farm,GB-GBN,343406,358436,88.8,4.8,53.12008049084166,-2.847082702,NRW,NRW,067021,Compound station consisting of US and thin plate weirs.
67023,Golborne Brook,Tattenhall,Golborne Brook at Tattenhall,GB-GBN,347909,359196,17.7,,53.12737129,-2.779929565,EA-GMMC,EA,067023,Trapezoidal flume with a maximum width of 6m. Note that number 67023 previously associated with proposed stations at Fuller's Moor and Barnhill but neither of these was ever built.
67024,Dee,Farndon,Dee at Farndon,GB-GBN,341200,354400,50,,53.08356600043638,-2.879300336,,,,
67025,Clywedog,Bowling Bank,Clywedog at Bowling Bank,GB-GBN,339580,348249,98.6,14,53.028099868448926,-2.902326601,NRW,NRW,067025,"Simple Crump profile weir, 6m wide. Removed from peak flows dataset in September 2019 (WINFAP Files v8). At high flows water inundates the hut. Eel pass installed in 2022, which has no impact on the ratings."
67026,Dee,Eccleston Ferry,Dee at Eccleston Ferry,GB-GBN,341580,362600,1816.8,18,53.15730884,-2.875123939,NRW,NRW,,
67027,Dee,Ironbridge,Dee at Ironbridge,GB-GBN,341764,360023,1674.1,4.7,53.13416721,-2.871903188,NRW,NRW,067027,Originally a 45 metre rated section. Converted to cross-path US during 1994.
67028,Ceidiog,Llandrillo,Ceidiog at Llandrillo,GB-GBN,303484,337154,36.5,155.1,52.923095772104034,-3.437063042,NRW,NRW,,Velocity area station. Station converted to a level-only site in 2001.
67029,Trystion,Pen-y-felin Fawr,Trystion at Pen-y-felin Fawr,GB-GBN,306630,340530,12.3,254.5,52.95399129766467,-3.391256586,NRW,NRW,,
67033,Dee,Chester Suspension Bridge,Dee at Chester Suspension Bridge,GB-GBN,341020,365973,1816.8,10,53.18756295250275,-2.88412083,NRW,NRW,067033,"Ultra Sonic gauge. River channel approx. 40m wide. Superseded 67020 (non-standard weir, tidally affected) approx. 300m d/s; some data (1974-86) also available for nearby station 67026."
67034,Trent,Farndon,Trent at Farndon,GB-GBN,341225,354390,,,53.08347887813186,-2.878925318,,,67624,
67323,Aldford Brook,Barnhill,Aldford Brook at Barnhill,GB-GBN,349600,354400,,,53.08442666143346,-2.753906327,,,,
67804,Dee,Llanderfel,Dee at Llanderfel,GB-GBN,298400,336600,,,52.91717881927983,-3.512482866,,,,
67806,Alyn,Pont-y-Mwynwr,Alyn at Pont-y-Mwynwr,GB-GBN,319300,361200,50,,53.141812655640656,-3.20789732,,,,
67810,Dee,Bala Lake,Dee at Bala Lake,GB-GBN,292000,335500,161,528,52.906044768484655,-3.607260544,,,,
67811,Alyn,Ithel's Bridge,Alyn at Ithel's Bridge,GB-GBN,339100,356300,238.28,,53.10040718112191,-2.911008513,,,,
67812,Dee,Erbistock Weir,Dee at Erbistock Weir,GB-GBN,335500,342200,1033,,52.973254984961365,-2.961941698,NRW,NRW,,Station immediately u/s of weir. Levels were also used for Erbistock Rectory (67002) until a level recorder had been installed there in 1937.
67813,Dee,Farndon,Dee at Farndon,GB-GBN,341200,354400,1360,7.8,53.08356600043638,-2.879300336,NRW,NRW,,Secondary level-only station. Levels less than approximately 8m were used to derive the synthetic flow at Eccleston Ferry (67026).
68001,Weaver,Ashbrook,Weaver at Ashbrook,GB-GBN,367171,363507,622,16.3,53.16765931874607,-2.492526418,EA-GMMC,EA,680504,"Opened in 1937 as a velocity area station which suffered from a mobile bed and weed problems. Station was relocated 400m downstream in August 1978 with a non-standard timber shallow V weir as bed control, 16.5m wide located just u/s of a bend in the river. There was a brief overlap between the stations."
68002,Gowy,Picton,Gowy at Picton,GB-GBN,344270,371410,156.2,3.1,53.236781148105294,-2.836440385,EA-GMMC,EA,,Natural section vertical-area station calibrated by gaugings.
68003,Dane,Rudheath,Dane at Rudheath,GB-GBN,366758,371800,407.1,13.2,53.24217532540504,-2.499570577,EA-GMMC,EA,681210,"Opened as a velocity-area station in 1949, and rebuilt in 1957. Replaced in February 1979 by a Flat-V weir, 14m wide with truncated downstream slope. Both stations downstream of high road bridge, and ran simultaneously for a while."
68004,Wistaston Brook,Marshfield Bridge,Wistaston Brook at Marshfield Bridge,GB-GBN,367410,355200,92.7,30.1,53.093005431866786,-2.488104191,EA-GMMC,EA,680403,"Initially a 6m wide section on a bend with chart records from 1955, but early data in particular are poor. Low flow control installed 1978 and modified to an informal Flat V piled weir in May 1980. Bank re-profiling work was undertaken in 2008 on the left bank due to slippage."
68005,Weaver,Audlem,Weaver at Audlem,GB-GBN,365254,343040,207,44.7,52.983565964560505,-2.518982506,EA-GMMC,EA,680301,"Velocity area station (from 1936) with rectangular thin-plate low flow weir with broad-crested flanking crests (from 1951). Level recording installed downstream of the weir in 1951, moved upstream of the weir in March 1969."
68006,Dane,Hulme Walfield,Dane at Hulme Walfield,GB-GBN,384500,364380,150,66.4,53.176296854672856,-2.233357772,EA-GMMC,EA,681007,"A velocity area station, opened August 1953. Station re-built late 1978 and 1979, and re-commissioned in August 1979 with an informal shallow V weir, 14.1 m wide, new hut and cableway. Station closed 1986. Catchment similar (only 5% larger) to Congleton Park (68018)."
68007,Wincham Brook,Lostock Gralam,Wincham Brook at Lostock Gralam,GB-GBN,369700,375722,148,16.3,53.27760484,-2.455862932,EA-GMMC,EA,681213,"A velocity-area station from October 1960, until an informal trench pile weir was installed in April 1982. Siltation caused reversion to open channel over time. Stilling well replaced by external pressure transducer in June 2010. Station improvement works in 2013. Closed from peak flows dataset in August 2022 (WINFAP Files v11)."
68008,Weaver,Beam Bridge,Weaver at Beam Bridge,GB-GBN,365060,353450,350,29.9,53.077126133892634,-2.523003315,EA-GMMC,EA,,
68010,Fender,Ford Lane,Fender at Ford Lane,GB-GBN,328080,388010,18.4,5.5,53.38401773816093,-3.082736621,EA-GMMC,EA,685518,Compound trapezoidal flume with vertical sides. Station opened in 1971 and closed 1981.
68011,Arley Brook,Gore Farm,Arley Brook at Gore Farm,GB-GBN,369640,379920,36.5,39.4,53.31533481192071,-2.457165673,EA-GMMC,EA,681212,"Critical depth trapezoidal flume, throat width 0.4m and height 1.35m. Installed as a component of an experimental catchment scheme. Station opened in January 1973 and closed 1982."
68012,Dane,Ravenscroft,Dane at Ravenscroft,GB-GBN,370200,367100,212,22.5,53.200134209733015,-2.447555159,EA-GMMC,EA,,
68014,Sandersons Brook,Sandbach,Sandersons Brook at Sandbach,GB-GBN,375270,365350,5.4,49.7,53.18466506369261,-2.371524395,EA-GMMC,EA,681109,
68015,Gowy,Huxley,Gowy at Huxley,GB-GBN,349659,362434,49,16.8,53.156643455824906,-2.754289034,EA-GMMC,EA,684014,Shallow V sheet pile control installed in May 1979; some levels available from EA prior to this but not processed to flow.
68016,Birket,Fornalls Green,Birket at Fornalls Green,GB-GBN,323523,389507,12.9,2.7,53.39682985814695,-3.151596713,EA-GMMC,EA,,
68017,Arrowe Brook,Moreton,Arrowe Brook at Moreton,GB-GBN,325500,389400,14.5,6.6,53.396151342606004,-3.121845797,EA-GMMC,EA,,
68018,Dane,Congleton Park,Dane at Congleton Park,GB-GBN,386100,363272,145,78,53.16638175340231,-2.209371151,EA-GMMC,EA,681006,"Station opened February 1936 on an existing broad-crested mill weir oblique to flow (channel width 17.3m upstream, weir 46.3m across), with relatively narrow crest but a long sloping downstream face at approx 1:5 slope. Station closed in 1953 and re-opened in 1968. Flows available for a similar catchment from 1953 to 1986 at Hulme Walfield downstream (68006)."
68019,Weaver,Pickerings Cut,Weaver at Pickerings Cut,GB-GBN,357560,376249,1370,0.5,53.281506356706245,-2.637984014,EA-GMMC,EA,682223,"Channel width 25.5m. Situated on old bridge piers within long, straight, rectangular cut designed to improve R. Weaver navigation. Side-looking acoustic doppler station since 2/10/2006. Ultrasonic before then. No data 2/11/1997 to 31/01/01 because equipment damaged by dredging."
68020,Gowy,Bridge Trafford,Gowy at Bridge Trafford,GB-GBN,344830,371113,156,4.1,53.23417034328364,-2.827999547,EA-GMMC,EA,684027,"A standard Flat V weir, 6m wide with 1:10 cross-slopes, opened in August 1979, located 30m upstream of a tight bend. Station replaced Picton (68002, 1km d/s)."
68021,Arrowe Brook,Acton Lane,Arrowe Brook at Acton Lane,GB-GBN,325300,389300,17.87,,53.395224360149975,-3.124829192,EA-GMMC,EA,685517,"Station opened in 2005 on pre-existing non-standard compound flume in rectangular concrete channel, with long backslope giving a drop downstream."
68022,Weaver,Shrewbridge,Weaver at Shrewbridge,GB-GBN,364842,351758,,,53.061902937643346,-2.526071804,,,680324,
68023,Weaver,Hayhurst Bridge,Weaver at Hayhurst Bridge,GB-GBN,365682,373589,,,53.258186919106464,-2.5158866,,,680525,
68024,Rivacre Brook,Chase Way Debris Screen,Rivacre Brook at Chase Way Debris Screen,GB-GBN,337993,374992,,,53.26827756622586,-2.931172488,,,685120,
68025,Keckwick Brook,Sandy Way,Keckwick Brook at Sandy Way,GB-GBN,356606,383538,,,53.34694321009237,-2.653291262,,,685130,
68044,Dane,Hug Bridge,Dane at Hug Bridge,GB-GBN,393092,363617,72.9,139,53.16962106,-2.104792953,EA-GMMC,EA,681003,"Flat V weir (1:20 cross-slopes) constructed in November 1991, continuous records from August 1992."
68803,Weaver,Northwick,Weaver at Northwick,GB-GBN,365600,373500,1290,,53.25738162386595,-2.517106073,BW,BW,,
68804,Dane,Northwich,Dane at Northwich,GB-GBN,366000,373800,420,9.4,53.26010401307543,-2.511142605,EA-GMMC,EA,,
69001,Mersey,Irlam Weir,Mersey at Irlam Weir,GB-GBN,372760,393550,679,10.3,53.43801652412148,-2.411515853,EA-GMMC,EA,,"Original 1934 calibration of this rather insensitive broad-crested weir was by formula but, in 1938, a model-based rating led to significant increases in estimates of high flows. Station closed in 1983."
69002,Irwell,Adelphi Weir,Irwell at Adelphi Weir,GB-GBN,382419,398759,559.4,24.1,53.48524961508938,-2.266412333,EA-GMMC,EA,690511,"Station opened in 1935 on a 40m wide broad-crested weir on a mill in urban Salford. The river Irk joins the Irwell 2km downstream. Operated in conjunction with Manchester Racecourse (69025) which is about 1.5km upstream. However, current development of peak flow rating will remove the need for Manchester Racecourse as a sister site."
69003,Irk,Scotland Weir,Irk at Scotland Weir,GB-GBN,384120,399190,72.5,26.2,53.489178035838556,-2.240800653,EA-GMMC,EA,690612,Station closed 2001 and replaced by Collyhurst (69043); period of overlap shows good agreement between flows at the two stations.
69004,Etherow,Bottoms Reservoir,Etherow at Bottoms Reservoir,GB-GBN,402300,397100,78.2,132.3,53.47063076,-1.966818934,NWW,NWW,,Rectangular thin-plate weir. Monitored outflows from Bottoms Reservoir. Station closed in 1981.
69005,Glaze Brook,Little Woolden Hall,Glaze Brook at Little Woolden Hall,GB-GBN,368498,393886,152,9,53.44079818902335,-2.475704112,EA-GMMC,EA,693032,Twin-path ultrasonic gauge installed in 1995 which replaced a velocity area station. Station used for flood warning. Operated as level-only from 1983 - 1995.
69006,Bollin,Dunham Massey,Bollin at Dunham Massey,GB-GBN,372668,387533,257.6,12.8,53.38392910135819,-2.412376952,EA-GMMC,EA,693536,"A velocity area station in a natural river section located a few km upstream of the confluence with the Manchester Ship Canal. Opened 1936, closed 09/01/2002, replaced by Bollington Mill 750m upstream (69045)."
69007,Mersey,Ashton Weir,Mersey at Ashton Weir,GB-GBN,377239,393563,660,14.9,53.438346746679116,-2.344094942,EA-GMMC,EA,692726,"Station opened in 1958 as a replacement for Irlam Weir (69001) downstream. A compound broad-crested weir, 24m wide overall, with central lower section 12.2m wide and 0.49m lower than flanking crests (no divide piers). A 5-level cross-path Ultrasonic station was commissioned March 2009 just upstream of the weir, and upgraded in March 2024. A fish pass was added in March 2012 - ultrasonic flows are not affected. Two-stage channel profile, with a step at 4.5m and bankfull at 5.5m."
69008,Dean,Stanneylands,Dean at Stanneylands,GB-GBN,384625,383001,58.87,57,53.343679003696096,-2.232394165,EA-GMMC,EA,693333,"Station opened late 1966 with Compound Crump weir. All sections 3.05m wide, the two side weirs being 0.46m above central lower crest. Downstream recorder added July 2013 to monitor effect of downstream ""pre-weir"" to aid fish passage. No events above bankfull."
69009,Goyt,Chadkirk,Goyt at Chadkirk,GB-GBN,394100,389900,347,59.4,53.40588382798224,-2.090211922,EA-GMMC,EA,,
69011,Micker Brook,Cheadle,Micker Brook at Cheadle,GB-GBN,385510,388900,67.3,34.6,53.39672755094537,-2.219374199,EA-GMMC,EA,692625,"Compound Crump profile weir, overall width 11.6m. Low central crest 1.52m wide, two flanking crests of 4.57m wide at 0.46m higher than the central weir. Low divide piers, wing walls 2.2m. Opened March 1968, peak flows available until 1984. Station closed on 06/03/2006 due to frequent issues with weir blockages and drowning. Removed from peak flows dataset in v13 (2024) because the issues described in the station hydrometry resulted in historical flows are not well supported by gaugings or analogues. Station removed from peak flows dataset in August 2024 (WINFAP Files v13)."
69012,Bollin,Wilmslow,Bollin at Wilmslow,GB-GBN,384970,381491,72.5,59.1,53.33011623481437,-2.227140125,EA-GMMC,EA,693435,"Compound Crump profile weir, 9.3m wide overall, consisting of central crest 4.12m wide and two side crests each 2.13m wide and 0.377 m higher; divide piers 1.0m, wing walls 2.0m. A pumped eel pass and pre barrage fish pass were installed April 2015."
69013,Sinderland Brook,Partington,Sinderland Brook at Partington,GB-GBN,372554,390458,44.8,13,53.41021401909773,-2.414346248,EA-GMMC,EA,693132,"Compound Crump profile weir, crest lengths 2.13m and 5.48m (total). Contained to wing wall height (2.0m). Weir much wider than u/s channel."
69015,Etherow,Compstall,Etherow at Compstall,GB-GBN,396241,390768,156,73.5,53.413705934460026,-2.058018055,EA-GMMC,EA,692190,"A single crest Crump weir opened March 1969; 18m wide, wing walls 2.8m high, located 0.5km upstream of Goyt confluence."
69016,Etherow,Melandra,Etherow at Melandra,GB-GBN,400500,394950,134,115.2,53.45130995265584,-1.993938044,EA-GMMC,EA,,
69017,Goyt,Marple Bridge,Goyt at Marple Bridge,GB-GBN,396370,389790,183,74.4,53.40491607518668,-2.05606569,EA-GMMC,EA,692370,"Compound Crump weir opened March 1969, 19m wide overall with centre crest 7 m wide flanked by two crests 5.5 m wide and 0.40 m higher; divide piers are 0.4 m wide. Wing walls 2.9m, divide piers 2.1m high."
69018,Newton Brook,Newton Le Willows,Newton Brook at Newton Le Willows,GB-GBN,358400,393350,32.8,9.9,53.43527829455118,-2.62764164,EA-GMMC,EA,,
69019,Worsley Brook,Eccles,Worsley Brook at Eccles,GB-GBN,375270,398040,24.87,15.2,53.47849814679421,-2.374088017,EA-GMMC,EA,690914,"Critical depth trapezoidal flume in artificial channel: throat width 0.6m, side slopes 1:2, structure full at 2.43m, flood banks at 3.13m. Station opened 1969 and closed April 2001."
69020,Medlock,London Road,Medlock at London Road,GB-GBN,384884,397531,57.5,30.7,53.474289012622485,-2.229205812,EA-GMMC,EA,690713,"A non-standard short crested weir 8.5m wide with sloping downstream face. Weir located in a rectangular concrete channel with vertical walls, upstream of a large culvert. Although the station was operational from April 1969, works were not completed until Sept 1969."
69021,Stake Brook,Bacup,Stake Brook at Bacup,GB-GBN,387600,424706,0.3,350,53.718615195048734,-2.189377451,EA-GMMC,EA,,
69022,Irwell,Irwell Vale,Irwell at Irwell Vale,GB-GBN,379126,420167,101,139.5,53.67754679378674,-2.317476431,EA-GMMC,EA,690140,"Opened January 1996 as velocity area station with non-standard shallow V weir. Station replaced Stubbins (69040), 2km downstream."
69023,Roch,Blackford Bridge,Roch at Blackford Bridge,GB-GBN,380690,407740,186,62.9,53.56591210618667,-2.293024927,EA-GMMC,EA,690205,"Station opened 1949 on broad-crested curved mill weir, 24m wide, with damaged crest."
69024,Croal,Farnworth Weir,Croal at Farnworth Weir,GB-GBN,374339,406819,145,51.6,53.557360540747794,-2.388837806,EA-GMMC,EA,690408,"Station opened December 1948 on a non-standard broad-crested mill weir 45m wide and 2.9 m long, with long downstream slope. Bend and island immediately upstream of weir. Island is maintained to prevent encroachment onto weir."
69025,Irwell,Manchester Racecourse,Irwell at Manchester Racecourse,GB-GBN,382069,400349,557,24.2,53.49952915242504,-2.271778178,EA-GMMC,EA,690510,"An open channel section in urban Salford, primarily for flood forecasting. Used in conjunction with Adelphi Weir (69002) approx 2km downstream which has a very similar catchment area. Opened 1941."
69026,Irwell,Kearsley,Irwell at Kearsley,GB-GBN,375428,405610,528,40.6,53.546546227931856,-2.3723037,EA-GMMC,EA,690503,"Commissioned November 2002 to facilitate the operation of Littleton Road storage basin a further 8km downstream of the station in Salford. Originally level only, ultrasonics were installed to provide flow data for FCRM. Ultrasonics are no longer operational and flow data from the site has been re-processed using rating curves."
69027,Tame,Portwood,Tame at Portwood,GB-GBN,390699,391870,150,43,53.42354147288276,-2.141427881,EA-GMMC,EA,692423,"Station opened in 1943 on an old masonry curved weir topped by a thin plate, 21m wide. Located just downstream of 90 degree bend and 2km upstream of Goyt confluence. Station is downstream of Broomstairs Bridge (69041)."
69028,Mersey,Brinksway,Mersey at Brinksway,GB-GBN,388469,390036,517.36,33.5,53.40701205832644,-2.174917149,EA-GMMC,EA,692524,"Velocity-area station in Stockport opened in 1955. Immediately downstream of a bridge. Station is downstream of the confluences of the Goyt, Etherow, and Tame. Primarily a high flow site operationally, due to the insensitive nature of low flow open channel control. Station used for flood forecasting and warnings, data used for management of flood storage basins at Didsbury Gates and Sale Ees Gates."
69029,Mersey,Flixton Bridge,Mersey at Flixton Bridge,GB-GBN,374245,393752,673,10.3,53.43990712,-2.389179021,EA-GMMC,EA,,
69030,Sankey Brook,Causey Bridges,Sankey Brook at Causey Bridges,GB-GBN,358748,392213,154,7.4,53.425086378737205,-2.622254447,EA-GMMC,EA,694039,"Velocity-area station opened 1953. A trench-piled bed control and stone pitched left bank that was built in July 1983 acts as a weir up to 0.35m, above which it drowns."
69031,Ditton Brook,Greens Bridge,Ditton Brook at Greens Bridge,GB-GBN,345674,386467,47.9,4.9,53.37225603971091,-2.817990293,EA-GMMC,EA,,Level-only station since April 2006 due to problems with weeds and tidal effects.
69032,Alt,Kirkby,Alt at Kirkby,GB-GBN,339160,398332,90.1,8.9,53.47817996587388,-2.918179064,EA-CL,EA,694744,"A non-standard shallow V bed control (side slopes 1:20) opened in September 1977. This superseded an open channel, velocity area station (1963) which suffered from erosion and deposition of silt. There is a broad-crested weir 800m d/s."
69033,Alt,Sefton,Alt at Sefton,GB-GBN,336020,401380,100,3.1,53.50519984382768,-2.966106594,EA-CL,EA,,V/A station 11.5km u/s of tidal gates at Hightown and unaffected by their operation. Very vandal prone.
69034,Musbury Brook,Helmshore,Musbury Brook at Helmshore,GB-GBN,377520,421280,3.1,184.2,53.68748344027562,-2.341869403,EA-GMMC,EA,690103,Thin-plate weir (vee notch in compounded rectangular section).
69035,Irwell,Bury Bridge,Irwell at Bury Bridge,GB-GBN,379720,410880,155,75,53.594098108579374,-2.307875476,EA-GMMC,EA,,"VA station with an old broad-crested weir, oblique to the river, as its (insensitive) control."
69036,Eagley Brook,Longworth Clough,Eagley Brook at Longworth Clough,GB-GBN,370050,414850,16.8,159.5,53.62931489568296,-2.454354643,EA-GMMC,EA,,
69037,Mersey,Westy,Mersey at Westy,GB-GBN,362833,388352,2030,2.5,53.39068783,-2.560327531,EA-GMMC,EA,693976,"Ultrasonic, multipath, cross path station replacing an earlier unsatisfactory site at Howley (1.5km d/s). Numerous equipment faults, failed 2015 and replaced by index velocity sidelooker in Nov 2017."
69038,Manchester Ship C,Latchford,Manchester Ship C at Latchford,GB-GBN,363320,387150,,4.2,53.379918215480934,-2.552865065,EA-GMMC,EA,,Ultrasonic gauge.
69039,Medlock,New Viaduct Street,Medlock at New Viaduct Street,GB-GBN,386300,398700,55.9,42.4,53.484835483142334,-2.207923925,EA-GMMC,EA,,Broad-crested weir.
69040,Irwell,Stubbins,Irwell at Stubbins,GB-GBN,379290,418782,105,131,53.66510496010273,-2.314900852,EA-GMMC,EA,,Level-only station since Jan 2006. Formerly a VA station but data were considered to be of poor quality.
69041,Tame,Broomstairs,Tame at Broomstairs,GB-GBN,393726,395361,113,77,53.454965621607684,-2.095948338,EA-GMMC,EA,692422,"Broomstairs Bridge station opened June 1968 but was a poor site due to under-mining of the timber capping on the weir, which prevented an accurate stage-discharge relationship. The weir deteriorated over time and completely failed in August 2004. An ultrasonic multi-path gauge (Broomstairs ultrasonic) was installed in February 1995 until it was switched off for good in March 2017. Weed growth was a problem in the ultrasonic section during the summer which required regular maintenance and lead to regular path and flow drop outs. There is very little growth in the section immediately u/s of the weir. Works began in April 2010 and finished in July 2010 to install a stainless steel non-standard thin plate with a low flow rectangular notch which also included extensive repair work to the downstream face of the structure."
69042,Ding Brook,Naden Reservoir,Ding Brook at Naden Reservoir,GB-GBN,385000,417460,2.2,276,53.65341893947068,-2.228422293,EA-GMMC,EA,690268,"Compound rectangular thin plate weir (crest lengths 0.5, 2.48, 7.76m) on an inflow stream to the reservoir."
69043,Irk,Collyhurst Weir,Irk at Collyhurst Weir,GB-GBN,384850,399691,72.3,33,53.493702879389865,-2.229823081,EA-GMMC,EA,690611,"Curved non-standard round-nosed broad-crested weir, 2m high, at the end of a formalised brick-walled reach. Opened April 1995 to replace Scotland Weir (69003)."
69044,Irwell,Bury Ground,Irwell at Bury Ground,GB-GBN,379987,411393,139.9,79.8,53.59871934024073,-2.303874653,EA-GMMC,EA,690160,"Velocity area station, 22m wide section with good approach, opened November 1995 with a pre-existing curved broad-crested mill weir as the control. Replaced Bury Bridge (69035), 1.5km downstream; Kirkless Brook enters between the two stations. Bury Bridge and Bury Grounds overlapped from November 1995 to March 1998, and included high flows in November 1996. Stages are closely correlated."
69045,Bollin,Bollington Mill Total,Bollin at Bollington Mill Total,GB-GBN,373052,387054,256.7,19,53.37964349,-2.406562968,EA-GMMC,EA,693515,"The control is an 11.6m wide british standard Flat V weir tapered downstream face. Original mill race takes approx. 10% of flows and Larinier fish pass (installed in 2009 with non-standard Crump on intake), approx. 25% of flow at low flows. Station added to peak flows dataset in August 2024 (WINFAP Files v13)."
69046,Bradshaw Brook,Bradshaw Tennis Club,Bradshaw Brook at Bradshaw Tennis Club,GB-GBN,373336,412222,36.87,,53.605872808014354,-2.404441804,EA-GMMC,EA,690470,Station opened August 2000 on an existing industrial short-crested weir under a bridge on a slight bend with long straight approach channel.
69047,Roch,Littleborough,Roch at Littleborough,GB-GBN,394012,416543,14.8,,53.64535956127702,-2.09205484,EA-GMMC,EA,690206,"Velocity area station opened December 1993 as a level-only station with no formal control. The channel has been engineered both upstream and downstream of the station giving a long, straight profile."
69048,Tame,Uppermill,Tame at Uppermill,GB-GBN,399497,405118,40.6,,53.54270388207742,-2.009061117,EA-GMMC,EA,692418,"Station opened in July 1968 on an existing non-standard weir with a low, sharp metalwork crest and gradual downstream stone slope. Used for abstraction licence management and flood warning."
69049,Whitewell Brook,Thornfield Avenue,Whitewell Brook at Thornfield Avenue,GB-GBN,383467,422064,,,53.694753403263086,-2.251862998,,,690105,
69050,Irwell,Throstle Mill,Irwell at Throstle Mill,GB-GBN,386846,422489,,,53.69867009585531,-2.200707901,,,690115,
69051,Limy Water,Rawtenstall,Limy Water at Rawtenstall,GB-GBN,381239,423268,,,53.70549918,-2.285678121,,,690138,
69052,Irwell,Cape Street,Irwell at Cape Street,GB-GBN,381406,422683,,,53.70024721623726,-2.283113034,,,690139,
69053,Irwell,Ramsbottom Weir,Irwell at Ramsbottom Weir,GB-GBN,379382,417102,,,53.65000872194674,-2.313396435,,,690155,
69054,Beal,Station Road,Beal at Station Road,GB-GBN,392827,412492,,,53.60893321462863,-2.109885339,,,690201,
69055,Roch,Albert Royds Brg,Roch at Albert Royds Brg,GB-GBN,391008,414437,,,53.626386807271494,-2.1374343,,,690207,
69056,Spodden,Daniel Street,Spodden at Daniel Street,GB-GBN,388695,418571,,,53.663498462664585,-2.172558834,,,690232,
69057,Irwell,Pioneer Mills,Irwell at Pioneer Mills,GB-GBN,379100,407260,,,53.56153651935205,-2.31699897,,,690250,
69058,Goyt,Goytside Farm,Goyt at Goytside Farm,GB-GBN,400314,384513,,,53.35749656,-1.996745396,,,692348,
69059,Poise Brook or Ochreley Brook,Poise Brook Debris Screen,Poise Brook or Ochreley Brook at Poise Brook Debris Screen,GB-GBN,392793,387511,,,53.384393675196975,-2.109816133,,,692388,
69060,Tame,Waggon Road,Tame at Waggon Road,GB-GBN,397550,402008,,,53.51474418341923,-2.03841642,,,692440,
69061,Poynton Brook,Poynton,Poynton Brook at Poynton,GB-GBN,391600,382718,,,53.341293476016006,-2.127622891,,,692500,
69062,Mersey,Didsbury Gates,Mersey at Didsbury Gates,GB-GBN,384431,389409,,,53.40127173957779,-2.235626012,,,692706,
69063,Mersey,Northenden,Mersey at Northenden,GB-GBN,383292,390220,,,53.40852631416888,-2.25279989,,,692710,
69064,Barrow Brook,Sale Ees Gates,Barrow Brook at Sale Ees Gates,GB-GBN,380960,392744,,,53.43113358316535,-2.288032589,,,692718,
69065,Pen Leach Brook,Pen Leach,Pen Leach Brook at Pen Leach,GB-GBN,367416,400388,,,53.499172930317776,-2.492668771,,,693028,
69066,Bollin,Old Mill Lane Weir,Bollin at Old Mill Lane Weir,GB-GBN,392070,372725,,,53.25147681228435,-2.120310714,,,693421,
69067,Sankey Brook,Liverpool Road,Sankey Brook at Liverpool Road,GB-GBN,358573,387643,,,53.38399739624629,-2.624285946,,,694041,
69068,Sankey Brook,Higham Avenue,Sankey Brook at Higham Avenue,GB-GBN,359608,390213,,,53.40717707787286,-2.609056378,,,694042,
69069,Dover's Brook,Dovers Bridge,Dover's Brook at Dovers Bridge,GB-GBN,336257,401615,,,53.50734064763533,-2.962581723,,,694748,
69802,Etherow,Woodhead,Etherow at Woodhead,GB-GBN,411500,399600,13,274.3,53.492983196351815,-1.828133366,EA-GMMC,EA,,
69803,Roch,Rochdale,Roch at Rochdale,GB-GBN,388200,412700,111,,53.610717968666364,-2.17982495,EA-GMMC,EA,690203,"Station opened February 1993 on a non-standard, round-nosed broad-crested weir 12.2m wide with crest length of 1.25m and sloping downstream face. Side walls on approach 3.4m high. Situated on a reach of artificial channel."
69805,Nesset Brook,Langley,Nesset Brook at Langley,GB-GBN,395800,371200,0.65,,53.23781234133071,-2.064386294,,,,
69827,Bollin,Tentabank Reservoir,Bollin at Tentabank Reservoir,GB-GBN,396000,371300,,,53.23871280844436,-2.061391019,,,,
70001,Douglas,Rivington Reservoirs,Douglas at Rivington Reservoirs,GB-GBN,363100,411900,39.4,112.8,53.60235566042984,-2.559091513,EA-CL,EA,,
70002,Douglas,Wanes Blades Bridge,Douglas at Wanes Blades Bridge,GB-GBN,347622,412572,198,4.4,53.60707346489308,-2.793081161,EA-CL,EA,700306,Station opened in 1969 as velocity-area station with bed control. Non-standard shallow V weir installed in 1984. Station affected by tides so ultrasonics added in 1996.
70003,Douglas,Wigan,Douglas at Wigan,GB-GBN,358617,406027,55.3,31.7,53.549234786835946,-2.626052038,EA-CL,EA,700325,"Original station, Central Park, Wigan was a velocity-area station opened 1973 in rectangular channel with pipe as low-flow control. Variable bed profile (silt, debris and redistribution) gave poor data. In 1995 an ultrasonic gauge was installed with four transducers (cross-path at two heights) under a footbridge approx. 100m downstream. Dual running from 1995 until December 1999 when consolidated at ultrasonic site and station renamed as Wigan. More transducers at higher levels added May/June 2012. Station photos provided show the ultrasonic station. Ultrasonic flows are only produced up to a stage of 1.53m, beyond this modelled flow data is used due to obstruction caused by footbridge soffit."
70004,Yarrow,Croston Mill,Yarrow at Croston Mill,GB-GBN,349884,417943,74.4,6.9,53.65556660004097,-2.759765108,EA-CL,EA,700408,"Velocity area station since 1973. Control is an old diagonal mill weir, with crest 10 m wide and 3 m long."
70005,Lostock,Littlewood Bridge,Lostock at Littlewood Bridge,GB-GBN,349691,419658,56,8.9,53.67096135399497,-2.762963484,EA-CL,EA,700509,Velocity area station opened 1974. A 3m wide shallow V sheet-piled control was constructed in February 1987. Since 01/01/2009 this has been a level-only station.
70006,Tawd,Newburgh,Tawd at Newburgh,GB-GBN,346860,410730,28.9,9.4,53.59044184122076,-2.804281683,EA-CL,EA,,
70803,Newreed Brook,Slate Farm,Newreed Brook at Slate Farm,GB-GBN,,,5.4,,,,EA-CL,EA,,
71001,Ribble,Samlesbury,Ribble at Samlesbury,GB-GBN,358922,430412,1145,9.5,53.76842223000561,-2.624682493,EA-CL,EA,713019,Velocity area station built in 1960. Cableway. An additional station was built 1km upstream in October 1970 to measure low/medium flows; a compound Flat V weir with flanking crests. This additional station closed 1981 due to vandalism; subsequently re-opened July 1991 and closed again February 2010.
71002,Hodder,Stocks Reservoir,Hodder at Stocks Reservoir,GB-GBN,371937,454572,37.4,181.9,53.98642884829744,-2.429457358,EA-CL,EA,711007,Overflow weir 91.4 m broad just downstream of Stocks Reservoir.
71003,Croasdale Beck,Croasdale Flume,Croasdale Beck at Croasdale Flume,GB-GBN,370600,454600,10.4,177,53.986605867446414,-2.449849002,EA-CL,EA,711008,"Non-standard compound trapezoidal flume with stainless steel low flow throat in trapezoidal masonry section, 8.8m wide at flume full, 12.5m at bank full. Station opened in June 1957 and installed for paired catchment study with the wooded Bottoms Beck catchment nearby (station 71005). Crosdale considered the more reliable of the two. Station closed November 1977 to December 1982 and July 1989 to September 2003, with some gaps in the 1970s. Closed for peak flows end September 2014 due to gravel accumulation."
71004,Calder,Whalley Weir,Calder at Whalley Weir,GB-GBN,372926,436054,316,39.9,53.820050158593894,-2.4127305,EA-CL,EA,712615,"Originally a velocity area station based on timber weir, built in 1961. Replaced by Flat V weir 30m downstream in October 1970. Weir 24.4 m wide with 1:20 cross slopes."
71005,Bottoms Beck,Bottoms Beck flume,Bottoms Beck at Bottoms Beck flume,GB-GBN,374500,456500,10.6,186.2,54.003890039097264,-2.390534206,NWW,NWW,,"Compound trapezoidal flume with stainless steel low flow throat in trapezoidal masonry section, 8.5m wide at flume full, 12.2m at bank full."
71006,Ribble,Henthorn,Ribble at Henthorn,GB-GBN,372190,439170,456,38.8,53.84801668055362,-2.424192921,EA-CL,EA,710305,"Compound broad-crested weir, low notch 3.8m wide, flanking crests each 10.3m wide and 0.3m higher. Superseded, in August 1968, the original velocity area station which had been opened in 1960 and a bed control added May 1965 to improve calibration."
71007,Ribble,Hodderfoot,Ribble at Hodderfoot,GB-GBN,370900,437900,720,33.5,53.83653144997865,-2.443679415,EA-CL,EA,,
71008,Hodder,Hodder Place,Hodder at Hodder Place,GB-GBN,370537,439897,261,42,53.85445916462039,-2.449387577,EA-CL,EA,711610,"Compound truncated Crump profile weir opened 1969. Flat V centre section (24.4m wide, 1:20 cross slopes) with level flanking crests each 7.2m wide and 0.6m higher than centre of V. Low divide walls. Station replaced Higher Hodder Bridge 3km upstream."
71009,Ribble,New Jumbles Rock,Ribble at New Jumbles Rock,GB-GBN,370249,437592,1053,31.3,53.83372625533597,-2.45354159,EA-CL,EA,713056,"Old Jumbles Rock believed to have been opened 1964, but no data until 01/01/1970. A velocity area station with a bedrock control. Station re-sited to New Jumbles Rock 50m downstream in 1979 using same control, and cableway installed. Station located just downstream of confluence with the River Calder."
71010,Pendle Water,Barden Lane,Pendle Water at Barden Lane,GB-GBN,383672,435144,108,92.3,53.81232211210334,-2.249454661,EA-CL,EA,712113,"Flat V weir 17m wide, constructed in 1971. Structure movement on the right bank due to mining subsidence affected low flows to around 1980, but not considered to have affected high flows significantly. A cableway was installed in 1996."
71011,Ribble,Arnford,Ribble at Arnford,GB-GBN,383861,455586,204,116.8,53.996054842722884,-2.247669856,EA-CL,EA,710103,Station opened at Halton West 1km downstream in 1969. Replaced by a Flat V weir at Arnford built October 1972.
71012,Darwen,Darwen Bridge,Darwen at Darwen Bridge,GB-GBN,355700,428000,129,4.3,53.74647988582524,-2.673213615,EA-CL,EA,,
71013,Darwen,Ewood,Darwen at Ewood,GB-GBN,367730,426210,39.5,98.3,53.73127798027292,-2.490620263,EA-CL,EA,713120,Open channel velocity area station opened in 1973. A vertical concrete wall forms the left bank with a high natural bank on the right.
71014,Darwen,Blue Bridge,Darwen at Blue Bridge,GB-GBN,356453,427786,128,8.1,53.74462018221288,-2.661766256,EA-CL,EA,713122,"A rated velocity area station, opened 1974. Ultrasonics (4 cross-paths) from July 1997 until January 2014."
71015,Dunsop,Footholme Flume,Dunsop at Footholme Flume,GB-GBN,365293,452891,25,155,53.97091624096713,-2.530583701,EA-CL,EA,711086,"Flume. Replaced thin plate weir at same site. Low runoff, cause under investigation."
71016,Ribble,Penny Bridge,Ribble at Penny Bridge,GB-GBN,381395,463304,,,54.06533683888825,-2.285760782,,,710102,
71017,Green Brook,Dryden Street,Green Brook at Dryden Street,GB-GBN,379900,433154,,,53.794303421480784,-2.306608468,,,712221,
71018,Calder,Padiham Town Centre,Calder at Padiham Town Centre,GB-GBN,379358,433817,,,53.800241011129614,-2.314880816,,,712223,
71019,Hyndburn,Milnshaw,Hyndburn at Milnshaw,GB-GBN,375854,428872,,,53.75564475846957,-2.36769061,,,712370,
71020,Ribble,Ribchester School,Ribble at Ribchester School,GB-GBN,365126,435124,,,53.811225363058185,-2.531100134,,,713040,
71021,Blakewater,Harrison Street,Blakewater at Harrison Street,GB-GBN,367750,427680,,,53.74449116399512,-2.490470997,,,713119,
71801,Pendle Water,Quakers-in-Pendle Bridge,Pendle Water at Quakers-in-Pendle Bridge,GB-GBN,384000,436400,104.2,317,53.82362110919633,-2.244539167,,,,
71802,Ribble,Halton West,Ribble at Halton West,GB-GBN,385000,455200,207,117,53.992620214385326,-2.230276823,EA-CL,EA,,
71803,Hodder,Higher Hodder Bridge,Hodder at Higher Hodder Bridge,GB-GBN,369700,441100,256,50.9,53.86522286132003,-2.462230629,EA-CL,EA,,
71804,Dunsop,Footholme,Dunsop at Footholme,GB-GBN,365200,452900,24.9,166,53.970990855581995,-2.532002415,EA-CL,EA,,Thin plate weir.
72001,Lune,Halton,Lune at Halton,GB-GBN,350300,464720,994.6,4.9,54.07599440394232,-2.76106654,EA-CL,EA,,
72002,Wyre,St Michaels,Wyre at St Michaels,GB-GBN,346329,441132,275,4.4,53.863615025873216,-2.817588147,EA-CL,EA,720517,"Station opened as a velocity area station with cableway in September 1962. Despite inclusion of artificial bed control, low flow calibration found insensitive and additional station built in 1969. The additional station is a truncated Flat V weir (19.4m wide, with 1:2 u/s & d/s slopes, and 1:20 cross-slopes) built 500m downstream in December 1969. Both stations operated until February 1981."
72003,Hindburn,Wray,Hindburn at Wray,GB-GBN,360491,467950,84,127.7,54.10590718364901,-2.605749464,EA-CL,EA,724427,"Station opened in May 1967 as compound broad-crested weir; central crest 3.65m wide, two flanking crests each 7.4m wide and 0.38m higher. Station closed December 1980 (due to gravel problems) and re-opened January 1991 following inlet pipe improvements."
72004,Lune,Caton,Lune at Caton,GB-GBN,352935,465318,983,10.7,54.0816166,-2.720892154,EA-CL,EA,724629,"Compound broad-crested weir. Station opened in 1968 to measure low flows, with Halton 3 km downstream measuring high flows. On closure of Halton in 1985, Caton became a full-range station and the records were combined."
72005,Lune,Killington,Lune at Killington,GB-GBN,362205,490633,219,82.8,54.309885607541716,-2.582398444,EA-CL,EA,722421,"A non-standard compound broad-crest weir with off-centre low flow notch, installed May 1969."
72006,Lune,Kirkby Lonsdale,Lune at Kirkby Lonsdale,GB-GBN,361490,477760,507.1,36.1,54.19414508,-2.59172803,EA-CL,EA,724024,Velocity area station opened in October 1968 and closed in 1984.
72007,Brock,upstream of A6,Brock at upstream of A6,GB-GBN,351232,440548,32,24,53.858851402718614,-2.742948923,EA-CL,EA,720215,"Rectangular section broad-crested weir with a central low flow notch, constructed in 1978. Weir reconstructed to original height in 1991 due to erosion problems."
72008,Wyre,Garstang,Wyre at Garstang,GB-GBN,348800,444700,114,10.9,53.895930767771205,-2.780616106,EA-CL,EA,720107,Initially vertical-area station with gravel control. From Sep 1969 Flat V weir installed.
72009,Wenning,Wennington,Wenning at Wennington,GB-GBN,361542,470082,142,39.4,54.125147327686754,-2.58994843,EA-CL,EA,724326,"Truncated Flat V weir, approximately 14m wide, 1:20 cross-slopes, opened in 1969 with chart data from 27/11/1970."
72010,Lune,Tebay,Lune at Tebay,GB-GBN,361340,504110,135.8,172.3,54.43093316192379,-2.59744869,EA-CL,EA,,
72011,Rawthey,Brigflatts,Rawthey at Brigflatts,GB-GBN,363945,491114,200,84.1,54.314334429715935,-2.555714956,EA-CL,EA,723423,"Velocity area station in natural channel, approx 30m wide, opened 1967."
72012,Greta,Burton in Lonsdale,Greta at Burton in Lonsdale,GB-GBN,365280,471950,93.2,61,54.14220198258306,-2.532970998,EA-CL,EA,,
72013,Borrow Beck,Borrow Bridge Weir,Borrow Beck at Borrow Bridge Weir,GB-GBN,360850,501440,26,152.4,54.40690155090851,-2.604648144,EA-CL,EA,,"Non-standard broad crested weir opened in February 1976, closed in February 1981."
72014,Conder,Galgate,Conder at Galgate,GB-GBN,348160,455371,28.5,16.6,53.99176599834395,-2.792169795,EA-CL,EA,724836,"Velocity area station opened 1966. Considerably truncated Flat V weir from September 1975, in confined concrete channel to 1.7m, with concrete wall above as a flood barrier."
72015,Lune,Lunes Bridge,Lune at Lunes Bridge,GB-GBN,361210,502901,141.5,165,54.42005853010797,-2.599293892,EA-CL,EA,722242,"Non-standard, compound bed control built into the invert of a railway bridge. Overall width 11.65m, with 4.2m wide central notch. Weir eroded. Station opened in 1978; repaired in 1989, June to September 2009, and February to May 2011. Station replaced Tebay (72010)."
72016,Wyre,Scorton Weir,Wyre at Scorton Weir,GB-GBN,350120,449989,88.8,31.6,53.94359184608922,-2.761395787,EA-CL,EA,720102,Station opened in January 1967 with a non-standard compound broad-crested weir and fish pass and closed in 2015.
72017,Wenning,Hornby,Wenning at Hornby,GB-GBN,358554,468364,232,22.7,54.109474967915936,-2.635429115,EA-CL,EA,724528,"Station from 1957 on rebuilt weir, curved crest 0.19m long, radius 26.6m, channel 38m wide, with V notch 2.86m wide in centre and 0.5m below main crest. Previously (Jan 1940 to May 1945) a broad-crested weir (40.2m wide), but no data presented for the earlier station. The gauging stations at Wennington and Wray account for 96% of the catchment area."
72018,Burrow Beck,Burrow Beck,Burrow Beck at Burrow Beck,GB-GBN,348979,460669,,,54.039459727913815,-2.780570493,,,724700,
72803,Lune,Halton Upper Weir,Lune at Halton Upper Weir,GB-GBN,351300,464800,981,9.6,54.076809080979814,-2.745797705,EA-CL,EA,,
72804,Lune,Broadraine,Lune at Broadraine,GB-GBN,362100,490100,222,79,54.30508788063001,-2.583944327,EA-CL,EA,,
72810,Wyre,Kirklands Weir,Wyre at Kirklands Weir,GB-GBN,349000,443000,144,31.6,53.880672638872106,-2.777289328,NWW,NWW,,
72811,Brock,Roe Bridge,Brock at Roe Bridge,GB-GBN,348070,441003,37.3,8,53.86263316698173,-2.791096003,EA-CL,EA,,
72812,Stubbins Brook,Claughton,Stubbins Brook at Claughton,GB-GBN,351100,442900,3.3,20.7,53.87997658493374,-2.745331485,EA-CL,EA,,
72814,Calder,Sandholme Bridge,Calder at Sandholme Bridge,GB-GBN,351900,443500,18.5,42,53.88544380225116,-2.733257706,EA-CL,EA,720208,
72817,New Mill Brook,Hollowforth Hall,New Mill Brook at Hollowforth Hall,GB-GBN,350346,436402,31.9,16,53.82150668318398,-2.755746821,EA-CL,EA,720212,"Velocity area station with small truncated Flat V weir approx 4.3m wide, low wingwalls in straight channel. Located approximately 150m downstream of a road bridge in open pasture."
72818,New Mill Brook,Carvers Bridge,New Mill Brook at Carvers Bridge,GB-GBN,347908,438052,64.5,12,53.83609622034088,-2.79305736,EA-CL,EA,,Non-standard Crump profile Flat V weir from 1972. Station built to monitor the effects of groundwater abstraction in the New Mill Brook from the Lancashire Conjunctive Use Scheme.
72820,Burnes Gill,Tebay(M6),Burnes Gill at Tebay(M6),GB-GBN,360800,500600,0.71,195,54.399348994850406,-2.605307178,EA-CL,EA,,
73001,Leven,Newby Bridge,Leven at Newby Bridge,GB-GBN,337100,486300,241,38.4,54.26846919843862,-2.967291428,EA-CL,EA,,
73002,Crake,Low Nibthwaite,Crake at Low Nibthwaite,GB-GBN,329450,488210,73,38.6,54.284632127781705,-3.08518138,EA-CL,EA,737537,"Station opened in 1962 with unstable rubble weir, replaced with Flat V control in August 1963. Stone walled channel approx 10m wide. Straight approach for approx 50m, slight right hand curve downstream. Bed is of slate and stones."
73003,Kent,Burneside,Kent at Burneside,GB-GBN,350730,495540,73.6,51,54.35300104812648,-2.759562437,EA-CL,EA,730102,"Velocity-area station in natural channel on an industrial site within a paper factory. Station opened 1974 and closed June 2000, replaced by Bowston (73017). Site became problematic due to river bank problems, access difficulties and the absence of a low flow control. Full period of record peak flow data reviewed and released in August 2025 (WINFAP Files v14)."
73004,Coniston Water,Brown Howe,Coniston Water at Brown Howe,GB-GBN,,,63.71,,,,,,,
73005,Kent,Sedgwick,Kent at Sedgwick,GB-GBN,350877,487421,209,18.9,54.28005476142096,-2.755961814,EA-CL,EA,730511,"Station opened October 1968, data held from November 1978. Compound broad-crested weir, 27m wide with 9.16m low flow notch 0.3m lower (widened from 3m in October 1994). Eel pass installed October 2014."
73006,Cunsey Beck,Eel House Bridge,Cunsey Beck at Eel House Bridge,GB-GBN,336956,494055,18.7,63.4,54.33813713,-2.971141494,EA-CL,EA,735226,"Velocity area station opened in May 1968 in an artificially straightened reach. A non-standard wooden sleeper V control was installed Nov 1978. Historically this has been a relatively poor site with weed in the channel, erosion of the left bank, and deposition downstream. The station was closed in April 1983, but reopened in March 1985 when long term investigation of water quality in Esthwaite Water was started. The control was modified and raised approximately 0.1m in August 1999. Removed from peak flows dataset in May 2016 (WINFAP Files v4)."
73007,Troutbeck,Troutbeck Bridge,Troutbeck at Troutbeck Bridge,GB-GBN,340440,500670,23.6,60.9,54.39799852412009,-2.918890772,EA-CL,EA,,"EA believe it was a poor site. EA hold continuous level data for period of record and some flow gaugings, but there is no rating equation. Since 1996 there has been a station 1.3 km downstream, at Calgarth."
73008,Bela,Beetham,Bela at Beetham,GB-GBN,349620,480577,131,10.9,54.218428879226614,-2.77411273,EA-CL,EA,731013,"Opened July 1969. Flat V weir 18.9m across, 1:20 cross slope. Velocity area for medium/high flows."
73009,Sprint,Sprint Mill,Sprint at Sprint Mill,GB-GBN,351477,496106,34.6,57.5,54.35815911947679,-2.748162784,EA-CL,EA,730203,"Station opened Oct 1969. Flat V weir 14m wide, cross-slopes 1:20, wingwalls to 0.61m, with sloping ground above. Weir was repaired in 1990 and 2000. Weir significantly repaired summer 2018 but no obvious effect on the flow data. Eel pass added at the same time, attached to the outer edge of the weir. May have a minor effect on V full flows. Flood warning station for Kendal."
73010,Leven,Newby Bridge,Leven at Newby Bridge,GB-GBN,336599,486267,247,37.3,54.268110697299605,-2.974975743,EA-CL,EA,735430,"Level record since 1939 from four different sites at Newby Bridge. All flow records from 1939 to 1974 combined into a single sequence. Since 04/05/1971 Compound Crump profile weir. The original ""Recorder"" station to 1969 was a recorder in a box with stilling well located where the upstream face of the bridge met the right bank. Chart trace appears ok. However, there was no staff gauge at the site to check the chart levels in the early years, and some concerns about the representativeness of recorded levels during high flows, and/or datum changes. The PGS (Primary Gauging Station; 1963-1981) was a velocity area station with a hut and cableway, on the right bank approx 140m upstream of the bridge. The period of overlap of the Recorder and PGS stations enabled a stage-discharge relationship to be derived for the Recorder station. In 1971 the weir immediately downstream of the bridge was reconstructed, flood relief gates added, and the present FMS (Flow Measuring Station) built downstream. A temporary recorder was installed approx 600m downstream of the FMS during construction of the FMS and upstream weir. The FMS station has a low central notch 3.7m wide, and two flanking crests 10m and 16.9 m wide, 0.65 m higher. Weir was repaired summer 2013 and crests restored to original profile; does not appear to have affected the single rating equation."
73011,Mint,Mint Bridge,Mint at Mint Bridge,GB-GBN,352411,494470,65.8,50.3,54.34354564,-2.73353,EA-CL,EA,730404,"Station opened in 1969. Flat V weir, 10.9m across, cross-slope 1:10, originally with stainless steel crest which disappeared in 1987. Replaced 1990 but negligible effect, weir repaired summer 2002, 2007 and 2013. Weir situated 300m upstream of the bridge."
73012,Kent,Victoria Bridge,Kent at Victoria Bridge,GB-GBN,351700,493100,183,,54.33116730776315,-2.744243293,EA-CL,EA,730507,"Velocity area station in a stone wall lined open channel. Opened January 1974, replacing an earlier station at Nether Bridge (1963-1981) downstream. Data shown are for Victoria Bridge (EA number 730507) which opened in 1974 and closed in 2022 (30th November), although no peak flow data was produced beyond 07/05/2019. This in turn was replaced by a new site (EA number 73506, Victoria Bridge New) which opened some 40m downstream (on 23/02/2010, with a temporary site being used from 2007 to 2010) but Victoria Bridge New is predominantly used for river level."
73013,Rothay,Miller Bridge House,Rothay at Miller Bridge House,GB-GBN,337125,504195,64,40.8,54.429273886506415,-2.970690989,EA-CL,EA,735022,"Velocity area station. Natural catchment, containing Rydal Water and Grasmere."
73014,Brathay,Jeffy Knotts,Brathay at Jeffy Knotts,GB-GBN,335965,503406,57.4,41.9,54.42203917729077,-2.988398138,EA-CL,EA,735123,"Velocity area station in a straight section with stony bed, opened 07/09/1970. The original site at Jeffy Knotts consisted of a small kiosk with chart recorder. This was replaced during March-April 1998 with a full size well and building with power and telemetry. The station replaced the nearby site downstream at Brathay Hall which opened on 08/10/1965 and was terminated on 16/12/1980. Microfiche stage data is available for that site."
73015,Keer,High Keer Weir,Keer at High Keer Weir,GB-GBN,352320,471893,48,7.7,54.14064778597256,-2.731331327,EA-CL,EA,733020,"Flat-V weir, opened 1971, 3.5m wide, cross-slopes 1:10, set in vertical wing walls, approx 1m high. Superseded level-only open channel station (High Keer Bridge) which opened 1970."
73016,Trout Beck,Calgarth,Trout Beck at Calgarth,GB-GBN,339612,499883,24.49,40.5,54.390828915264755,-2.93148208,EA-CL,EA,735328,"Established Nov 1995 as a temporary site to monitor low flows. Timber bed control present 2004-2009, bridge-mounted radar installed 2018. Station good for low and medium flows, suspect at high flows. Troutbeck Bridge (EA station 735327) was approximately 1.2km upstream and recorded from June 1967 to April 1983 (possibly poor data quality)."
73017,Kent,Bowston,Kent at Bowston,GB-GBN,349935,496525,70.61,,54.36177493774745,-2.771958904,EA-CL,EA,730120,"Velocity area station with purpose built shallow V low flow control. The site is downstream of the village of Bowston and has a good approach channel. Station commissioned October 1999 as a replacement for the site at Burneside (1500m downstream). Catchment area to Bowston is approx 5% less than Burneside. There is an overlap with Burneside of 8 months and a good correlation between the two data sets is apparent, peaks at Bowston being slightly less."
73018,Gowan,Staveley Village,Gowan at Staveley Village,GB-GBN,347001,498328,,,54.37767976244978,-2.817427325,,,730100,
73019,Unknown,Grange Windermere Road,Unknown at Grange Windermere Road,GB-GBN,341123,478309,,,54.19714043835153,-2.90395851,,,732009,
73801,Bela,Milnthorpe,Bela at Milnthorpe,GB-GBN,348400,481300,26.4,15.9,54.22480441940071,-2.792944881,,,,
73802,Rusland Pool,Rusland Hall,Rusland Pool at Rusland Hall,GB-GBN,333900,488600,32,7.4,54.288732350626425,-3.01692605,,,,
73803,Winster,Lobby Bridge,Winster at Lobby Bridge,GB-GBN,342380,488520,20.7,8,54.28904167754477,-2.886659906,EA-CL,EA,,
73804,Brathay,Brathay Hall,Brathay at Brathay Hall,GB-GBN,336500,503400,57.5,45,54.422052455607435,-2.980152916,EA-CL,EA,,
73805,Kent,Kendal (Nether Bridge),Kent at Kendal (Nether Bridge),GB-GBN,351700,491900,188,37.2,54.32038363,-2.744048566,EA-CL,EA,,
73813,Peasey Beck,Old Halton,Peasey Beck at Old Halton,GB-GBN,357800,488600,14.1,,54.291269844879615,-2.649809254,NWW,NWW,,
73814,Gilpin,Durham Bridge,Gilpin at Durham Bridge,GB-GBN,344800,490100,20.5,8.2,54.30350752525511,-2.849780913,NWW,NWW,,
73815,Eea,Cark Station,Eea at Cark Station,GB-GBN,336400,476300,31,,54.17852242029671,-2.975915541,NWW,NWW,,
73827,Eea,Low Bankside,Eea at Low Bankside,GB-GBN,336900,477400,29.4,,54.18846895119676,-2.968487285,NWW,NWW,,
73830,Coniston Water,Brown Howe,Coniston Water at Brown Howe,GB-GBN,329100,490800,62.6,43.6,54.307856265872374,-3.091171811,EA-CL,EA,,
73831,Lake Windermere,Far Sawrey,Lake Windermere at Far Sawrey,GB-GBN,339000,495600,,39,54.35226930843562,-2.940025714,EA-CL,EA,,
74001,Duddon,Duddon Hall,Duddon at Duddon Hall,GB-GBN,319526,489585,85.66,14.8,54.2955186,-3.237952091,EA-CL,EA,740102,"Station opened in 1967. Compound broad-crested weir, 22.9m overall, centre crest 7m and 0.3m below flanking crests of equal height."
74002,Irt,Galesyke,Irt at Galesyke,GB-GBN,313558,503823,44.2,54.2,54.42246650134627,-3.333760297,EA-CL,EA,743008,"Station opened December 1967 on a natural channel with a plastic pipe, then gabion as bed control. The control was modified in September 1968. Flat V weir constructed 20m upstream in September 1990. The weir was refurbished in July and August 2006; the datum plate was reset on 19/04/2007 and levels from the date of the refurbishment were adjusted by the change."
74003,Ehen,Bleach Green,Ehen at Bleach Green,GB-GBN,308387,515393,44.2,110.4,54.52550742752531,-3.417019386,EA-CL,EA,744111,Compound Crump profile weir from August 1973; 10.6m overall width; centre notch 3.0m wide and 0.3m lower than flanking crests each 3.5m wide. Measures flood discharge and compensation water from Ennerdale Water 800m u/s. The station was formerly known as Ennerdale Weir. Replaced narrow flume with side weir regarded as control for a rated section. Eel pass installed 2016.
74005,Ehen,Braystones,Ehen at Braystones,GB-GBN,300909,506051,125.5,10.1,54.44017277904524,-3.52938145,EA-CL,EA,744312,Non-standard shallow V control installed 1997. Superseded a velocity area station with unstable rating. Weir lowered summer 2007.
74006,Calder,Calder Hall,Calder at Calder Hall,GB-GBN,303501,504491,44.8,26.4,54.42665705309742,-3.488922391,EA-CL,EA,743509,"Station opened December 1973. Flat V weir 12m wide, 1:20 cross-slope, measures low and medium flows. Weir repaired in 1990, 1995 and 2001. Right bank 4m high, left bank 2.56m high."
74007,Esk,Cropple How,Esk at Cropple How,GB-GBN,313100,497770,70.2,6.2,54.368004593666505,-3.339044125,EA-CL,EA,742006,"Velocity area station, opened October 1974. Channel 17.3m across, banks about 2m."
74008,Duddon,Ulpha,Duddon at Ulpha,GB-GBN,320910,494720,47.9,75.9,54.341873683041904,-3.218055429,EA-CL,EA,740101,"Station opened 1971. Non-standard compound broad-crested weir, three different crest levels (heights zero, 0.31m, 0.54m) of varying widths and lengths. Structure at obtuse angle on a gentle right bend. Approach banks are man-made stone walls. Eel passes installed in 2019."
74802,Wast Water,Low Wood,Wast Water at Low Wood,GB-GBN,314600,504000,42.7,60.4,54.42423303189217,-3.317756661,EA-CL,EA,,
75001,St Johns Beck,Thirlmere Reservoir,St Johns Beck at Thirlmere Reservoir,GB-GBN,331320,519500,42.1,159.5,54.56604260540771,-3.063721745,EA-CL,EA,750605,"Compound Crump profile weir, 13.6m wide overall, central notch 1.96m wide and 0.31m lower than flanking crests, each 5.5m wide. Station building raised above flood level in 2001. Station measures compensation and flood spill discharges from Thirlmere reservoir approx. 1km upstream. Replaced a rectangular thin-plate weir in January 1973."
75002,Derwent,Camerton,Derwent at Camerton,GB-GBN,303700,530500,663,16.7,54.660354278712084,-3.494373471,EA-CL,EA,753015,"Velocity area station opened August 1960, destroyed by fire in 1986 but replaced, closed after being destroyed by November 2009 flood. The farthest downstream flow measurement on the River Derwent, channel 30m wide."
75003,Derwent,Ouse Bridge,Derwent at Ouse Bridge,GB-GBN,319878,532134,363,67.7,54.677869043498845,-3.244101019,EA-CL,EA,751110,"Velocity-area station opened March 1968. Channel 30m wide immediately downstream of Ouse Bridge itself, which is at the outlet to Bassenthwaite Lake. Station hut was originally on left bank, moved to right bank 1994/95, and rebuilt after Nov 2009 event."
75004,Cocker,Southwaite Bridge,Cocker at Southwaite Bridge,GB-GBN,313090,528090,116.6,59.5,54.64041049792565,-3.348138596,EA-CL,EA,751613,"Velocity area station, channel is approximately 17m wide. Station is often used in conjunction with Scalehill (75016)."
75005,Derwent,Portinscale,Derwent at Portinscale,GB-GBN,325194,523884,235,72.6,54.60456254552022,-3.159564557,EA-CL,EA,751007,Opened December 1971 as a velocity area station located between Derwent (upstream) and Bassenthwaite (downstream) lakes. Non-standard shallow V weir installed in March 1993.
75006,Newlands Beck,Braithwaite,Newlands Beck at Braithwaite,GB-GBN,324050,523930,33.9,74.6,54.60480491774428,-3.177282283,EA-CL,EA,,
75007,Glenderamackin,Threlkeld,Glenderamackin at Threlkeld,GB-GBN,332260,524796,64.5,136.3,54.61375545,-3.050410474,EA-CL,EA,750504,"Opened April 1969 as a velocity-area station with gabion basket low flow control which was prone to erosion and drowning. A non-standard 13m wide weir was built in 1986. Non-standard shallow V concrete weir was constructed 1998, reduced by 0.2m in 2008."
75009,Greta,Low Briery,Greta at Low Briery,GB-GBN,328558,524216,145.6,99.7,54.60803321709715,-3.107579557,EA-CL,EA,750806,"Velocity area station opened March 1971. Station operated from 1999 as level only but was important for flood forecasting and a rating was developed for high flows. Flood warning site for Keswick. Massive channel changes through gravel deposition occurred at the station during Storm Desmond on 05/12/2015. The gauging station also sustained damage. A decision was made to relocate upstream to Riddings Wood,a location that is expected to offer channel stability to enable the production of reliable flows and will be less prone to damage during exceptional floods."
75010,Marron,Ullock,Marron at Ullock,GB-GBN,307430,523760,27.7,93.8,54.600502350025415,-3.434437941,EA-CL,EA,,
75012,St Johns Beck,Thirlmere Reservoir,St Johns Beck at Thirlmere Reservoir,GB-GBN,331300,519500,,,54.56603988566846,-3.064031007,,,,
75014,Derwent,Mountain View,Derwent at Mountain View,GB-GBN,325100,513700,15.8,100.3,54.51304567,-3.158422158,EA-CL,EA,,
75016,Cocker,Scalehill,Cocker at Scalehill,GB-GBN,314899,521430,64,95.1,54.580883474067775,-3.318181878,EA-CL,EA,751612,"Non-standard compound weir with Crump centre section. Straight approach upstream, uniform flow. Generally used in conjunction with 75004 Southwaite."
75017,Ellen,Bullgill,Ellen at Bullgill,GB-GBN,309600,538400,96,26.6,54.73242077147802,-3.405394072,EA-CL,EA,754016,"Flat V weir (1:20 side slopes) 11m wide installed in 1975. Right bank 1.77 m high, left bank 1.67m high."
75018,Derwent,Seaton Mill,Derwent at Seaton Mill,GB-GBN,301890,529447,665.8,,54.65054532415344,-3.52206771,EA-CL,EA,753050,The station was built to replace Camerton which was destroyed in the flood Nov 2009. Station added to peak flows dataset in September 2019 (WINFAP Files v8).
75019,Greta,Greta Bridge,Greta at Greta Bridge,GB-GBN,326296,523758,,,54.60359264817851,-3.142476914,,,750832,
75801,Crummock Water,Crummock Water,Crummock Water at Crummock Water,GB-GBN,315000,520510,22.1,98.1,54.57263482596543,-3.316353172,EA-CL,EA,,
75802,Stonethwaite Beck,Stonethwaite,Stonethwaite Beck at Stonethwaite,GB-GBN,326300,513800,22.3,95.9,54.51412032886657,-3.139916004,EA-CL,EA,,
75803,Bassenthwaite Lk,Peil Wyke,Bassenthwaite Lk at Peil Wyke,GB-GBN,320700,530700,,67.7,54.66511539377515,-3.23096636,EA-CL,EA,,
76001,Haweswater Beck,Burnbanks,Haweswater Beck at Burnbanks,GB-GBN,350759,515929,33,189,54.53622328,-2.762513782,EA-CL,EA,761103,"Compound Crump weir from April 1978, side weirs 6.7m wide, with central weir 6m wide, 0.26m lower Replaced compound thin plate, 4 stage weir, 1961-1978 (21.3m wide overall with lowest crest 3m wide; paired flanking crests 0.6m higher each 4.56 m wide, 1m higher (each 2.28m wide) and 1.25m higher (each 2.28 m wide) than the lowest. Previously velocity-area station 1951-1961."
76002,Eden,Warwick Bridge,Eden at Warwick Bridge,GB-GBN,347000,556700,1366.7,17.5,54.902196638696935,-2.828036916,EA-CL,EA,762507,"Velocity area station, opened November 1959, channel width 40m. Station replaced in December 1996 by Great Corby (76017). Closed June 1998."
76003,Eamont,Udford,Eamont at Udford,GB-GBN,357569,530450,396.2,90.9,54.66732902233784,-2.659382143,EA-CL,EA,762006,"Velocity-area station, opened April 1961 and closed March 2024 (with no data since 2016)."
76004,Lowther,Eamont Bridge,Lowther at Eamont Bridge,GB-GBN,352507,528562,158.5,113.3,54.649910946018316,-2.737550705,EA-CL,EA,761104,"Velocity area station, opened 1962, channel approximately 15m wide, with open channel control (gravel bed). In-river sensor added July 2013 to monitor well performance."
76005,Eden,Temple Sowerby,Eden at Temple Sowerby,GB-GBN,360452,528316,616.4,92.4,54.64838767927437,-2.614396621,EA-CL,EA,760502,Velocity area station opened in 1964 with a rock bar downstream acting as hydraulic control. Non-standard shallow V bed control constructed in 2002 to stabilise the gravel bed.
76006,Caldew,Dalston,Caldew at Dalston,GB-GBN,,,233.1,,,,,,,
76007,Eden,Sheepmount,Eden at Sheepmount,GB-GBN,339000,557103,2286.5,9.9,54.90490331740185,-2.952860459,EA-CL,EA,765512,"Velocity area station opened 1967 in a deep, slack section. River approximately 35m wide at gauging section."
76008,Irthing,Greenholme,Irthing at Greenholme,GB-GBN,348619,558073,334.6,18.4,54.91470305642489,-2.803037847,EA-CL,EA,763308,"Velocity area station with non-standard shallow V weir (2m wide in the direction of flow) installed between February and August 1975. Originally (1967-1975), had a plastic pipe control that was effective over most of the flow range."
76009,Caldew,Holm Hill,Caldew at Holm Hill,GB-GBN,337820,546860,147.2,59.7,54.81272348464568,-2.96905055,EA-CL,EA,,"Natural channel with low flow gabion control, severely affected by gravel deposition."
76010,Petteril,Harraby Green,Petteril at Harraby Green,GB-GBN,341184,554500,160,20.1,54.88177729813513,-2.918272251,EA-CL,EA,764009,"Opened December 1969. Velocity area station with thin plate rectangular notch weir as control, 10m wide (nearly full width of channel). Weir notch full at 0.7m. River Petteril joins the Eden 0.7 km downstream of station. Station closed in 2014, replaced by Newbiggin Bridge (76020)."
76011,Coal Burn,Coalburn,Coal Burn at Coalburn,GB-GBN,369368,577778,1.5,275.3,55.09347704948595,-2.48150178,EA-CL,EA,763117,"Opened in 1965 as a compound Crump profile weir, 18.5ft wide overall, central notch 2.5ft wide with flanking crests 1ft higher and 7ft wide. Structure was affected by deterioration leading to its replacement by a compound broad-crested weir (with V-notch for low flows) in 1991. Small experimental catchment (with boundary ditches) to show the effects of afforestation from planting to canopy closure. Experiments jointly managed by EA, UKCEH forebears and the Forestry Commission. Central climate station and areal rainfall derived by UKCEH forebears using a small network of within-catchment raingauges. Record exceeds 40 years in length; a time series of major strategic importance."
76012,Irthing,Gilsland,Irthing at Gilsland,GB-GBN,362900,566400,115,120,54.99079565394369,-2.581358642,EA-CL,EA,,
76013,Irthing,Butt Rigg,Irthing at Butt Rigg,GB-GBN,364200,569700,98.21,167.6,55.020543941131024,-2.5614566,NW,NW,,
76014,Eden,Kirkby Stephen,Eden at Kirkby Stephen,GB-GBN,377299,509694,69.4,158.1,54.48208200147595,-2.351879424,EA-CL,EA,760101,"Non-standard compound broad-crested weir, built in 1971 to stabilise the bed and act as a low flow control. In 2007 extensive revetment works on left bank were carried out to prevent bank slippage into channel; weir repaired in 2008."
76015,Eamont,Pooley Bridge,Eamont at Pooley Bridge,GB-GBN,347233,524963,145,144.2,54.61704576399371,-2.81862683,EA-CL,EA,761605,"Compound Crump weir just downstream of Ullswater, constructed in 1970, although no records until 1976. Weir is 29.3m wide with all crests 9.1m wide, the centre being 0.55m lower."
76016,Caldew,Mosedale,Caldew at Mosedale,GB-GBN,336560,532600,34.5,217,54.68443649485807,-2.985535663,EA-CL,EA,,Flat vee weir. Constructed in connection with a reservoir proposal that did not go ahead.
76017,Eden,Great Corby,Eden at Great Corby,GB-GBN,346825,555339,1373,19,54.889948928656665,-2.830513877,EA-CL,EA,762505,"Non-standard compound Crump weir. Was designed as a multifunctional station to also allow and count fish migration, and has 1:2 upstream slope, 1:7.3 downstream slope. Side sections approx 14.5m wide, central low flow section 1.458m wide with crest 0.5m below side weirs. Opened December 1996 to replace Warwick Bridge (76002)."
76018,Goldrill Beck,Patterdale Side Farm,Goldrill Beck at Patterdale Side Farm,GB-GBN,339700,516020,36.27,146.8,54.53584265428726,-2.933422283,EA-CL,EA,761511,Velocity-area station 0.5 km upstream of Ullswater.
76019,Roe Beck,Stockdalewath,Roe Beck at Stockdalewath,GB-GBN,338758,545020,62.99,,54.79630638502826,-2.95406779,EA-CL,EA,765850,"A non-standard V weir constructed from timber in March 1999, 12m across, anchored to the sandstone bed."
76020,Petteril,Newbiggin Bridge,Petteril at Newbiggin Bridge,GB-GBN,343561,551259,145.82,38.4,54.85293042448275,-2.880592648,EA-CL,EA,764050,Velocity area station opened in 2006 to replace 76010 (Harraby Green) 5km downstream.
76021,Eden,Great Musgrave Bridge,Eden at Great Musgrave Bridge,GB-GBN,376486,513108,223.1,,54.512725468769126,-2.364700296,EA-CL,EA,760112,"Velocity area station with non-standard shallow V weir, 30m across constructed July 2000."
76022,Caldew,Cummersdale,Caldew at Cummersdale,GB-GBN,339489,552735,244,,54.86571596143749,-2.944316766,EA-CL,EA,765013,"Non-standard broad crested shallow V weir, 17m wide. Opened September 1997, replacing Holm Hill (76009) and Holm Head stations."
76023,Dacre Beck,Dacre Bridge,Dacre Beck at Dacre Bridge,GB-GBN,346007,526287,36,,54.628813035640434,-2.837854051,EA-CL,EA,761706,Station opened in November 1997 as levels-only for flood warning purposes. Closed September 1998 and re-opened January 1999 using velocity area method for flow measurement.
76024,Eden,Appleby,Eden at Appleby,GB-GBN,368333,520627,,,54.579849393280966,-2.491435959,,,760115,
76801,King Water,Spadeadam,King Water at Spadeadam,GB-GBN,361200,569900,,,55.02211547257106,-2.608401889,,,,
76802,Lowther,Craggs Mill,Lowther at Craggs Mill,GB-GBN,,,,,,,,,,
76805,Force Beck,M6 Shap,Force Beck at M6 Shap,GB-GBN,357900,513400,4.1,291,54.51414248522368,-2.651798673,EA-CL,EA,,
77001,Esk,Netherby,Esk at Netherby,GB-GBN,339050,571770,841.7,14.3,55.036691712763364,-2.955204127,EA-CL,EA,770201,Full-range velocity area station in a sandstone channel. Station closed March 2004.
77002,Esk,Canonbie,Esk at Canonbie,GB-GBN,339668,575053,495,22.4,55.06626448776657,-2.946231417,SEPA-SW,SEPA,133148,Velocity area station located on straight reach with natural channel control. Cableway.
77003,Liddel Water,Rowanburnfoot,Liddel Water at Rowanburnfoot,GB-GBN,341457,575935,319,27.1,55.074403649145985,-2.91840436,SEPA-SW,SEPA,133176,Velocity area station with cableway on straight gravel bedded reach.
77004,Kirtle Water,Mossknowe,Kirtle Water at Mossknowe,GB-GBN,328502,569268,72,20.8,55.01280561159708,-3.119586585,SEPA-SW,SEPA,133169,Velocity area station. Sited on straight reach above fall over rock bar acting as control.
77005,Lyne,Cliff Bridge,Lyne at Cliff Bridge,GB-GBN,341199,566190,191,12.3,54.98681481,-2.920434838,EA-CL,EA,770302,Flat V weir with a cableway 10m u/s.
78001,Annan,St Mungos Manse,Annan at St Mungos Manse,GB-GBN,312500,575500,730.3,34,55.066231396773375,-3.371658103,SEPA-SW,SEPA,,River section 45m u/s of St Mungo's Manse near Lockerbie. Discontinued as a flow station in 1961.
78002,Ae,Elshieshields,Ae at Elshieshields,GB-GBN,306800,585200,143.2,53.9,55.15232906,-3.4640639,SEPA-SW,SEPA,,
78003,Annan,Brydekirk,Annan at Brydekirk,GB-GBN,319047,570414,925,10,55.021651006071885,-3.267726459,SEPA-SW,SEPA,133146,Velocity area station with cableway (span 190 feet) located on straight section below bend and with slightly curving channel below.
78004,Kinnel Water,Redhall,Kinnel Water at Redhall,GB-GBN,307718,586862,76.1,53.7,55.16743101345543,-3.450205342,SEPA-SW,SEPA,133175,Velocity area station located in straight gravel-bedded reach.
78005,Kinnel Water,Bridgemuir,Kinnel Water at Bridgemuir,GB-GBN,309070,584485,229,44.9,55.14632870221234,-3.428225318,SEPA-SW,SEPA,133145,Velocity area station with cableway on a small channel at a well confined section. Large bend u/s but straight at gauge. Steep bank on the right bank.
78006,Annan,Woodfoot,Annan at Woodfoot,GB-GBN,309990,600900,217,82.3,55.29395420610264,-3.419034917,SEPA-SW,SEPA,133182,"Velocity area station with cableway (span 52m). Good approach, steep lb. Cableway spans immediate rb and subsidiary flood bank."
79001,Afton Water,Afton Reservoir,Afton Water at Afton Reservoir,GB-GBN,263100,605000,8.5,386,55.31996090115699,-4.158979034,SEPA-SW,SEPA,,Compound sharp-edged weir below Afton Reservoir (major water supply abstraction) - measures compensation flows and spillage.
79002,Nith,Friars Carse,Nith at Friars Carse,GB-GBN,292346,585121,799,19.8,55.14868482989893,-3.690747786,SEPA-SW,SEPA,133156,Velocity area station.
79003,Nith,Hall Bridge,Nith at Hall Bridge,GB-GBN,268410,612970,155,173,55.39297895884124,-4.079109565,SEPA-SW,SEPA,133160,Velocity area station. Straight and uniform approach.
79004,Scar Water,Capenoch,Scar Water at Capenoch,GB-GBN,284526,594078,142,48.5,55.22736753126755,-3.817044774,SEPA-SW,SEPA,133149,"Velocity area station with cableway, channel approximately 15m wide. Prior to 1981 an open channel station. Fairly straight gravel bedded reach."
79005,Cluden Water,Fiddlers Ford,Cluden Water at Fiddlers Ford,GB-GBN,292860,579521,238,22.9,55.09849667370446,-3.680572101,SEPA-SW,SEPA,133155,Velocity area station with cableway (47m in length) under natural channel control. Straight reach with gravel bed.
79006,Nith,Drumlanrig,Nith at Drumlanrig,GB-GBN,285776,599307,471,52.2,55.27462202759571,-3.799524346,SEPA-SW,SEPA,133154,Velocity area station on long straight reach at a particularly well confined site. Cableway. Gravel and rock bed.
79007,Lochar Water,Kirkblain Bridge,Lochar Water at Kirkblain Bridge,GB-GBN,302656,569512,125,8,55.01060796,-3.523699431,SEPA-SW,SEPA,133162,"Velocity area station on a short, straight reach below sharp bend and road bridge. Station closed January 2009."
80001,Urr,Dalbeattie,Urr at Dalbeattie,GB-GBN,282132,561018,199,10.3,54.92987758139201,-3.840969634,SEPA-SW,SEPA,133151,Velocity area station with cableway (span 35m) located between two sharp bends.
80002,Dee,Glenlochar,Dee at Glenlochar,GB-GBN,273360,564115,809,42.6,54.95554150046181,-3.979143491,SEPA-SW,SEPA,133157,Velocity area station on gentle bend about 500m d/s of Glenlochar Barrage. Gravel bed with some large boulders. Lowest station on highly regulated river.
80003,White Laggan Burn,Loch Dee,White Laggan Burn at Loch Dee,GB-GBN,246790,578120,5.7,226,55.07382386272504,-4.401198285,SEPA-SW,SEPA,133180,Velocity area station. Gauge on long straight section with gravel bed and low grassy banks. Station removed from peak flows dataset in August 2025 (WINFAP Files v14).
80004,Green Burn,Loch Dee,Green Burn at Loch Dee,GB-GBN,248057,579086,2.6,228,55.08288639136552,-4.381888598,SEPA-SW,SEPA,133158,Velocity area station with an informal timber control.
80005,Dargall Lane,Loch Dee,Dargall Lane at Loch Dee,GB-GBN,245069,578706,2.1,259,55.07855068628243,-4.428445574,SEPA-SW,SEPA,133153,Velocity area station on a natural river section.
80006,Blackwater,Loch Dee,Blackwater at Loch Dee,GB-GBN,247811,579675,15.6,229,55.088099167586414,-4.386053744,SEPA-SW,SEPA,133163,Velocity area station on the outflow from Loch Dee.
80801,Pullaugh Burn,Diversion Works,Pullaugh Burn at Diversion Works,GB-GBN,254400,574200,18.2,181.5,55.040917513178954,-4.28011186,SSEB,SSEB,,
81001,Penwhirn Burn,Penwhirn Reservoir,Penwhirn Burn at Penwhirn Reservoir,GB-GBN,212800,569400,18.2,151,54.98391438490459,-4.927148528,DGRW,DGRW,,Station measures compensation flows and spillage from Penwhirn Reservoir.
81002,Cree,Newton Stewart,Cree at Newton Stewart,GB-GBN,241266,565330,368,4.8,54.95726337254053,-4.480525892,SEPA-SW,SEPA,133171,"Velocity area station with cableway located on long, reasonably straight, gravel bedded reach."
81003,Luce,Airyhemming,Luce at Airyhemming,GB-GBN,218017,559917,171,19,54.900736484466954,-4.839719165,SEPA-SW,SEPA,133141,"Velocity area station with cableway, on long straight and uniform reach with wooded banks."
81004,Bladnoch,Low Malzie,Bladnoch at Low Malzie,GB-GBN,238212,554496,334,11.3,54.85901863,-4.52207797,SEPA-SW,SEPA,133167,Velocity area station on straight reach in a meandering section of river situated in pastures.
81005,Piltanton Burn,Barsolus,Piltanton Burn at Barsolus,GB-GBN,210699,556333,34.2,6.2,54.86585308976132,-4.951330652,SEPA-SW,SEPA,133142,Artificial channel maintained by statutory drainage scheme. Cableway.
81006,Water of Minnoch,Minnoch Bridge,Water of Minnoch at Minnoch Bridge,GB-GBN,236287,574600,141,27.4,55.03887142266926,-4.563503069,SEPA-SW,SEPA,133168,Velocity area station on straight reach with gravel bed below steep rocky section.
81007,Water of Fleet,Rusko,Water of Fleet at Rusko,GB-GBN,259198,558998,77,7.6,54.90579320433562,-4.197617291,SEPA-SW,SEPA,133177,Velocity area station on short straight reach with gravel bed and gravel shoal control.
82001,Girvan,Robstone,Girvan at Robstone,GB-GBN,221670,599665,245.5,9.1,55.25880542815772,-4.807721074,SEPA-SW,SEPA,133123,Velocity area station approx. 15m wide.
82002,Doon,Auchendrane,Doon at Auchendrane,GB-GBN,233783,616035,323.8,22.2,55.409979762894274,-4.627054709,SEPA-SW,SEPA,133060,Velocity area station in a straight section.
82003,Stinchar,Balnowlart,Stinchar at Balnowlart,GB-GBN,210749,583222,341,8.6,55.10717870312186,-4.968322159,SEPA-SW,SEPA,133062,Velocity area station in long straight reach. Approx. 20m wide section.
83001,Caaf Water,Knockendon Reservoir,Caaf Water at Knockendon Reservoir,GB-GBN,224500,651400,6,208,55.72413461,-4.795969973,SRCW,SRCW,,
83002,Garnock,Dalry,Garnock at Dalry,GB-GBN,229375,648738,88.8,19.1,55.70198452125401,-4.716787165,SEPA-SW,SEPA,116020,River section 0.8km d/s of Dalry. Station added to peak flows dataset in September 2023 (WINFAP Files v12).
83003,Ayr,Catrine,Ayr at Catrine,GB-GBN,252522,625909,166.3,89.9,55.5046256,-4.336590522,SEPA-SW,SEPA,133071,Velocity area station (approx. 20m wide) in a long straight reach. There is a flood bank on the lb and retaining wall on the rb.
83004,Lugar Water,Langholm,Lugar Water at Langholm,GB-GBN,250770,621755,181,80.7,55.466799716245895,-4.362070269,SEPA-SW,SEPA,133103,Velocity area station; approx. 15m wide.
83005,Irvine,Shewalton,Irvine at Shewalton,GB-GBN,234524,636853,380.7,4.8,55.59709273648994,-4.627788806,SEPA-SW,SEPA,133125,Velocity area station approx. 30m wide.
83006,Ayr,Mainholm,Ayr at Mainholm,GB-GBN,236179,621634,574,2.5,55.46104475,-4.592546211,SEPA-SW,SEPA,133111,Velocity area station approx. 30m wide located in a long straight section. Very steep banks (approx. 6m); most flows contained - overspilling occurs on lb.
83007,Lugton Water,Eglinton Castle,Lugton Water at Eglinton Castle,GB-GBN,231579,642059,54.6,7,55.64280885191141,-4.677657006,SEPA-SW,SEPA,133083,Velocity area station with a wide floodplain.
83008,Annick Water,Dreghorn,Annick Water at Dreghorn,GB-GBN,235114,638426,90.6,14,55.61141197551266,-4.619377449,SEPA-SW,SEPA,133078,Velocity area station.
83009,Garnock,Kilwinning,Garnock at Kilwinning,GB-GBN,230685,642409,183.8,4.4,55.645639553319114,-4.692060144,SEPA-SW,SEPA,133101,A velocity-area station.
83010,Irvine,Newmilns,Irvine at Newmilns,GB-GBN,253252,637188,72.8,60.9,55.60610730951992,-4.331033123,SEPA-SW,SEPA,133117,Flat V weir within broad-crested flanks in a long straight reach. Stage data collected for this site dates back to 1959. Station added to peak flows dataset in September 2023 (WINFAP Files v12).
83011,Ayr,Wellwood,Ayr at Wellwood,GB-GBN,265989,626182,60,211.6,55.510958185337614,-4.123670413,SEPA-SW,SEPA,133135,Station set-up for a coal project. Station closed April 2010.
83012,Gass Water,Welltrees,Gass Water at Welltrees,GB-GBN,262835,624204,13.9,203.3,55.492321973141074,-4.172596765,SEPA-SW,SEPA,133134,Station set-up for a coal project. Station closed December 2006.
83013,Irvine,Glenfield,Irvine at Glenfield,GB-GBN,242996,636996,218,20.6,55.60118279799776,-4.493559857,SEPA-SW,SEPA,83013,"The stage record between 1913 and 1981 was recorded by Glenfield and Kennedy engineering works, who manufactured charts recorders and other water engineering components. Although the charts have been digitised by SEPA, there is a significant amount of work required to quality control and prepare the early record for Peak Flow calculation and hence the Peak Flow record is currently only recommended from 1982. Peaks in the 1913 to 1981 period were derived manually from the charts for the original flood studies project and although these records remain published in the Peak Flow dataset, the record will remain flagged as 'rejected' until a full QC can be carried out. Stage recording in the Water Tower was handed over to the Clyde River Purification Board (predecessor of SEPA) in 1982. After issues with the engineering works occasionally closing the inlet pipe of the Water Tower during floods, CRPB installed a second stage recorder in 2002 slightly upstream on a footbridge. The footbridge location initially failed to record lower levels due to siltation of the stilling well (plastic pipe attached to the bridge) and so the two sites worked in tandem until 2010 when recording ceased from the water tower. This was possible after the plastic pipe at the footbridge was replaced with a pressure transducer in 2004. The period of tandem operation had the consequence of two stations being created in SEPA hydrometric database; called Glenfield Water Tower and Glenfield Footbridge. To facilitate the calculation of a single flow archive, a third unified site was created in the SEPA database called Glenfield, which merged all the stage record. This single site approach is consistent with the NRFA holdings where there has only ever been one station called 'Glenfield'. Although the digital record starts on 01/05/1982, significant gaps in the early years mean that a POT series is currently not available before 01/10/1992; a gap between 18/05/85 and 11/07/1985 likely has two missing POT events, a gap between 01/10/86 and 01/11/86 likely has one missing POT event and a gap between 01/01/1992 05/02/1992 likely has two missing POT events as well as missing the AMAX event for WY1991. The credible AMAX record begins from 01/10/1982 but with the AMAX figure for 1991 missing."
83802,Irvine,Kilmarnock,Irvine at Kilmarnock,GB-GBN,243000,636900,218,,55.60032232041732,-4.493441739,GKL,GKL,,
84001,Kelvin,Killermont,Kelvin at Killermont,GB-GBN,255839,670532,335.1,27,55.906236370827294,-4.307622642,SEPA-SW,SEPA,133099,Velocity area station; approx. 20m wide. Station moved 300m u/s (from Killermont) in 1962.
84002,Calder,Muirshiel,Calder at Muirshiel,GB-GBN,230900,663800,12.4,229,55.83770096422357,-4.701890846,SRCW,SRCW,133116,Compound sharp-edged weir approx. 20m wide. 7km above the river outfall to Castle Semple Loch. Station closed in 1976. SEPA re-opened the station in Dec 1993 with main purpose of pollution prevention and control; but the data is of poor quality. Re-opened station closed in 2003.
84003,Clyde,Hazelbank,Clyde at Hazelbank,GB-GBN,283531,645323,1092.9,51.7,55.68735584452825,-3.854153463,SEPA-SW,SEPA,133094,Velocity area station; approx. 60m wide in a straight section. The cableway was destroyed during a storm in 1998.
84004,Clyde,Sills of Clyde,Clyde at Sills of Clyde,GB-GBN,292837,642386,741.8,183.1,55.663123980332344,-3.705058279,SEPA-SW,SEPA,133126,Velocity area station; about 15m wide section. Sited on a 200m straight natural reach between two sharp opposing bends. Flows are straight at cableway but there is some turbulence. Station transferred from SDD to Clyde RPB in Jul 1969.
84005,Clyde,Blairston,Clyde at Blairston,GB-GBN,270435,657942,1704.2,17.6,55.79734304909668,-4.068305586,SEPA-SW,SEPA,133064,"Velocity area station, about 60m wide. Velocity profile slightly uneven due to u/s bend. Steep grass and tree covered banks. Station is subject to vandalism, station burnt down Feb 1997, temporary logger installed (became permanent)."
84006,Kelvin,Bridgend,Kelvin at Bridgend,GB-GBN,267150,674944,63.7,34.6,55.949106304843205,-4.129006247,SEPA-SW,SEPA,133066,"Velocity area station, about 12m wide. River section 340m u/s of Inchbelly Bridge, Kirkintilloch. Station was closed in 1983 then re-opened in 1998 as a level only station. Removed from peak flows dataset in September 2019 (WINFAP Files v8)."
84007,South Calder Water,Forgewood,South Calder Water at Forgewood,GB-GBN,275137,658572,93,43.8,55.80423852629159,-3.993643488,SEPA-SW,SEPA,133085,"Compound Crump profile weir (centre: 3.7m, flanks: 13.4m). Gradient sufficient to avoid drowning. Vandalism poses a problem. Station closed May 2010."
84008,Rotten Calder Water,Redlees,Rotten Calder Water at Redlees,GB-GBN,267959,660439,51.3,16.8,55.81909282886987,-4.10898384,SEPA-SW,SEPA,133122,"Compound Crump profile weir (central crest: 1.8m, flanks: 4.9m). Occasional vandalism. Removed from peak flows dataset in August 2021 (WINFAP Files v10)."
84009,Nethan,Kirkmuirhill,Nethan at Kirkmuirhill,GB-GBN,280979,642910,66,121.8,55.66506694188677,-3.893674142,SEPA-SW,SEPA,133102,"Compound Crump profile weir (centre crest: 2.4m, flanks: 4.3m); significant accretion u/s of rh crest. Removed from peak flows dataset in February 2018 (WINFAP Files v6)."
84011,Gryfe,Craigend,Gryfe at Craigend,GB-GBN,241470,666386,85.5,11.3,55.86450247406208,-4.534804038,SEPA-SW,SEPA,133073,Velocity area station about 20m wide with curving broad-crested masonry weir control on gentle bend.
84012,White Cart Water,Hawkhead,White Cart Water at Hawkhead,GB-GBN,249886,662918,234.9,5.1,55.83606529601784,-4.39853742,SEPA-SW,SEPA,133093,Velocity area station; approx. 20m wide section in a straight reach of uniform cross-section. Occasional vandalism.
84013,Clyde,Daldowie,Clyde at Daldowie,GB-GBN,267184,661676,1903.1,7.5,55.82998693035237,-4.121948371,SEPA-SW,SEPA,133074,Velocity area station with cableway; approx. 50m wide section. Lowest on the Clyde.
84014,Avon Water,Fairholm,Avon Water at Fairholm,GB-GBN,275373,651879,265.5,53.9,55.744199069516455,-3.986819751,SEPA-SW,SEPA,133084,Velocity area station; approx. 25m wide section in a very straight uniform reach.
84015,Kelvin,Dryfield,Kelvin at Dryfield,GB-GBN,263792,673914,235.4,31.4,55.93891824340614,-4.182216793,SEPA-SW,SEPA,133080,Velocity area station; approx. 30m wide river section. Recorder sited in straight even reach where erosion has made banks very steep. The river was canalised during last war and floodbanks made on both banks from dredged material. Cableway installed in 1960 so no high measurements prior to this date. From July 1998 maintained as level only station for flood warning purposes.
84016,Luggie Water,Condorrat,Luggie Water at Condorrat,GB-GBN,273917,672559,33.9,68,55.929515064650836,-4.019603728,SEPA-SW,SEPA,133072,"Velocity area approx. 8m wide section with compound broad-crested weir, central low flow notch, about 8m wide. Cableway and weir installed in March 1968. Occasional vandalism."
84017,Black Cart Water,Milliken Park,Black Cart Water at Milliken Park,GB-GBN,241123,662024,103.1,24.8,55.82523456256899,-4.537788877,SEPA-SW,SEPA,133112,Velocity area station about 27m wide.
84018,Clyde,Tulliford Mill,Clyde at Tulliford Mill,GB-GBN,289388,640314,932.6,173.7,55.643741713668255,-3.759021239,SEPA-SW,SEPA,133130,Velocity area station; approx. 60m wide.
84019,North Calder Water,Calderpark,North Calder Water at Calderpark,GB-GBN,268097,662490,129.8,12.5,55.83754617783089,-4.107779139,SEPA-SW,SEPA,133069,"Velocity area station; about 12m wide section. The recorder is sited in a river bend, which creates a asymmetrical velocity profile. Outer bank is a steep cliff being undercut by river. The inner bank is quite steep."
84020,Glazert Water,Milton of Campsie,Glazert Water at Milton of Campsie,GB-GBN,265646,676198,51.9,38.7,55.95994687904584,-4.153697256,SEPA-SW,SEPA,133114,Velocity area station.
84021,White Cart Water,Netherlee,White Cart Water at Netherlee,GB-GBN,258686,659699,110.7,57.9,55.80982347160393,-4.256474234,SEPA-SW,SEPA,,
84022,Duneaton,Maidencots,Duneaton at Maidencots,GB-GBN,293046,625977,110.3,228.3,55.515795451356375,-3.695370238,SEPA-SW,SEPA,133110,Velocity area station.
84023,Bothlin Burn,Auchengeich,Bothlin Burn at Auchengeich,GB-GBN,267977,671609,35.7,56.7,55.91939054,-4.114140901,SEPA-SW,SEPA,133061,Crump (triangular profile) single-crested weir. No gaugings available to verify rating above structure full. Removed from peak flows dataset in September 2023 (WINFAP Files v12).
84024,North Calder Water,Hillend,North Calder Water at Hillend,GB-GBN,282817,667832,19.9,167.7,55.889319098769086,-3.87519303,SEPA-SW,SEPA,133095,Flat V fibre-glass Crump weir. Station closed May 2010.
84025,Luggie Water,Oxgang,Luggie Water at Oxgang,GB-GBN,266536,673437,87.7,38.1,55.93540549257019,-4.13808508,SEPA-SW,SEPA,133119,Velocity area station; about 10m wide. Station removed from peak flows dataset in August 2024 (WINFAP Files v13).
84026,Allander Water,Milngavie,Allander Water at Milngavie,GB-GBN,255850,673559,32.8,33.7,55.93341455317176,-4.30906268,SEPA-SW,SEPA,133113,Velocity area station; 8m wide section. Operated by SDD as a level-only station from 1960's until SEPA took over on 01/11/1972.
84027,North Calder Water,Calderbank,North Calder Water at Calderbank,GB-GBN,276506,662603,60.6,102.7,55.840787371633525,-3.973649451,SEPA-SW,SEPA,133068,Canal offtake just u/s. Station closed February 2005.
84028,Monkland Canal,Woodhall,Monkland Canal at Woodhall,GB-GBN,276682,662528,68.5,78.5,55.84015894182502,-3.970806689,SEPA-SW,SEPA,133136,Station measures controlled abstraction from N Calder Water to Monkland Canal; operated only to monitor low flows. Summation with 84027 Calderbank gives N Calder total flow. Station closed December 2004.
84029,Cander Water,Candermill,Cander Water at Candermill,GB-GBN,276486,647024,24.5,120.3,55.700887564556574,-3.966908418,SEPA-SW,SEPA,133070,
84030,White Cart Water,Overlee,White Cart Water at Overlee,GB-GBN,257963,657501,106.4,45.8,55.78987784982375,-4.266853405,SEPA-SW,SEPA,133118,Thin-plate damaged and removed in 1999.
84031,Watstone Burn,Watstone,Watstone Burn at Watstone,GB-GBN,276317,646957,5,123.6,55.700242827666635,-3.969565478,SEPA-SW,SEPA,,"Crump weir. Station opened to study the Burn because of proposed new town at Stonehouse. Station closed in 1981, re-opened 1986-93."
84032,Bagabout Burn,Giffnock,Bagabout Burn at Giffnock,GB-GBN,255524,659581,4.92,28.1,55.807828397880904,-4.306821168,SEPA-SW,SEPA,,Located in Giffnock STW. Station closed.
84033,White Cart Water,MacQuisten Bridge,White Cart Water at MacQuisten Bridge,GB-GBN,256863,661443,120,20.4,55.82494378833376,-4.286455894,SEPA-SW,SEPA,133109,Velocity area station with well confined open channel. Station closed August 2010.
84034,Auldhouse Burn,Spiers Bridge,Auldhouse Burn at Spiers Bridge,GB-GBN,254539,658950,17.2,38.6,55.801867855892894,-4.322185889,SEPA-SW,SEPA,133128,Velocity area station.
84035,Kittoch Water,Waterside,Kittoch Water at Waterside,GB-GBN,259565,656202,16.8,100.4,55.77868351208805,-4.240656096,SEPA-SW,SEPA,133133,Velocity area station. Flood warning station. Station added to peak flows dataset in September 2019 (WINFAP Files v8).
84036,Earn Water,Letham,Earn Water at Letham,GB-GBN,256785,654929,19.8,99.3,55.76643913,-4.284272188,SEPA-SW,SEPA,133105,Velocity area station.
84037,Douglas Water,Happendon,Douglas Water at Happendon,GB-GBN,285567,633337,97,188.9,55.58019809206845,-3.816796991,SEPA-SW,SEPA,133092,Crump weir. All flows contained.
84038,Auchingree Burn,Kilmannan No1,Auchingree Burn at Kilmannan No1,GB-GBN,248718,677626,2.92,251.4,55.96773111214862,-4.42539889,SEPA-SW,SEPA,116025,
84039,Balfour Craig Burn,Kilmannan No2,Balfour Craig Burn at Kilmannan No2,GB-GBN,248704,677943,0.19,249.3,55.97057230273192,-4.425801121,SEPA-SW,SEPA,116026,Station closed June 1995.
84040,Clyde,Abington,Clyde at Abington,GB-GBN,293271,622756,251.8,418,55.48691532038567,-3.690568318,SEPA-SW,SEPA,322551,"Velocity area station, the most upstream on the Clyde. Station added to peak flows dataset in August 2021 (WINFAP Files v10)."
84806,Clyde,Cambusnethan,Clyde at Cambusnethan,GB-GBN,278600,652200,1260,30,55.747901860220445,-3.935591207,SEPA-SW,SEPA,,
84809,Clyde,Daer,Clyde at Daer,GB-GBN,297500,609000,,,55.36426561208954,-3.618610332,,,,
85001,Leven,Linnbrane,Leven at Linnbrane,GB-GBN,239409,680307,784.3,5.3,55.98877123757652,-4.575981979,SEPA-SW,SEPA,133107,"Velocity area station, about 35m wide."
85002,Endrick Water,Gaidrew,Endrick Water at Gaidrew,GB-GBN,248465,686588,219.9,9.5,56.04809930234211,-4.434505263,SEPA-SW,SEPA,133086,"Velocity area station, approx. 28m wide."
85003,Falloch,Glen Falloch,Falloch at Glen Falloch,GB-GBN,232106,719470,80.3,9.5,56.33773621648691,-4.717635297,SEPA-SW,SEPA,133089,"Velocity area station, approx. 35m wide."
85004,Luss Water,Luss,Luss Water at Luss,GB-GBN,235635,692880,35.3,16.2,56.10033655852646,-4.644123083,SEPA-SW,SEPA,133108,Velocity area station.
85005,Burn Crooks,Burncrooks No1,Burn Crooks at Burncrooks No1,GB-GBN,247765,678761,2.04,278.6,55.977618242013705,-4.441294153,SEPA-SW,SEPA,116017,Principal tributary of Burncrooks Res. operated for Glasgow PWS. Station closed.
85006,Craigherstan Burn,Burncrooks No2,Craigherstan Burn at Burncrooks No2,GB-GBN,248119,678688,0.43,264.5,55.97707512096361,-4.435585523,SEPA-SW,SEPA,116018,"Built for Strathclyde Regional Council, now operated by SEPA."
85007,Tenpence Burn,Burncrooks No3,Tenpence Burn at Burncrooks No3,GB-GBN,249038,679607,0.42,265,55.985614662191054,-4.421388428,SEPA-SW,SEPA,116019,Established and operated with 85005/85006 for water resource monitoring purposes.
85901,Endrick Water,Endrick Flume & Randiford Weir,Endrick Water at Endrick Flume & Randiford Weir,GB-GBN,267700,685800,16.2,,56.04672879687252,-4.125551045,,,,
86001,Little Eachaig,Dalinlongart,Little Eachaig at Dalinlongart,GB-GBN,214243,682016,30.8,10.1,55.99502288242723,-4.980021569,SEPA-SW,SEPA,133075,Velocity area station; approx. 17m wide. Cableway on site until 1988.
86002,Eachaig,Eckford,Eachaig at Eckford,GB-GBN,213930,684319,139.9,5.8,56.015565151608826,-4.986627591,SEPA-SW,SEPA,133082,"Velocity area station, about 28m wide. Station closed 31/05/98."
87801,Allt Uaine,Intake,Allt Uaine at Intake,GB-GBN,226300,711300,3.1,331.3,56.26232905839599,-4.806051747,NSHE,NSHE,,
88001,Carradale,Dippen,Carradale at Dippen,GB-GBN,179727,637673,58.5,8.7,55.582748471443146,-5.496523634,SEPA-SW,SEPA,133077,Velocity area station with natural control.
89002,Linne nam Beathach,Victoria Bridge,Linne nam Beathach at Victoria Bridge,GB-GBN,227099,742193,50.5,168.3,56.53983374317195,-4.813560693,SEPA-SW,SEPA,133131,Velocity area with a spillway crested weir. Initially installed as part of hydro-electric power programme.
89003,Orchy,Glen Orchy,Orchy at Glen Orchy,GB-GBN,224259,731917,251.2,69.4,56.44657589488753,-4.852749486,SEPA-SW,SEPA,133087,Velocity area station with low flow control (broad-crested weir). Initially installed as part of hydro-electric power programme.
89004,Strae,Glen Strae,Strae at Glen Strae,GB-GBN,215033,729930,36.2,45.4,56.425221059998215,-5.000795917,SEPA-SW,SEPA,133088,"Compound broad crested spillway weir, about 8m wide. Initially installed as part of Loch Awe hydro-electric power programme. Removed from peak flows dataset in September 2019 (WINFAP Files v8)."
89005,Lochy,Inverlochy,Lochy at Inverlochy,GB-GBN,219692,727471,47.7,56.8,56.40496090822642,-4.923669862,SEPA-SW,SEPA,133097,Velocity area station with low flow control (broad-crested weir). Initially installed as part of hydro-electric power programme.
89006,Avich,Barnaline Lodge,Avich at Barnaline Lodge,GB-GBN,197143,713972,32.1,50.9,56.27473892,-5.278048755,SEPA-SW,SEPA,133063,Compound weir: broad crest low flow notch set in level rounded crest weir with wing walls. Initially installed as part of hydro-electric power programme.
89007,Abhainn a' Bhealaich,Braevallich,Abhainn a' Bhealaich at Braevallich,GB-GBN,195706,707536,24.1,46.1,56.216395523599594,-5.296246483,SEPA-SW,SEPA,133065,Compound weir. All but highest flows contained. Initially installed as part of hydro-electric power programme. Hydro-electric power station installed November 2005 with turbine flow bypassing the station.
89008,Eas Daimh,Eas Daimh,Eas Daimh at Eas Daimh,GB-GBN,223886,727602,4.5,184.7,56.407718794881525,-4.855886518,SEPA-SW,SEPA,133081,"Crump weir (originally installed for research purposes, now operated by SEPA)."
89009,Eas a' Ghaill,Succoth,Eas a' Ghaill at Succoth,GB-GBN,220649,726481,9.7,129.7,56.39644247184932,-4.90750555,SEPA-SW,SEPA,,"Crump weir (installed for research project, now operated by SEPA) in a narrow ravine, all flows contained."
90001,Leven,Blackwater Reservoir,Leven at Blackwater Reservoir,GB-GBN,220200,760200,170.7,299,56.69880382191259,-4.938132332,ALCAN,ALCAN,,Thin plate weir. Monthly summaries only.
90002,Creran,Taraphocain,Creran at Taraphocain,GB-GBN,201968,746849,66.1,9.9,56.57168055270846,-5.225144707,SEPA-NW,SEPA,,"Velocity area. Initially run by the Marine Research Laboratory, Oban. Transferred to CRPB. Discontinued in 1981."
90003,Nevis,Claggan,Nevis at Claggan,GB-GBN,211592,774257,69.2,3.6,56.821510642187064,-5.088839483,SEPA-NW,SEPA,116011,Velocity area station; about 20m wide river section with boulder control.
90801,Nevis,Achreoch,Nevis at Achreoch,GB-GBN,216700,769000,46.6,,56.77639098964218,-5.001499066,NSHE,NSHE,,
90802,Nevis,Nevis Bridge,Nevis at Nevis Bridge,GB-GBN,211400,774300,76.4,,56.82181853389934,-5.092012175,NSHE,NSHE,,
91001,Lochy,Lochaber H.E.P. area,Lochy at Lochaber H.E.P. area,GB-GBN,212600,775200,779.6,22.9,56.83037720716406,-5.073042854,ALCAN,ALCAN,,Derived monthly inflows to the Lochaber hydro-electric power station.
91002,Lochy,Camisky,Lochy at Camisky,GB-GBN,214456,780478,1252,12.3,56.878469345396354,-5.046521577,SEPA-NW,SEPA,234178,Velocity area station 60m wide.
91003,Mucomir Cut,Gairlochy,Mucomir Cut at Gairlochy,GB-GBN,217900,784300,383.3,28.3,56.91412147286162,-4.992834469,,,,Velocity-area station. Station ceased 1962.
91802,Allt Leachdach,Intake,Allt Leachdach at Intake,GB-GBN,226100,778100,6.5,210,56.86164417508223,-4.854086842,ALCAN,ALCAN,,Compound sharp edge weir with a flat 'V' set in a sharp edge rectangular notch (6.7m long).
92001,Shiel,Shielfoot,Shiel at Shielfoot,GB-GBN,166586,770178,256,3.2,56.76454536551667,-5.820892501,SEPA-NW,SEPA,234310,Velocity area station d/s of Loch Sheil.
92002,Allt Coire nan Con,Polloch,Allt Coire nan Con at Polloch,GB-GBN,179208,768812,8.05,18.8,56.75844884147335,-5.613663733,SEPA-NW,SEPA,234295,Pillar Box hut with stilling well. New station planned with cableway in 2018/2019. Station added to peak flows dataset in October 2018 (WINFAP Files v7).
92003,Strontian,Ariundle,Strontian at Ariundle,GB-GBN,182387,762932,25.17,12,56.70722200631938,-5.556782602,SEPA-NW,SEPA,234157,Compound crump weir with fish pass.
92004,Aline,Craigendarroch,Aline at Craigendarroch,GB-GBN,169765,748285,103.8,5.4,56.56986980218267,-5.749435392,SEPA-NW,SEPA,356326,15m open channel section with gravel control.
92803,Allt Coire,Polloch,Allt Coire at Polloch,GB-GBN,179300,768800,7.9,18.8,56.758384815459884,-5.612151706,SEPA-NW,SEPA,,Secondary gauging station.
93001,Carron,New Kelso,Carron at New Kelso,GB-GBN,194186,842885,137.8,5.6,57.429535130017804,-5.42999922,SEPA-NW,SEPA,234289,"Velocity area station, 40m wide with floodbank on right bank."
93002,Ling,Killilan,Ling at Killilan,GB-GBN,193875,830553,132.83,2,57.31881830570607,-5.424835655,SEPA-NW,SEPA,234252,Open channel section with gravel control; 30m wide section.
94001,Ewe,Poolewe,Ewe at Poolewe,GB-GBN,186002,880330,441.1,4.6,57.76144199556853,-5.599076942,SEPA-NW,SEPA,234296,"Velocity area station, 50m wide."
94002,Abhainn Bruachaig,Kinlochewe Lodge,Abhainn Bruachaig at Kinlochewe Lodge,GB-GBN,203430,861928,101.15,27.2,57.60440063956928,-5.291674736,SEPA-NW,SEPA,471362,Open channel section 20m wide with gravel control.
94003,Kerry,Faich Bhiorach,Kerry at Faich Bhiorach,GB-GBN,181910,872603,42.33,26,57.69020839986522,-5.660695511,SEPA-NW,SEPA,378262,Open channel section around 15m wide with gravel control.
95001,Inver,Little Assynt,Inver at Little Assynt,GB-GBN,214693,924921,137.5,60.3,58.174121999574055,-5.152603092,SEPA-NW,SEPA,234264,"Velocity area station, about 30m wide."
95002,Broom,Inverbroom,Broom at Inverbroom,GB-GBN,218407,884203,141.4,4.6,57.81047097666512,-5.058237811,SEPA-NW,SEPA,234242,25m wide river section on gentle bend d/s of bridge.
95003,Langwell,Langwell Lodge,Langwell at Langwell Lodge,GB-GBN,216731,902604,30.9,28.3,57.974823791961114,-5.100590022,SEPA-NW,SEPA,354621,Open channel section 12m wide with gravel control. Hydro-electric power scheme installed in upper catchment during 2016 and began operation in Jan 2017.
95004,Abhainn a'Chnocain,Elphin,Abhainn a'Chnocain at Elphin,GB-GBN,221229,910988,10.58,138.3,58.05185190565268,-5.031013505,SEPA-NW,SEPA,368495,The station was built in 2008 to improve the network coverage of catchment typologies. The catchment type was identified as being poorly represented and is a relatively small catchment with a natural flow regime. Station added to peak flows dataset in October 2018 (WINFAP Files v7).
95005,Laxford,Laxford Bridge,Laxford at Laxford Bridge,GB-GBN,225146,946532,112.97,8.9,58.37221982,-4.991457769,SEPA-NW,SEPA,234260,Open channel section around 20m wide with rock control.
95006,Rhidorroch,Rhidorroch,Rhidorroch at Rhidorroch,GB-GBN,215423,895538,77.38,78.6,57.91091133,-5.117164013,SEPA-NW,SEPA,356990,Open channel section 15m wide located in a narrow rock gorge.
95801,Gruinard,Lit. Gruinard,Gruinard at Lit. Gruinard,GB-GBN,194400,889700,82.1,,57.84937749292289,-5.466261181,NSHE,NSHE,,
95802,Gruinard,Inchina,Gruinard at Inchina,GB-GBN,196500,890600,154,,57.85840749570963,-5.431715375,NSHE,NSHE,,
95803,Abhain Cuileig,Braemore,Abhain Cuileig at Braemore,GB-GBN,219300,879000,67.34,,57.76416432287738,-5.039302935,NSHE,NSHE,,
95804,Kirkaig,Inverkirkaig,Kirkaig at Inverkirkaig,GB-GBN,,,,,,,SEPA-NW,SEPA,,
96001,Halladale,Halladale,Halladale at Halladale,GB-GBN,289125,956081,204.6,23.2,58.47881081974888,-3.903019218,SEPA-NW,SEPA,234232,"Velocity area station, about 20m wide."
96002,Naver,Apigill,Naver at Apigill,GB-GBN,271363,956765,477,5.1,58.48007212485193,-4.207749245,SEPA-NW,SEPA,234153,Velocity area station; 40m wide river section with narrow 6m floodplain on rb but otherwise completely contained.
96003,Strathy,Strathy Bridge,Strathy at Strathy Bridge,GB-GBN,283584,965145,111.8,4.5,58.55872142230428,-4.00260482,SEPA-NW,SEPA,234319,"Velocity area station, about 15m wide."
96004,Strathmore,Allnabad,Strathmore at Allnabad,GB-GBN,245314,942895,105,21.9,58.347176752533144,-4.644621071,SEPA-NW,SEPA,234151,"Velocity area station, about 30m wide. Station removed from peak flows dataset in August 2025 (WINFAP Files v14)."
96005,Dionard,Dionard,Dionard at Dionard,GB-GBN,235688,960107,73.1,17.7,58.498073048654895,-4.821196509,SEPA-NW,SEPA,234330,Open channel section 20m wide with gravel control.
96006,Borgie,Borgie Bridge,Borgie at Borgie Bridge,GB-GBN,266743,958652,138.75,27.9,58.49561878617022,-4.288009235,SEPA-NW,SEPA,234334,"Open channel section with croy control, 14m wide."
96007,Hope,Ferryman's Cottage,Hope at Ferryman's Cottage,GB-GBN,247259,960218,213.7,6.4,58.50327731873696,-4.622968555,SEPA-NW,SEPA,234216,Open channel section 40m wide measuring Loch Hope outlet. Large boulder and bridge control.
97001,Calder Burn,Achavarn,Calder Burn at Achavarn,GB-GBN,308500,959600,24.5,64.5,58.51490033043939,-3.572342963,HRCW,HRCW,,Broad crested weir at outlet from Loch.
97002,Thurso,Halkirk,Thurso at Halkirk,GB-GBN,313123,959561,412.8,30.2,58.51549738561431,-3.493004303,SEPA-NW,SEPA,234231,"Velocity area station, about 30m wide."
101001,Eastern Yar,Alverstone Mill,Eastern Yar at Alverstone Mill,GB-GBN,457700,85700,57.5,3.7,50.66811748818924,-1.184898581,EA-SSD,EA,050101002,Compound thin-plate weir. The archived 'gauged' flows incorporate an adjustment to allow for an upstream public water supply abstraction - the record is thus partially naturalised.
101002,Medina,Shide,Medina at Shide,GB-GBN,450359,88113,29.8,10.4,50.69049516225413,-1.288437814,EA-SSD,EA,050301011,"Ultrasonic station, superseded trapezoidal critical depth flume, width 2.4m (with broad-crested c/m rated overflow weir for stages > 0.6m). Upper Shide site closed since 2005, replaced by station 300m downstream at Shide; data from either side of transition considered homogeneous."
101003,Lukely Brook,Carisbrooke Mill,Lukely Brook at Carisbrooke Mill,GB-GBN,449090,88620,16.2,12.6,50.69516236157936,-1.306334246,EA-SSD,EA,050301004,Compound Crump weir. Total crest width 3.2m (upper crest: 2.4m wide; lower crest: 0.8m wide). Data quality improved since installation of fish pass. Site formerly known on National River Flow Archive as Newport.
101004,Eastern Yar,Burnt House,Eastern Yar at Burnt House,GB-GBN,458280,85320,59.6,7.4,50.66464293321576,-1.176752124,EA-SSD,EA,050101011,"Flat V weir, 1:10 cross slope. Limited head for long periods. Peak flows truncated at around 7.9 cumecs."
101005,Eastern Yar,Budbridge,Eastern Yar at Budbridge,GB-GBN,453120,83520,22.5,17.2,50.64894997001363,-1.250012278,EA-SSD,EA,050101012,"Flat V weir, cross-slope 1:10, 2.98m wide. Limited head for extended periods. From 1988, low flows augmented as part of the Isle of Wight Conjunctive Use Scheme."
101006,Wroxall Stream,Waightshale,Wroxall Stream at Waightshale,GB-GBN,453680,83770,15.8,15.7,50.651146745205494,-1.242056,EA-SSD,EA,050101014,"Station level-only since 1994. Flat V weir (2.90m wide, cross-slope 1:10). Limited head for extended periods."
101007,Scotchells Brook,Burnt House,Scotchells Brook at Burnt House,GB-GBN,458300,85200,9.2,7.4,50.66356191539459,-1.176488041,EA-SSD,EA,050101013,"Station decommissioned. Flat V weir, 1:10 cross slope. Peak flows truncated at just below six cumecs. Long periods with negligible head."
102001,Cefni,Bodffordd,Cefni at Bodffordd,GB-GBN,242925,376857,21.7,34.2,53.26538421765314,-4.356591458,NRW,NRW,102001,Rectangular thin-plate weir.
102002,Braint,Llanfair,Braint at Llanfair,GB-GBN,251300,371400,,,53.218784593742136,-4.228577301,,,,
103801,West Baldwin Reservoir,Outflow,West Baldwin Reservoir at Outflow,GB-GBN,236100,483400,6.9,,54.22002856481705,-4.515352551,,,,
105001,Snizort,Skeabost,Snizort at Skeabost,GB-GBN,141496,848661,80.55,12.1,57.45437016,-6.311235418,SEPA-NW,SEPA,234313,Velocity-area station opened in 2001 as the first representative gauging station on Skye. Station added to peak flows dataset in September 2020 (WINFAP Files v9).
106001,Creed,Creed Bridge,Creed at Creed Bridge,GB-GBN,140187,932508,43.4,37,58.204540267550136,-6.424227979,SEPA-NW,SEPA,234190,Asymmetrical compound Crump weir - 8.6m main crest with 0.6m low flow crest on left hand side - immediately d/s of sharp right hand bend.
106002,Laxdale,Laxdale,Laxdale at Laxdale,GB-GBN,109930,897086,10.64,12.6,57.86871213929341,-6.893589048,SEPA-NW,SEPA,356217,Open channel section 5m wide with gravel control. Station added to peak flows dataset in September 2020 (WINFAP Files v9).
106003,Abhainn Roag,Mill Croft,Abhainn Roag at Mill Croft,GB-GBN,76701,834768,13.81,5.5,57.288656781909104,-7.36833158,SEPA-NW,SEPA,354623,Open channel section 7m wide with gravel control. Station added to peak flows dataset in October 2018 (WINFAP Files v7).
107001,Durkadale,Durkadale,Durkadale at Durkadale,GB-GBN,329532,1025280,19.03,28.2,59.10852816414233,-3.232172893,SEPA-NW,SEPA,234207,Velocity area station installed on Orkney mainland. Record from August 1999. Regarded as a secondary site by SEPA (but first station on Orkney).
108001,Weisdale Burn,Weisdale Mill,Weisdale Burn at Weisdale Mill,GB-GBN,439470,1153000,12.6,9.3,60.25932689,-1.288604087,SEPA-NW,SEPA,116008,"Velocity area station, opened in 2002 to obtain continuous flow data for Shetland."
201001,Owenkillew,Killymore Bridge,Owenkillew at Killymore Bridge,GB-NIR,243800,387200,430.8,46,54.73088876435722,-7.32087333,DfIR,DfIR,,Velocity area station.
201002,Fairywater,Dudgeon Bridge,Fairywater at Dudgeon Bridge,GB-NIR,240562,375809,158.4,61,54.628840957297015,-7.372711385,DfIR,DfIR,201002,One of the earliest stations in the NI hydrometric network. A velocity area station comprising a wooden hut housing a stilling well. Main and backup instruments both present using shaft encoders with float and weight. Channel width approximately 15m at station.
201005,Camowen,Camowen Terrace,Camowen at Camowen Terrace,GB-NIR,246071,373048,276.6,66,54.60356851,-7.28785372,DfIR,DfIR,201005,Velocity-area station with cableway. Masonry hut housing stilling well and cableway winch situated on top of floodbank on left bank. Camowen River is one of two major watercourses flowing through Omagh that join to form the Strule River. Station located c.750m upstream of confluence with Drumragh River. Main and backup instruments present both using shaft encoders with float & weight. Channel width c.22m at station. Channel too deep to wade gauge in all but the very lowest of conditions. Cableway upgraded in 2014.
201006,Drumragh,Campsie Bridge,Drumragh at Campsie Bridge,GB-NIR,245943,372192,320,63,54.595891202482235,-7.289968064,DfIR,DfIR,201006,Velocity-area station with cableway. Masonry hut housing stilling well and cableway winch situated on right bank. Drumragh River one of two major watercourses flowing through Omagh that join to form the Strule River. Station affected by backing up with confluence with Camowen downstream. Removed from peak flows dataset in September 2019 (WINFAP Files v8).
201007,Burn Dennet,Burndennet,Burn Dennet at Burndennet,GB-NIR,237256,404779,148.3,6.4,54.88931581,-7.420186814,DfIR,DfIR,201007,Velocity-area station with cableway. Masonry hut housing cableway winch situated on top of floodbank on right bank. Main and backup instruments present both using pressure probes. Channel width c.11m at station. Instruments re-sited directly in channel in December 2017 as inlet pipe to stilling well is now sitting up out of the water in low flows as channel bed has lowered in recent years.
201008,Derg,Castlederg,Derg at Castlederg,GB-NIR,226512,384216,335.4,43,54.705291170507266,-7.589483561,DfIR,DfIR,201008,Velocity-area station with cableway. Masonry hut housing stilling well and cableway winch situated on top of floodbank on right bank. Main and backup instruments present both using shaft encoders with float & weight. Channel width c.32m at station.
201009,Owenkillew,Crosh,Owenkillew at Crosh,GB-NIR,241855,386684,440.1,40,54.726419291224786,-7.351136065,DfIR,DfIR,201009,"Velocity-area station comprised of steel cabinet kiosk on right bank housing main and backup instruments both using pressure probes. Station replaced that at Killymore in 1980, because of mobile bed problems. Killymore, about a mile upstream, was part of the original core network from the early 1970's. Wooden hut housing stilling well and cableway winch at Crosh destroyed during 23 August 2017 flood. New station sited c.60 m downstream of original station on higher ground although pressure probes are located in same position in river channel inlet pipe to stilling well used in previous station location."
201010,Mourne,Drumnabuoy House,Mourne at Drumnabuoy House,GB-NIR,234779,395968,1843.8,7,54.81035066953036,-7.459843263,DfIR,DfIR,201010,Velocity-area station with cableway. Masonry hut housing stilling well and cableway winch situated on top of floodbank on right bank. Main and backup instruments present both using shaft encoders with float & weight. Floor of station raised up following major inundation during 1987 flood event. Channel width c.47m at station.
201034,Strule,Stonebridge,Strule at Stonebridge,GB-NIR,243700,377500,,,54.64376869401048,-7.323876054,,,,
202001,Roe,Ardnargle,Roe at Ardnargle,GB-NIR,267344,424637,364.4,5.4,55.06451798263172,-6.946730933,DfIR,DfIR,202001,Velocity-area station with cableway. Masonry hut housing cableway winch situated on top of floodbank on left bank. Main and backup instruments present both using pressure probes. Channel width c.17m at station. Channel stabilisation work completed in October 2010 saw bank protection and concrete bed installed and control established.
202002,Faughan,Drumahoe,Faughan at Drumahoe,GB-NIR,246411,415098,273.1,7,54.98123497687406,-7.275870709,DfIR,DfIR,202002,Velocity-area station comprised of steel cabinet kiosk on right bank housing main and backup instruments both using pressure probes. Original masonry hut housing stilling well and cableway winch destroyed on 23 August 2017 when floodwaters eroded right bank and undercut station hut which fell into the Faughan. New station sited c.20 m upstream of original station. Channel width c.22m at station.
203004,Lower Bann,Movanagher Weir,Lower Bann at Movanagher Weir,GB-NIR,292706,415969,5209.8,9,54.982602038987025,-6.552712888,DfIR,DfIR,,
203005,Lower Bann,Newferry,Lower Bann at Newferry,GB-NIR,299100,398300,4918,11,54.822715916482366,-6.458953451,DfIR,DfIR,,
203006,Braid,Ballymena,Braid at Ballymena,GB-NIR,325900,362800,315.9,26,54.49799542865993,-6.057512434,DfIR,DfIR,,Velocity area station. Discontinued in 1981.
203010,Blackwater,Maydown Bridge,Blackwater at Maydown Bridge,GB-NIR,281974,351941,970.2,15,54.40946185495172,-6.738271209,DfIR,DfIR,203010,"Velocity-area station with cableway. Masonry hut housing stilling well and cableway winch situated in steeply-sloping field on left bank, just downstream of a twin-arched bridge. Main and backup instruments present both using shaft encoders with float and weight. Channel width c.27m at station. Flood bank built on right bank in 1990 constraining all but the most extreme flows - aerial photograph from AMAX2 event in November 2009 (187m3/s, 4.051m) shows overtopping of floodbank directly opposite station."
203011,Main,Dromona,Main at Dromona,GB-NIR,304877,409012,243.5,71,54.91772529592127,-6.365225329,DfIR,DfIR,203011,"Velocity area station comprised of standpipe with metal box atop. Station upgraded in May 2023 to include telemetry, solar panel and backup instrument. Main and backup instruments both use pressure probes. Channel width c.13m at station."
203012,Ballinderry,Ballinderry Bridge,Ballinderry at Ballinderry Bridge,GB-NIR,292678,379835,430.2,16,54.65812639140906,-6.564707618,DfIR,DfIR,203012,Velocity-area station with cableway. Wooden hut housing stilling well and cableway winch situated on top of floodbank on left bank. Station located c.60m upstream of a multi-span road bridge which supplements natural bed control slightly further downstream. Main and backup instruments present both using shaft encoders with float and weight. Channel width c.20m at station. Channel too deep to wade gauge in all but the very lowest of conditions at the station but comfortably gaugable in-channel at road bridge.
203013,Main,Andraid,Main at Andraid,GB-NIR,309200,397300,646.8,30,54.81164071044276,-6.302267774,DfIR,DfIR,,Velocity area station. Closed in 1990.
203015,Lower Bann,Toome,Lower Bann at Toome,GB-NIR,298700,390300,4836.25,,54.750957918280335,-6.467893574,,,,
203017,Upper Bann,Dynes Bridge,Upper Bann at Dynes Bridge,GB-NIR,304300,351100,316.3,13,54.397828415453766,-6.394858843,DfIR,DfIR,203017,"Velocity-area station with cableway, natural section control for low flows, channel width c.15m at station."
203018,Six-Mile Water,Antrim,Six-Mile Water at Antrim,GB-NIR,314528,386672,277.6,13,54.71502955755038,-6.22362616,DfIR,DfIR,203018,Velocity-area station. Station originally located in masonry building on right bank moved directly across channel to left bank in 2011. Current station comprised of steel container with main and backup instruments both using pressure probes. Channel width at station c.18m.
203019,Claudy,Glenone Bridge,Claudy at Glenone Bridge,GB-NIR,296292,403801,126.3,14,54.87265976687814,-6.500792238,DfIR,DfIR,203019,Velocity-area station located on right bank. Masonry hut housing stilling well and cableway winch. Main and backup instruments present both using shaft encoders with float and weight. Channel width c.12m at station.
203020,Moyola,Moyola New Bridge,Moyola at Moyola New Bridge,GB-NIR,295630,390521,304.3,13,54.75353540281741,-6.515481358,DfIR,DfIR,203020,Velocity-area station located on right bank. Masonry hut housing stilling well with main instrument using pressure probe and backup using shaft encoder with float and weight. Channel width c.21m at station.
203021,Kellswater,Curry's Bridge,Kellswater at Curry's Bridge,GB-NIR,310534,397107,126.3,35,54.809615835069714,-6.281602816,DfIR,DfIR,203021,Velocity area station 1.5km d/s of confluence with the R Main. Removed from peak flows dataset in September 2019 (WINFAP Files v8).
203022,Blackwater,Derrymeen Bridge,Blackwater at Derrymeen Bridge,GB-NIR,262508,353031,182.9,50.1,54.42201272371961,-7.037782059,DfIR,DfIR,203022,Velocity-area station originally opened in May 1971 but closed in November 1971 due to political climate in Northern Ireland (station is located c.500m from border with ROI). Station reopened October 1979. Channel deepened in 1986 as part of River Blackwater Drainage Scheme. Masonry hut housing stilling well situated on right bank. Main and backup instruments present both using shaft encoders with float & weight. Channel width c.11m at station.
203023,Torrent,The Moor Bridge,Torrent at The Moor Bridge,GB-NIR,285793,364920,59.89,15,54.525396243680156,-6.67571172,DfIR,DfIR,203023,Velocity area station.
203024,Cusher,Gamble's Bridge,Cusher at Gamble's Bridge,GB-NIR,304793,347090,170.7,14,54.361717988518585,-6.388683076,DfIR,DfIR,203024,Velocity-area station with cableway. Wooden hut housing stilling well and cableway winch situated on right bank. Main and backup instruments present both using shaft encoders with float and weight. Channel width c.13m at station. Block built weir constructed in 1980 stabilised measuring section although this significantly altered the flow regime rendering earlier flows as unrepresentative. Cusher River runs parallel to the Newry Canal for its final 5km before joining the Lower Bann just south of Portadown.
203025,Callan,Martin's Bridge,Callan at Martin's Bridge,GB-NIR,289195,352421,166.9,16,54.412559579538055,-6.626951023,DfIR,DfIR,203025,Velocity-area station with cableway. Wooden hut housing stilling well and cableway winch situated on left bank. Main and backup instruments present both using shaft encoders with float & weight. Channel width c.7m at station.
203026,Glenavy,Glenavy,Glenavy at Glenavy,GB-NIR,314900,372500,44.6,56,54.587698826886864,-6.223418552,DfIR,DfIR,203026,"Velocity area station. Station now closed, replaced by Leapbridge, located downstream so as to include the effects of Glenavy urban area."
203027,Braid,Ballee,Braid at Ballee,GB-NIR,309786,401503,177.2,35,54.84925064607807,-6.291564229,DfIR,DfIR,203027,Velocity-area station with cableway. Masonry hut housing stilling well and cableway winch situated on left bank. Main and backup instruments present both using shaft encoders with float and weight. Channel width c.11m at station. Removed from peak flows dataset in September 2023 (WINFAP Files v12).
203028,Agivey,Whitehill,Agivey at Whitehill,GB-NIR,288337,419362,100.5,17,55.013863718316564,-6.619886869,DfIR,DfIR,203028,Velocity-area station with cableway. Masonry hut housing stilling well and cableway winch situated on right bank. Main and backup instruments present both using shaft encoders with float & weight. Channel width c.14m at station.
203029,Six-Mile Water,Ballyclare,Six-Mile Water at Ballyclare,GB-NIR,328200,390200,58.4,59,54.74340850040198,-6.010061091,DfIR,DfIR,,Velocity area station. Closed in 1990.
203033,Upper Bann,Bannfield,Upper Bann at Bannfield,GB-NIR,323388,334071,101.7,77,54.240668249828886,-6.108160558,DfIR,DfIR,203033,Velocity-area station with cableway. Masonry hut housing stilling well and cableway winch situated on right bank. Main and backup instruments present both using shaft encoders with float & weight. Channel width c.10 metres at station. Flat V weir constructed in September/October 1989 to monitor prescribed flow of 18Ml/d.
203035,Aghill Burn,Craigs,Aghill Burn at Craigs,GB-NIR,304600,408100,9.2,77,54.909594475309866,-6.36987424,DfIR,DfIR,,Pre-formed twin flumes.
203036,Upper Bann,Hilltown,Upper Bann at Hilltown,GB-NIR,321800,329000,36.1,100,54.19551602020889,-6.13455803,DfIR,DfIR,203036,Velocity area station.
203037,Leitrim,Leitrim Bridge,Leitrim at Leitrim Bridge,GB-NIR,321770,328398,10.5,108,54.19011780765488,-6.135260859,DfIR,DfIR,203037,Velocity area station.
203038,Rocky,Rocky Mountain,Rocky at Rocky Mountain,GB-NIR,324308,326500,7.7,202.2,54.17246803237176,-6.097185846,DfIR,DfIR,203038,"Flat V weir, approx. 6.1 metres wide in steep mountain stream."
203039,Clogh,Tullynewey,Clogh at Tullynewey,GB-NIR,308836,410961,98.7,84,54.93437866639305,-6.302778646,DfIR,DfIR,203039,Velocity area station. A good site for representing an Antrim Hills catchment. Removed from peak flows dataset in April 2017 (WINFAP Files v5).
203040,Lower Bann,Movanagher,Lower Bann at Movanagher,GB-NIR,293076,415349,5209.8,7,54.97696575501058,-6.547136798,DfIR,DfIR,203040,Velocity area station. Station measures outflow from 37% of NI.
203041,Ballygawley,Tullybryan,Ballygawley at Tullybryan,GB-NIR,262300,356623,44.6,61,54.45430186228131,-7.040231588,DfIR,DfIR,203041,Velocity area station.
203042,Crumlin,Cidercourt Bridge,Crumlin at Cidercourt Bridge,GB-NIR,313472,376525,55.3,24.7,54.62416097880425,-6.243940398,DfIR,DfIR,203042,Velocity-area station with cableway. Masonry hut housing stilling well and cableway winch situated on right bank. Main and backup instruments present both using shaft encoders with float & weight. Channel width c.8m at station.
203043,Oonawater,Shanmoy,Oonawater at Shanmoy,GB-NIR,277945,355679,94.1,36,54.443666654917166,-6.799324586,DfIR,DfIR,203043,"Velocity-area station with cableway first opened in 1981 with open channel control, flat V weir installed 1986."
203044,Ballynaloob Burn,Ballynaloob,Ballynaloob Burn at Ballynaloob,GB-NIR,303400,421400,2.7,90,55.02926452795363,-6.383785709,DfIR,DfIR,,Velocity area station.
203045,Engine Burn,Springmount,Engine Burn at Springmount,GB-NIR,307600,413800,8.3,87,54.96013695520551,-6.320989906,DfIR,DfIR,,Velocity area station.
203046,Rathmore Burn,Rathmore Bridge,Rathmore Burn at Rathmore Bridge,GB-NIR,319747,385394,22.5,42,54.702341842637395,-6.14321408,DfIR,DfIR,203046,Velocity-area station comprised of steel cabinet kiosk on left bank housing main and backup instruments both using pressure probes upstream of double-arched road bridge. Channel width c.4.6m at station. Station located c.1km upstream of confluence with the Sixmilewater. Stable cobble channel bed with well defined straight banks reinforced by tree roots.
203047,Four Mile Burn,Newmill,Four Mile Burn at Newmill,GB-NIR,323100,389200,19.7,84,54.73570404583788,-6.089626606,DfIR,DfIR,,Flat V weir.
203048,Main,Dunkley Station Road,Main at Dunkley Station Road,GB-NIR,308600,389600,706.8,21.1,54.74263302139951,-6.314473851,DfIR,DfIR,203048,Velocity area station.
203049,Clady,Clady Bridge,Clady at Clady Bridge,GB-NIR,320083,383640,29.4,61.7,54.68651410407143,-6.138726334,DfIR,DfIR,203049,Velocity-area station. Wooden hut housing stilling well on right bank. Main and backup instruments present both using shaft encoders with float and weight. Channel width c.9m at station.
203050,Ballysally Blagh,University of Ulster,Ballysally Blagh at University of Ulster,GB-NIR,284723,433960,14.2,10.5,55.14558115034354,-6.672025548,DfIR,DfIR,203050,V-notch weir.
203092,Main,Dunminning,Main at Dunminning,GB-NIR,305052,410966,221.5,75.2,54.935233415536835,-6.361784408,DfIR,DfIR,203092,Velocity area station located immediately d/s of a radial-gated flood control structure.
203093,Main,Shane's Viaduct,Main at Shane's Viaduct,GB-NIR,308614,389605,707.4,25.6,54.74267489498165,-6.314254707,DfIR,DfIR,203093,"Velocity-area station, previously with cableway which was vandalised in 2016. Masonry hut on right bank housing main and backup instruments present both using pressure probes. Channel width c.36m at station. Major hydro-electric scheme upstream of station has considerable impact on instantaneous data when operational."
203097,Upper Bann,Moyallen,Upper Bann at Moyallen,GB-NIR,304500,350400,304.9,17.1,54.391501537848676,-6.392026761,DfIR,DfIR,203097,Velocity area station opened to replace 203017 in 1990.
203614,Lough Neagh,Derryadd Bay,Lough Neagh at Derryadd Bay,GB-NIR,303600,361300,,12,54.489565643474215,-6.40206847,DfIR,DfIR,,Level recording of Lough Neagh.
203616,Lough Neagh,Toome,Lough Neagh at Toome,GB-NIR,298800,390000,,12,54.74824439154414,-6.466442994,DfIR,DfIR,,Level recording of Lough Neagh.
204001,Bush,Seneirl Bridge,Bush at Seneirl Bridge,GB-NIR,294191,436250,299.2,25,55.16443555407774,-6.522829328,DfIR,DfIR,204001,Velocity-area station with cableway. Masonry hut housing stilling well and cableway winch situated on right bank. Main and backup instruments present both using shaft encoders with float & weight. Channel width c.17m at station.
204002,Glendun,Drumadion,Glendun at Drumadion,GB-NIR,,,,,,,,,,
205003,Lagan,Dunmurry,Lagan at Dunmurry,GB-NIR,329800,367900,444.7,9,54.54279990759105,-5.995114316,DfIR,DfIR,205003,"Opened 1970 immediately upstream of motorway bridge on left bank, in two different locations. Moving bank, silt build-up, and difficult to gauge therefore station closed in 1985 and replaced by Newforge. Removed from peak flows dataset in August 2021 (WINFAP Files v10)."
205004,Lagan,Newforge,Lagan at Newforge,GB-NIR,332872,369316,491.6,5.1,54.55471607300315,-5.947041484,DfIR,DfIR,205004,A velocity-area station with masonry hut housing stilling well and cableway winch situated on left bank. Station opened in July 1972 to replace Dunmurry station upstream. Main and backup instruments present both using shaft encoders with float & weight. Station rebuilt after showing minor signs of instability. Channel width c.13m at station.
205005,Ravernet,Ravernet,Ravernet at Ravernet,GB-NIR,326651,361265,73.5,31,54.48402738050596,-6.04658588,DfIR,DfIR,205005,Flat V weir station gauging a natural catchment with significant storage in headwater loughs.
205006,Lagan,Blaris,Lagan at Blaris,GB-NIR,325900,362800,315.9,24,54.49799542865993,-6.057512434,DfIR,DfIR,,Velocity area station.
205008,Lagan,Drumiller,Lagan at Drumiller,GB-NIR,323635,352493,84.6,81,54.40601208,-6.096749944,DfIR,DfIR,205008,Velocity-area station opened March 1974 with open channel control. Masonry hut housing stilling well situated on right bank. Main and backup instruments present both using shaft encoders with float & weight. Concrete Flat V weir installed in 1991. Channel width c.10m at station.
205010,Lagan,Banoge,Lagan at Banoge,GB-NIR,312300,354000,189.8,39,54.42216844814166,-6.270648322,DfIR,DfIR,205010,Velocity area station. Original station by-passed by millrace but was then moved downstream. Station closed in 1994 and replaced by Feney. Removed from peak flows dataset in September 2023 (WINFAP Files v12).
205011,Annacloy,Kilmore Bridge,Annacloy at Kilmore Bridge,GB-NIR,344853,350808,186.6,9,54.385296565096695,-5.771064386,DfIR,DfIR,205011,Velocity-area station opened November 1979 with open channel control. Station is comprised of steel shipping container housing stilling well and cableway winch situated on left bank. Main and backup instruments present both using shaft encoders with float and weight. Channel width c.11m at station.
205012,Annahilt,Watsons Bridge,Annahilt at Watsons Bridge,GB-NIR,327100,359800,4.7,73,54.47076244223967,-6.040291729,DfIR,DfIR,,Velocity area station.
205013,Waringstown,Primary Walk,Waringstown at Primary Walk,GB-NIR,310300,355300,3,45,54.43427884011846,-6.300962166,DfIR,DfIR,205013,Velocity area station.
205014,Motte,Brook Street,Motte at Brook Street,GB-NIR,340200,379100,2.6,14,54.640569403703246,-5.829196136,DfIR,DfIR,,Velocity area station.
205015,Cotton,Grandmere,Cotton at Grandmere,GB-NIR,352360,381797,19.2,14,54.66125499515775,-5.639617372,DfIR,DfIR,205015,Velocity area station.
205020,Enler,Comber,Enler at Comber,GB-NIR,345913,369708,61.8,4.9,54.554647672185666,-5.745447434,DfIR,DfIR,205020,Concrete flat V weir in trapezoidal channel. Instruments housed in secure metal shipping container on left bank. Main and backup instruments present both using shaft encoders with float and weight. Channel width c.9m at station. Station opened initially at request of DoE for water quality monitoring but a flood defence scheme in 1985 in Comber afforded the station increased importance.
205029,Lagan,Feney,Lagan at Feney,GB-NIR,314216,359057,202.6,29.7,54.46714957160946,-6.239197788,DfIR,DfIR,205029,Velocity area station opened to replace 205010.
205034,Woodburn,Control,Woodburn at Control,GB-NIR,337035,390058,0.15,,54.73980559435661,-5.873039843,DfIR,DfIR,,Lined rectangular concrete channel with thin plate 90 degree V notch weir. Station located downstream of concrete channel connecting two reservoirs.
205101,Blackstaff,Eason's,Blackstaff at Eason's,GB-NIR,331790,372370,13.15,,54.58241582521723,-5.962385704,DfIR,DfIR,205101,"Velocity area station. Originally installed in 1976, which included the Ballymurphy sub-catchment, but was moved slightly upstream to an existing small weir when the Ballymurphy Stream was diverted in approximately 1978."
205105,Knock,Orangefield,Knock at Orangefield,GB-NIR,337120,373201,12.9,8.6,54.58846003874797,-5.879621797,DfIR,DfIR,205105,"Velocity area station. Station closed 17/09/13 due to major rechannelisation of Knock River as part of the East Belfast Flood Alleviation Scheme - <a href=""http://www.connswatergreenway.co.uk/news/2014-01-28/knock-river-moves-in-orangefield-park-providing-a-green-solution-to-flooding"">more information</a>. Photos post-scheme show the major changes to channel."
206001,Clanrye,Mountmill Bridge,Clanrye at Mountmill Bridge,GB-NIR,308536,331026,120.3,16,54.216684666800624,-6.336954133,DfIR,DfIR,206001,Velocity-area station comprising masonry hut housing stilling well situated on left bank. Main and backup instruments present both using shaft encoders with float & weight. Channel width c.8.5m at station.
206002,Jerretspass,Jerretspass,Jerretspass at Jerretspass,GB-NIR,306487,333187,107.8,11,54.23651986217507,-6.367584026,DfIR,DfIR,206002,Velocity area station.
206003,Newry Canal,Jerretspass(canal),Newry Canal at Jerretspass(canal),GB-NIR,306400,333200,56.7,12,54.236654665594955,-6.368913116,DfIR,DfIR,,Thin plate weir control station.
206004,Bessbrook,Carnbane,Bessbrook at Carnbane,GB-NIR,307413,329290,25,9,54.20133176634933,-6.354781013,DfIR,DfIR,206004,"Velocity area station located at road bridge, channel width approx. 5m. Opened in 1983 because of Newry flooding problem. Removed from peak flows dataset in September 2023 (WINFAP Files v12)."
206006,Annalong,Recorder,Annalong at Recorder,GB-NIR,335000,323100,13.8,,54.13924555964844,-5.935090504,BCDWC,BCDWC,,Station composed of steel plate weir with end contractions and rectangular notch to accommodate low flows. Levels recorded from stilling pool transmitted to standpipe in which a float is connected to a clockwork recorder and flows registered on chart mounted on a cylindrical drum. Station opened in February 1895. Station decommissioned in 1943 when a tunnel upstream to the the Silent Valley reservoir was opened rendering the records no longer natural.
236005,Colebrooke,Ballindarragh Bridge,Colebrooke at Ballindarragh Bridge,GB-NIR,233195,335906,313.6,53,54.270930920181364,-7.491238614,DfIR,DfIR,236005,Velocity-area station composed of masonry hut housing on left bank. Downstream of 4-arched road bridge although arch closest to left bank typically silted up with flow restricted through this arch to high flow events only. Main and backup instruments present both using shaft encoders with float and weight. Channel width c.16m at station.
236006,Upper Erne,Killyhevlin,Upper Erne at Killyhevlin,GB-NIR,224550,342800,2891,42,54.3333494,-7.623360634,DfIR,DfIR,236006,Level only station. While a rating does exist this is not thought to be accurate and flows are not archived on the NRFA.
236007,Sillees,Drumrainey Bridge,Sillees at Drumrainey Bridge,GB-NIR,220486,340003,166.3,44,54.308401869540035,-7.68602333,DfIR,DfIR,236007,Velocity-area station with cableway. Masonry hut housing cableway winch situated on right bank. Immediately upstream of single-deck road bridge. Main and backup instruments present both using shaft encoders with float and weight. Channel width c.12m at station.
236009,Swanlinbar,Thompson's Bridge,Swanlinbar at Thompson's Bridge,GB-NIR,225300,331300,,,54.23000402479656,-7.612802708,,,,
236051,Ballinamallard,Ballycassidy,Ballinamallard at Ballycassidy,GB-NIR,222927,350868,159.4,49.8,54.405901857779355,-7.647688516,DfIR,DfIR,236051,Velocity area station.
236601,Lower Erne,Rosscor,Lower Erne at Rosscor,GB-NIR,199900,357800,4212,42,54.46868932926643,-8.002289252,DfIR,DfIR,,Level recording on the lower Lough Erne.
236602,Lough Upper Erne,Portora,Lough Upper Erne at Portora,GB-NIR,222300,345300,3514.45,52,54.355910812303954,-7.657760423,DfIR,DfIR,,Level recording on the upper Lough Erne.
236603,Upper Erne,Belle Isle,Upper Erne at Belle Isle,GB-NIR,228100,334700,2793.9,43,54.26040181879939,-7.56955155,,,,Level recording on the upper Lough Erne.
236604,Arney,Lough Macnean,Arney at Lough Macnean,GB-NIR,213100,337500,196.7,49,54.28615847,-7.799601359,DfIR,DfIR,,Level recording.
236714,Lower Erne,Ballyshannon,Lower Erne at Ballyshannon,GB-NIR,188800,361300,4219.11,3,54.50000671345315,-8.173614245,,,,
