SITE_ID,SENSOR_SLOT_ID,INSTRUMENT_ID,START_DATETIME,END_DATETIME,INSTALLATION_HEIGHT,INSTANCE,SERIAL_NUMBER,COMMENTS
ALIC1,4CR,NR01,06/03/2015 13:30,03/12/2020 00:00,,1,2125,
ALIC1,4CR,NR01,03/12/2020 00:00,09/06/2022 09:00,,2,2127,
ALIC1,4CR,NR01,09/06/2022 09:00,,,3,2320,installed by csl
ALIC1,HYGROCLIP,HYGROCLIP_HC2,06/03/2015 13:30,29/01/2020 00:00,,1,13210003,Swapped by CSL during PPM
ALIC1,HYGROCLIP,HYGROCLIP_HC2,28/07/2016 12:00,19/08/2021 09:00,,2,19060030,Installed by CSL during PPM
ALIC1,HYGROCLIP,HYGROCLIP_HC2A,20/12/2018 09:30,20/12/2018 09:00,,2,61222869,Replaced during CSL PPM
ALIC1,HYGROCLIP,HYGROCLIP_HC2A,13/02/2020 00:00,13/02/2020 00:00,,3,20269171,Replaced during CSL PPM
ALIC1,HYGROCLIP,HYGROCLIP_HC2A,03/12/2020 00:00,28/07/2016 12:00,,1,61218689,
ALIC1,HYGROCLIP,HYGROCLIP_HC2A,19/08/2021 09:00,03/12/2020 00:00,,4,20269320,Installed by CSL during PPM. Missing SN.
ALIC1,AWS,METPAK,06/03/2015 13:30,,,3,16030014,
ALIC1,AWS,METPAK,29/01/2020 00:00,,,6,20135119,
ALIC1,AWS,METPAK,19/08/2021 09:00,19/08/2021 09:00,,5,20135000,INSTALLED BY CSL
ALIC1,CRNS,CRNS_2000,06/03/2015 13:30,,,1,HI-TC02-2016,
ALIC1,ETHERNET,ETHERNET_115,06/03/2015 13:30,22/08/2016 11:30,,1,13760,
ALIC1,ETHERNET,ETHERNET_115,22/08/2016 11:30,,,2,5300,
ALIC1,HFP1,HFP01SC,06/03/2015 13:30,,,1,3662,
ALIC1,HFP2,HFP01SC,06/03/2015 13:30,,,1,3663,
ALIC1,IMKO1,IMKO,06/03/2015 13:30,29/01/2020 00:00,,1,36358,
ALIC1,IMKO2,IMKO,06/03/2015 13:30,29/01/2020 00:00,,1,36359,
ALIC1,IMKO3,IMKO,06/03/2015 13:30,29/01/2020 00:00,,1,36360,
ALIC1,LOGGER,LOGGER_CR3000,06/03/2015 13:30,03/12/2020 00:00,,1,9570,removed ovr 4 yr old
ALIC1,LOGGER,LOGGER_CR3000,03/12/2020 00:00,,,3,11012,Cal date-11/11/2021
ALIC1,LOGGER,LOGGER_CR3000,09/06/2022 09:00,09/06/2022 09:00,,2,10973,"Installed by CSL, cal date: 30/10/2019"
ALIC1,MODEM,MODEM,06/03/2018 13:30,13/02/2020 00:00,,1,3.60E+15,
ALIC1,MODEM,MODEM_LX60,19/08/2021 09:00,19/08/2021 09:00,,1,8.64E+15,Installed by CSL during PPM. Missing SN.
ALIC1,MODEM,MODEM_PRO,13/02/2020 00:00,,,1,WP85140413011003,IMEI – 356048090133116
ALIC1,PHENOCAM,PHENOCAM,03/12/2020 00:00,,,1,10.12.112.166,S14
ALIC1,PHENOCAM_LENS1,PHENOCAM_LENS,06/03/2015 13:30,20/12/2018 12:00,,1,5920232,IP:10.12.99.71
ALIC1,PHENOCAM_LENS1,PHENOCAM_LENS,20/12/2018 12:00,,,2,5913758,IP:10.12.112.166 Replaced during CSL PPM
ALIC1,PHENOCAM_LENS2,PHENOCAM_LENS,06/03/2015 13:30,20/12/2018 12:00,,1,5919451,IP:10.12.99.71
ALIC1,PHENOCAM_LENS2,PHENOCAM_LENS,20/12/2018 12:00,,,2,5914320,IP:10.12.112.166 Replaced during CSL PPM
ALIC1,PLUVIO,PLUVIO_2,06/03/2015 13:30,10/10/2019 00:00,,1,340996,Noisy
ALIC1,PLUVIO,PLUVIO_2,10/10/2019 00:00,09/06/2022 09:00,,2,340998,
ALIC1,PLUVIO,PLUVIO_2L,09/06/2022 09:00,,,3,PL2L-451507,
ALIC1,STP,STP,06/03/2015 13:30,,,1,2224,
ALIC1,TDT1,TDT,06/03/2015 13:30,,,1,6501087,
ALIC1,TDT2,TDT,06/03/2015 13:30,20/12/2018 14:00,,1,6501092,
ALIC1,TDT2,TDT,20/12/2018 15:00,,,2,6503267,Replaced during CSL PPM
BALRD,4CR,NR01,15/05/2014 17:30,04/07/2018 09:30,,1,2144,
BALRD,4CR,NR01,04/07/2018 10:30,28/08/2019 00:00,,2,2141,Replaced on CSL PPM
BALRD,4CR,NR01,28/08/2019 00:00,01/09/2022 00:00,,3,2142,Replaced at PPM
BALRD,4CR,NR01,01/09/2022 00:00,,,4,3689,
BALRD,HYGROCLIP,HYGROCLIP_HC2,15/05/2014 17:30,21/08/2017 15:00,,2,61222978,
BALRD,HYGROCLIP,HYGROCLIP_HC2,03/08/2017 10:30,28/08/2019 00:00,,1,14040020,Replaced at PPM
BALRD,HYGROCLIP,HYGROCLIP_HC2,21/08/2017 15:00,10/11/2020 00:00,,4,20135120,Replaced on CSL PPM
BALRD,HYGROCLIP,HYGROCLIP_HC2A,04/07/2018 11:00,04/07/2018 11:00,,3,61212029,
BALRD,HYGROCLIP,HYGROCLIP_HC2A,10/11/2020 00:00,03/08/2017 10:30,,1,,
BALRD,HYGROCLIP,HYGROCLIP_HC2A,22/09/2021 00:00,22/09/2021 00:00,,2,14040017,
BALRD,AWS,METPAK,15/05/2014 17:30,22/09/2021 00:00,,5,20269328,installed by csl
BALRD,AWS,METPAK,28/08/2019 00:00,29/06/2022 12:00,,6,20134472,
BALRD,AWS,METPAK,22/09/2021 00:00,29/06/2022 12:00,,3,19060002,
BALRD,AWS_ANEM,WIND_ANEM,15/05/2014 17:30,22/09/2021 00:00,2.6,2,144209,Replaced by JT on site visit.
BALRD,AWS_ANEM,WIND_ANEM,03/08/2017 10:30,03/08/2017 10:30,2.6,1,140810,
BALRD,AWS_ANEM,WIND_ANEM,22/09/2021 00:00,,2.6,3,160914,
BALRD,CRNS,CRNS_2000,15/05/2014 17:30,,,1,HI-TC02-2022,
BALRD,ETHERNET,ETHERNET_115,15/05/2014 17:30,01/09/2022 00:00,,1,12019,
BALRD,ETHERNET,ETHERNET_115,01/09/2022 00:00,,,2,14166,
BALRD,HFP1,HFP01SC,15/05/2014 17:30,,,1,3606,
BALRD,HFP2,HFP01SC,15/05/2014 17:30,,,1,3607,
BALRD,HMP,HMP155,29/06/2022 12:00,,,1,T4741134,
BALRD,IMKO1,IMKO,15/05/2014 17:30,28/08/2019 00:00,,1,35892,Removed at PPM
BALRD,IMKO2,IMKO,15/05/2014 17:30,28/08/2019 00:00,,1,35893,Removed at PPM
BALRD,IMKO3,IMKO,15/05/2014 17:30,28/08/2019 00:00,,1,35894,Removed at PPM
BALRD,LOGGER,LOGGER_CR3000,15/05/2014 17:30,28/08/2019 00:00,,1,8899,Recovered for cal
BALRD,LOGGER,LOGGER_CR3000,28/08/2019 00:00,22/09/2021 00:00,,2,12874,
BALRD,LOGGER,LOGGER_CR3000,22/09/2021 00:00,,,4,9027,CAL DATE 19/08/2022
BALRD,LOGGER,LOGGER_CR3000,01/09/2022 00:00,01/09/2022 00:00,,3,11011,Cal date  12/08/2021
BALRD,MODEM,MODEM,15/05/2014 17:30,10/11/2020 00:00,,1,3.60E+14,Removed by csl for proroute upgrade
BALRD,MODEM,MODEM_PRO,10/11/2020 00:00,22/09/2021 00:00,,1,8.67E+14,installed b CSL
BALRD,MODEM,MODEM_PRO,22/09/2021 00:00,,,1,WP83820013021002,IMEI: 356048090102731
BALRD,PA,CS106,29/06/2022 12:00,,,1,T4740224,
BALRD,PHENOCAM,PHENOCAM,04/07/2018 00:00,,,1,10.18.125.138,S15
BALRD,PHENOCAM_LENS1,PHENOCAM_LENS,15/05/2014 17:30,04/07/2018 09:00,,1,5921978,
BALRD,PHENOCAM_LENS1,PHENOCAM_LENS,04/07/2018 09:00,,,2,545119,Replaced on CSL PPM
BALRD,PHENOCAM_LENS2,PHENOCAM_LENS,15/05/2014 17:30,,,2,5451188,Replaced on CSL PPM
BALRD,PHENOCAM_LENS2,PHENOCAM_LENS,04/07/2018 09:00,04/07/2018 09:00,,1,5915072,
BALRD,PLUVIO_CHAIN,CHAIN,04/07/2018 11:30,28/08/2019 00:00,,1,340998,Recovered due to fault
BALRD,PLUVIO,PLUVIO_2,15/05/2014 17:30,,,1,,Installed during CSL PPM
BALRD,PLUVIO,PLUVIO_2,28/08/2019 00:00,10/11/2020 00:00,,2,352952,Removed by CSL
BALRD,PLUVIO,PLUVIO_2L,10/11/2020 00:00,,,3,432785,installed by CSL (2L)
BALRD,RH_INT,RH_INT,29/06/2022 12:00,,,1,,
BALRD,STP,STP,15/05/2014 17:30,,,1,2236,
BALRD,TDT1,TDT,15/05/2014 17:30,,,1,6501115,
BALRD,TDT2,TDT,15/05/2014 17:30,,,1,6501130,
BICKL,4CR,NR01,28/01/2015 17:00,24/11/2020 00:00,,1,2126,Removed by CSL
BICKL,4CR,NR01,24/11/2020 00:00,26/05/2022 09:00,,2,2546,Installed by CSL
BICKL,4CR,NR01,26/05/2022 09:00,,,3,2756,
BICKL,HYGROCLIP,HYGROCLIP_HC2,28/01/2015 17:00,24/11/2020 00:00,,1,14040011,Removed by CSL
BICKL,HYGROCLIP,HYGROCLIP_HC2,17/02/2017 09:30,17/02/2017 09:30,,1,61223039,
BICKL,HYGROCLIP,HYGROCLIP_HC2A,06/03/2018 12:00,06/03/2018 12:00,,2,61019689,Replaced by CSL during PPM
BICKL,HYGROCLIP,HYGROCLIP_HC2A,21/08/2018 13:30,21/08/2018 09:30,,3,20135119,Replaced by Milo Brooks after previous sensor failed
BICKL,HYGROCLIP,HYGROCLIP_HC2A,10/09/2019 00:00,10/09/2019 00:00,,4,20135003,Replaced by CSL during PPM
BICKL,HYGROCLIP,HYGROCLIP_HC2A,24/11/2020 00:00,24/11/2020 00:00,,5,20134472,Replaced during PPM
BICKL,HYGROCLIP,HYGROCLIP_HC2A,05/05/2021 08:00,14/02/2022 09:00,,2,14040026,Installed by CSL during PPM
BICKL,AWS,METPAK,28/01/2015 17:00,05/05/2021 08:00,,6,20134991,Installed by CSL
BICKL,AWS,METPAK,24/11/2020 00:00,,,7,20269171,
BICKL,AWS_ANEM,WIND_ANEM,28/01/2015 17:00,14/02/2019 00:00,2.6,1,140402,
BICKL,AWS_ANEM,WIND_ANEM,14/02/2019 00:00,,2.6,2,140322,
BICKL,CRNS,CRNS_2000,28/01/2015 17:00,10/09/2019 00:00,,1,HI-TC02-2024,"Unknown when removed, removed latest time is end_datetime"
BICKL,CRNS,CRNS_2000,10/09/2019 00:00,,,2,HI-TC02-2013,"Unknown when installed, installed latest time starttime"
BICKL,ETHERNET,ETHERNET_115,28/01/2015 17:00,22/12/2020 10:10,,1,13622,Removed by DR due to intermittent comms fault
BICKL,ETHERNET,ETHERNET_115,22/12/2020 10:10,,,2,13474,
BICKL,HFP1,HFP01SC,28/01/2015 17:00,21/08/2018 12:00,,1,3644,
BICKL,HFP1,HFP01SC,21/08/2018 13:00,,,2,4021,Replaced by CSL during PPM
BICKL,HFP2,HFP01SC,28/01/2015 17:00,21/08/2018 12:00,,1,3645,
BICKL,HFP2,HFP01SC,21/08/2018 13:00,26/05/2022 09:00,,2,4019,Replaced by CSL during PPM
BICKL,HFP2,HFP01SC,26/05/2022 09:00,,,3,4673,
BICKL,HMP,HMP155,14/02/2022 09:00,,,1,T4741135,
BICKL,IMKO1,IMKO,28/01/2015 17:00,10/09/2019 00:00,,1,36370,Removed at PPM
BICKL,IMKO2,IMKO,28/01/2015 17:00,10/09/2019 00:00,,1,36371,Removed at PPM
BICKL,IMKO3,IMKO,28/01/2015 17:00,10/09/2019 00:00,,1,36372,Removed at PPM
BICKL,LOGGER,LOGGER_CR3000,28/01/2015 17:00,24/11/2020 00:00,,1,9770,Removed by CSL
BICKL,LOGGER,LOGGER_CR3000,24/11/2020 00:00,22/12/2020 10:10,,2,9706,Installed by CSL. Cal date: 10/09/2020 - Removed by DR due to intermittent comms issue.
BICKL,LOGGER,LOGGER_CR3000,22/12/2020 10:10,,,4,9024,Cal date: 11/11/21
BICKL,LOGGER,LOGGER_CR3000,26/05/2022 09:00,26/05/2022 09:00,,3,10262,Cal date: 14/10/2020
BICKL,MODEM,MODEM,28/01/2015 17:00,24/11/2020 00:00,,1,3.60E+15,Removed by CSL
BICKL,MODEM,MODEM_LX60,05/05/2021 08:00,22/12/2020 10:00,,1,8.67E+14,Installed by CSL - Removed by DR due to intermittent comms issue.
BICKL,MODEM,MODEM_PRO,24/11/2020 00:00,05/05/2021 08:00,,2,8.64E+14,
BICKL,MODEM,MODEM_PRO,22/12/2020 10:00,,,1,WP85140408011003,IMEI: 356048090134536
BICKL,PA,CS106,14/02/2022 09:00,,,1,T4710741,
BICKL,PHENOCAM,PHENOCAM,21/08/2018 00:00,,,1,10.12.145.217,S14
BICKL,PHENOCAM_LENS1,PHENOCAM_LENS,28/01/2015 17:00,21/08/2018 09:00,,1,5915465,IP:10.12.91.68
BICKL,PHENOCAM_LENS1,PHENOCAM_LENS,21/08/2018 09:30,,,2,5920643,IP:10.12.145.217
BICKL,PHENOCAM_LENS2,PHENOCAM_LENS,28/01/2015 17:00,21/08/2018 09:00,,1,5920160,IP:10.12.91.68
BICKL,PHENOCAM_LENS2,PHENOCAM_LENS,21/08/2018 09:30,,,2,5913729,IP:10.12.145.217
BICKL,PLUVIO_CHAIN,CHAIN,21/08/2018 12:00,27/11/2019 00:00,,1,340999,Faulty
BICKL,PLUVIO,PLUVIO_2,28/01/2015 17:00,26/02/2021 00:00,,2,PL2L-451533,Removed due to fluffy bucket
BICKL,PLUVIO,PLUVIO_2,26/02/2021 00:00,,,1,,Installed by CSL during PPM
BICKL,PLUVIO,PLUVIO_2L,27/11/2019 00:00,02/02/2022 12:00,,3,340989,Removed due to faulty temperature readings
BICKL,PLUVIO,PLUVIO_2L,02/02/2022 12:00,,,4,PL2L-432784,
BICKL,RAINE,RAINE,14/02/2022 09:00,,,1,881821.0038,
BICKL,RH_INT,RH_INT,14/02/2022 12:00,,,1,,
BICKL,STP,STP,28/01/2015 17:00,21/08/2018 12:00,,1,2217,
BICKL,STP,STP,21/08/2018 13:00,,,2,2255,Replaced by CSL during PPM
BICKL,TDT1,TDT,28/01/2015 17:00,21/08/2018 11:30,,1,6501071,
BICKL,TDT1,TDT,21/08/2018 12:00,,,2,6013228,Replaced by CSL during PPM
BICKL,TDT2,TDT,28/01/2015 17:00,21/08/2018 11:30,,1,6501060,
BICKL,TDT2,TDT,21/08/2018 12:00,24/11/2020 00:00,,2,6013223,Replaced by CSL during PPM
BICKL,TDT2,TDT,24/11/2020 00:00,26/05/2022 09:00,,3,6501091,Installed by CSL
BICKL,TDT2,TDT,26/05/2022 09:00,,,4,6501059,
BUNNY,4CR,NR01,27/01/2015 00:30,17/07/2020 00:00,,1,2150,Swapped by CSL at PPM
BUNNY,4CR,NR01,17/07/2020 00:00,26/04/2022 12:00,,2,2895,Installed by CSL at PPM
BUNNY,4CR,NR01,26/04/2022 12:00,,,3,2547,Installed on PPM
BUNNY,HYGROCLIP,HYGROCLIP_HC2,27/01/2015 00:30,17/07/2020 00:00,,1,14040010,Swapped by CSL at PPM
BUNNY,HYGROCLIP,HYGROCLIP_HC2A,22/08/2018 10:00,26/04/2022 12:00,,2,14040024,Installed by CSL at PPM
BUNNY,HYGROCLIP,HYGROCLIP_HC2A,27/06/2019 07:00,13/04/2021 12:00,,5,20135091,Installed by CSL during PPM
BUNNY,HYGROCLIP,HYGROCLIP_HC2A,11/09/2019 00:00,17/07/2020 00:00,,4,20135067,Replaced during PPM
BUNNY,HYGROCLIP,HYGROCLIP_HC2A,17/07/2020 00:00,22/08/2018 09:00,,1,61019699,
BUNNY,HYGROCLIP,HYGROCLIP_HC2A,13/04/2021 12:00,27/06/2019 07:00,,2,20135068,Replaced by CSL during PPM
BUNNY,AWS,METPAK,27/01/2015 00:30,11/09/2019 00:00,,3,220269164,
BUNNY,AWS,METPAK,17/07/2020 00:00,26/04/2022 12:00,,6,20064940,Installed by CSL during PPM
BUNNY,AWS_ANEM,WIND_ANEM,27/01/2015 00:30,29/11/2017 10:00,2.6,1,140322,
BUNNY,AWS_ANEM,WIND_ANEM,29/11/2017 10:00,,2.6,3,140404,
BUNNY,AWS_ANEM,WIND_ANEM,11/09/2019 00:00,11/09/2019 00:00,2.6,2,140810,Replaced by JT on site visit to fix NaN readings with previous instrument (see issue tracker 1212)
BUNNY,CRNS,CRNS_2000,27/01/2015 00:30,,,1,HI-TC02-2024,SN confirmed at 17-Jul-20 PPM
BUNNY,ETHERNET,ETHERNET_115,27/01/2015 00:30,,,1,6981,SN confirmed at 17-Jul-20 PPM
BUNNY,HFP1,HFP01SC,27/01/2015 00:30,,,1,3650,
BUNNY,HFP2,HFP01SC,27/01/2015 00:30,,,1,3653,
BUNNY,HMP,HMP155,26/04/2022 12:00,,,1,T4750898,Installed on PPM
BUNNY,IMKO1,IMKO,27/01/2015 00:30,11/09/2019 00:00,,1,35904,Removed at PPM
BUNNY,IMKO2,IMKO,27/01/2015 00:30,11/09/2019 00:00,,1,35905,Removed at PPM
BUNNY,IMKO3,IMKO,27/01/2015 00:30,11/09/2019 00:00,,1,35906,Removed at PPM
BUNNY,LOGGER,LOGGER_CR3000,27/01/2015 00:30,,,2,8471,Cal date 07/08/19. Installed by CSL at PPM.
BUNNY,LOGGER,LOGGER_CR3000,17/07/2020 00:00,17/07/2020 00:00,,1,2164,Cal date 07/09/07. Swapped by CSL at PPM.
BUNNY,MODEM,MODEM,27/01/2015 00:30,13/04/2021 12:00,,2,8.67E+15,Replaced by DR during RM. CSL SN recorded at PPM 111803080076
BUNNY,MODEM,MODEM_LX60,13/04/2021 12:00,10/06/2020 09:45,,1,3.60E+14,
BUNNY,MODEM,MODEM_PRO,10/06/2020 09:45,,,3,WP92137298011003,IMEI: 356048090153775
BUNNY,PA,CS106,26/04/2022 12:00,,,1,T4740217,Installed on PPM
BUNNY,PHENOCAM,PHENOCAM,22/08/2018 08:30,,,1,10.20.196.51,
BUNNY,PHENOCAM_LENS1,PHENOCAM_LENS,27/01/2015 00:30,22/08/2018 08:00,,1,5915246,IP:10.12.91.162
BUNNY,PHENOCAM_LENS1,PHENOCAM_LENS,22/08/2018 08:30,,,2,5412758,IP:10.20.196.51
BUNNY,PHENOCAM_LENS2,PHENOCAM_LENS,27/01/2015 00:30,22/08/2018 08:00,,1,5913346,IP:10.12.91.162
BUNNY,PHENOCAM_LENS2,PHENOCAM_LENS,22/08/2018 08:30,,,2,5356508,IP:10.20.196.51
BUNNY,PLUVIO_CHAIN,CHAIN,02/08/2018 08:00,02/08/2018 08:00,,1,342192,
BUNNY,PLUVIO,PLUVIO_2,27/01/2015 00:30,18/11/2019 00:00,,3,340995,Removed due to noisy data
BUNNY,PLUVIO,PLUVIO_2,02/08/2018 10:00,02/11/2021 11:30,,4,PL2L-451507,New unit with thermal unsulation. SN confirmed at PPM 17/07/20. Removed due to noisy data.
BUNNY,PLUVIO,PLUVIO_2,03/10/2019 00:00,03/10/2019 00:00,,2,329001,"Replaced by PS during RM due to highly erroneous data (Issues 1575, 1599)"
BUNNY,PLUVIO,PLUVIO_2,02/11/2021 12:40,,,1,,Installed by PS during RM
BUNNY,PLUVIO,PLUVIO_2,26/04/2022 12:00,26/04/2022 12:00,,5,358372,
BUNNY,PLUVIO,PLUVIO_2L,18/11/2019 00:00,,,6,411347,Installed on PPM
BUNNY,RAINE,RAINE,25/02/2022 12:00,,,1,881821.0006,Installed by DR
BUNNY,RH_INT,RH_INT,02/11/2021 12:00,,,1,,
BUNNY,SI,SDMSI01,17/07/2020 00:00,,,1,E3788,SDM-IO1  noted by CSL at PPM
BUNNY,STP,STP,27/01/2015 00:30,,,1,2243,
BUNNY,TDT1,TDT,27/01/2015 00:30,22/08/2018 10:30,,1,6501074,
BUNNY,TDT1,TDT,22/08/2018 11:30,,,3,6503214,Replaced by DR during RM
BUNNY,TDT1,TDT,10/06/2020 11:30,10/06/2020 11:30,,2,6013226,Replaced by CSL during PPM
BUNNY,TDT2,TDT,27/01/2015 00:30,22/08/2018 10:30,,1,6501094,
BUNNY,TDT2,TDT,22/08/2018 11:30,,,3,66503324,Installed by CSL at PPM.
BUNNY,TDT2,TDT,17/07/2020 00:00,17/07/2020 00:00,,2,6013236,Replaced by CSL during PPM
CARDT,4CR,NR01,24/06/2015 10:00,16/07/2020 00:00,,1,2153,Swapped by CSL at PPM
CARDT,4CR,NR01,16/07/2020 00:00,,,2,2319,Installed by CSL at PPM
CARDT,HYGROCLIP,HYGROCLIP_HC2,24/06/2015 10:00,16/07/2020 00:00,,1,14040026,Swapped by CSL at PPM
CARDT,HYGROCLIP,HYGROCLIP_HC2A,02/10/2018 11:00,16/07/2020 00:00,,3,20135079,Replaced by CSL during PPM
CARDT,HYGROCLIP,HYGROCLIP_HC2A,24/10/2019 12:00,15/03/2022 11:00,,2,14040015,Installed by CSL at PPM
CARDT,HYGROCLIP,HYGROCLIP_HC2A,16/07/2020 00:00,01/06/2021 10:00,,4,20135006,Installed by CSL at PPM
CARDT,HYGROCLIP,HYGROCLIP_HC2A,01/06/2021 10:00,02/10/2018 10:00,,1,61222931,
CARDT,AWS,METPAK,24/06/2015 10:00,22/10/2019 11:00,,2,20135002,Replaced by CSL during PPM
CARDT,AWS,METPAK,16/07/2020 00:00,,,5,20134470,
CARDT,AWS_ANEM,WIND_ANEM,24/06/2015 10:00,01/06/2021 10:00,2.6,1,140313,
CARDT,AWS_ANEM,WIND_ANEM,01/06/2021 10:00,,2.6,2,140315,
CARDT,CRNS,CRNS_2000,24/06/2015 10:00,,,1,HI-TC02-2018,
CARDT,ETHERNET,ETHERNET_115,24/06/2015 10:00,04/08/2016 10:30,,1,13806,
CARDT,ETHERNET,ETHERNET_115,04/08/2016 10:30,19/08/2020 11:00,,2,13627,
CARDT,ETHERNET,ETHERNET_115,19/08/2020 11:30,09/06/2021 09:00,,3,14166,Removed due to Error 22
CARDT,ETHERNET,ETHERNET_115,09/06/2021 09:00,,,4,12099,
CARDT,HFP1,HFP01SC,24/06/2015 10:00,,,1,3666,
CARDT,HFP2,HFP01SC,24/06/2015 10:00,14/08/2015 00:00,,1,3667,
CARDT,HFP2,HFP01SC,14/08/2015 00:00,,,3,3228,
CARDT,HFP2,HFP01SC,21/09/2022 12:00,21/09/2022 12:00,,2,3679,
CARDT,HMP,HMP155,15/03/2022 11:00,,,1,T4721223,
CARDT,IMKO1,IMKO,24/06/2015 10:00,22/10/2019 11:00,,1,36149,Removed during CSL PPM
CARDT,IMKO2,IMKO,24/06/2015 10:00,22/10/2019 11:00,,1,36150,Removed during CSL PPM
CARDT,IMKO3,IMKO,24/06/2015 10:00,22/10/2019 11:00,,1,36151,Removed during CSL PPM
CARDT,LOGGER,LOGGER_CR3000,24/06/2015 10:00,19/08/2020 11:00,,2,13072,Installed by CSL at PPM. Cal date 03/09/2019
CARDT,LOGGER,LOGGER_CR3000,16/07/2020 00:00,14/07/2022 09:00,,3,13071,Cal date: Unreadable
CARDT,LOGGER,LOGGER_CR3000,19/08/2020 11:30,16/07/2020 00:00,,1,9969,Swapped by CSL at PPM
CARDT,LOGGER,LOGGER_CR3000,14/07/2022 09:00,,,4,8900,Cal date: 30/11/21
CARDT,MODEM,MODEM,24/06/2015 10:00,01/06/2021 10:00,,1,8.67E+14,
CARDT,MODEM,MODEM_LX60,01/06/2021 10:00,26/09/2017 09:30,,1,,
CARDT,MODEM,MODEM_PRO,26/09/2017 09:30,,,1,WP90140158011003,3.56E+14
CARDT,PA,CS106,15/03/2022 11:00,,,1,T4650759,
CARDT,PHENOCAM,PHENOCAM,02/10/2018 13:00,,,2,10.16.46.235,
CARDT,PHENOCAM_LENS1,PHENOCAM_LENS,24/06/2015 10:00,02/10/2018 12:30,,1,5350964,IP:10.16.91.35; estimated end date
CARDT,PHENOCAM_LENS1,PHENOCAM_LENS,02/10/2018 13:00,,,2,5375146,IP:10.16.46.235
CARDT,PHENOCAM_LENS2,PHENOCAM_LENS,24/06/2015 10:00,02/10/2018 12:30,,1,5376285,IP:10.16.91.35; estimated end date
CARDT,PHENOCAM_LENS2,PHENOCAM_LENS,02/10/2018 13:00,,,2,5375252,IP:10.16.46.235
CARDT,PLUVIO_CHAIN,CHAIN,02/10/2018 11:00,14/07/2022 09:00,,1,341001,
CARDT,PLUVIO,PLUVIO_2,24/06/2015 10:00,,,1,,
CARDT,PLUVIO,PLUVIO_2,14/07/2022 09:00,,,2,387940,
CARDT,RAINE,RAINE,14/07/2022 09:00,,,1,,
CARDT,RH_INT,RH_INT,15/03/2022 11:00,,,1,,
CARDT,SI,SDMSI01,01/01/2020 00:00,,,1,E3793,"SN noted at 16/07/2020 PPM, install date unknown"
CARDT,STP,STP,24/06/2015 10:00,,,1,2238,
CARDT,TDT1,TDT,24/06/2015 10:00,14/07/2022 09:00,,1,6501292,
CARDT,TDT1,TDT,14/07/2022 09:00,,,2,650472,
CARDT,TDT2,TDT,24/06/2015 10:00,14/07/2022 09:00,,1,6500925,
CARDT,TDT2,TDT,14/07/2022 09:00,,,2,6503244,
CGARW,4CR,NR01,29/06/2016 11:00,21/10/2020 00:00,,1,2457,Removed by CSL
CGARW,4CR,NR01,21/10/2020 00:00,,,2,2153,Installed by csl
CGARW,AWS_ANEM,WIND_ANEM,29/06/2016 11:00,10/08/2021 09:00,2.6,1,160914,
CGARW,AWS_ANEM,WIND_ANEM,10/08/2021 09:00,,2.6,2,140321,Installed by csl
CGARW,CRNS,CRNS_2000,29/06/2016 11:00,,,1,HI-TC02-2054,
CGARW,CRNS_SNOW,SNOWFOX,29/06/2016 11:00,01/04/2019 00:00,,1,HI-TC01-1188,
CGARW,CRNS_SNOW,SNOWFOX,11/06/2019 00:00,,,2,HI-TC01-1185,
CGARW,ETHERNET,ETHERNET_115,29/06/2016 11:00,,,2,6288,
CGARW,ETHERNET,ETHERNET_116,04/12/2019 00:00,04/12/2019 00:00,,1,11879,Reovered due to possible fault
CGARW,HFP1,HFP01SC,29/06/2016 11:00,,,1,4372,
CGARW,HFP2,HFP01SC,29/06/2016 11:00,,,1,4374,
CGARW,HMP,HMP155,29/06/2016 11:00,14/09/2018 12:00,,1,L1320545,
CGARW,HMP,HMP155,14/09/2018 12:00,17/09/2019 00:00,,3,R1030192,Replaced during MB visit
CGARW,HMP,HMP155,11/06/2019 00:00,06/10/2020 08:35,,4,L1320539,Replaced during RM - cable damaged but due calibration
CGARW,HMP,HMP155,17/09/2019 00:00,11/06/2019 00:00,,2,N5050076,Replaced during CSL PPM
CGARW,HMP,HMP155,06/10/2020 08:40,02/08/2022 09:00,,6,M2920118,Installed by csl
CGARW,HMP,HMP155,10/08/2021 09:00,20/02/2023 00:00,,7,P4020591 ,
CGARW,HMP,HMP155,02/08/2022 09:00,,,8,P4020592,RM - old one developed a fault
CGARW,HMP,HMP155,20/02/2023 00:00,10/08/2021 09:00,,5,P4010607,
CGARW,LOGGER,LOGGER_CR3000,29/06/2016 11:00,21/10/2020 00:00,,1,9838,removed by CSL on PPM
CGARW,LOGGER,LOGGER_CR3000,21/10/2020 00:00,,,3,9059,Cal date: 25/07/22
CGARW,LOGGER,LOGGER_CR3000,02/08/2022 09:00,02/08/2022 09:00,,2,9027,Cal date 15/9/2020. installed by CSL
CGARW,MODEM,MODEM_BGAN,29/06/2016 11:00,28/09/2017 11:30,,1,1.01E+12,
CGARW,MODEM,MODEM_BGAN,20/03/2018 14:00,22/10/2019 00:00,,2,8.67E+14,Possible fault
CGARW,MODEM,MODEM_LX60,10/08/2021 09:00,20/03/2018 14:00,,1,8.67E+14,Barcode: 201706220317
CGARW,MODEM,MODEM_LX60,10/02/2022 10:00,28/06/2018 12:00,,2,353938-03-015686-7,
CGARW,MODEM,MODEM_PRO,28/09/2017 11:30,10/08/2021 09:00,,3,8.64E+14,
CGARW,MODEM,MODEM_PRO,28/06/2018 12:00,10/02/2022 10:00,,1,WP90140045021003,Removed due to fault - continuously trying to reset - IMEI: 356048090144139
CGARW,MODEM,MODEM_PRO,22/10/2019 00:00,,,2,WP85140212011003,IMEI: 356048090122523
CGARW,PA,CS106,29/06/2016 11:00,21/10/2020 00:00,,1,K4840006,removed by CSL
CGARW,PA,CS106,21/10/2020 00:00,,,3,P0710626,
CGARW,PA,CS106,02/08/2022 09:00,02/08/2022 09:00,,2,M1050343,installed by CSL
CGARW,PHENOCAM,PHENOCAM,14/09/2018 00:00,,,1,10.12.91.162,s14
CGARW,PHENOCAM_LENS1,PHENOCAM_LENS,29/06/2016 11:00,14/09/2018 12:00,,1,5392946,IP:10.16.58.159
CGARW,PHENOCAM_LENS1,PHENOCAM_LENS,14/09/2018 12:00,,,2,5915465,IP:10.12.91.162 Replaced during CSL PPM
CGARW,PHENOCAM_LENS2,PHENOCAM_LENS,29/06/2016 11:00,14/09/2018 12:00,,1,5392952,IP:10.16.58.159
CGARW,PHENOCAM_LENS2,PHENOCAM_LENS,14/09/2018 12:00,,,2,5915246,IP:10.12.91.162 Replaced during CSL PPM
CGARW,PLUVIO,PLUVIO_2,29/06/2016 11:00,11/06/2019 00:00,,1,387940,Recovred due to possible noisy data
CGARW,PLUVIO,PLUVIO_2,11/06/2019 00:00,,,2,387935,Newly calibrated unit installed
CGARW,RH_INT,RH_INT,10/02/2022 12:00,,,1,,
CGARW,SNOW_DEPTH,SR05A,29/06/2016 11:00,14/09/2018 12:00,,1,6391,
CGARW,SNOW_DEPTH,SR05A,14/09/2018 12:00,21/10/2020 00:00,,3,5688,Replaced during PPM
CGARW,SNOW_DEPTH,SR05A,17/09/2019 00:00,17/09/2019 00:00,,2,6077,Replaced during CSL PPM
CGARW,SNOW_DEPTH,SR05A,21/10/2020 00:00,10/08/2021 09:00,,4,11155,
CGARW,SNOW_DEPTH,SR05A,10/08/2021 09:00,02/08/2022 09:00,,5,5688,Installed by csl
CGARW,SNOW_DEPTH,SR05A,02/08/2022 09:00,,,6,5694,
CGARW,STP,STP,29/06/2016 11:00,,,1,2262,
CGARW,TDT1,TDT,29/06/2016 11:00,,,1,6501291,
CGARW,TDT10,TDT,29/06/2016 11:00,,,1,6501283,
CGARW,TDT2,TDT,29/06/2016 11:00,,,1,6501285,
CGARW,TDT3,TDT,29/06/2016 11:00,,,1,6501282,
CGARW,TDT4,TDT,29/06/2016 11:00,,,1,6501257,
CGARW,TDT5,TDT,29/06/2016 11:00,,,1,6501264,
CGARW,TDT6,TDT,29/06/2016 11:00,,,1,6501276,
CGARW,TDT7,TDT,29/06/2016 11:00,,,1,6501267,
CGARW,TDT8,TDT,29/06/2016 11:00,,,1,6501274,
CGARW,TDT9,TDT,29/06/2016 11:00,,,1,6501256,
CHIMN,4CR,NR01,02/10/2013 13:30,05/10/2018 09:00,,1,1940,
CHIMN,4CR,NR01,05/10/2018 14:00,18/08/2020 08:45,,2,2311,Replaced by CSL during PPM fpr failing SWin spot check
CHIMN,4CR,NR01,18/08/2020 08:45,07/09/2022 00:00,,3,2154,Installed by CSL during PPM
CHIMN,4CR,NR01,07/09/2022 00:00,,,4,2131,
CHIMN,HYGROCLIP,HYGROCLIP_HC2,02/10/2013 13:30,25/02/2014 12:00,,1,13210004,
CHIMN,HYGROCLIP,HYGROCLIP_HC2,11/04/2017 13:00,11/04/2017 13:00,,1,61223064,
CHIMN,HYGROCLIP,HYGROCLIP_HC2A,05/10/2018 13:30,12/02/2020 00:00,,2,132100015,Removed by CSL during PPM
CHIMN,AWS,METPAK,02/10/2013 13:30,05/10/2018 09:00,,2,60835464,CSL PPM on 12-FEB-20 said removed this SN hygroclip.
CHIMN,AWS,METPAK,25/02/2014 12:00,12/02/2020 00:00,,3,20134978,Replaced by CSL during PPM. 12-FEB-20 PPMold hygroclip replaced SN noted as 60835464.
CHIMN,AWS_ANEM,WIND_ANEM,12/02/2020 00:00,,2.6,1,140318,Windmaster installed by CSL during PPM
CHIMN,CRNS,CRNS_1000B,02/10/2013 13:30,17/12/2019 12:00,,1,HI-TC01-1002,
CHIMN,CRNS,CRNS_1000B,17/12/2019 12:00,22/01/2020 13:00,,2,HI-TC01-1004,
CHIMN,CRNS,CRNS_1000B,22/01/2020 13:00,07/09/2021 09:00,,3,HI-TC01-1002,Removed by CSL during PPM
CHIMN,CRNS,CRNS_2000,07/09/2021 09:00,,,4,HI-TC02-2008,Secondary tube moved to primary
CHIMN,CRNS_BARE,CRNS_1000B_BARE,02/10/2013 13:30,17/12/2019 12:00,,1,HI-TC01-1005,
CHIMN,CRNS2,CRNS_1000B,22/01/2020 13:00,07/09/2021 09:00,,2,HI-TC02-2008,Installed by CSL during PPM
CHIMN,CRNS2,CRNS_2000,12/02/2020 12:00,12/02/2020 12:00,,1,HI-TC01-1004,Removed by CSL during PPM
CHIMN,ETHERNET,ETHERNET_115,02/10/2013 13:30,05/10/2018 13:00,,1,11043,
CHIMN,ETHERNET,ETHERNET_115,05/10/2018 13:30,,,1,2741,NL116 installed by CSL during PPM
CHIMN,ETHERNET,ETHERNET_115,22/01/2020 12:00,22/01/2020 12:00,,2,13473,Replaced by CSL during PPM
CHIMN,ETHERNET,ETHERNET_116,12/02/2020 00:00,12/02/2020 00:00,,3,12017,Removed by CSL during PPM
CHIMN,HFP1,HFP01SC,02/10/2013 13:30,,,1,3236,
CHIMN,HFP2,HFP01SC,02/10/2013 13:30,,,1,3237,
CHIMN,HMP,HMP155,12/02/2020 00:00,18/08/2020 08:45,,1,P4020591,HMP155 removed by CSL during PPM
CHIMN,HMP,HMP155,18/08/2020 08:45,07/09/2022 00:00,,3,T2650700,
CHIMN,HMP,HMP155,07/09/2021 09:00,07/09/2021 09:00,,2,P4020596,HMP155 installed by CSL during PPM
CHIMN,HMP,HMP155,07/09/2022 00:00,,,4,L1320545,
CHIMN,IMKO1,IMKO,02/10/2013 13:30,12/02/2020 08:30,,1,35489,Removed during CSL PPM upgrade
CHIMN,IMKO2,IMKO,02/10/2013 13:30,12/02/2020 08:30,,1,35490,Removed during CSL PPM upgrade
CHIMN,IMKO3,IMKO,02/10/2013 13:30,12/02/2020 08:30,,1,35491,Removed during CSL PPM upgrade
CHIMN,LOGGER,LOGGER_CR3000,02/10/2013 13:30,05/10/2018 13:00,,1,8470,
CHIMN,LOGGER,LOGGER_CR3000,05/10/2018 13:30,07/09/2021 09:00,,4,11012,"Installed by CSL during PPM, cal date 11/01/2016 (as of 09/09/2020)"
CHIMN,LOGGER,LOGGER_CR3000,22/01/2020 13:30,22/01/2020 13:30,,2,9476,Replaced by CSL during PPM
CHIMN,LOGGER,LOGGER_CR3000,12/02/2020 00:00,12/02/2020 00:00,,3,12804,Removed by CSL during PPM
CHIMN,LOGGER,LOGGER_CR3000,07/09/2021 09:00,,,5,9898,Cal date 05/07/2021
CHIMN,LOGGER,LOGGER_CR3000,06/10/2021 11:00,,,6,10065,
CHIMN,MODEM,MODEM,02/10/2013 13:30,07/09/2021 09:00,,2,8.86E+15,Replaced by CSL during PPM
CHIMN,MODEM,MODEM_LX60,07/09/2021 09:00,12/02/2020 00:00,,1,8.70E+14,Replaced by CSL during PPM
CHIMN,MODEM,MODEM_PRO,09/10/2019 11:00,09/10/2019 11:00,,1,3.54E+14,
CHIMN,MODEM,MODEM_PRO,12/02/2020 00:00,,,1,WP83820011011002,IMEI : 356048090102590
CHIMN,PA,CS106,12/02/2020 00:00,07/09/2021 09:00,,1,M11120821,PTB110 installed by CSL during PPM
CHIMN,PA,CS106,07/09/2021 09:00,,,2,P0710631,
CHIMN,PHENOCAM,PHENOCAM,25/06/2019 10:30,,,1,10.12.147.232,S14
CHIMN,PHENOCAM_LENS1,PHENOCAM_LENS,02/10/2013 13:30,05/10/2018 09:00,,1,5919223,IP:10.12.148.170
CHIMN,PHENOCAM_LENS1,PHENOCAM_LENS,05/10/2018 09:30,25/06/2019 10:30,,2,5886869,IP:10.22.79.179
CHIMN,PHENOCAM_LENS1,PHENOCAM_LENS,25/06/2019 10:30,,,3,5919451,10.12.147.232
CHIMN,PHENOCAM_LENS2,PHENOCAM_LENS,02/10/2013 13:30,05/10/2018 09:00,,1,5920680,IP:10.12.148.170
CHIMN,PHENOCAM_LENS2,PHENOCAM_LENS,05/10/2018 09:30,25/06/2019 10:30,,2,5886868,IP:10.22.79.179
CHIMN,PHENOCAM_LENS2,PHENOCAM_LENS,25/06/2019 10:30,,,3,5920232,10.12.147.232
CHIMN,PLUVIO,PLUVIO_2,02/10/2013 13:30,12/02/2020 00:00,,1,328999,
CHIMN,PLUVIO,PLUVIO_2,12/02/2020 00:00,,,2,451586,Swapped by CSL during PPM
CHIMN,RAINE,RAINE,07/09/2022 00:00,,,1,881821.0053,
CHIMN,STP,STP,02/10/2013 13:30,,,1,2214,
CHIMN,TBR,TBR,12/02/2020 00:00,,,1,195045,Installed by CSL during PPM
CHIMN,TDT1,TDT,02/10/2013 13:30,,,1,6501042,
CHIMN,TDT10,TDT,12/02/2020 00:00,,,1,6503270,
CHIMN,TDT2,TDT,02/10/2013 13:30,,,1,6501038,
CHIMN,TDT3,TDT,12/02/2020 00:00,,,1,6503276,
CHIMN,TDT4,TDT,12/02/2020 00:00,,,1,6503279,
CHIMN,TDT5,TDT,12/02/2020 00:00,,,1,6504152,
CHIMN,TDT6,TDT,12/02/2020 00:00,,,1,6503278,
CHIMN,TDT7,TDT,12/02/2020 00:00,,,1,6504136,
CHIMN,TDT8,TDT,12/02/2020 00:00,,,1,6504143,
CHIMN,TDT9,TDT,12/02/2020 00:00,,,1,6504273,
CHIMN,,GPRS,02/10/2013 13:30,09/10/2019 11:00,,1,3.54E+14,
CHOBH,4CR,NR01,24/02/2015 14:00,27/11/2019 00:00,,1,2151,PPM
CHOBH,4CR,NR01,27/11/2019 00:00,09/08/2022 09:00,,2,2146,PPM
CHOBH,4CR,NR01,09/08/2022 09:00,,,3,1918,
CHOBH,HYGROCLIP,HYGROCLIP_HC2,24/02/2015 14:00,14/10/2020 00:00,,1,14040014,Removed byCSL at PPM
CHOBH,HYGROCLIP,HYGROCLIP_HC2,25/04/2017 10:30,25/04/2017 10:30,,1,61222915,
CHOBH,HYGROCLIP,HYGROCLIP_HC2A,08/11/2018 12:00,08/11/2018 12:00,,2,61019492,
CHOBH,HYGROCLIP,HYGROCLIP_HC2A,27/11/2019 00:00,27/11/2019 00:00,,3,20269350,Replaced during CSL PPM
CHOBH,HYGROCLIP,HYGROCLIP_HC2A,14/10/2020 00:00,14/10/2020 00:00,,4,20134557,PPM
CHOBH,HYGROCLIP,HYGROCLIP_HC2A,18/08/2021 09:00,09/08/2022 09:00,,6,20269341,
CHOBH,AWS,METPAK,24/02/2015 14:00,09/08/2022 09:00,,2,14040008,Installed by CSL at PPM
CHOBH,AWS,METPAK,14/10/2020 00:00,18/08/2021 09:00,,5,20064944,Installed by CSL at PPM
CHOBH,AWS_ANEM,WIND_ANEM,24/02/2015 14:00,17/08/2017 09:30,2.6,1,140315,
CHOBH,AWS_ANEM,WIND_ANEM,17/08/2017 09:43,,2.6,2,144208,Changed by BW due to failure of previous sensor
CHOBH,CRNS,CRNS_2000,24/02/2015 14:00,,,1,HI-TC02-2014,
CHOBH,ETHERNET,ETHERNET_115,22/08/2016 14:00,01/06/2017 17:30,,2,13760,
CHOBH,ETHERNET,ETHERNET_115,01/06/2017 17:30,,,3,13626,
CHOBH,HFP1,HFP01SC,24/02/2015 14:00,,,1,3658,
CHOBH,HFP2,HFP01SC,24/02/2015 14:00,,,1,3659,
CHOBH,HMP,HMP155,09/08/2022 09:00,,,1,T4721222,
CHOBH,IMKO1,IMKO,24/02/2015 14:00,27/11/2019 00:00,,1,35913,Removed during PPM
CHOBH,IMKO2,IMKO,24/02/2015 14:00,27/11/2019 00:00,,1,35914,Removed during PPM
CHOBH,IMKO3,IMKO,24/02/2015 14:00,27/11/2019 00:00,,1,35915,Removed during PPM
CHOBH,LOGGER,LOGGER_CR3000,24/02/2015 14:00,14/10/2020 00:00,,1,9505,Removed by CSL at PPM. Cal date 23/06/14
CHOBH,LOGGER,LOGGER_CR3000,14/10/2020 00:00,,,3,10973,Cal date 07/07/22
CHOBH,LOGGER,LOGGER_CR3000,09/08/2022 09:00,09/08/2022 09:00,,2,8939,Installed by CSL at PPM. Cal date 15/09/20
CHOBH,MODEM,MODEM,24/02/2015 14:00,03/02/2021 09:00,,1,8.64E+13,111909160072 - Removed as lost settings and became incommunicative after FW updated
CHOBH,MODEM,MODEM_LX60,18/08/2021 09:00,07/11/2019 00:00,,1,1.01E+12,
CHOBH,MODEM,MODEM_PRO,07/11/2019 00:00,18/08/2021 09:00,,2,8.67E+15,
CHOBH,MODEM,MODEM_PRO,03/02/2021 09:00,,,1,WP85140038011003,IMEI – 356048090146803
CHOBH,PA,CS106,09/08/2022 09:00,,,1,T4710745,
CHOBH,PHENOCAM,PHENOCAM,01/01/2020 00:00,,,1,10.16.91.35,"S15, first recorded at 14/10/20 PPM"
CHOBH,PHENOCAM_LENS1,PHENOCAM_LENS,24/02/2015 14:00,08/11/2018 12:00,,1,5919378,IP:10.11.119.42
CHOBH,PHENOCAM_LENS1,PHENOCAM_LENS,08/11/2018 12:00,,,2,5368209,IP:10.16.91.35 Replaced during CSL PPM
CHOBH,PHENOCAM_LENS2,PHENOCAM_LENS,24/02/2015 14:00,08/11/2018 12:00,,1,5913798,IP:10.11.119.42
CHOBH,PHENOCAM_LENS2,PHENOCAM_LENS,08/11/2018 12:00,,,2,5357558,IP:10.16.91.35 Replaced during CSL PPM
CHOBH,PLUVIO_CHAIN,CHAIN,08/11/2018 12:00,,,1,342193,
CHOBH,PLUVIO,PLUVIO_2,24/02/2015 14:00,,,1,,Installed during CSL PPM
CHOBH,SI,SDMSI01,,,,1,E3779,First recorded at 14/10/20 PPM
CHOBH,STP,STP,24/02/2015 14:00,08/11/2018 12:00,,1,2234,
CHOBH,STP,STP,08/11/2018 12:00,,,2,2247,Replaced during CSL PPM
CHOBH,TDT1,TDT,24/02/2015 14:00,,,1,6501050,
CHOBH,TDT2,TDT,24/02/2015 14:00,,,3,6503198,Faulty
CHOBH,TDT2,TDT,08/11/2018 00:00,08/11/2018 00:00,,1,6501065,PPM
CHOBH,TDT2,TDT,27/11/2019 00:00,27/11/2019 00:00,,2,6013229,PPM - faulty
COCHN,4CR,NR01,23/08/2017 00:00,12/11/2020 00:00,,1,2458,
COCHN,4CR,NR01,12/11/2020 00:00,21/12/2020 12:00,,2,2150,Recovered by DR
COCHN,AWS_ANEM,WIND_ANEM,23/08/2017 00:00,21/12/2020 12:00,2.6,1,160912,Recovered by DR
COCHN,CRNS,CRNS_2000,23/08/2017 00:00,21/12/2020 12:00,,1,HI-TC02-1018,Recovered by DR
COCHN,CRNS_SNOW,SNOWFOX,23/08/2017 00:00,,,1,1206,
COCHN,ETHERNET,ETHERNET_115,23/08/2017 00:00,08/12/2020 00:00,,1,13806,Stolen
COCHN,HFP1,HFP01SC,23/08/2017 00:00,,,1,4026,
COCHN,HFP2,HFP01SC,23/08/2017 00:00,,,1,4387,
COCHN,HMP,HMP155,23/08/2017 00:00,12/11/2020 00:00,,2,L1320538,
COCHN,HMP,HMP155,17/10/2019 00:00,17/10/2019 00:00,,1,L1320536,PPM
COCHN,HMP,HMP155,12/11/2020 00:00,21/12/2020 12:00,,3,L1320537,Recovered by DR
COCHN,LOGGER,LOGGER_CR3000,23/08/2017 00:00,08/12/2020 00:00,,1,9841,Stolen
COCHN,MODEM,MODEM_PRO,23/08/2017 00:00,08/12/2020 00:00,,1,8.67E+15,201612070015 - Stolen
COCHN,PA,CS106,23/08/2017 00:00,12/11/2020 00:00,,1,K442011,
COCHN,PA,CS106,12/11/2020 00:00,21/12/2020 12:00,,2,K4840002,Recovered by DR
COCHN,PHENOCAM,PHENOCAM,12/11/2020 00:00,08/12/2020 00:00,,1,10.16.46.64,s15 - Stolen
COCHN,PHENOCAM_LENS1,PHENOCAM_LENS,23/08/2017 00:00,12/11/2020 00:00,,1,5993875,
COCHN,PHENOCAM_LENS1,PHENOCAM_LENS,12/11/2020 00:00,08/12/2020 00:00,,2,5382725,Stolen
COCHN,PHENOCAM_LENS2,PHENOCAM_LENS,23/08/2017 00:00,12/11/2020 00:00,,1,5947072,
COCHN,PHENOCAM_LENS2,PHENOCAM_LENS,12/11/2020 00:00,08/12/2020 00:00,,2,5411062,Stolen
COCHN,PLUVIO_CHAIN,CHAIN,05/07/2018 11:00,21/12/2020 12:00,,1,358372,Recovered by DR
COCHN,PLUVIO,PLUVIO_2,23/08/2017 00:00,21/12/2020 12:00,,1,,Installed during CSL PPM - Recovered by DR
COCHN,SI,SDMSI01,23/08/2017 00:00,08/12/2020 00:00,,1,E5908,Recovered by DR
COCHN,SNOW_DEPTH,SR05A,23/08/2017 00:00,17/10/2019 00:00,,1,6676,Recovered during PPM
COCHN,SNOW_DEPTH,SR05A,17/10/2019 00:00,12/11/2020 00:00,,2,11154,
COCHN,SNOW_DEPTH,SR05A,12/11/2020 00:00,21/12/2020 12:00,,3,6258,Recovered by DR
COCHN,STP,STP,23/08/2017 00:00,,,1,2252,
COCHN,TDT1,TDT,23/08/2017 00:00,,,1,6503206,
COCHN,TDT10,TDT,23/08/2017 00:00,,,1,6503251,
COCHN,TDT2,TDT,23/08/2017 00:00,,,1,6503244,
COCHN,TDT3,TDT,23/08/2017 00:00,,,1,6504184,
COCHN,TDT4,TDT,23/08/2017 00:00,,,1,6504183,
COCHN,TDT5,TDT,23/08/2017 00:00,,,1,6503255,
COCHN,TDT6,TDT,23/08/2017 00:00,,,1,6503205,
COCHN,TDT7,TDT,23/08/2017 00:00,,,1,6503212,
COCHN,TDT8,TDT,23/08/2017 00:00,,,1,6503218,
COCHN,TDT9,TDT,23/08/2017 00:00,,,1,6503253,
COCLP,4CR,NR01,21/11/2014 14:30,31/10/2019 10:30,,1,2156,
COCLP,4CR,NR01,31/10/2019 12:00,14/06/2022 12:00,,2,2758,Replaced during CSL PPM
COCLP,4CR,NR01,14/06/2022 12:00,,,3,2545,
COCLP,HYGROCLIP,HYGROCLIP_HC2,21/11/2014 14:30,06/10/2020 00:00,,1,14080003,
COCLP,HYGROCLIP,HYGROCLIP_HC2,14/12/2016 13:00,14/12/2016 13:00,,1,61211917,
COCLP,HYGROCLIP,HYGROCLIP_HC2A,16/11/2017 14:00,16/11/2017 14:00,,2,61019467,Sensor replaced by CSL during PPM
COCLP,HYGROCLIP,HYGROCLIP_HC2A,19/10/2018 07:30,19/10/2018 07:30,,3,20134990,Replaced by BW on site visit
COCLP,HYGROCLIP,HYGROCLIP_HC2A,31/10/2019 12:00,31/10/2019 11:00,,4,20269341,Replaced by CSL during PPM
COCLP,HYGROCLIP,HYGROCLIP_HC2A,06/10/2020 00:00,06/10/2020 00:00,,5,20135120,Replaced during CSL PPM
COCLP,HYGROCLIP,HYGROCLIP_HC2A,11/05/2021 09:00,14/06/2022 12:00,,7,20135125,Installed by CSL at PPM
COCLP,AWS,METPAK,21/11/2014 14:30,14/06/2022 12:00,,2,19060003,Installed at PPM
COCLP,AWS,METPAK,06/10/2020 00:00,11/05/2021 09:00,,6,20135067,Installed by CSL at PPM
COCLP,AWS_ANEM,WIND_ANEM,21/11/2014 14:30,31/10/2019 11:00,2.6,1,140314,
COCLP,AWS_ANEM,WIND_ANEM,31/10/2019 12:00,,2.6,2,160916,Replaced during CSL PPM. SN recorded at 06/10/20 PPM = 160914
COCLP,CRNS,CRNS_2000,21/11/2014 14:30,16/11/2017 13:00,,1,HI-TC02-2027,
COCLP,CRNS,CRNS_2000,16/11/2017 13:00,,,3,HI-TC02-2027,Original tube fixed and replaced
COCLP,CRNS,CRNS_2000,31/01/2018 10:00,31/01/2018 10:00,,2,HI-TC02-1082,Temporary replacement tube while connector being fixed on previous tube.
COCLP,CRNS2,CRNS_2000,31/01/2018 10:00,31/10/2019 13:00,,1,HI-TC02-1082,Temporary replacement tube re-addressed to COSMOS_MOD2 for comparison with original tube
COCLP,ETHERNET,ETHERNET_115,21/11/2014 14:30,,,2,5299,Swapped by JT during RM
COCLP,ETHERNET,ETHERNET_115,18/07/2017 12:00,18/07/2017 12:00,,1,13331,
COCLP,HFP1,HFP01SC,21/11/2014 14:30,,,1,3603,
COCLP,HFP2,HFP01SC,21/11/2014 14:30,,,1,3604,
COCLP,HMP,HMP155,14/06/2022 12:00,,,1,T4741139,
COCLP,IMKO1,IMKO,21/11/2014 14:30,31/01/2018 12:00,,1,35959,Time of removal is approximate
COCLP,IMKO2,IMKO,21/11/2014 14:30,31/01/2018 12:00,,1,35960,Time of removal is approximate
COCLP,IMKO3,IMKO,21/11/2014 14:30,31/01/2018 12:00,,1,35961,Time of removal is approximate
COCLP,LOGGER,LOGGER_CR3000,21/11/2014 14:30,06/05/2016 09:00,,1,9024,
COCLP,LOGGER,LOGGER_CR3000,06/05/2016 09:00,11/05/2021 09:00,,2,10261,cal date 02/03/15
COCLP,LOGGER,LOGGER_CR3000,11/05/2021 09:00,,,3,9891,cal date 15/04/21
COCLP,MODEM,MODEM,21/11/2014 14:30,18/07/2017 12:00,,1,3.60E+14,
COCLP,MODEM,MODEM_LX60,11/05/2021 09:00,11/05/2021 09:00,,1,8.67E+14,20162070016
COCLP,MODEM,MODEM_PRO,18/07/2017 12:00,,,1,WP85140241021003,IMEI: 356048990130955
COCLP,PA,CS106,14/06/2022 12:00,,,1,T4650758,
COCLP,PHENOCAM,PHENOCAM,01/01/2020 00:00,,,1,10.12.108.146,"S14, first recorded at CSL PPM 06/10/20"
COCLP,PHENOCAM_LENS1,PHENOCAM_LENS,21/11/2014 14:30,,,1,5919205,"IP:10.12.108.146, unknown end date. "
COCLP,PHENOCAM_LENS1,PHENOCAM_LENS,,01/01/2020 00:00,,2,5914348,IP: 10.12.112.239 first recorded CSL PPM 06/10/20
COCLP,PHENOCAM_LENS2,PHENOCAM_LENS,21/11/2014 14:30,,,1,5904559,"IP:10.12.108.146, unknown end date."
COCLP,PHENOCAM_LENS2,PHENOCAM_LENS,,01/01/2020 00:00,,2,5918583,IP: 10.12.112.239 first recorded CSL PPM 06/10/20
COCLP,PLUVIO,PLUVIO_2,21/11/2014 14:30,14/06/2022 12:00,,1,342247,
COCLP,PLUVIO,PLUVIO_2L,14/06/2022 12:00,,,2,342194,2L
COCLP,SI,SDMSI01,,,,1,E3784,First recorded at 06/10/20 PPM.
COCLP,STP,STP,21/11/2014 14:30,,,1,2223,
COCLP,TDT1,TDT,21/11/2014 14:30,,,1,6501056,
COCLP,TDT2,TDT,21/11/2014 14:30,,,1,6501059,
COCLP,,GPRS,21/11/2014 14:30,01/01/2016 00:00,,1,3.06E+11,Unsure of removal date
CRICH,4CR,NR01,02/12/2014 15:00,03/09/2019 00:00,,1,2157,Recovered for cal
CRICH,4CR,NR01,03/09/2019 00:00,06/12/2021 00:00,,2,2152,
CRICH,4CR,NR01,06/12/2021 00:00,08/03/2022 12:00,,3,2943,Installed by JA/DR on RM
CRICH,4CR,NR01,08/03/2022 12:00,15/06/2022 12:00,,4,2741,
CRICH,4CR,NR01,15/06/2022 12:00,,,5,1937,
CRICH,HYGROCLIP,HYGROCLIP_HC2,02/12/2014 15:00,07/11/2017 09:00,,1,61211923,
CRICH,HYGROCLIP,HYGROCLIP_HC2A,07/11/2017 09:00,03/09/2019 00:00,,1,14080002,Recovered for cal
CRICH,HYGROCLIP,HYGROCLIP_HC2A,14/08/2018 00:00,01/01/2019 00:00,,3,20134991,Removal date unknown
CRICH,HYGROCLIP,HYGROCLIP_HC2A,01/01/2019 00:00,12/08/2020 00:00,,4,20135127,Installation date unknown
CRICH,HYGROCLIP,HYGROCLIP_HC2A,12/08/2020 00:00,12/05/2021 09:00,,5,20269336,Installed on PPM
CRICH,HYGROCLIP,HYGROCLIP_HC2A,12/05/2021 09:00,14/08/2018 00:00,,2,20134997,Replaced by site host in response to faulty sensor. Time of change is approximate.
CRICH,AWS,METPAK,02/12/2014 15:00,12/05/2021 09:00,,2,15190014,
CRICH,AWS,METPAK,03/09/2019 00:00,15/06/2022 12:00,,6,20134997,
CRICH,AWS,METPAK,12/05/2021 09:00,15/06/2022 12:00,,3,14040014,
CRICH,AWS_ANEM,WIND_ANEM,02/12/2014 15:00,03/09/2019 00:00,2.6,1,140317,Recovered due to drop outs
CRICH,AWS_ANEM,WIND_ANEM,03/09/2019 00:00,,2.6,2,144206,
CRICH,CRNS,CRNS_2000,02/12/2014 15:00,,,1,HI-TC02-2015,
CRICH,ETHERNET,ETHERNET_115,02/12/2014 15:00,08/05/2022 12:00,,2,4728,Replaced by JT on RM site visit
CRICH,ETHERNET,ETHERNET_116,04/08/2017 09:30,04/08/2017 09:30,,1,13329,
CRICH,ETHERNET,ETHERNET_116,08/05/2022 12:00,,,3,2741,
CRICH,HFP1,HFP01SC,02/12/2014 15:00,,,1,,
CRICH,HFP2,HFP01SC,02/12/2014 15:00,,,1,,
CRICH,HMP,HMP155,15/06/2022 12:00,,,1,T4741141,
CRICH,IMKO1,IMKO,02/12/2014 15:00,03/09/2019 00:00,,1,,Removed at PPM
CRICH,IMKO2,IMKO,02/12/2014 15:00,03/09/2019 00:00,,1,,Removed at PPM
CRICH,IMKO3,IMKO,02/12/2014 15:00,03/09/2019 00:00,,1,,Removed at PPM
CRICH,LOGGER,LOGGER_CR3000,02/12/2014 15:00,25/04/2017 12:00,,1,9766,
CRICH,LOGGER,LOGGER_CR3000,25/04/2017 12:00,12/05/2021 09:00,,2,8900,
CRICH,LOGGER,LOGGER_CR3000,12/05/2021 09:00,08/05/2022 12:00,,3,13073,cal date 03/09/19
CRICH,LOGGER,LOGGER_CR3000,08/05/2022 12:00,,,4,9898,Cal Date 05/06/21
CRICH,MODEM,MODEM,02/12/2014 15:00,12/08/2020 00:00,,1,3.60E+16,
CRICH,MODEM,MODEM_LX60,12/05/2021 09:00,12/05/2021 09:00,,2,8.67E+14,Installed on PPM
CRICH,MODEM,MODEM_PRO,12/08/2020 00:00,,,1,WP92137190011003,IMEI: 356048090155358
CRICH,PA,CS106,15/06/2022 12:00,,,1,T4650720,
CRICH,PHENOCAM,PHENOCAM,03/09/2019 00:00,,,1,10.12.99.71,S14
CRICH,PHENOCAM_LENS1,PHENOCAM_LENS,02/12/2014 15:00,03/09/2019 00:00,,1,5913414,IP: 10.12.140.139
CRICH,PHENOCAM_LENS1,PHENOCAM_LENS,03/09/2019 00:00,01/01/2020 00:00,,2,5915241,"10.12.9971, unsure of uninstall date"
CRICH,PHENOCAM_LENS2,PHENOCAM_LENS,02/12/2014 15:00,03/09/2019 00:00,,1,5919480,IP: 10.12.140.139
CRICH,PHENOCAM_LENS2,PHENOCAM_LENS,03/09/2019 00:00,,,2,5912502,10.12.9971
CRICH,PLUVIO,PLUVIO_2L,02/12/2014 15:00,,,1,340994,Pluvio 2L
CRICH,RH_INT,RH_INT,06/12/2021 12:00,,,1,,
CRICH,STP,STP,02/12/2014 15:00,,,1,2231,
CRICH,TDT1,TDT,02/12/2014 15:00,,,1,,
CRICH,TDT2,TDT,02/12/2014 15:00,,,1,,
EASTB,4CR,NR01,13/08/2014 11:30,18/10/2018 12:00,,1,2140,Replaced during CSL PPM
EASTB,4CR,NR01,18/10/2018 12:00,08/09/2020 10:30,,4,1464,Replaced due to SWout fault
EASTB,4CR,NR01,29/10/2019 15:30,29/10/2019 10:00,,2,2144,Replaced during CSL PPM
EASTB,4CR,NR01,26/06/2020 15:25,26/06/2020 15:25,,3,1940,Replaced by SL during RM
EASTB,4CR,NR01,08/09/2020 10:30,,,6,2317,
EASTB,4CR,NR01,17/08/2022 09:00,17/08/2022 09:00,,5,2944,
EASTB,HYGROCLIP,HYGROCLIP_HC2,13/08/2014 11:30,29/10/2019 12:00,,3,20269336,Replaced during CSL PPM
EASTB,HYGROCLIP,HYGROCLIP_HC2A,02/08/2018 10:00,02/08/2018 09:30,,1,,
EASTB,HYGROCLIP,HYGROCLIP_HC2A,18/10/2018 12:00,18/10/2018 12:00,,2,20135067,Replaced by SL CEH Edinburgh
EASTB,HYGROCLIP,HYGROCLIP_HC2A,29/10/2019 12:30,29/10/2019 12:00,,1,14040015,
EASTB,HYGROCLIP,HYGROCLIP_HC2A,08/10/2020 00:00,25/08/2021 09:00,,2,14040016,Replaced during CSL PPM
EASTB,HYGROCLIP,HYGROCLIP_HC2A,25/08/2021 09:00,08/10/2020 00:00,,4,20135003,Replaced during CSL PPM
EASTB,AWS,METPAK,13/08/2014 11:30,17/08/2022 09:00,,6,20134557,Replaced during CSL PPM
EASTB,AWS,METPAK,29/10/2019 12:30,17/08/2022 09:00,,3,15190014,Replaced during CSL PPM
EASTB,AWS,METPAK,25/08/2021 09:00,25/08/2021 09:00,,5,20134443,Installed by CSL at PPM
EASTB,AWS_ANEM,WIND_ANEM,13/08/2014 11:30,25/08/2021 09:00,2.6,1,140805,
EASTB,AWS_ANEM,WIND_ANEM,25/08/2021 09:00,,2.6,2,160907,Replaced during CSL PPM
EASTB,BATTERY,ROLLS_BATTERY,01/01/2017 00:30,08/10/2020 00:00,,1,S12-160AGM,Rolls. Start datetime estimated for power upgrades
EASTB,BATTERY,ROLLS_BATTERY,01/01/2017 01:30,08/10/2020 00:00,,1,S12-95AGM,Rolls. Start datetime estimated for power upgrades
EASTB,BATTERY,ROLLS_BATTERY,08/10/2020 00:00,,,2,S12-160AGM,Both batteries  replaced with S12-160AGM by CSL at PPM
EASTB,CRNS,CRNS_2000,13/08/2014 11:30,,,1,HI-TC02-2040,
EASTB,CRNS_SNOW,SNOWFOX,13/08/2014 11:30,,,1,HI-TC02-2033,
EASTB,ETHERNET,ETHERNET_115,13/08/2014 11:30,29/10/2019 11:30,,1,12136,
EASTB,ETHERNET,ETHERNET_116,29/10/2019 14:00,08/09/2020 09:30,,2,6574,Installed during CSL PPM
EASTB,ETHERNET,ETHERNET_116,08/09/2020 09:30,,,3,6285,
EASTB,HFP1,HFP01SC,13/08/2014 11:30,,,1,3605,
EASTB,HFP2,HFP01SC,13/08/2014 11:30,,,1,3643,
EASTB,HMP,HMP155,17/08/2022 09:00,,,1,T4741142,
EASTB,IMKO1,IMKO,13/08/2014 11:30,29/10/2019 12:00,,1,35877,Removed during CSL PPM
EASTB,IMKO2,IMKO,13/08/2014 11:30,29/10/2019 12:00,,1,35878,Removed during CSL PPM
EASTB,IMKO3,IMKO,13/08/2014 11:30,29/10/2019 12:00,,1,35879,Removed during CSL PPM
EASTB,LOGGER,LOGGER_CR3000,13/08/2014 11:30,29/10/2019 11:30,,1,9240,
EASTB,LOGGER,LOGGER_CR3000,29/10/2019 14:00,08/09/2020 09:30,,2,9575,Replaced during CSL PPM
EASTB,LOGGER,LOGGER_CR3000,08/09/2020 09:30,,,4,11249,Cal date: 07/07/2022
EASTB,LOGGER,LOGGER_CR3000,17/08/2022 09:00,17/08/2022 09:00,,3,12802,Cal date 19/11/18
EASTB,MODEM,MODEM,13/08/2014 11:30,29/10/2019 15:30,,1,3.06E+11,
EASTB,MODEM,MODEM_LX60,09/06/2021 12:00,09/06/2021 12:00,,2,8.64E+15,Installed during CSL PPM
EASTB,MODEM,MODEM_PRO,29/10/2019 15:30,,,1,WP90140144021003,IMEI: 356048090144865
EASTB,PA,CS106,17/08/2022 09:00,,,1,R3510588,
EASTB,PHENOCAM,PHENOCAM,01/01/2020 00:00,,,1,10.12.91.83,"S14, First recorded at 08/10/20 PPM"
EASTB,PHENOCAM_LENS1,PHENOCAM_LENS,13/08/2014 11:30,18/10/2018 12:00,,1,5914230,IP:10.12.112.166
EASTB,PHENOCAM_LENS1,PHENOCAM_LENS,18/10/2018 12:00,29/10/2019 15:30,,2,5393154,IP:10.16.46.236 Replaced during CSL PPM
EASTB,PHENOCAM_LENS1,PHENOCAM_LENS,29/10/2019 15:30,,,3,5918919,Replaced during CSL PPM
EASTB,PHENOCAM_LENS2,PHENOCAM_LENS,13/08/2014 11:30,18/10/2018 12:00,,1,5913758,IP:10.12.112.166
EASTB,PHENOCAM_LENS2,PHENOCAM_LENS,18/10/2018 12:00,29/10/2019 15:30,,2,5388231,IP:10.16.46.236 Replaced during CSL PPM
EASTB,PHENOCAM_LENS2,PHENOCAM_LENS,29/10/2019 15:30,,,3,5920763,Replaced during CSL PPM
EASTB,PLUVIO_CHAIN,CHAIN,18/10/2018 12:00,,,1,342251,
EASTB,PLUVIO,PLUVIO_2,13/08/2014 11:30,,,1,,Installed during CSL PPM
EASTB,SI,SDMSI01,,,,1,E3776,First recorded at 08/10/20 PPM
EASTB,SNOW_DEPTH,SR05A,13/08/2014 11:30,18/10/2018 12:00,,2,7220,Replaced during CSL PPM
EASTB,SNOW_DEPTH,SR05A,15/11/2016 12:00,15/11/2016 12:00,,1,5692,
EASTB,SNOW_DEPTH,SR05A,18/10/2018 12:00,29/10/2019 11:00,,3,5694,Replaced during CSL PPM
EASTB,SNOW_DEPTH,SR05A,29/10/2019 11:30,08/10/2020 00:00,,4,7220,Replaced during CSL PPM
EASTB,SNOW_DEPTH,SR05A,08/10/2020 00:00,17/08/2022 09:00,,6,11154,Replaced during CSL PPM
EASTB,SNOW_DEPTH,SR05A,25/08/2021 09:00,,,7,6676,
EASTB,SNOW_DEPTH,SR05A,17/08/2022 09:00,25/08/2021 09:00,,5,6391,
EASTB,STP,STP,13/08/2014 11:30,,,1,2226,
EASTB,TDT1,TDT,13/08/2014 11:30,22/04/2021 14:00,,2,6501313,TDT replace on CSL PPM visit - Removed by DR due to potential fault
EASTB,TDT1,TDT,15/11/2016 13:00,24/03/2015 08:30,,1,6501064,TDTs unplugged due to fault interfering with COSMOS_MOD
EASTB,TDT1,TDT,22/04/2021 14:00,,,4,6504183,
EASTB,TDT1,TDT,17/08/2022 09:00,17/08/2022 09:00,,3,6013245,
EASTB,TDT2,TDT,13/08/2014 11:30,24/03/2015 08:30,,1,6501119,TDTs unplugged due to fault interfering with COSMOS_MOD
EASTB,TDT2,TDT,15/11/2016 13:00,22/04/2021 14:00,,2,6501269,TDT replace on CSL PPM visit - Removed by DR due to potential fault
EASTB,TDT2,TDT,22/04/2021 14:00,,,3,6013247,
ELMST,4CR,NR01,11/08/2016 15:30,14/07/2021 09:00,,1,2456,
ELMST,4CR,NR01,14/07/2021 09:00,,,2,2460,
ELMST,AWS_ANEM,WIND_ANEM,11/08/2016 15:30,14/07/2021 09:00,2.6,1,160907,
ELMST,AWS_ANEM,WIND_ANEM,14/07/2021 09:00,,2.6,2,140809,
ELMST,CRNS,CRNS_2000,11/08/2016 15:30,,,1,HI-TC02-1084,
ELMST,ETHERNET,ETHERNET_115,11/08/2016 15:30,,,1,13467,
ELMST,HFP1,HFP01SC,11/08/2016 15:30,,,1,4023,
ELMST,HFP2,HFP01SC,11/08/2016 15:30,,,1,4383,
ELMST,HMP,HMP155,11/08/2016 15:30,21/09/2018 09:00,,1,L1320539,
ELMST,HMP,HMP155,21/09/2018 09:30,05/08/2020 00:00,,3,K4840002,"PPM. Unknown end date, M2920126 removed at PPM on 05-AUG-20."
ELMST,HMP,HMP155,27/09/2019 00:00,05/08/2020 00:00,,4,M2920126,"Unknow start date, first recorded by CSL at PPM on 05-AUG-20"
ELMST,HMP,HMP155,05/08/2020 00:00,14/07/2021 09:00,,5,L1320544,
ELMST,HMP,HMP155,14/07/2021 09:00,27/09/2019 00:00,,2,N5050074,Replaced during CSL PPM
ELMST,HMP,HMP155,,,,6,P4020594,
ELMST,LOGGER,LOGGER_CR3000,11/08/2016 15:30,14/07/2021 09:00,,1,9866,Cal date 01/10/2016
ELMST,LOGGER,LOGGER_CR3000,14/07/2021 09:00,,,2,9896,Cal date 10/06/2021
ELMST,MODEM,MODEM_LX60,14/07/2021 09:00,14/07/2021 09:00,,1,8.64E+14,1.12E+11
ELMST,MODEM,MODEM_PRO,19/11/2019 11:00,,,1,WP90140092921003,IMEI: 356048090136853
ELMST,PA,CS106,11/08/2016 15:30,05/08/2020 00:00,,1,K4840002,
ELMST,PA,CS106,05/08/2020 00:00,,,2,P710629,
ELMST,PHENOCAM,PHENOCAM,21/09/2018 12:00,,,1,10.12.150.105,S14
ELMST,PHENOCAM_LENS1,PHENOCAM_LENS,11/08/2016 15:30,21/09/2018 12:00,,1,5368215,IP:10.16.46.232
ELMST,PHENOCAM_LENS1,PHENOCAM_LENS,21/09/2018 12:00,,,2,5913346,10.12.150.105 Replaced during CSL PPM
ELMST,PHENOCAM_LENS2,PHENOCAM_LENS,11/08/2016 15:30,21/09/2018 12:00,,1,5984513,IP:10.16.46.232
ELMST,PHENOCAM_LENS2,PHENOCAM_LENS,21/09/2018 12:00,,,2,5913414,10.12.150.105 Replaced during CSL PPM
ELMST,PLUVIO_CHAIN,CHAIN,19/07/2018 13:00,19/10/2019 11:00,,1,358373,
ELMST,PLUVIO,PLUVIO_2,11/08/2016 15:30,,,2,PL2L-451529,
ELMST,PLUVIO,PLUVIO_2L,19/08/2019 11:36,,,1,,
ELMST,SI,SDMSI01,05/08/2020 00:00,,,1,E5891,unknown start date. First recorded by CSL at PPM on 05-AUG-20.
ELMST,STP,STP,11/08/2016 15:30,,,1,2260,
ELMST,TDT1,TDT,11/08/2016 15:30,,,1,6504182,
ELMST,TDT10,TDT,11/08/2016 15:30,,,1,6503236,
ELMST,TDT2,TDT,11/08/2016 15:30,,,1,6503215,
ELMST,TDT3,TDT,11/08/2016 15:30,,,1,6503239,
ELMST,TDT4,TDT,11/08/2016 15:30,,,1,6504199,
ELMST,TDT5,TDT,11/08/2016 15:30,,,1,6503207,
ELMST,TDT6,TDT,11/08/2016 15:30,,,1,6504189,
ELMST,TDT7,TDT,11/08/2016 15:30,,,1,6503219,
ELMST,TDT8,TDT,11/08/2016 15:30,,,1,6503264,
ELMST,TDT9,TDT,11/08/2016 15:30,,,1,6503259,
EUSTN,4CR,NR01,31/03/2016 16:00,29/04/2021 12:00,,1,2453,
EUSTN,4CR,NR01,29/04/2021 12:00,,,3,2945,JA installed on RM
EUSTN,4CR,NR01,08/09/2021 10:00,08/09/2021 10:00,,2,2455,JA removed on RM due to broken cable
EUSTN,AWS_ANEM,WIND_ANEM,31/03/2016 16:00,29/04/2021 12:00,2.6,1,160909,
EUSTN,AWS_ANEM,WIND_ANEM,29/04/2021 12:00,,2.6,2,140808,
EUSTN,CRNS,CRNS_2000,31/03/2016 16:00,,,1,HI-TC02-2052,
EUSTN,ETHERNET,ETHERNET_115,31/03/2016 16:00,04/11/2022 14:33,,3,6283,"Start date unknown, SN at PPM 31-JUL-20 confirmed as 4729 but not swapped."
EUSTN,ETHERNET,ETHERNET_116,31/08/2017 16:00,31/07/2020 00:00,,2,4729,"End date unknown, SN at PPM 31-JUL-20 confirmed as 4729 but not swapped."
EUSTN,ETHERNET,ETHERNET_116,31/07/2020 00:00,31/08/2017 16:00,,1,14165,
EUSTN,ETHERNET,ETHERNET_116,04/11/2022 14:26,,,4,2745,Card error so replaced ethernet / card module and reformatted card
EUSTN,HFP1,HFP01SC,31/03/2016 16:00,,,1,4014,
EUSTN,HFP2,HFP01SC,31/03/2016 16:00,,,1,4378,
EUSTN,HMP,HMP155,31/03/2016 16:00,20/09/2018 09:00,,1,L1320537,
EUSTN,HMP,HMP155,20/09/2018 09:30,29/04/2021 12:00,,4,M2920124,
EUSTN,HMP,HMP155,25/09/2019 00:00,25/09/2019 00:00,,2,N5050079,Replaced during CSL PPM
EUSTN,HMP,HMP155,31/07/2020 00:00,31/07/2020 00:00,,3,M2900122,
EUSTN,HMP,HMP155,29/04/2021 12:00,,,6,M2920126,
EUSTN,HMP,HMP155,17/05/2022 00:00,17/05/2022 00:00,,5,L1320538,
EUSTN,LOGGER,LOGGER_CR3000,31/03/2016 16:00,25/09/2019 00:00,,1,10260,Replaced due to analog fault with 32.03 OS
EUSTN,LOGGER,LOGGER_CR3000,25/09/2019 00:00,29/04/2021 12:00,,2,13007,Cal date 01/07/2019
EUSTN,LOGGER,LOGGER_CR3000,29/04/2021 12:00,,,3,8803,Cal date: 10/12/20
EUSTN,MODEM,MODEM,31/03/2016 16:00,25/01/2019 12:00,,1,1.01E+12,Maestro 3G
EUSTN,MODEM,MODEM_LX60,29/04/2021 12:00,29/04/2021 12:00,,1,8.67E+15,1.12E+11
EUSTN,MODEM,MODEM_PRO,25/01/2019 12:00,,,1,WP92137329021003,IMEI: 356048090155945
EUSTN,PA,CS106,31/03/2016 16:00,25/09/2019 00:00,,1,L1520472,Replaced during PPM
EUSTN,PA,CS106,25/09/2019 00:00,29/04/2021 12:00,,2,L1710069,
EUSTN,PA,CS106,29/04/2021 12:00,,,4,T4740216,
EUSTN,PA,CS106,17/05/2022 00:00,17/05/2022 00:00,,3,M1120819,
EUSTN,PHENOCAM,PHENOCAM,10/05/2018 12:00,,,1,10.20.199.147,S15
EUSTN,PHENOCAM_LENS1,PHENOCAM_LENS,31/03/2016 16:00,10/05/2018 12:00,,1,5393154,IP:10.16.46.236
EUSTN,PHENOCAM_LENS1,PHENOCAM_LENS,10/05/2018 12:00,,,2,5411297,IP: 10.20.199.147
EUSTN,PHENOCAM_LENS2,PHENOCAM_LENS,31/03/2016 16:00,10/05/2018 12:00,,1,5388231,IP:10.16.46.236
EUSTN,PHENOCAM_LENS2,PHENOCAM_LENS,10/05/2018 12:00,,,2,5960595,IP: 10.20.199.147
EUSTN,PLUVIO_CHAIN,CHAIN,19/07/2018 14:30,20/11/2019 08:27,,1,387937,
EUSTN,PLUVIO,PLUVIO_2,31/03/2016 16:00,,,2,PL2L-451531,
EUSTN,PLUVIO,PLUVIO_2L,20/11/2019 08:48,,,1,,
EUSTN,SI,SDMSI01,31/07/2020 00:00,,,1,E6117,"Incorrect start date, first recorded at PPM on 31-JUL-20, not previously recorded."
EUSTN,STP,STP,31/03/2016 16:00,,,1,2266,
EUSTN,TDT1,TDT,31/03/2016 16:00,,,1,6501272,
EUSTN,TDT10,TDT,31/03/2016 16:00,08/09/2021 10:00,,1,6504078,Installed in bedrock. Data from this sensor is not representative of soil.
EUSTN,TDT10,TDT,08/09/2021 10:00,,,2,6504117,JA installed on RM
EUSTN,TDT2,TDT,31/03/2016 16:00,08/09/2021 10:00,,1,6501278,JA removed on RM
EUSTN,TDT2,TDT,08/09/2021 10:00,,,2,6501288,JA installed on RM
EUSTN,TDT3,TDT,31/03/2016 16:00,,,1,6504069,
EUSTN,TDT4,TDT,31/03/2016 16:00,,,1,6504059,
EUSTN,TDT5,TDT,31/03/2016 16:00,,,1,6504057,
EUSTN,TDT6,TDT,31/03/2016 16:00,,,1,6504067,
EUSTN,TDT7,TDT,31/03/2016 16:00,,,1,6504068,
EUSTN,TDT8,TDT,31/03/2016 16:00,08/09/2021 10:00,,1,6504062,JA removed on RM
EUSTN,TDT8,TDT,08/09/2021 10:00,,,2,6504095,JA installed on RM
EUSTN,TDT9,TDT,31/03/2016 16:00,,,1,6504071,Installed in bedrock. Data from this sensor is not representative of soil.
FINCH,4CR,NR01,07/06/2017 00:00,27/04/2021 12:00,,1,2304,
FINCH,4CR,NR01,27/04/2021 12:00,,,3,2755,
FINCH,4CR,NR01,19/05/2022 00:00,19/05/2022 00:00,,2,2315,
FINCH,AWS_ANEM,WIND_ANEM,07/06/2017 00:00,,2.6,1,144207,
FINCH,CRNS,CRNS_2000,07/06/2017 00:00,,,1,HI-TC02-2048,
FINCH,ETHERNET,ETHERNET_116,07/06/2017 00:00,,,1,4520,
FINCH,HFP1,HFP01SC,07/06/2017 00:00,,,1,4017,
FINCH,HFP2,HFP01SC,07/06/2017 00:00,,,1,4024,
FINCH,HMP,HMP155,07/06/2017 00:00,17/09/2018 12:00,,1,M2920120,
FINCH,HMP,HMP155,17/09/2018 12:00,27/04/2021 12:00,,4,P40205984,Installed by CSL at PPM
FINCH,HMP,HMP155,23/09/2019 12:00,23/09/2019 11:00,,2,N5050077,Replaced during CSL PPM
FINCH,HMP,HMP155,30/07/2020 00:00,30/07/2020 00:00,,3,M2920117,Replaced during CSL PPM
FINCH,HMP,HMP155,27/04/2021 12:00,,,6,T2650702,
FINCH,HMP,HMP155,19/05/2022 00:00,19/05/2022 00:00,,5,P4020595 ,
FINCH,LOGGER,LOGGER_CR3000,07/06/2017 00:00,27/04/2021 12:00,,1,9898,Cal date 17/10/14
FINCH,LOGGER,LOGGER_CR3000,27/04/2021 12:00,,,2,12804,Cal date: 03/12/20
FINCH,MODEM,MODEM_LX60,27/04/2021 12:00,27/04/2021 12:00,,1,8.67E+14,2.02E+11
FINCH,MODEM,MODEM_PRO,07/06/2017 00:00,,,1,WP85140097021003,IMEI: 356048090143677
FINCH,PA,CS106,07/06/2017 00:00,30/07/2020 00:00,,1,K442008,
FINCH,PA,CS106,30/07/2020 00:00,,,2,K5050002,"Unknown end date, different SN removed at 2022 PPM"
FINCH,PA,CS106,19/05/2022 00:00,19/05/2022 00:00,,3,K442008,"UNKNOWN START DATE, REMOVED AT 2022 PPM"
FINCH,PA,CS106,,,,4,T4650713,
FINCH,PHENOCAM,PHENOCAM,17/09/2018 12:00,,,1,10.16.106.236,S15
FINCH,PHENOCAM_LENS1,PHENOCAM_LENS,07/06/2017 00:00,17/09/2018 12:00,,1,,IP:10.16.46.240
FINCH,PHENOCAM_LENS1,PHENOCAM_LENS,17/09/2018 12:00,,,2,5974960,IP:10.16.106.236 Replaced during CSL PPM
FINCH,PHENOCAM_LENS2,PHENOCAM_LENS,07/06/2017 00:00,17/09/2018 12:00,,1,,IP:10.16.46.240
FINCH,PHENOCAM_LENS2,PHENOCAM_LENS,17/09/2018 12:00,,,2,5355965,IP:10.16.106.236 Replaced during CSL PPM
FINCH,PLUVIO_CHAIN,CHAIN,19/07/2018 17:00,,,1,,
FINCH,PLUVIO,PLUVIO_2,07/06/2017 00:00,09/09/2021 09:00,,1,358377,"JA removed on RM, due to fake rainfall"
FINCH,PLUVIO,PLUVIO_2,09/09/2021 09:00,19/05/2022 00:00,,2,340996,JA installed on RM
FINCH,PLUVIO,PLUVIO_2L,19/05/2022 00:00,,,3,PL2L-432786,Pluvio2L
FINCH,RAINE,RAINE,24/02/2022 15:00,,,1,881821.0056,Installed by DR
FINCH,RH_INT,RH_INT,24/02/2022 12:00,,,1,,
FINCH,SI,SDMSI01,07/06/2017 00:00,,,1,E5895,
FINCH,STP,STP,07/06/2017 00:00,,,1,2261,
FINCH,TDT1,TDT,07/06/2017 00:00,,,1,6504197,
FINCH,TDT10,TDT,07/06/2017 00:00,,,1,6503275,Installed in bedrock. Data from this sensor is not representative of soil.
FINCH,TDT2,TDT,07/06/2017 00:00,,,1,6504180,
FINCH,TDT3,TDT,07/06/2017 00:00,,,1,6503265,
FINCH,TDT4,TDT,07/06/2017 00:00,,,1,6504185,
FINCH,TDT5,TDT,07/06/2017 00:00,,,1,6503245,
FINCH,TDT6,TDT,07/06/2017 00:00,,,1,6504151,
FINCH,TDT7,TDT,07/06/2017 00:00,,,1,6504164,
FINCH,TDT8,TDT,07/06/2017 00:00,,,1,6504175,
FINCH,TDT9,TDT,07/06/2017 00:00,,,1,6503269,Installed in bedrock. Data from this sensor is not representative of soil.
FIVET,4CR,NR01,26/06/2018 15:30,26/07/2022 09:00,,1,2548,
FIVET,4CR,NR01,26/07/2022 09:00,,,2,2156,
FIVET,AWS_ANEM,WIND_ANEM,26/06/2018 15:30,,2.6,1,144202,
FIVET,CRNS,CRNS_2000,26/06/2018 15:30,,,1,HI-TC02-2007,
FIVET,ETHERNET,ETHERNET_115,20/10/2020 00:00,20/10/2020 00:00,,2,2745,
FIVET,ETHERNET,ETHERNET_116,26/06/2018 15:30,18/09/2019 00:00,,1,2740,
FIVET,ETHERNET,ETHERNET_116,18/09/2019 00:00,,,3,11041,installed on PPM revisit
FIVET,HFP1,HFP01SC,26/06/2018 15:30,,,1,4672,
FIVET,HFP2,HFP01SC,26/06/2018 15:30,,,1,4675,
FIVET,HMP,HMP155,26/06/2018 15:30,29/09/2020 00:00,,2,M2920120,
FIVET,HMP,HMP155,18/09/2019 00:00,18/09/2019 00:00,,1,M2920122,
FIVET,HMP,HMP155,29/09/2020 00:00,26/07/2022 09:00,,4,R1030191,Installed during PPM
FIVET,HMP,HMP155,03/08/2021 09:00,,,5,T4731067,
FIVET,HMP,HMP155,26/07/2022 09:00,03/08/2021 09:00,,3,L1330308,Installed during PPM
FIVET,LOGGER,LOGGER_CR3000,26/06/2018 15:30,03/08/2021 09:00,,2,9024,
FIVET,LOGGER,LOGGER_CR3000,18/09/2019 00:00,18/09/2019 00:00,,1,10973,
FIVET,LOGGER,LOGGER_CR3000,03/08/2021 09:00,,,3,10261,"Installed during PPM, cal date: 06/09/2019"
FIVET,MODEM,MODEM_LX60,03/08/2021 09:00,03/08/2021 09:00,,1,8.67E+15,
FIVET,MODEM,MODEM_PRO,26/06/2018 15:30,,,1,WP85140109011003,IMEI: 356048090137315
FIVET,PA,CS106,26/06/2018 15:30,29/09/2020 00:00,,1,M1120819,
FIVET,PA,CS106,29/09/2020 00:00,,,3,P0710624,
FIVET,PA,CS106,26/07/2022 09:00,26/07/2022 09:00,,2,K4840004,Installed during PPM
FIVET,PHENOCAM,PHENOCAM,26/06/2018 00:00,,,1,10.20.170.244,S15
FIVET,PHENOCAM_LENS1,PHENOCAM_LENS,26/06/2018 15:30,,,1,5412321,
FIVET,PHENOCAM_LENS2,PHENOCAM_LENS,26/06/2018 15:30,,,1,5950434,
FIVET,PLUVIO,PLUVIO_2,26/06/2018 15:30,,,1,368534,
FIVET,SI,SDMSI01,26/06/2018 15:30,,,1,E3527,
FIVET,STP,STP,26/06/2018 15:30,,,1,2274,
FIVET,TDT1,TDT,26/06/2018 15:30,,,1,6504139,
FIVET,TDT10,TDT,26/06/2018 15:30,,,1,6503229,
FIVET,TDT2,TDT,26/06/2018 15:30,,,1,6504144,
FIVET,TDT3,TDT,26/06/2018 15:30,,,1,6504132,
FIVET,TDT4,TDT,26/06/2018 15:30,,,1,6503243,
FIVET,TDT5,TDT,26/06/2018 15:30,,,1,6504134,
FIVET,TDT6,TDT,26/06/2018 15:30,,,1,6503247,
FIVET,TDT7,TDT,26/06/2018 15:30,,,1,6503240,
FIVET,TDT8,TDT,26/06/2018 15:30,,,1,6501437,
FIVET,TDT9,TDT,26/06/2018 15:30,,,1,6503224,
GISBN,4CR,NR01,15/08/2014 12:00,18/12/2018 12:00,,1,2152,
GISBN,4CR,NR01,18/12/2018 12:00,19/05/2021 09:00,,2,2754,Replaced during CSL PPM
GISBN,4CR,NR01,19/05/2021 09:00,,,3,2897,Installed during PPM
GISBN,HYGROCLIP,HYGROCLIP_HC2,15/08/2014 12:00,04/12/2019 10:00,,1,14040021,
GISBN,HYGROCLIP,HYGROCLIP_HC2A,03/08/2018 08:50,04/12/2019 10:00,,3,20209328,Replaced during CSL PPM
GISBN,HYGROCLIP,HYGROCLIP_HC2A,18/12/2018 12:00,19/05/2021 09:00,,5,20135124,Installed during PPM
GISBN,HYGROCLIP,HYGROCLIP_HC2A,04/12/2019 11:30,19/05/2021 09:00,,2,14040025,Replaced during CSL PPM
GISBN,HYGROCLIP,HYGROCLIP_HC2A,13/08/2020 09:00,13/08/2020 09:00,,4,20135000,Replaced during CSL PPM
GISBN,HYGROCLIP,HYGROCLIP_HC2A,19/05/2021 09:00,03/08/2018 08:45,,1,61211931,
GISBN,AWS,METPAK,15/08/2014 12:00,18/12/2018 12:00,,2,20134980,Replaced by MC on maintenance visit
GISBN,AWS,METPAK,04/12/2019 11:30,05/05/2022 09:00,,6,20134992,Installed during PPM
GISBN,AWS,METPAK,19/05/2021 09:00,05/05/2022 09:00,,3,14040021,Replaced during CSL PPM
GISBN,AWS_ANEM,WIND_ANEM,15/08/2014 12:00,29/08/2019 12:38,2.6,1,140803,Removed by MC during RM due to intermittent fault
GISBN,AWS_ANEM,WIND_ANEM,29/08/2019 12:50,,2.6,2,140402,
GISBN,CRNS,CRNS_2000,15/08/2014 12:00,,,1,HI-TC02-2036,
GISBN,CRNS_SNOW,SNOWFOX,15/08/2014 12:00,,,1,HI-TC02-2035,
GISBN,ETHERNET,ETHERNET_115,15/08/2014 12:00,,,1,12137,
GISBN,HFP1,HFP01SC,15/08/2014 12:00,,,1,3609,
GISBN,HFP2,HFP01SC,15/08/2014 12:00,,,1,3610,
GISBN,HMP,HMP155,05/05/2022 09:00,,,1,P4020596,
GISBN,IMKO1,IMKO,15/08/2014 12:00,18/11/2015 14:00,,1,36361,Removed due to flooded access tube
GISBN,IMKO2,IMKO,15/08/2014 12:00,18/11/2015 14:00,,1,36362,Removed due to flooded access tube
GISBN,IMKO3,IMKO,15/08/2014 12:00,18/11/2015 14:00,,1,36363,Removed due to flooded access tube
GISBN,LOGGER,LOGGER_CR3000,15/08/2014 12:00,13/08/2020 09:00,,1,9060,Replaced during PPM
GISBN,LOGGER,LOGGER_CR3000,13/08/2020 09:00,05/05/2022 09:00,,2,8892,"Installed during PPM, 08/10/19 "
GISBN,LOGGER,LOGGER_CR3000,05/05/2022 09:00,,,3,9766,"Installed during PPM, 05/07/21"
GISBN,MODEM,MODEM,15/08/2014 12:00,18/12/2018 12:00,,1,,
GISBN,MODEM,MODEM_LX60,19/05/2021 09:00,13/08/2020 09:00,,2,8.67E+14,Installed to replace COM110 during CSL PPM
GISBN,MODEM,MODEM_PRO,18/12/2018 12:00,19/05/2021 09:00,,3,8.67E+14,Installed during PPM
GISBN,MODEM,MODEM_PRO,13/08/2020 09:00,,,1,WP85140447021003,IMEI: 356048090129692
GISBN,PA,CS106,05/05/2022 09:00,,,1,T4650760,
GISBN,PHENOCAM,PHENOCAM,18/12/2018 12:00,,,1,10.12.108.175,S14
GISBN,PHENOCAM_LENS1,PHENOCAM_LENS,15/08/2014 12:00,18/12/2018 12:00,,1,5918795,IP:10.11.115.44
GISBN,PHENOCAM_LENS1,PHENOCAM_LENS,18/12/2018 12:00,,,2,5912746,IP:10.12.108.175 Replaced during CSL PPM
GISBN,PHENOCAM_LENS2,PHENOCAM_LENS,15/08/2014 12:00,18/12/2018 12:00,,1,5915431,IP:10.11.115.44
GISBN,PHENOCAM_LENS2,PHENOCAM_LENS,18/12/2018 12:00,,,2,5914387,IP:10.12.108.175 Replaced during CSL PPM
GISBN,PLUVIO_CHAIN,CHAIN,18/12/2018 09:00,,,1,342249,
GISBN,PLUVIO,PLUVIO_2,15/08/2014 12:00,,,1,,Installed during CSL PPM
GISBN,RH_INT,RH_INT,09/12/2021 12:00,,,1,,
GISBN,SNOW_DEPTH,SR05A,15/08/2014 12:00,18/12/2018 12:00,,2,6258,Replaced by DR on maintenance visit
GISBN,SNOW_DEPTH,SR05A,31/01/2017 11:00,31/01/2017 11:00,,1,5694,
GISBN,SNOW_DEPTH,SR05A,18/12/2018 12:00,04/12/2019 10:00,,3,6391,Replaced during CSL PPM
GISBN,SNOW_DEPTH,SR05A,04/12/2019 11:30,19/05/2021 09:00,,5,6077,Installed during PPM
GISBN,SNOW_DEPTH,SR05A,13/08/2020 09:00,13/08/2020 09:00,,4,5692,Replaced during CSL PPM
GISBN,SNOW_DEPTH,SR05A,19/05/2021 09:00,05/05/2022 09:00,,6,7220,Installed during PPM
GISBN,SNOW_DEPTH,SR05A,05/05/2022 09:00,,,7,7222,
GISBN,STP,STP,15/08/2014 12:00,19/05/2021 09:00,,1,2239,
GISBN,STP,STP,19/05/2021 09:00,,,2,7220,
GISBN,TDT1,TDT,15/08/2014 12:00,,,1,6501083,
GISBN,TDT2,TDT,15/08/2014 12:00,,,1,6501085,
GISBN,,GPRS,15/08/2014 12:00,18/12/2018 12:00,,1,3.06E+11,
GLENS,4CR,NR01,14/05/2014 11:30,03/07/2018 10:30,,1,2147,
GLENS,4CR,NR01,03/07/2018 11:00,27/08/2019 00:00,,2,2316,Replaced on CSL PPM
GLENS,4CR,NR01,27/08/2019 00:00,31/08/2022 00:00,,3,2140,Replaced at PPM
GLENS,4CR,NR01,31/08/2022 00:00,,,4,3685,
GLENS,HYGROCLIP,HYGROCLIP_HC2,14/05/2014 11:30,15/09/2017 11:30,,2,61222958,Replaced by JT in response to suspect data.
GLENS,HYGROCLIP,HYGROCLIP_HC2,02/08/2017 14:30,27/08/2019 00:00,,1,14080006,Replaced at PPM
GLENS,HYGROCLIP,HYGROCLIP_HC2,15/09/2017 11:30,18/10/2017 15:00,,3,61222908,Replaced by site host
GLENS,HYGROCLIP,HYGROCLIP_HC2,18/10/2017 15:00,02/09/2020 00:00,,5,20135091,Replaced on CSL PPM
GLENS,HYGROCLIP,HYGROCLIP_HC2A,03/07/2018 11:00,21/09/2021 09:00,,2,15190010,
GLENS,HYGROCLIP,HYGROCLIP_HC2A,02/09/2020 00:00,02/08/2017 14:30,,1,,
GLENS,HYGROCLIP,HYGROCLIP_HC2A,21/09/2021 09:00,03/07/2018 11:00,,4,61222941,Replaced by site host after sensor failure.
GLENS,AWS,METPAK,14/05/2014 11:30,21/09/2021 09:00,,6,20269305,Installed on CSL PPM
GLENS,AWS,METPAK,27/08/2019 00:00,30/06/2022 12:00,,3,14080005,
GLENS,AWS,METPAK,21/09/2021 09:00,30/06/2022 12:00,,7,20135001,
GLENS,AWS_ANEM,WIND_ANEM,14/05/2014 11:30,01/09/2015 08:00,2.6,1,140809,
GLENS,AWS_ANEM,WIND_ANEM,01/09/2015 16:00,18/06/2019 15:00,2.6,2,140405,
GLENS,AWS_ANEM,WIND_ANEM,18/06/2019 15:00,31/08/2022 00:00,2.6,3,191203,
GLENS,AWS_ANEM,WIND_ANEM,31/08/2022 00:00,,2.6,4,144302,
GLENS,CRNS,CRNS_2000,14/05/2014 11:30,,,1,HI-TC02-2020,
GLENS,CRNS_SNOW,SNOWFOX,14/05/2014 11:30,,,1,HI-TC02-2031,
GLENS,ETHERNET,ETHERNET_115,14/05/2014 11:30,,,2,11044,
GLENS,ETHERNET,ETHERNET_115,02/08/2017 14:30,02/08/2017 00:00,,1,12138,
GLENS,HFP1,HFP01SC,14/05/2014 11:30,,,1,3601,
GLENS,HFP2,HFP01SC,14/05/2014 11:30,,,1,3602,
GLENS,HMP,HMP155,30/06/2022 12:00,,,1,TT4731075,
GLENS,IMKO1,IMKO,14/05/2014 11:30,27/08/2019 00:00,,1,36152,Removed at PPM
GLENS,IMKO2,IMKO,14/05/2014 11:30,27/08/2019 00:00,,1,36153,Removed at PPM
GLENS,IMKO3,IMKO,14/05/2014 11:30,27/08/2019 00:00,,1,36154,Removed at PPM
GLENS,LOGGER,LOGGER_CR3000,02/08/2017 14:30,27/08/2019 00:00,,2,9764,Replaced at PPM
GLENS,LOGGER,LOGGER_CR3000,27/08/2019 00:00,02/09/2020 00:00,,3,12862,Cal date 31/12/2018
GLENS,LOGGER,LOGGER_CR3000,02/09/2020 00:00,,,5,8969,CAL DATE 31/08/22
GLENS,LOGGER,LOGGER_CR3000,31/08/2022 00:00,31/08/2022 00:00,,4,8475,Installed on CSL PPM
GLENS,MODEM,MODEM_LX60,21/09/2021 09:00,21/09/2021 09:00,,1,8.67E+14,
GLENS,MODEM,MODEM_PRO,02/08/2017 14:30,,,1,WP90140044021003,IMEI: 356048090145383
GLENS,PA,CS106,30/06/2022 12:00,,,1,T4650764,
GLENS,PHENOCAM,PHENOCAM,02/09/2020 00:00,,,2,10.16.44.183,S15
GLENS,PHENOCAM,PHENOCAM,21/09/2021 00:00,21/09/2021 00:00,,1,10.18.153.182,S15
GLENS,PHENOCAM_LENS1,PHENOCAM_LENS,14/05/2014 11:30,03/07/2018 11:00,,1,5915241,
GLENS,PHENOCAM_LENS1,PHENOCAM_LENS,03/07/2018 11:00,02/09/2020 00:00,,2,5216375,Replaced on CSL PPM
GLENS,PHENOCAM_LENS1,PHENOCAM_LENS,02/09/2020 00:00,,,3,D125367339,10.18.153.182
GLENS,PHENOCAM_LENS2,PHENOCAM_LENS,14/05/2014 11:30,03/07/2018 11:00,,1,5915161,
GLENS,PHENOCAM_LENS2,PHENOCAM_LENS,03/07/2018 11:00,02/09/2020 00:00,,2,5216391,Replaced on CSL PPM
GLENS,PHENOCAM_LENS2,PHENOCAM_LENS,02/09/2020 00:00,,,3,D125401116,10.18.153.182
GLENS,PLUVIO_CHAIN,CHAIN,03/07/2018 09:00,19/02/2020 00:00,,2,368535,Possible noisy data
GLENS,PLUVIO,PLUVIO_2,14/05/2014 11:30,01/02/2017 10:00,,1,342191,
GLENS,PLUVIO,PLUVIO_2,01/02/2017 10:00,,,1,,Installed during CSL PPM
GLENS,PLUVIO,PLUVIO_2L,19/02/2020 00:00,,,3,PL2L-451660,
GLENS,RH_INT,RH_INT,30/06/2022 12:00,,,1,,
GLENS,SNOW_DEPTH,SR05A,14/05/2014 11:30,27/08/2019 00:00,,2,6674,Replaced by DR due to fault
GLENS,SNOW_DEPTH,SR05A,06/04/2016 14:30,06/04/2016 14:30,,1,5689,
GLENS,SNOW_DEPTH,SR05A,27/08/2019 00:00,02/09/2020 00:00,,3,11153,Replaced at PPM due to fault
GLENS,SNOW_DEPTH,SR05A,02/09/2020 00:00,,,6,5688,
GLENS,SNOW_DEPTH,SR05A,21/09/2021 09:00,21/09/2021 09:00,,4,7221,Installed on CSL PPM
GLENS,SNOW_DEPTH,SR05A,31/08/2022 00:00,31/08/2022 00:00,,5,5692,SN not recorded at ppm
GLENS,STP,STP,14/05/2014 11:30,,,1,2228,
GLENS,TDT1,TDT,14/05/2014 11:30,21/09/2021 09:00,,1,6501122,
GLENS,TDT1,TDT,21/09/2021 09:00,,,2,6503322,
GLENS,TDT2,TDT,14/05/2014 11:30,,,1,6503323,
GLENW,4CR,NR01,15/06/2016 15:00,30/09/2020 00:00,,1,2459,
GLENW,4CR,NR01,30/09/2020 00:00,,,3,2315,
GLENW,4CR,NR01,28/07/2022 09:00,28/07/2022 09:00,,2,2551,installed by CSL
GLENW,AWS_ANEM,WIND_ANEM,15/06/2016 15:00,05/08/2021 09:00,2.6,1,160908,
GLENW,AWS_ANEM,WIND_ANEM,05/08/2021 09:00,,2.6,2,140301,
GLENW,CRNS,CRNS_2000,15/06/2016 15:00,,,1,HI-TC02-1083,
GLENW,ETHERNET,ETHERNET_115,15/06/2016 15:00,21/10/2020 09:00,,1,13628,
GLENW,ETHERNET,ETHERNET_116,21/10/2020 09:00,,,2,11045,
GLENW,HFP1,HFP01SC,15/06/2016 15:00,14/11/2018 13:00,,1,4022,
GLENW,HFP1,HFP01SC,14/11/2018 13:30,,,2,4381,Replaced by ET & PS during RM
GLENW,HFP2,HFP01SC,15/06/2016 15:00,,,1,4386,
GLENW,HMP,HMP155,15/06/2016 15:00,22/08/2019 00:00,,1,L1320538,Replaced during CSL PPM
GLENW,HMP,HMP155,22/08/2019 00:00,05/12/2019 00:00,,2,L1320540,Replaced by site host
GLENW,HMP,HMP155,05/12/2019 00:00,30/09/2020 00:00,,3,P4020595,
GLENW,HMP,HMP155,30/09/2020 00:00,28/07/2022 09:00,,5,L1320544,
GLENW,HMP,HMP155,05/08/2021 09:00,,,6,T2650701,
GLENW,HMP,HMP155,28/07/2022 09:00,05/08/2021 09:00,,4,L1320543 ,
GLENW,LOGGER,LOGGER_CR3000,15/06/2016 15:00,30/09/2020 00:00,,1,9894,
GLENW,LOGGER,LOGGER_CR3000,30/09/2020 00:00,,,3,10260,Cal date:  17/05/2022
GLENW,LOGGER,LOGGER_CR3000,28/07/2022 09:00,28/07/2022 09:00,,2,8473,"Installed on PPM, Cal Date 04/08/2020"
GLENW,MODEM,MODEM_LX60,05/08/2021 09:00,05/08/2021 09:00,,1,8.67E+14,Installed by ET & PS during RM
GLENW,MODEM,MODEM_PRO,14/11/2018 13:00,,,1,WP90140051021003,IMEI: 356048090145250
GLENW,PA,CS106,15/06/2016 15:00,22/08/2019 00:00,,1,K4840005,Replaced during CSL PPM
GLENW,PA,CS106,22/08/2019 00:00,30/09/2020 00:00,,2,P0710628,
GLENW,PA,CS106,30/09/2020 00:00,,,4,K4840002,
GLENW,PA,CS106,28/07/2022 09:00,28/07/2022 09:00,,3,M1050344,
GLENW,PHENOCAM,PHENOCAM,14/11/2018 00:00,,,1,10.16.44.221,S15
GLENW,PHENOCAM_LENS1,PHENOCAM_LENS,15/06/2016 15:00,14/11/2018 12:00,,1,5369471,IP:10.16.44.183
GLENW,PHENOCAM_LENS1,PHENOCAM_LENS,14/11/2018 12:00,,,2,5994293,Replaced by ET & PS during RM
GLENW,PHENOCAM_LENS2,PHENOCAM_LENS,15/06/2016 15:00,14/11/2018 12:00,,1,5939836,IP:10.16.44.183
GLENW,PHENOCAM_LENS2,PHENOCAM_LENS,14/11/2018 12:00,,,2,5357520,Replaced by ET & PS during RM
GLENW,PLUVIO_CHAIN,CHAIN,28/06/2018 10:00,,,1,358378,
GLENW,PLUVIO,PLUVIO_2,15/06/2016 15:00,,,1,,Installed during CSL PPM
GLENW,STP,STP,15/06/2016 15:00,,,1,2251,
GLENW,TDT1,TDT,15/06/2016 15:00,,,1,6504111,
GLENW,TDT10,TDT,15/06/2016 15:00,,,1,6503246,
GLENW,TDT2,TDT,15/06/2016 15:00,,,1,6504109,
GLENW,TDT3,TDT,15/06/2016 15:00,,,1,6504113,
GLENW,TDT4,TDT,15/06/2016 15:00,,,1,6504114,
GLENW,TDT5,TDT,15/06/2016 15:00,,,1,6504116,
GLENW,TDT6,TDT,15/06/2016 15:00,,,1,6504100,
GLENW,TDT7,TDT,15/06/2016 15:00,,,1,6504101,
GLENW,TDT8,TDT,15/06/2016 15:00,,,1,6503213,
GLENW,TDT9,TDT,15/06/2016 15:00,,,1,6503235,
HADLW,4CR,NR01,27/10/2016 14:30,18/11/2020 00:00,,1,2312,
HADLW,4CR,NR01,18/11/2020 00:00,,,2,2155,
HADLW,AWS_ANEM,WIND_ANEM,27/10/2016 14:30,21/07/2021 09:00,2.6,1,160906,
HADLW,AWS_ANEM,WIND_ANEM,21/07/2021 09:00,,2.6,2,144204,
HADLW,CRNS,CRNS_2000,27/10/2016 14:30,,,1,HI-TC02-1079,
HADLW,ETHERNET,ETHERNET_115,27/10/2016 14:30,11/12/2019 10:30,,2,13474,
HADLW,ETHERNET,ETHERNET_115,11/04/2018 14:00,11/04/2018 14:00,,1,13629,
HADLW,ETHERNET,ETHERNET_116,11/12/2019 10:30,,,1,6360,
HADLW,HFP1,HFP01SC,27/10/2016 14:30,,,1,3966,
HADLW,HFP2,HFP01SC,27/10/2016 14:30,,,1,4382,
HADLW,HMP,HMP155,27/10/2016 14:30,22/03/2019 00:00,,1,L1320541,
HADLW,HMP,HMP155,22/03/2019 00:00,18/11/2020 00:00,,3,N5050074,
HADLW,HMP,HMP155,21/11/2019 00:00,21/11/2019 00:00,,2,R1030191,PPM
HADLW,HMP,HMP155,18/11/2020 00:00,,,5,M2920116,
HADLW,HMP,HMP155,21/07/2021 09:00,21/07/2021 09:00,,4,N5050079,
HADLW,LOGGER,LOGGER_CR3000,27/10/2016 14:30,11/12/2019 10:30,,1,9897,
HADLW,LOGGER,LOGGER_CR3000,11/12/2019 10:30,18/11/2020 00:00,,2,8803,Cal Date 13/06/19
HADLW,LOGGER,LOGGER_CR3000,18/11/2020 00:00,,,3,12862,Cal date 11/09/2020
HADLW,MODEM,MODEM_LX60,21/07/2021 09:00,09/09/2020 10:45,,1,8.67E+14,Lost all its settings
HADLW,MODEM,MODEM_PRO,13/03/2018 13:30,,,1,WP90140072011003,IMEI: 356048090145581
HADLW,MODEM,MODEM_PRO,09/09/2020 10:45,21/07/2021 09:00,,2,8.67E+14,installed in RM due to comms issues. 111803080077
HADLW,PA,CS106,27/10/2016 14:30,21/11/2019 00:00,,1,K442012,PPM
HADLW,PA,CS106,21/11/2019 00:00,21/07/2021 09:00,,2,L1520470,
HADLW,PA,CS106,21/07/2021 09:00,,,3,P0710628,
HADLW,PHENOCAM,PHENOCAM,25/10/2018 00:00,,,3,10.12.106.90,S14. First recorded at CSL PPM 18-Nov-20
HADLW,PHENOCAM_LENS1,PHENOCAM_LENS,27/10/2016 14:30,25/10/2018 14:00,,1,5357520,IP:10.16.44.221
HADLW,PHENOCAM_LENS1,PHENOCAM_LENS,25/10/2018 14:30,,,2,5918595,IP:10.12.106.90
HADLW,PHENOCAM_LENS2,PHENOCAM_LENS,27/10/2016 14:30,25/10/2018 14:00,,1,5994293,IP:10.16.44.221
HADLW,PHENOCAM_LENS2,PHENOCAM_LENS,25/10/2018 14:30,,,2,5922444,IP:10.12.106.90
HADLW,PLUVIO,PLUVIO_2,27/10/2016 14:30,,,1,358380,
HADLW,SI,SDMSI01,18/11/2020 00:00,,,1,E5890,First recorded at CSL PPM 18/11/20
HADLW,STP,STP,27/10/2016 14:30,,,1,2259,
HADLW,TDT1,TDT,27/10/2016 14:30,,,1,6504194,
HADLW,TDT10,TDT,27/10/2016 14:30,,,1,6504198,
HADLW,TDT2,TDT,27/10/2016 14:30,,,1,6504181,
HADLW,TDT3,TDT,27/10/2016 14:30,,,1,6503241,
HADLW,TDT4,TDT,27/10/2016 14:30,,,1,6503232,
HADLW,TDT5,TDT,27/10/2016 14:30,,,1,6503208,
HADLW,TDT6,TDT,27/10/2016 14:30,,,1,6503209,
HADLW,TDT7,TDT,27/10/2016 14:30,,,1,6503230,
HADLW,TDT8,TDT,27/10/2016 14:30,,,1,6503242,
HADLW,TDT9,TDT,27/10/2016 14:30,,,1,6503254,
HARTW,4CR,NR01,20/05/2014 13:30,06/07/2018 08:30,,1,2134,
HARTW,4CR,NR01,06/07/2018 12:30,08/08/2022 15:00,,3,2757,Replaced during PPM
HARTW,4CR,NR01,30/08/2019 00:00,30/08/2019 00:00,,2,2317,Replaced during CSL PPM
HARTW,4CR,NR01,08/08/2022 15:00,,,4,3687,
HARTW,HYGROCLIP,HYGROCLIP_HC2,20/05/2014 13:30,30/08/2019 00:00,,1,14040016,
HARTW,HYGROCLIP,HYGROCLIP_HC2A,06/07/2018 13:00,24/08/2021 01:00,,2,14040018,Replaced during PPM
HARTW,HYGROCLIP,HYGROCLIP_HC2A,10/11/2020 00:00,06/07/2018 12:30,,1,61019670,
HARTW,HYGROCLIP,HYGROCLIP_HC2A,11/11/2020 00:00,10/11/2020 00:00,,2,20135006,Replaced during CSL PPM. Unknown end date. HC 20134474 removed on 11-NOV-20 PPM.
HARTW,HYGROCLIP,HYGROCLIP_HC2A,24/08/2021 01:00,16/08/2022 09:00,,5,20134474,
HARTW,AWS,METPAK,20/05/2014 13:30,16/08/2022 09:00,,3,14080007,
HARTW,AWS,METPAK,30/08/2019 00:00,11/11/2020 00:00,,3,220134474,"Unknown start date, removed by CSL at 11-NOV-20 PPM."
HARTW,AWS,METPAK,24/08/2021 01:00,24/08/2021 01:00,,4,20269308,Installed by CSL at PPM
HARTW,AWS_ANEM,WIND_ANEM,20/05/2014 13:30,29/03/2018 10:00,2.6,1,140301,
HARTW,AWS_ANEM,WIND_ANEM,29/03/2018 10:00,11/11/2020 00:00,2.6,2,140802,
HARTW,AWS_ANEM,WIND_ANEM,11/11/2020 00:00,,2.6,3,140806,
HARTW,CRNS,CRNS_2000,20/05/2014 13:30,,,1,HI-TC02-2017,
HARTW,ETHERNET,ETHERNET_115,20/05/2014 13:30,22/02/2017 12:00,,1,11879,
HARTW,ETHERNET,ETHERNET_115,22/02/2017 12:00,,,2,13303,
HARTW,HFP1,HFP01SC,20/05/2014 13:30,,,1,3669,
HARTW,HFP2,HFP01SC,20/05/2014 13:30,,,1,3670,
HARTW,HMP,HMP155,16/08/2022 09:00,,,1,T4741138,
HARTW,IMKO1,IMKO,20/05/2014 13:30,30/08/2019 00:00,,1,35868,Removed at PPM
HARTW,IMKO2,IMKO,20/05/2014 13:30,30/08/2019 00:00,,1,35869,Removed at PPM
HARTW,IMKO3,IMKO,20/05/2014 13:30,30/08/2019 00:00,,1,35870,Removed at PPM
HARTW,LOGGER,LOGGER_CR3000,20/05/2014 13:30,30/08/2019 00:00,,2,9024,
HARTW,LOGGER,LOGGER_CR3000,22/02/2017 13:30,22/02/2017 13:30,,1,8900,
HARTW,LOGGER,LOGGER_CR3000,30/08/2019 00:00,24/08/2021 01:00,,3,12797,Removed at PPM for cal. Cal date 14/09/2018
HARTW,LOGGER,LOGGER_CR3000,24/08/2021 01:00,16/08/2022 09:00,,5,9476,
HARTW,LOGGER,LOGGER_CR3000,08/08/2022 15:00,08/08/2022 15:00,,4,12803,Cal date: 10/06/2021
HARTW,LOGGER,LOGGER_CR3000,16/08/2022 09:00,,,6,9969,Cal date: 18/05/2022
HARTW,MODEM,MODEM,20/05/2014 13:30,11/11/2020 00:00,,1,3.60E+14,COM110 removed at 11-Nov-20 PPM for upgrade to ProRoute modem.
HARTW,MODEM,MODEM_LX60,24/08/2021 09:00,,,1,WP85140134021003,IMEI: 356048090121475
HARTW,MODEM,MODEM_PRO,11/11/2020 00:00,24/08/2021 01:00,,1,8.67E+13,201706220302. Installed by CSL at 11-NOV-20 PPM.
HARTW,PA,CS106,16/08/2022 09:00,,,1,T4650715,
HARTW,PHENOCAM,PHENOCAM,06/07/2018 00:00,,,3,10.12.108.167,testing
HARTW,PHENOCAM,PHENOCAM,23/04/2021 07:00,23/04/2021 07:00,,1,10.20.186.135,S15. First recorded at 11-Nov-20 PPM. - Removed due to flat internal battery
HARTW,PHENOCAM,PHENOCAM,24/08/2021 01:00,24/08/2021 01:00,,2,10.12.91.71,S14
HARTW,PHENOCAM_LENS1,PHENOCAM_LENS,20/05/2014 13:30,06/07/2018 13:00,,1,5921978,
HARTW,PHENOCAM_LENS1,PHENOCAM_LENS,06/07/2018 13:30,23/04/2021 07:00,,2,5411229,Replaced during CSL PPM. 10.10.186.135
HARTW,PHENOCAM_LENS1,PHENOCAM_LENS,23/04/2021 07:00,,,4,5918289,
HARTW,PHENOCAM_LENS1,PHENOCAM_LENS,24/08/2021 01:00,24/08/2021 01:00,,3,5918795,SN currently unknown
HARTW,PHENOCAM_LENS2,PHENOCAM_LENS,20/05/2014 13:30,06/07/2018 13:00,,1,5915072,
HARTW,PHENOCAM_LENS2,PHENOCAM_LENS,06/07/2018 13:30,23/04/2021 07:00,,2,5966360,Replaced during CSL PPM.  10.10.186.135
HARTW,PHENOCAM_LENS2,PHENOCAM_LENS,23/04/2021 07:00,,,4,5921837,
HARTW,PHENOCAM_LENS2,PHENOCAM_LENS,24/08/2021 01:00,24/08/2021 01:00,,3,5918276,
HARTW,PLUVIO_CHAIN,CHAIN,06/07/2018 10:30,,,1,,Installed during CSL PPM
HARTW,PLUVIO,PLUVIO_2,20/05/2014 13:30,,,1,340991,Cable replaced 11-Nov-20 at PPM.
HARTW,SI,SDMSI01,11/11/2020 00:00,,,1,E3777,first recorded during 2020 PPM
HARTW,STP,STP,20/05/2014 13:30,,,1,2220,
HARTW,TDT1,TDT,20/05/2014 13:30,,,2,6501271,Replaced during CSL PPM
HARTW,TDT1,TDT,17/01/2017 09:30,17/01/2017 09:30,,1,6501082,
HARTW,TDT2,TDT,20/05/2014 13:30,,,1,6501081,
HARWD,4CR,NR01,22/05/2015 12:00,09/12/2020 00:00,,1,2158,
HARWD,4CR,NR01,09/12/2020 00:00,15/09/2021 09:00,,2,2549,installed on csl ppm
HARWD,4CR,NR01,15/09/2021 09:00,28/06/2022 12:00,,3,2454,Decommissioned
HARWD,HYGROCLIP,HYGROCLIP_HC2,22/05/2015 12:00,28/06/2022 12:00,,1,15050101,Decommissioned
HARWD,HYGROCLIP,HYGROCLIP_HC2,13/12/2016 15:00,09/12/2020 00:00,,4,20135095,Replaced during CSL PPM
HARWD,HYGROCLIP,HYGROCLIP_HC2A,15/11/2017 15:30,16/10/2018 09:00,,3,20134640,Changed by BW on site visit
HARWD,HYGROCLIP,HYGROCLIP_HC2A,16/10/2018 09:30,15/11/2017 15:30,,2,61019116,Changed by CSL during PPM
HARWD,HYGROCLIP,HYGROCLIP_HC2A,09/12/2020 00:00,13/12/2016 15:00,,1,61222864,
HARWD,HYGROCLIP,HYGROCLIP_HC2A,15/09/2021 09:00,15/09/2021 09:00,,5,20134980,installed on ppm
HARWD,AWS,METPAK,22/05/2015 12:00,10/12/2020 00:00,,2,16030014,no record of installation date
HARWD,AWS,METPAK,09/12/2020 00:00,28/06/2022 12:00,,3,13200012,Decommissioned
HARWD,AWS,METPAK,10/12/2020 00:00,28/06/2022 12:00,,6,20134971,Decommissioned
HARWD,CRNS,CRNS_2000,22/05/2015 12:00,28/06/2022 12:00,,1,HI-TC02-2023,Decommissioned
HARWD,ETHERNET,ETHERNET_115,22/05/2015 12:00,01/01/2019 00:00,,1,13800,no record of removal
HARWD,ETHERNET,ETHERNET_115,01/01/2019 00:00,28/06/2022 12:00,,2,12136,Decommissioned
HARWD,HFP1,HFP01SC,22/05/2015 12:00,28/06/2022 12:00,,1,3665,Decommissioned
HARWD,HFP2,HFP01SC,22/05/2015 12:00,28/06/2022 12:00,,1,3664,Decommissioned
HARWD,IMKO1,IMKO,22/05/2015 12:00,19/12/2018 13:00,,1,35901,
HARWD,IMKO2,IMKO,22/05/2015 12:00,19/12/2018 13:00,,1,35902,
HARWD,IMKO3,IMKO,22/05/2015 12:00,19/12/2018 13:00,,1,35903,
HARWD,LOGGER,LOGGER_CR3000,22/05/2015 12:00,09/12/2020 00:00,,1,9083,removed by CSL as on site over 4yrs
HARWD,LOGGER,LOGGER_CR3000,09/12/2020 00:00,28/06/2022 12:00,,2,9838,Decommissioned
HARWD,MODEM,MODEM,22/05/2015 12:00,15/09/2021 09:00,,2,8.67E+14,Barcode: 201612070019
HARWD,MODEM,MODEM_LX60,15/09/2021 09:00,15/11/2017 15:30,,1,,
HARWD,MODEM,MODEM_PRO,15/11/2017 15:30,28/06/2022 12:00,,1,WP90140052021003,Decommissioned
HARWD,PHENOCAM,PHENOCAM,09/12/2020 00:00,28/06/2022 12:00,,1,10.12.108.168,Decommissioned
HARWD,PHENOCAM_LENS1,PHENOCAM_LENS,22/05/2015 12:00,16/10/2018 09:00,,1,5912746,IP:10.12.108.175
HARWD,PHENOCAM_LENS1,PHENOCAM_LENS,16/10/2018 09:30,09/12/2020 00:00,,2,5913176,IP:192.168.1.193 Replaced during CSL PPM
HARWD,PHENOCAM_LENS1,PHENOCAM_LENS,09/12/2020 00:00,28/06/2022 12:00,,3,5922409,Decommissioned
HARWD,PHENOCAM_LENS2,PHENOCAM_LENS,22/05/2015 12:00,16/10/2018 09:00,,1,5914387,IP:10.12.108.175
HARWD,PHENOCAM_LENS2,PHENOCAM_LENS,16/10/2018 09:30,09/12/2020 00:00,,2,5919480,IP:192.168.1.193 Replaced during CSL PPM
HARWD,PHENOCAM_LENS2,PHENOCAM_LENS,09/12/2020 00:00,28/06/2022 12:00,,3,5901058,Decommissioned
HARWD,PLUVIO,PLUVIO_2,22/05/2015 12:00,15/09/2021 09:00,,1,342194,
HARWD,PLUVIO,PLUVIO_2,15/09/2021 09:00,28/06/2022 12:00,,2,358376,Decommissioned
HARWD,STP,STP,22/05/2015 12:00,28/06/2022 12:00,,1,2233,Decommissioned
HARWD,TDT1,TDT,22/05/2015 12:00,28/06/2022 12:00,,1,6501127,Decommissioned
HARWD,TDT2,TDT,22/05/2015 12:00,28/06/2022 12:00,,1,6501132,Decommissioned
HARWD,,GPRS,22/05/2015 12:00,15/11/2017 15:30,,1,3.60E+14,
HENFS,4CR,NR01,17/12/2015 13:00,20/10/2020 00:00,,1,2145,
HENFS,4CR,NR01,20/10/2020 00:00,,,2,2151,Installed by CSL at PPM. Cal date
HENFS,HYGROCLIP,HYGROCLIP_HC2,17/12/2015 13:00,20/10/2020 00:00,,1,14080005,
HENFS,HYGROCLIP,HYGROCLIP_HC2,24/01/2017 12:30,24/01/2017 12:30,,1,61223072,
HENFS,HYGROCLIP,HYGROCLIP_HC2A,01/11/2018 12:00,01/11/2018 12:00,,2,61019084,Replaced during CSL PPM
HENFS,HYGROCLIP,HYGROCLIP_HC2A,18/09/2019 13:30,18/09/2019 10:30,,3,20135087,Replaced during CSL PPM
HENFS,HYGROCLIP,HYGROCLIP_HC2A,20/10/2020 00:00,20/10/2020 00:00,,4,20135119,Replaced during CSL PPM
HENFS,HYGROCLIP,HYGROCLIP_HC2A,12/08/2021 09:00,04/08/2022 09:00,,2,14040010,Installed by CSL at PPM.
HENFS,AWS,METPAK,17/12/2015 13:00,12/08/2021 09:00,,5,20135079,Installed by CSL at PPM. Cal date 06/08/20.
HENFS,AWS,METPAK,20/10/2020 00:00,04/08/2022 09:00,,6,20135003,Installed by CSL at PPM
HENFS,AWS_ANEM,WIND_ANEM,17/12/2015 13:00,25/06/2020 10:00,2.6,1,140501,Replaced during RM due to failure
HENFS,AWS_ANEM,WIND_ANEM,25/06/2020 10:00,,2.6,2,193704,
HENFS,CRNS,CRNS_2000,17/12/2015 13:00,19/12/2017 11:00,,1,HI-TC02-2038,
HENFS,CRNS,CRNS_2000,19/12/2017 11:00,,,3,HI-TC02-2038,Original tube fixed and replaced
HENFS,CRNS,CRNS_2000,28/06/2018 13:00,28/06/2018 13:00,,2,HI-TC02-2008,Replacement tube while original tube faulty
HENFS,CRNS2,CRNS_2000,28/06/2018 13:00,12/02/2019 12:00,,1,HI-TC02-2008,Replacement tube while original tube faulty moved to MOD2 next to fixed original - since removed by MB during RM
HENFS,ETHERNET,ETHERNET_115,17/12/2015 13:00,,,2,6293,Installed by MB during RM
HENFS,ETHERNET,ETHERNET_116,12/02/2019 12:00,24/11/2018 14:00,,1,13804,Believed stolen
HENFS,HFP1,HFP01SC,17/12/2015 13:00,,,1,3673,
HENFS,HFP2,HFP01SC,17/12/2015 13:00,,,1,3676,
HENFS,HMP,HMP155,04/08/2022 09:00,,,1,T4741133,
HENFS,IMKO1,IMKO,17/12/2015 13:00,18/09/2019 00:00,,1,35874,Removed during CSL PPM
HENFS,IMKO2,IMKO,17/12/2015 13:00,18/09/2019 00:00,,1,35875,Removed during CSL PPM
HENFS,IMKO3,IMKO,17/12/2015 13:00,18/09/2019 00:00,,1,35876,Removed during CSL PPM
HENFS,LOGGER,LOGGER_CR3000,17/12/2015 13:00,20/10/2020 00:00,,1,9971,Cal date 14/11/14
HENFS,LOGGER,LOGGER_CR3000,20/10/2020 00:00,04/08/2022 09:00,,2,9240,"Installed by CSL at PPM, cal date 15/11/19."
HENFS,LOGGER,LOGGER_CR3000,04/08/2022 09:00,,,3,13071,Cal date: 22/07/22
HENFS,MODEM,MODEM,17/12/2015 13:00,12/08/2021 09:00,,1,8.64E+14,1.12E+11
HENFS,MODEM,MODEM_LX60,12/08/2021 09:00,25/06/2020 12:00,,1,1.01E+12,M1003GXT02 3G Maestro modem
HENFS,MODEM,MODEM_PRO,25/06/2020 12:00,,,1,WP90140053021003,3.56E+14
HENFS,PA,CS106,04/08/2022 09:00,,,1,T4650763,
HENFS,PHENOCAM,PHENOCAM,01/01/2020 00:00,,,1,10.16.65.218,First recorded by CSL at 20/10/20 PPM.
HENFS,PHENOCAM_LENS1,PHENOCAM_LENS,17/12/2015 13:00,01/11/2018 12:00,,1,5998114,IP:10.16.106.233
HENFS,PHENOCAM_LENS1,PHENOCAM_LENS,01/11/2018 12:00,,,2,5376288,IP:10.16.65.218 Replaced during CSL PPM
HENFS,PHENOCAM_LENS2,PHENOCAM_LENS,17/12/2015 13:00,01/11/2018 12:00,,1,5376083,IP:10.16.106.233
HENFS,PHENOCAM_LENS2,PHENOCAM_LENS,01/11/2018 12:00,,,2,5966359,IP:10.16.65.218 Replaced during CSL PPM
HENFS,PLUVIO,PLUVIO_2,17/12/2015 13:00,,,1,342195,
HENFS,SI,SDMSI01,17/12/2015 13:00,24/01/2017 12:30,,1,,
HENFS,SI,SDMSI01,24/01/2017 12:30,,,2,E3771,Replaced during CSL PPM
HENFS,STP,STP,17/12/2015 13:00,,,1,2221,
HENFS,TDT1,TDT,17/12/2015 13:00,,,1,6501289,
HENFS,TDT2,TDT,17/12/2015 13:00,,,1,6501284,
HILLB,4CR,NR01,14/06/2016 17:00,,,3,2147,
HILLB,4CR,NR01,30/09/2020 00:00,30/09/2020 00:00,,1,2455,removed during PPM
HILLB,4CR,NR01,27/07/2022 09:00,27/07/2022 09:00,,2,1938,Installed during PPM
HILLB,AWS_ANEM,WIND_ANEM,14/06/2016 17:00,29/09/2020 12:00,2.6,1,160913,Replaced during PPM due to possible damage
HILLB,AWS_ANEM,WIND_ANEM,29/09/2020 12:00,04/08/2021 09:00,2.6,2,140314,
HILLB,AWS_ANEM,WIND_ANEM,04/08/2021 09:00,,2.6,3,160909,Installed by CSL during PPM
HILLB,CRNS,CRNS_2000,14/06/2016 17:00,,,1,HI-TC02-2053,
HILLB,ETHERNET,ETHERNET_115,14/06/2016 17:00,,,1,14163,
HILLB,HFP1,HFP01SC,14/06/2016 17:00,,,1,4015,
HILLB,HFP2,HFP01SC,14/06/2016 17:00,,,1,4016,
HILLB,HMP,HMP155,14/06/2016 17:00,21/08/2019 00:00,,1,L1320542,Removed for cal
HILLB,HMP,HMP155,21/08/2019 00:00,30/09/2020 00:00,,2,L1320537,
HILLB,HMP,HMP155,30/09/2020 00:00,27/07/2022 09:00,,4,M2920123,Installed by csl during ppm
HILLB,HMP,HMP155,04/08/2021 09:00,,,5,T4731071,
HILLB,HMP,HMP155,27/07/2022 09:00,04/08/2021 09:00,,3,M2920126,Installed by csl during ppm
HILLB,LOGGER,LOGGER_CR3000,14/06/2016 17:00,30/09/2020 00:00,,1,10262,
HILLB,LOGGER,LOGGER_CR3000,30/09/2020 00:00,,,3,9971,Cal date: 17/05/2022
HILLB,LOGGER,LOGGER_CR3000,27/07/2022 09:00,27/07/2022 09:00,,2,8969,"Installed by CSL during PPM, cal date 6/11/19"
HILLB,MODEM,MODEM_LX60,04/08/2021 09:00,04/08/2021 09:00,,1,8.67E+15,Installed during CSL PPM '111803140099'
HILLB,MODEM,MODEM_PRO,27/06/2018 10:00,,,1,WP90140033021003,IMEI: 356048090141226
HILLB,PA,CS106,14/06/2016 17:00,21/08/2019 00:00,,1,L1520470,Removed for cal
HILLB,PA,CS106,21/08/2019 00:00,04/08/2021 09:00,,2,P0710624,
HILLB,PA,CS106,04/08/2021 09:00,27/07/2022 09:00,,3,P0710624,Installed by CSL during PPM
HILLB,PA,CS106,27/07/2022 09:00,,,4,L1710069,
HILLB,PHENOCAM,PHENOCAM,30/09/2020 00:00,,,1,10.12.108.153,S14
HILLB,PHENOCAM_LENS1,PHENOCAM_LENS,14/06/2016 17:00,15/11/2018 15:00,,1,5998561,IP:10.16.106.228
HILLB,PHENOCAM_LENS1,PHENOCAM_LENS,15/11/2018 15:00,,,2,5919382,Replaced by ET/PS during RM
HILLB,PHENOCAM_LENS2,PHENOCAM_LENS,14/06/2016 17:00,15/11/2018 15:00,,1,5388919,IP:10.16.106.228
HILLB,PHENOCAM_LENS2,PHENOCAM_LENS,15/11/2018 15:00,,,2,5920039,Replaced by ET/PS during RM
HILLB,PLUVIO_CHAIN,CHAIN,27/06/2018 09:30,15/11/2018 15:00,,1,387935,
HILLB,PLUVIO,PLUVIO_2,14/06/2016 17:00,,,3,387941,1.50.3
HILLB,PLUVIO,PLUVIO_2,15/11/2018 16:00,21/08/2019 00:00,,2,387938,Replaced by ET/PS during RM. Removed during PPM during to noisy data
HILLB,PLUVIO,PLUVIO_2,21/08/2019 00:00,,,1,,Installed during CSL PPM
HILLB,STP,STP,14/06/2016 17:00,,,1,2265,
HILLB,TDT1,TDT,14/06/2016 17:00,,,1,6504104,
HILLB,TDT10,TDT,14/06/2016 17:00,,,1,6504142,
HILLB,TDT2,TDT,14/06/2016 17:00,,,1,6504126,
HILLB,TDT3,TDT,14/06/2016 17:00,,,1,6504102,
HILLB,TDT4,TDT,14/06/2016 17:00,,,1,6504106,
HILLB,TDT5,TDT,14/06/2016 17:00,,,1,6504103,
HILLB,TDT6,TDT,14/06/2016 17:00,,,1,6504110,
HILLB,TDT7,TDT,14/06/2016 17:00,,,1,6504102,
HILLB,TDT8,TDT,14/06/2016 17:00,,,1,6504148,
HILLB,TDT9,TDT,14/06/2016 17:00,,,1,6504115,
HLACY,4CR,NR01,11/04/2018 00:00,06/05/2021 08:00,,1,2454,
HLACY,4CR,NR01,06/05/2021 08:00,,,2,2459,
HLACY,AWS_ANEM,WIND_ANEM,11/04/2018 00:00,,2.6,1,160817,
HLACY,CRNS,CRNS_2000,11/04/2018 00:00,,,1,HI-TC02-1085,
HLACY,ETHERNET,ETHERNET_115,11/04/2018 00:00,,,1,4839,PPM on 29/07/2020 noted as NL116 with SN4839
HLACY,HFP1,HFP01SC,11/04/2018 00:00,,,1,4013,
HLACY,HFP2,HFP01SC,11/04/2018 00:00,,,1,4020,
HLACY,HMP,HMP155,11/04/2018 00:00,12/08/2019 10:00,,1,M2920117,
HLACY,HMP,HMP155,12/08/2019 11:30,06/05/2021 08:00,,3,M2920123,
HLACY,HMP,HMP155,29/07/2020 00:00,29/07/2020 00:00,,2,L1320543,Swapped during CSL PPM
HLACY,HMP,HMP155,06/05/2021 08:00,,,5,L1320543,
HLACY,HMP,HMP155,24/05/2022 09:00,24/05/2022 09:00,,4,P4010599,
HLACY,LOGGER,LOGGER_CR3000,11/04/2018 00:00,06/05/2021 08:00,,1,9889,Cal date 16/10/2014
HLACY,LOGGER,LOGGER_CR3000,06/05/2021 08:00,,,2,9570,Cal date: 07/01/21
HLACY,MODEM,MODEM_LX60,06/05/2021 08:00,06/05/2021 08:00,,1,8.67E+15,2.02E+11
HLACY,MODEM,MODEM_PRO,11/04/2018 00:00,,,1,WP85140036021003,IMEI: 356048090139527
HLACY,PA,CS106,11/04/2018 00:00,29/07/2020 00:00,,1,K442009,
HLACY,PA,CS106,29/07/2020 00:00,24/05/2022 09:00,,2,L1710068,
HLACY,PA,CS106,24/05/2022 09:00,,,3,T4710742,
HLACY,PHENOCAM,PHENOCAM,11/04/2018 00:00,,,1,10.20.170.252,S15
HLACY,PHENOCAM_LENS1,PHENOCAM_LENS,11/04/2018 00:00,,,1,5385942,IP 10.20.170.252
HLACY,PHENOCAM_LENS2,PHENOCAM_LENS,11/04/2018 00:00,,,1,5375246,IP 10.20.170.252
HLACY,PLUVIO,PLUVIO_2,11/04/2018 00:00,,,1,368538,
HLACY,RAINE,RAINE,24/05/2022 09:00,,,1,881821.0049,Installed on PPM
HLACY,SI,SDMSI01,11/04/2018 00:00,,,1,E5892,
HLACY,STP,STP,11/04/2018 00:00,,,1,2253,
HLACY,TDT1,TDT,11/04/2018 00:00,,,1,6504174,
HLACY,TDT10,TDT,11/04/2018 00:00,,,1,6503231,
HLACY,TDT2,TDT,11/04/2018 00:00,,,1,6503216,
HLACY,TDT3,TDT,11/04/2018 00:00,,,1,6504146,
HLACY,TDT4,TDT,11/04/2018 00:00,,,1,6503256,
HLACY,TDT5,TDT,11/04/2018 00:00,,,1,6504170,
HLACY,TDT6,TDT,11/04/2018 00:00,,,1,6504157,
HLACY,TDT7,TDT,11/04/2018 00:00,,,1,6504171,
HLACY,TDT8,TDT,11/04/2018 00:00,,,1,6503201,
HLACY,TDT9,TDT,11/04/2018 00:00,,,1,6503272,
HOLLN,4CR,NR01,25/03/2014 12:30,19/12/2018 12:00,,1,2131,
HOLLN,4CR,NR01,19/12/2018 12:00,20/05/2021 09:00,,4,2127,PPM
HOLLN,4CR,NR01,22/05/2019 00:00,22/05/2019 00:00,,2,2758,Replaced during CSL PPM
HOLLN,4CR,NR01,03/12/2019 00:00,03/12/2019 00:00,,3,2897,Replaced during RM as NR01 had erratic readings. Poss O/S issue
HOLLN,4CR,NR01,20/05/2021 09:00,,,5,2457,Installed during CSL PPM
HOLLN,HYGROCLIP,HYGROCLIP_HC2,25/03/2014 12:30,12/12/2018 11:00,,4,61018754,Replaced during CSL PPM
HOLLN,HYGROCLIP,HYGROCLIP_HC2,01/09/2015 12:00,19/12/2018 12:00,,1,14040022,
HOLLN,HYGROCLIP,HYGROCLIP_HC2,05/10/2016 12:00,19/12/2018 12:00,,5,20269320,Replaced by Mike Clarke during RM
HOLLN,HYGROCLIP,HYGROCLIP_HC2,01/08/2017 14:30,20/05/2021 09:00,,8,20135095,Installed during CSL PPM
HOLLN,HYGROCLIP,HYGROCLIP_HC2A,12/12/2018 11:10,20/05/2021 09:00,,3,14080006,PPPM
HOLLN,HYGROCLIP,HYGROCLIP_HC2A,19/12/2018 12:00,06/08/2020 00:00,,7,20134991,Replaced during CSL PPM
HOLLN,HYGROCLIP,HYGROCLIP_HC2A,03/12/2019 00:00,01/09/2015 12:00,,1,61019670,
HOLLN,HYGROCLIP,HYGROCLIP_HC2A,06/08/2020 00:00,05/10/2016 12:00,,2,61212106,Replaced during CSL PPM
HOLLN,HYGROCLIP,HYGROCLIP_HC2A,20/05/2021 09:00,01/08/2017 12:00,,3,61222971,Replaced during CSL PPM
HOLLN,AWS,METPAK,25/03/2014 12:30,03/12/2019 00:00,,6,20269328,Replaced during CSL PPM
HOLLN,AWS,METPAK,19/12/2018 12:00,03/05/2022 12:00,,9,20135087,Installed during CSL PPM
HOLLN,AWS,METPAK,03/12/2019 00:00,03/05/2022 12:00,,4,14080003,
HOLLN,AWS,METPAK,20/05/2021 09:00,03/12/2019 00:00,,2,14070001,
HOLLN,AWS_ANEM,WIND_ANEM,25/03/2014 12:30,20/05/2021 09:00,2.6,1,140321,
HOLLN,AWS_ANEM,WIND_ANEM,20/05/2021 09:00,,2.6,2,140302,
HOLLN,CRNS,CRNS_2000,25/03/2014 12:30,,,1,HI-TC02-2010,
HOLLN,CRNS2,CRNS_2000,19/12/2018 12:00,05/11/2019 12:30,,1,HI-TC02-2011,Installed during CSL PPM
HOLLN,CRNS2,CRNS_2000,27/06/2022 12:00,,,2,HI-TC02-1081,Installed as a secondary CRS due to issues with VWC from primary CRS
HOLLN,ETHERNET,ETHERNET_115,25/03/2014 12:30,23/05/2019 10:00,,1,12017,
HOLLN,ETHERNET,ETHERNET_116,23/05/2019 10:00,,,1,6281,
HOLLN,HFP1,HFP01SC,25/03/2014 12:30,,,1,3675,
HOLLN,HFP2,HFP01SC,25/03/2014 12:30,,,1,3668,
HOLLN,HMP,HMP155,03/05/2022 12:00,,,1,T4721225,PPM upgrade
HOLLN,IMKO1,IMKO,25/03/2014 12:30,05/04/2016 12:00,,1,36155,Removed due to flooded access tube
HOLLN,IMKO2,IMKO,25/03/2014 12:30,05/04/2016 12:00,,1,36156,Removed due to flooded access tube
HOLLN,IMKO3,IMKO,25/03/2014 12:30,05/04/2016 12:00,,1,36157,Removed due to flooded access tube
HOLLN,LOGGER,LOGGER_CR3000,25/03/2014 12:30,23/05/2019 10:00,,1,8803,
HOLLN,LOGGER,LOGGER_CR3000,23/05/2019 10:00,20/05/2021 09:00,,2,12803,
HOLLN,LOGGER,LOGGER_CR3000,20/05/2021 09:00,,,3,13072,Cal date 15/04/21
HOLLN,MODEM,MODEM,25/03/2014 12:30,05/11/2019 12:00,,1,3.60E+14,
HOLLN,MODEM,MODEM_LX60,20/05/2021 09:00,20/05/2021 09:00,,1,8.67E+14,
HOLLN,MODEM,MODEM_PRO,05/11/2019 12:00,,,1,WP90140031021003,IMEI: 356048090144709
HOLLN,PA,CS106,03/05/2022 12:00,,,1,T4650757,PPM upgrade
HOLLN,PHENOCAM,PHENOCAM,19/12/2018 12:00,,,1,10.12.112.239,s14
HOLLN,PHENOCAM_LENS1,PHENOCAM_LENS,25/03/2014 12:30,19/12/2018 12:00,,1,,IP:10.12.108.168
HOLLN,PHENOCAM_LENS1,PHENOCAM_LENS,19/12/2018 12:00,,,2,5918583,IP:10.12.112.239 Replaced during CSL PPM
HOLLN,PHENOCAM_LENS2,PHENOCAM_LENS,25/03/2014 12:30,19/12/2018 12:00,,1,,IP:10.12.108.168
HOLLN,PHENOCAM_LENS2,PHENOCAM_LENS,19/12/2018 12:00,,,2,5914348,IP:10.12.112.239 Replaced during CSL PPM
HOLLN,PLUVIO,PLUVIO_2,25/03/2014 12:30,,,1,340992,
HOLLN,RAINE,RAINE,27/06/2022 12:00,,,1,881821.0032,
HOLLN,RH_INT,RH_INT,27/06/2022 12:00,,,1,,
HOLLN,STP,STP,25/03/2014 12:30,,,1,2222,
HOLLN,TDT1,TDT,25/03/2014 12:30,19/12/2018 12:00,,1,6501086,
HOLLN,TDT1,TDT,19/12/2018 12:00,,,2,6503277,Replaced during CSL PPM
HOLLN,TDT2,TDT,25/03/2014 12:30,19/12/2018 12:00,,1,6501084,
HOLLN,TDT2,TDT,19/12/2018 12:00,,,2,6503280,Replaced during CSL PPM
HYBRY,4CR,NR01,16/08/2017 12:30,13/10/2020 00:00,,1,2315,Removed by CSL at PPM.
HYBRY,4CR,NR01,13/10/2020 00:00,30/08/2022 12:00,,3,2754,Removed due to damaged cables
HYBRY,4CR,NR01,08/06/2022 09:00,08/06/2022 09:00,,2,2316,Installed by CSL at PPM.
HYBRY,4CR,NR01,30/08/2022 12:00,,,4,2305,
HYBRY,AWS_ANEM,WIND_ANEM,16/08/2017 12:30,08/06/2022 09:00,2.6,1,160905,
HYBRY,AWS_ANEM,WIND_ANEM,08/06/2022 09:00,,2.6,2,140314,
HYBRY,CRNS,CRNS_2000,16/08/2017 12:30,,,1,HI-TC02-1088,
HYBRY,ETHERNET,ETHERNET_115,16/08/2017 12:30,10/10/2018 12:00,,1,13623,
HYBRY,ETHERNET,ETHERNET_115,10/10/2018 12:30,30/08/2022 12:00,,2,11043,Swapped by JT & AC during RM
HYBRY,ETHERNET,ETHERNET_115,30/08/2022 12:00,,,3,13623,
HYBRY,HFP1,HFP01SC,16/08/2017 12:30,30/08/2022 12:00,,1,4384,
HYBRY,HFP1,HFP01SC,30/08/2022 12:00,,,2,3234,
HYBRY,HFP2,HFP01SC,16/08/2017 12:30,30/08/2022 12:00,,1,4385,
HYBRY,HFP2,HFP01SC,30/08/2022 12:00,,,2,3235,
HYBRY,HMP,HMP155,16/08/2017 12:30,06/11/2018 13:00,,1,L1320543,
HYBRY,HMP,HMP155,06/11/2018 14:00,13/10/2020 00:00,,3,N5050079,PPM
HYBRY,HMP,HMP155,26/11/2019 00:00,26/11/2019 00:00,,2,M2920118,Swapped during CSL PPM
HYBRY,HMP,HMP155,27/05/2020 00:00,,,7,N5050079,
HYBRY,HMP,HMP155,13/10/2020 00:00,06/11/2020 00:00,,4,N5050076,Installed at 13/10/20 PPM
HYBRY,HMP,HMP155,06/11/2020 00:00,27/05/2020 00:00,,5,M2920122,nNstalled on PPM revisit
HYBRY,HMP,HMP155,08/06/2022 09:00,08/06/2022 09:00,,6,N5050074,Installed on PPM 2021
HYBRY,LOGGER,LOGGER_CR3000,16/08/2017 12:30,10/10/2018 12:00,,1,9893,
HYBRY,LOGGER,LOGGER_CR3000,10/10/2018 12:30,27/05/2021 09:00,,2,9766,Swapped by JT & AC during RM. Cal date 06/09/14
HYBRY,LOGGER,LOGGER_CR3000,27/05/2021 09:00,30/08/2022 12:00,,3,13007,Cal date 14/05/21
HYBRY,LOGGER,LOGGER_CR3000,30/08/2022 12:00,,,4,13582,Cal date 18/10/21
HYBRY,MODEM,MODEM_LX60,27/05/2021 09:00,27/05/2021 09:00,,1,8.67E+14,Barcode: 201612070020
HYBRY,MODEM,MODEM_LX60,30/08/2022 12:00,30/08/2022 12:00,,1,WP90140007011003,IMEI: 356048090146134 Replaced as full logger enclosure swapped
HYBRY,MODEM,MODEM_PRO,16/08/2017 12:30,,,2,WP92137357021003,IMEI: 356048090156067
HYBRY,PA,CS106,16/08/2017 12:30,26/11/2019 00:00,,1,K5050002,PPM
HYBRY,PA,CS106,26/11/2019 00:00,27/05/2021 09:00,,2,K4840006,"PPM, SN recorded on 13/10/20 PPM K4840006"
HYBRY,PA,CS106,27/05/2021 09:00,30/08/2022 12:00,,4,T4650721,Replaced as full logger enclosure swapped
HYBRY,PA,CS106,08/06/2022 09:00,08/06/2022 09:00,,3,K4840005,
HYBRY,PA,CS106,30/08/2022 12:00,,,5,L1930540,
HYBRY,PHENOCAM,PHENOCAM,01/01/2020 00:00,,,1,10.16.106.233,S15. First recorded at 13/10/20 PPM.
HYBRY,PHENOCAM_LENS1,PHENOCAM_LENS,16/08/2017 12:30,06/11/2018 13:00,,1,5411070,IP10.16.46.64
HYBRY,PHENOCAM_LENS1,PHENOCAM_LENS,06/11/2018 14:00,,,2,5998114,IP10.16.106.233
HYBRY,PHENOCAM_LENS2,PHENOCAM_LENS,16/08/2017 12:30,06/11/2018 13:00,,1,5411064,IP10.16.46.64
HYBRY,PHENOCAM_LENS2,PHENOCAM_LENS,06/11/2018 14:00,,,2,5376083,IP10.16.106.233
HYBRY,PLUVIO_CHAIN,CHAIN,08/08/2018 13:30,,,3,PL2L-451528,
HYBRY,PLUVIO,PLUVIO_2,16/08/2017 12:30,01/08/2019 09:30,,1,358381,"Swapped during RM - DR, AA"
HYBRY,PLUVIO,PLUVIO_2,01/08/2019 10:00,24/07/2020 12:20,,2,387939,Swapped during RM due to suspect data
HYBRY,PLUVIO,PLUVIO_2L,24/07/2020 12:34,,,1,,Installed by JT during RM
HYBRY,RH_INT,RH_INT,10/03/2022 10:00,,,1,,
HYBRY,SI,SDMSI01,16/08/2017 12:30,,,1,E5889,
HYBRY,STP,STP,16/08/2017 12:30,30/08/2022 12:00,,1,2254,
HYBRY,STP,STP,30/08/2022 12:00,,,2,2213,
HYBRY,TDT1,TDT,16/08/2017 12:30,30/08/2022 12:00,,1,6503211,
HYBRY,TDT1,TDT,30/08/2022 12:00,,,2,6503326,
HYBRY,TDT10,TDT,16/08/2017 12:30,,,1,6504179,Could not be installed at 50cm due to chalk. Installed at 5cm.
HYBRY,TDT2,TDT,16/08/2017 12:30,30/08/2022 12:00,,1,6503257,
HYBRY,TDT2,TDT,30/08/2022 12:00,,,2,6503310,
HYBRY,TDT3,TDT,16/08/2017 12:30,,,1,6503228,
HYBRY,TDT4,TDT,16/08/2017 12:30,,,1,6503202,
HYBRY,TDT5,TDT,16/08/2017 12:30,,,1,6503222,
HYBRY,TDT6,TDT,16/08/2017 12:30,,,1,6503233,
HYBRY,TDT7,TDT,16/08/2017 12:30,,,1,6503260,
HYBRY,TDT8,TDT,16/08/2017 12:30,,,1,6503248,
HYBRY,TDT9,TDT,16/08/2017 12:30,,,1,6504186,Could not be installed at 50cm due to chalk. Installed at 5cm.
LIZRD,4CR,NR01,17/10/2014 12:00,06/12/2018 12:00,,1,2127,
LIZRD,4CR,NR01,06/12/2018 12:00,20/04/2021 12:00,,2,2755,Replaced during CSL PPM
LIZRD,4CR,NR01,20/04/2021 12:00,,,3,2145,
LIZRD,HYGROCLIP,HYGROCLIP_HC2,17/10/2014 12:00,28/04/2017 08:00,,1,61211922,
LIZRD,HYGROCLIP,HYGROCLIP_HC2,28/04/2017 08:00,06/12/2018 12:00,,2,61211941,
LIZRD,HYGROCLIP,HYGROCLIP_HC2A,06/12/2018 12:00,13/12/2019 10:00,,1,14040012,
LIZRD,HYGROCLIP,HYGROCLIP_HC2A,13/12/2019 12:00,13/12/2019 10:00,,3,20269332,Replaced during CSL PPM
LIZRD,HYGROCLIP,HYGROCLIP_HC2A,27/08/2020 00:00,28/04/2021 09:00,,2,14080002,Replaced during CSL PPM
LIZRD,HYGROCLIP,HYGROCLIP_HC2A,20/04/2021 12:00,27/08/2020 00:00,,4,20269164,Replaced during CSL PPM
LIZRD,AWS,METPAK,17/10/2014 12:00,21/02/2022 11:00,,3,19060009,
LIZRD,AWS,METPAK,13/12/2019 12:00,20/04/2021 12:00,,5,20135002,Installed during CSL PPM
LIZRD,AWS,METPAK,28/04/2021 09:00,,,6,20269327,
LIZRD,AWS_ANEM,WIND_ANEM,17/10/2014 12:00,25/05/2019 00:00,2.6,1,140305,
LIZRD,AWS_ANEM,WIND_ANEM,25/05/2019 00:00,,2.6,2,191205,Replaced mount for stainless steel unit as well
LIZRD,CRNS,CRNS_2000,17/10/2014 12:00,,,1,HI-TC02-2045,
LIZRD,ETHERNET,ETHERNET_115,17/10/2014 12:00,,,2,6365,Replaced during CSL PPM
LIZRD,ETHERNET,ETHERNET_116,13/12/2019 15:30,13/12/2019 15:00,,1,12099,
LIZRD,HFP1,HFP01SC,17/10/2014 12:00,,,1,3651,
LIZRD,HFP2,HFP01SC,17/10/2014 12:00,,,1,3652,
LIZRD,HMP,HMP155,21/02/2022 11:00,,,1,S5130134,
LIZRD,IMKO1,IMKO,17/10/2014 12:00,13/12/2019 10:00,,1,35871,Removed during CSL PPM
LIZRD,IMKO2,IMKO,17/10/2014 12:00,13/12/2019 10:00,,1,35872,Removed during CSL PPM
LIZRD,IMKO3,IMKO,17/10/2014 12:00,13/12/2019 10:00,,1,35873,Removed during CSL PPM
LIZRD,LOGGER,LOGGER_CR3000,17/10/2014 12:00,27/08/2020 00:00,,1,9027,Replaced during CSL PPM
LIZRD,LOGGER,LOGGER_CR3000,27/08/2020 00:00,20/04/2021 12:00,,2,8943,"Installed during CSL PPM, cal date 02/10/2019"
LIZRD,LOGGER,LOGGER_CR3000,20/04/2021 12:00,,,3,9505,Cal date: 05/11/20
LIZRD,MODEM,MODEM,17/10/2014 12:00,27/08/2020 00:00,,1,3.06E+11,Removed during ProRoute upgrade during PPM
LIZRD,MODEM,MODEM_LX60,20/04/2021 12:00,20/04/2021 12:00,,1,8.67E+14,Installed during CSL PPM
LIZRD,MODEM,MODEM_PRO,27/08/2020 00:00,,,1,WP85140276021003,IMEI: 356048090123299
LIZRD,PA,CS106,21/02/2022 11:00,,,1,T4740219,
LIZRD,PHENOCAM,PHENOCAM,06/12/2018 12:00,,,1,10.12.108.161,S14
LIZRD,PHENOCAM_LENS1,PHENOCAM_LENS,17/10/2014 12:00,06/12/2018 12:00,,1,5913544,IP:10.12.91.83
LIZRD,PHENOCAM_LENS1,PHENOCAM_LENS,06/12/2018 12:00,,,2,5915161,IP:10.12.108.161 Replaced during CSL PPM
LIZRD,PHENOCAM_LENS2,PHENOCAM_LENS,17/10/2014 12:00,06/12/2018 12:00,,1,5920763,IP:10.12.91.83
LIZRD,PHENOCAM_LENS2,PHENOCAM_LENS,06/12/2018 12:00,,,2,5915241,IP:10.12.108.161 Replaced during CSL PPM
LIZRD,PLUVIO_CHAIN,CHAIN,18/07/2018 14:30,,,1,341000,
LIZRD,PLUVIO,PLUVIO_2,17/10/2014 12:00,,,1,,
LIZRD,RH_INT,RH_INT,21/02/2022 12:00,,,1,,
LIZRD,SI,SDMSI01,17/10/2014 12:00,28/04/2021 09:00,,1,E3769,Removed due to failure
LIZRD,SI,SDMSI01,28/04/2021 09:00,,,2,E6267,
LIZRD,STP,STP,17/10/2014 12:00,,,1,2232,
LIZRD,TDT1,TDT,17/10/2014 12:00,,,1,6501126,
LIZRD,TDT2,TDT,17/10/2014 12:00,,,1,6501104,
LODTN,4CR,NR01,26/04/2016 15:00,23/04/2018 12:00,,1,2311,
LODTN,4CR,NR01,23/04/2018 12:00,28/04/2022 12:00,,2,2759,New NR01 installed during CSL PPM. Time of installation is approximate.
LODTN,4CR,NR01,28/04/2022 12:00,,,3,2946,
LODTN,AWS_ANEM,WIND_ANEM,26/04/2016 15:00,28/04/2022 12:00,2.6,1,160915,
LODTN,AWS_ANEM,WIND_ANEM,28/04/2022 12:00,,2.6,2,140805,
LODTN,CRNS,CRNS_2000,26/04/2016 15:00,24/03/2021 00:00,,1,HI-TC02-2047,removed due to bad connector
LODTN,CRNS,CRNS_2000,24/03/2021 00:00,25/02/2022 10:00,,2,HI-TC02-2055,installed on rm
LODTN,CRNS,CRNS_2000,16/04/2021 12:00,,,3,HI-TC02-2047,installed again on ppm
LODTN,ETHERNET,ETHERNET_115,26/04/2016 15:00,29/11/2017 10:30,,1,,
LODTN,ETHERNET,ETHERNET_115,29/11/2017 10:30,02/10/2019 08:00,,2,13331,
LODTN,ETHERNET,ETHERNET_115,02/10/2019 08:00,,,3,13330,
LODTN,HFP1,HFP01SC,26/04/2016 15:00,,,1,4377,
LODTN,HFP2,HFP01SC,26/04/2016 15:00,,,1,4379,
LODTN,HMP,HMP155,26/04/2016 15:00,23/04/2018 12:00,,1,L1320544,
LODTN,HMP,HMP155,23/04/2018 12:00,13/08/2019 10:00,,2,M2920126,New HMP155 installed during CSL PPM. Time of installation is approximate.
LODTN,HMP,HMP155,13/08/2019 10:30,29/10/2020 00:00,,3,L1320545,Swapped during CSL PPM
LODTN,HMP,HMP155,29/10/2020 00:00,28/04/2022 12:00,,5,S5130137,installed due to rm
LODTN,HMP,HMP155,24/03/2021 00:00,24/03/2021 00:00,,4,N5050075,removed due to noise issue
LODTN,HMP,HMP155,28/04/2022 12:00,,,6,T2650701,
LODTN,LOGGER,LOGGER_CR3000,26/04/2016 15:00,02/10/2019 08:00,,1,10258,
LODTN,LOGGER,LOGGER_CR3000,02/10/2019 08:00,16/04/2021 12:00,,2,9680,Cal date 12/06/2019
LODTN,LOGGER,LOGGER_CR3000,16/04/2021 12:00,28/04/2022 12:00,,3,9087,cal date Oct 2020
LODTN,LOGGER,LOGGER_CR3000,28/04/2022 12:00,,,4,10258,
LODTN,MODEM,MODEM_LX60,16/04/2021 12:00,16/04/2021 12:00,,1,8.64E+14,1.12E+11
LODTN,MODEM,MODEM_PRO,02/10/2019 08:00,,,1,WP90140165021003,IMEI: 356048090143024
LODTN,PA,CS106,26/04/2016 15:00,13/08/2019 10:00,,1,L1710069,
LODTN,PA,CS106,13/08/2019 10:30,29/10/2020 00:00,,2,P0710631,Swapped during CSL PPM
LODTN,PA,CS106,29/10/2020 00:00,,,3,L1520472,
LODTN,PHENOCAM,PHENOCAM,26/04/2016 00:00,,,1,10.16.106.73,S15. First noted at 29/10/2020 PPM
LODTN,PHENOCAM_LENS1,PHENOCAM_LENS,26/04/2016 15:00,,,1,5393108,IP:10.16.106.73. Installed in MKll enclosure after PPM on 23/04/2018
LODTN,PHENOCAM_LENS2,PHENOCAM_LENS,26/04/2016 15:00,,,1,5375137,IP:10.16.106.73. Installed in MKll enclosure after PPM on 23/04/2018
LODTN,PLUVIO_CHAIN,CHAIN,23/04/2018 12:00,18/06/2020 12:17,,1,387936,Removed due to false measurements
LODTN,PLUVIO,PLUVIO_2,26/04/2016 15:00,,,2,PL2L-451661,
LODTN,PLUVIO,PLUVIO_2L,18/06/2020 16:00,,,1,,Installed during CSL PPM
LODTN,RAINE,RAINE,25/02/2022 10:00,,,1,881821.0047,Installed by DR
LODTN,RH_INT,RH_INT,25/02/2022 12:00,,,1,,
LODTN,SI,SDMSI01,,,,1,E6120,First recorded at 29/10/2020 PPM
LODTN,STP,STP,26/04/2016 15:00,,,1,2263,
LODTN,TDT1,TDT,26/04/2016 15:00,28/04/2022 12:00,,1,6504072,
LODTN,TDT1,TDT,28/04/2022 12:00,,,2,6503297,
LODTN,TDT10,TDT,26/04/2016 15:00,,,1,6504054,
LODTN,TDT2,TDT,26/04/2016 15:00,,,1,6504060,
LODTN,TDT3,TDT,26/04/2016 15:00,,,1,6504055,
LODTN,TDT4,TDT,26/04/2016 15:00,,,1,6504077,
LODTN,TDT5,TDT,26/04/2016 15:00,,,1,6504056,
LODTN,TDT6,TDT,26/04/2016 15:00,,,1,6504061,
LODTN,TDT7,TDT,26/04/2016 15:00,,,1,6504064,
LODTN,TDT8,TDT,26/04/2016 15:00,,,1,6504063,
LODTN,TDT9,TDT,26/04/2016 15:00,,,1,6504074,
LULLN,4CR,NR01,16/12/2014 15:30,26/10/2018 08:30,,1,2142,
LULLN,4CR,NR01,26/10/2018 10:30,16/06/2020 11:00,,2,2305,Removed due to jump in LWin readings after last PPM
LULLN,4CR,NR01,16/06/2020 11:00,,,4,2312,
LULLN,4CR,NR01,22/07/2021 09:00,22/07/2021 09:00,,3,2946,
LULLN,HYGROCLIP,HYGROCLIP_HC2,16/12/2014 15:30,16/03/2016 12:00,,1,14080008,
LULLN,HYGROCLIP,HYGROCLIP_HC2,26/01/2016 09:30,19/08/2020 00:00,,6,20134982,"PPM.  Unknown end date, following HC 20269337 replaced by CSL at 2020 PPM."
LULLN,HYGROCLIP,HYGROCLIP_HC2,10/06/2016 12:00,19/08/2020 00:00,,2,15190013,"Replaced by DR due to fault. Unknown end date, following MetPak 14040013 replaced by CSL at 2020 PPM."
LULLN,HYGROCLIP,HYGROCLIP_HC2,22/03/2017 11:30,19/08/2020 00:00,,3,14040013,"Unknown start date. Install not logged in db or issue tracker, first noted when removed by CSL at 2020 PPM."
LULLN,HYGROCLIP,HYGROCLIP_HC2,22/11/2019 00:00,25/08/2022 00:00,,4,14040019,Installed by CSL at 2020 PPM
LULLN,HYGROCLIP,HYGROCLIP_HC2,,19/08/2020 00:00,,7,20269337,"Unknown start date, first recorded when removed by CSL at 2020 PPM."
LULLN,HYGROCLIP,HYGROCLIP_HC2A,26/10/2018 10:00,22/07/2021 09:00,,8,20134982,Installed by CSL at 2020 PPM
LULLN,HYGROCLIP,HYGROCLIP_HC2A,19/08/2020 00:00,26/01/2016 09:00,,1,61019117,
LULLN,HYGROCLIP,HYGROCLIP_HC2A,22/07/2021 09:00,10/06/2016 12:00,,2,61212089,Replaced during CSL PPM
LULLN,AWS,METPAK,16/12/2014 15:30,22/03/2017 09:00,,3,61223037,
LULLN,AWS,METPAK,16/03/2016 12:00,26/10/2018 09:00,,4,61019521,Replaced during CSL PPM
LULLN,AWS,METPAK,19/08/2020 00:00,22/11/2019 00:00,,5,20269344,Replaced during CSL PPM
LULLN,AWS,METPAK,,25/08/2022 00:00,,9,20269337,
LULLN,AWS_ANEM,WIND_ANEM,16/12/2014 15:30,18/06/2020 00:00,2.6,1,140807,Removed by DR during RM
LULLN,AWS_ANEM,WIND_ANEM,18/06/2020 00:00,,2.6,2,193702,Installed by DR during RM.
LULLN,CRNS,CRNS_2000,16/12/2014 15:30,,,1,HI-TC02-2028,
LULLN,ETHERNET,ETHERNET_115,16/12/2014 15:30,07/03/2017 12:00,,1,13331,
LULLN,ETHERNET,ETHERNET_115,16/02/2017 18:00,,,2,13304,
LULLN,HFP1,HFP01SC,16/12/2014 15:30,26/10/2018 09:00,,1,3641,
LULLN,HFP1,HFP01SC,26/10/2018 11:00,,,2,4375,Replaced during CSL PPM
LULLN,HFP2,HFP01SC,16/12/2014 15:30,,,1,3642,
LULLN,HMP,HMP155,23/08/2022 00:00,,,1,T4721219,Installed at PPM. HMP155
LULLN,IMKO1,IMKO,16/12/2014 15:30,22/11/2019 00:00,,1,35865,Removed as part of PPM
LULLN,IMKO2,IMKO,16/12/2014 15:30,22/11/2019 00:00,,1,35866,Removed as part of PPM
LULLN,IMKO3,IMKO,16/12/2014 15:30,22/11/2019 00:00,,1,35867,Removed as part of PPM
LULLN,LOGGER,LOGGER_CR3000,16/12/2014 15:30,07/03/2016 12:00,,1,9764,
LULLN,LOGGER,LOGGER_CR3000,07/03/2016 12:00,19/08/2020 00:00,,2,9579,
LULLN,LOGGER,LOGGER_CR3000,19/08/2020 00:00,23/08/2022 00:00,,3,2164,Installed by CSL at PPM. Logger cal date 14/05/2020
LULLN,LOGGER,LOGGER_CR3000,23/08/2022 00:00,,,4,9470,Installed by CSL at PPM. Cal date 29/07/22
LULLN,MODEM,MODEM_LX60,20/05/2021 09:00,20/05/2021 09:00,,1,8.67E+14,Barcode: 201612070075
LULLN,MODEM,MODEM_PRO,01/06/2017 10:30,,,1,WP90140027021003  ,IMEI: 356048090145367
LULLN,PA,CS106,23/08/2022 00:00,,,1,R1030766,Installed at PPM. PTB110.
LULLN,PHENOCAM,PHENOCAM,26/10/2018 00:00,,,1,10.12.108.158,S14. IP recorded at 2020 PPM 192.168.1.1
LULLN,PHENOCAM_LENS1,PHENOCAM_LENS,16/12/2014 15:30,26/10/2018 12:00,,1,5919382,IP:10.12.108.153
LULLN,PHENOCAM_LENS1,PHENOCAM_LENS,26/10/2018 12:00,,,2,5913073,"IP:10.12.108.158, IP recorded at 2020 PPM 192.168.1.1"
LULLN,PHENOCAM_LENS2,PHENOCAM_LENS,16/12/2014 15:30,26/10/2018 12:00,,1,5920039,IP:10.12.108.153
LULLN,PHENOCAM_LENS2,PHENOCAM_LENS,26/10/2018 12:00,,,2,5920607,"IP:10.12.108.158, IP recorded at 2020 PPM 192.168.1.1"
LULLN,PLUVIO,PLUVIO_2,16/12/2014 15:30,10/10/2019 00:00,,1,340989,Noisy
LULLN,PLUVIO,PLUVIO_2,10/10/2019 00:00,,,3,PL2L-451662,
LULLN,PLUVIO,PLUVIO_2L,16/06/2020 09:30,16/06/2020 09:08,,2,387938,Removed due to false measurements
LULLN,RAINE,RAINE,23/08/2022 00:00,,,1,88181.0037,Installed at PPM. RainE
LULLN,SI,SDMSI01,19/08/2020 00:00,,,1,E3774,"Unknown start date, first recordedby CSL at PPM 19-AUG-20"
LULLN,STP,STP,16/12/2014 15:30,,,1,2216,
LULLN,TDT1,TDT,16/12/2014 15:30,23/08/2022 00:00,,1,6501057,
LULLN,TDT1,TDT,23/08/2022 00:00,,,2,6503205,
LULLN,TDT2,TDT,16/12/2014 15:30,23/08/2022 00:00,,1,6501077,
LULLN,TDT2,TDT,23/08/2022 00:00,,,2,6013223,
LULLN,,GPRS,16/12/2014 15:30,01/06/2017 10:30,,1,3.06E+11,
MOORH,4CR,NR01,04/12/2014 11:30,04/09/2019 00:00,,1,2132,Recovered for cal during PPM
MOORH,4CR,NR01,04/09/2019 00:00,16/06/2022 12:00,,2,2129,
MOORH,4CR,NR01,16/06/2022 12:00,,,3,2456,
MOORH,HYGROCLIP,HYGROCLIP_HC2,04/12/2014 11:30,14/07/2017 09:00,,1,61019037,
MOORH,HYGROCLIP,HYGROCLIP_HC2,14/07/2017 09:00,17/11/2017 11:00,,2,61019432,
MOORH,HYGROCLIP,HYGROCLIP_HC2A,17/11/2017 11:00,11/08/2020 00:00,,1,14040008,Replaced at PPM
MOORH,HYGROCLIP,HYGROCLIP_HC2A,15/08/2018 10:30,16/06/2022 12:00,,2,19360005,Installed at PPM
MOORH,HYGROCLIP,HYGROCLIP_HC2A,04/09/2019 00:00,13/05/2021 09:00,,6,20269341,Installed during PPM
MOORH,HYGROCLIP,HYGROCLIP_HC2A,11/08/2020 00:00,11/08/2020 00:00,,5,20134980,Replaced during PPM
MOORH,HYGROCLIP,HYGROCLIP_HC2A,13/05/2021 09:00,04/09/2019 00:00,,4,20134429,Replaced during CSL PPM
MOORH,AWS,METPAK,04/12/2014 11:30,15/08/2018 08:00,,3,20134982,
MOORH,AWS,METPAK,11/08/2020 00:00,16/06/2022 12:00,,7,20269332,
MOORH,AWS_ANEM,WIND_ANEM,04/12/2014 11:30,18/09/2019 00:00,2.6,1,140318,Replaced at 2nd PPM visit
MOORH,AWS_ANEM,WIND_ANEM,18/09/2019 00:00,13/05/2021 09:00,2.6,2,140301,Replaced at 2nd PPM visit
MOORH,AWS_ANEM,WIND_ANEM,13/05/2021 09:00,,2.6,3,160913,
MOORH,BATTERY,ROLLS_BATTERY,15/11/2022 00:00,,,2,S12-128AGM-RE,"Rolls x 3. Power issues, so replaced batteries as a precaution."
MOORH,CRNS,CRNS_2000,04/12/2014 11:30,,,1,HI-TC02-2012,
MOORH,CRNS_SNOW,SNOWFOX,04/12/2014 11:30,,,1,HI-TC01-1182,
MOORH,ETHERNET,ETHERNET_115,04/12/2014 11:30,,,2,13332,Installed at PPM
MOORH,ETHERNET,ETHERNET_115,11/08/2020 00:00,11/08/2020 00:00,,1,13332,Replaced at PPM
MOORH,HFP1,HFP01SC,04/12/2014 11:30,,,1,3627,
MOORH,HFP2,HFP01SC,04/12/2014 11:30,,,1,3628,
MOORH,HMP,HMP155,16/06/2022 12:00,,,1,T4731073,
MOORH,IMKO1,IMKO,04/12/2014 11:30,05/11/2015 11:00,,1,36158,Removed due to flooded access tube
MOORH,IMKO2,IMKO,04/12/2014 11:30,05/11/2015 11:00,,1,36159,Removed due to flooded access tube
MOORH,IMKO3,IMKO,04/12/2014 11:30,05/11/2015 11:00,,1,36160,Removed due to flooded access tube
MOORH,LOGGER,LOGGER_CR3000,04/12/2014 11:30,11/08/2020 00:00,,1,9706,Replaced at PPM
MOORH,LOGGER,LOGGER_CR3000,05/08/2020 08:50,05/08/2020 08:50,,2,9764,"installed at PPM, Cal date: 03/10/19 - Removed by DR due to faulty buttons"
MOORH,LOGGER,LOGGER_CR3000,11/08/2020 00:00,16/06/2022 12:00,,3,11249,
MOORH,LOGGER,LOGGER_CR3000,16/06/2022 12:00,,,4,12798,Cal date 11/11/21
MOORH,MODEM,MODEM_LX60,13/05/2021 09:00,13/05/2021 09:00,,1,8.64E+14,
MOORH,MODEM,MODEM_PRO,26/02/2020 12:00,,,1,WP90140069021003,IMEI: 356048090135905
MOORH,PA,CS106,16/06/2022 12:00,,,1,T4650718,
MOORH,PHENOCAM,PHENOCAM,15/08/2018 00:00,,,1,10.20.154.167,"S15, Installed at PPM"
MOORH,PHENOCAM_LENS1,PHENOCAM_LENS,04/12/2014 11:30,15/08/2018 08:00,,1,5913073,IP:10.12.108.158
MOORH,PHENOCAM_LENS1,PHENOCAM_LENS,15/08/2018 09:00,,,2,5401669,IP:10.20.154.167 Replaced during CSL PPM
MOORH,PHENOCAM_LENS2,PHENOCAM_LENS,04/12/2014 11:30,15/08/2018 08:00,,1,5920607,IP:10.12.108.158
MOORH,PHENOCAM_LENS2,PHENOCAM_LENS,15/08/2018 09:00,,,2,5401630,IP:10.20.154.167 Replaced during CSL PPM
MOORH,PLUVIO_CHAIN,CHAIN,15/08/2018 09:00,31/07/2019 00:00,,1,342250,Recovered due to noisy data
MOORH,PLUVIO,PLUVIO_2,04/12/2014 11:30,16/06/2022 09:00,,1,342191,New cal from OTT 1.50.3
MOORH,PLUVIO,PLUVIO_2,31/07/2019 00:00,,,1,,
MOORH,PLUVIO,PLUVIO_2,16/06/2022 09:00,,,2,432787,
MOORH,SNOW_DEPTH,SR05A,04/12/2014 11:30,15/08/2018 08:00,,2,5689,Swapped during CSL PPM visit
MOORH,SNOW_DEPTH,SR05A,19/01/2017 10:30,19/01/2017 10:30,,1,6077,
MOORH,SNOW_DEPTH,SR05A,15/08/2018 09:30,13/05/2021 09:00,,5,5689,Installed during PPM
MOORH,SNOW_DEPTH,SR05A,04/09/2019 00:00,11/08/2020 00:00,,4,11155,Removed during PPM
MOORH,SNOW_DEPTH,SR05A,11/08/2020 00:00,04/09/2019 00:00,,3,5692,Replaced during CSL PPM
MOORH,SNOW_DEPTH,SR05A,13/05/2021 09:00,16/06/2022 12:00,,6,6676,
MOORH,SNOW_DEPTH,SR05A,16/06/2022 12:00,15/11/2022 00:00,,7,6391,Cal date 11/11/21; 15-NOV-22 it was removed because it was drawing down the power from the batteries. Suspected sensor fault - sent back to CS.
MOORH,STP,STP,04/12/2014 11:30,,,1,2219,
MOORH,TDT1,TDT,04/12/2014 11:30,,,1,6501073,
MOORH,TDT2,TDT,04/12/2014 11:30,,,1,6501067,
MOORH,,GPRS,04/12/2014 11:30,26/02/2020 12:00,,1,3.06E+11,
MOREM,4CR,NR01,16/11/2018 12:30,09/07/2021 12:00,,1,2547,
MOREM,4CR,NR01,09/07/2021 12:00,08/09/2022 00:00,,2,2126,
MOREM,4CR,NR01,08/09/2022 00:00,,,3,3688,
MOREM,AWS_ANEM,WIND_ANEM,16/11/2018 12:30,,2.6,1,180904,
MOREM,CRNS,CRNS_2000,16/11/2018 12:30,,,1,HI-TC02-2051,
MOREM,ETHERNET,ETHERNET_116,16/11/2018 12:30,,,1,2739,
MOREM,HFP1,HFP01SC,16/11/2018 12:30,,,1,4666,
MOREM,HFP2,HFP01SC,16/11/2018 12:30,,,1,4667,
MOREM,HMP,HMP155,16/11/2018 12:30,13/09/2019 00:00,,1,M2920124,Replaced during PPM
MOREM,HMP,HMP155,13/09/2019 00:00,09/07/2021 12:00,,3,M2920118,
MOREM,HMP,HMP155,22/07/2020 00:00,22/07/2020 00:00,,2,L1330308,
MOREM,HMP,HMP155,09/07/2021 12:00,08/09/2022 00:00,,4,M2920120,
MOREM,HMP,HMP155,08/09/2022 00:00,,,5,M2920122,
MOREM,LOGGER,LOGGER_CR3000,16/11/2018 12:30,09/07/2021 12:00,,1,11011,Cal date 11/01/2016
MOREM,LOGGER,LOGGER_CR3000,09/07/2021 12:00,,,2,8943,Cal date 13/05/2021
MOREM,MODEM,MODEM_LX60,09/07/2021 12:00,09/07/2021 12:00,,1,8.67E+14,1.12E+11
MOREM,MODEM,MODEM_PRO,16/11/2018 12:30,,,1,WP90140050021003,IMEI: 356048090141333
MOREM,PA,CS106,16/11/2018 12:30,22/07/2020 00:00,,1,M1050345,
MOREM,PA,CS106,22/07/2020 00:00,,,2,K4840003,Installed at PPM
MOREM,PHENOCAM,PHENOCAM,16/11/2018 12:30,,,1,10.16.46.232,S14
MOREM,PHENOCAM_LENS1,PHENOCAM_LENS,16/11/2018 12:30,,,1,5984513,IP 10.16.46.232
MOREM,PHENOCAM_LENS2,PHENOCAM_LENS,16/11/2018 12:30,,,1,5368215,IP 10.16.46.232
MOREM,PLUVIO_CHAIN,CHAIN,16/11/2018 12:30,,,1,,
MOREM,PLUVIO,PLUVIO_2,16/11/2018 12:30,20/05/2019 00:00,,1,387941,
MOREM,PLUVIO,PLUVIO_2,20/05/2019 00:00,,,3,PL2L-451583,
MOREM,PLUVIO,PLUVIO_2L,19/06/2020 12:26,19/06/2020 11:13,,2,329002,Removed due to false measurements
MOREM,RAINE,RAINE,08/09/2022 00:00,,,1,881821.0048,
MOREM,SI,SDMSI01,16/11/2018 12:30,,,1,3722,
MOREM,STP,STP,16/11/2018 12:30,,,1,2272,
MOREM,TDT1,TDT,16/11/2018 12:30,,,1,6504120,
MOREM,TDT10,TDT,16/11/2018 12:30,,,1,6504188,
MOREM,TDT2,TDT,16/11/2018 12:30,,,1,6504127,
MOREM,TDT3,TDT,16/11/2018 12:30,,,1,6504130,
MOREM,TDT4,TDT,16/11/2018 12:30,,,1,6504129,
MOREM,TDT5,TDT,16/11/2018 12:30,,,1,6504133,
MOREM,TDT6,TDT,16/11/2018 12:30,,,1,6504192,
MOREM,TDT7,TDT,16/11/2018 12:30,,,1,6503217,
MOREM,TDT8,TDT,16/11/2018 12:30,,,1,6503250,
MOREM,TDT9,TDT,16/11/2018 12:30,,,1,6503234,
MORLY,4CR,NR01,14/05/2014 05:00,18/09/2018 08:00,,1,2159,
MORLY,4CR,NR01,18/09/2018 10:30,04/08/2020 00:00,,3,2519,Replaced during CSL PPM. Unknown end date - 2131 already installed at 04-AUG-2020 PPM.
MORLY,4CR,NR01,24/09/2019 11:00,18/05/2022 00:00,,4,2131,"Unknown start date. Already installed at 04-AUG-2020 PPM, confirmed by CSL and photos."
MORLY,4CR,NR01,04/08/2020 00:00,24/09/2019 07:00,,2,2319,Replaced during CSL PPM
MORLY,4CR,NR01,18/05/2022 00:00,,,5,2149,
MORLY,HYGROCLIP,HYGROCLIP_HC2A,27/03/2018 12:00,24/09/2019 07:00,,1,14040024,
MORLY,HYGROCLIP,HYGROCLIP_HC2A,18/09/2018 10:30,18/09/2018 08:00,,2,20135066,
MORLY,HYGROCLIP,HYGROCLIP_HC2A,24/09/2019 11:00,27/04/2021 12:00,,2,19060001,Replaced during CSL PPM
MORLY,HYGROCLIP,HYGROCLIP_HC2A,04/08/2020 00:00,04/08/2020 00:00,,4,20064940,Replaced during CSL PPM
MORLY,HYGROCLIP,HYGROCLIP_HC2A,27/04/2021 12:00,27/04/2021 12:00,,5,20134977,
MORLY,AWS,METPAK,14/05/2014 05:00,24/09/2019 07:00,,3,20135000,Replaced during CSL PPM
MORLY,AWS,METPAK,24/09/2019 11:00,18/05/2022 00:00,,3,15190011,
MORLY,AWS,METPAK,27/04/2021 12:00,18/05/2022 00:00,,6,20134990,
MORLY,AWS_ANEM,WIND_ANEM,14/05/2014 05:00,24/09/2019 07:00,2.6,1,140806,
MORLY,AWS_ANEM,WIND_ANEM,24/09/2019 11:00,,2.6,2,140403,Replaced during CSL PPM
MORLY,CRNS,CRNS_2000,14/05/2014 05:00,,,1,HI-TC02-2019,SN recorded at 04-AUG-2020 PPM
MORLY,ETHERNET,ETHERNET_115,14/05/2014 05:00,,,1,11878,
MORLY,HFP1,HFP01SC,14/05/2014 05:00,,,1,3608,
MORLY,HFP2,HFP01SC,14/05/2014 05:00,,,1,3683,
MORLY,HMP,HMP155,18/05/2022 00:00,,,11,T4750904,
MORLY,IMKO1,IMKO,14/05/2014 05:00,24/09/2019 11:00,,1,36382,Removed during CSL PPM
MORLY,IMKO2,IMKO,14/05/2014 05:00,24/09/2019 11:00,,1,36383,Removed during CSL PPM
MORLY,IMKO3,IMKO,14/05/2014 05:00,24/09/2019 11:00,,1,36384,Removed during CSL PPM
MORLY,LOGGER,LOGGER_CR3000,14/05/2014 05:00,27/04/2021 12:00,,2,12865,Replaced during CSL PPM. Cal date 11/01/2019
MORLY,LOGGER,LOGGER_CR3000,24/09/2019 11:00,24/09/2019 07:00,,1,8892,
MORLY,LOGGER,LOGGER_CR3000,27/04/2021 12:00,,,3,9770,Cal date: 02/12/20
MORLY,MODEM,MODEM_LX60,27/04/2021 12:00,27/04/2021 12:00,,1,8.67E+14,2.02E+11
MORLY,MODEM,MODEM_PRO,31/08/2017 10:30,,,1,WP90140076011003,IMEI: 356048090135855
MORLY,PA,CS106,18/05/2022 00:00,,,1,T4740223,
MORLY,PHENOCAM,PHENOCAM,18/09/2018 10:30,,,1,10.18.153.191,S15
MORLY,PHENOCAM_LENS1,PHENOCAM_LENS,14/05/2014 05:00,18/09/2018 08:00,,1,5918273,
MORLY,PHENOCAM_LENS1,PHENOCAM_LENS,18/09/2018 10:30,,,2,5368385,IP:10.18.153.191 Replaced during CSL PPM
MORLY,PHENOCAM_LENS2,PHENOCAM_LENS,14/05/2014 05:00,18/09/2018 08:00,,1,5911352,
MORLY,PHENOCAM_LENS2,PHENOCAM_LENS,18/09/2018 10:30,,,2,5410219,IP:10.18.153.191 Replaced during CSL PPM
MORLY,PLUVIO_CHAIN,CHAIN,19/07/2018 15:30,24/09/2019 07:00,,2,328998,
MORLY,PLUVIO,PLUVIO_2,14/05/2014 05:00,04/11/2016 10:00,,1,342255,
MORLY,PLUVIO,PLUVIO_2,04/11/2016 10:00,04/08/2020 00:00,,3,358376,Replaced during CSL PPM
MORLY,PLUVIO,PLUVIO_2,24/09/2019 11:00,29/06/2021 10:00,,1,451532,Removed due to  noisy precip
MORLY,PLUVIO,PLUVIO_2,04/08/2020 00:00,,,1,,
MORLY,PLUVIO,PLUVIO_2L,29/06/2021 10:00,,,2,PL2L-411343,
MORLY,SI,SDMSI01,04/08/2020 00:00,,,1,E3789,Unknown start date. First recorded by CSL at PPM 04-AUG-2020
MORLY,STP,STP,14/05/2014 05:00,,,1,2240,
MORLY,TDT1,TDT,14/05/2014 05:00,18/05/2022 00:00,,1,6501075,
MORLY,TDT1,TDT,18/05/2022 00:00,,,2,6013236,
MORLY,TDT2,TDT,14/05/2014 05:00,18/05/2022 00:00,,1,6501090,
MORLY,TDT2,TDT,18/05/2022 00:00,,,2,6501202,
NWYKE,4CR,NR01,16/10/2014 09:00,12/12/2019 09:00,,1,2143,
NWYKE,4CR,NR01,12/12/2019 14:30,,,2,2132,Replaced during CSL PPM
NWYKE,HYGROCLIP,HYGROCLIP_HC2,16/10/2014 09:00,18/03/2015 14:00,,1,61018959,
NWYKE,HYGROCLIP,HYGROCLIP_HC2,18/03/2015 14:00,01/01/2018 00:00,,2,61212104,False End Date - Sensor swapped by Deborah Beaumont
NWYKE,HYGROCLIP,HYGROCLIP_HC2,01/01/2018 00:00,12/12/2019 09:00,,1,14090002,
NWYKE,HYGROCLIP,HYGROCLIP_HC2A,21/09/2018 14:30,21/09/2018 14:00,,3,61019117,False Start Date - Removed by Deborah Beaumont
NWYKE,HYGROCLIP,HYGROCLIP_HC2A,05/12/2018 12:00,05/12/2018 12:00,,4,20269303,Installed by Deborah Beaumont
NWYKE,HYGROCLIP,HYGROCLIP_HC2A,12/12/2019 13:30,21/04/2021 12:00,,2,14080007,Replaced during CSL PPM
NWYKE,HYGROCLIP,HYGROCLIP_HC2A,28/08/2020 00:00,28/08/2020 00:00,,6,20135087,Replaced during CSL PPM
NWYKE,HYGROCLIP,HYGROCLIP_HC2A,21/04/2021 12:00,12/12/2019 09:00,,5,20269353,Replaced during CSL PPM
NWYKE,AWS,METPAK,16/10/2014 09:00,21/04/2021 12:00,,7,20269350,Installed by CSL at PPM
NWYKE,AWS,METPAK,12/12/2019 13:30,11/05/2022 09:00,,8,20064937,
NWYKE,AWS,METPAK,21/04/2021 12:00,11/05/2022 09:00,,3,14040013,
NWYKE,AWS_ANEM,WIND_ANEM,16/10/2014 09:00,05/12/2018 08:00,2.6,1,140404,
NWYKE,AWS_ANEM,WIND_ANEM,05/12/2018 09:30,11/05/2022 09:00,2.6,2,140304,Replaced during CSL PPM
NWYKE,AWS_ANEM,WIND_ANEM,11/05/2022 09:00,,2.6,3,144209,installed on PPM 2022
NWYKE,CRNS,CRNS_2000,16/10/2014 09:00,,,1,HI-TC02-2042,
NWYKE,ETHERNET,ETHERNET_115,16/10/2014 09:00,08/02/2017 12:00,,1,12096,
NWYKE,ETHERNET,ETHERNET_115,08/02/2017 12:00,,,2,12138,
NWYKE,HFP1,HFP01SC,16/10/2014 09:00,,,1,3680,
NWYKE,HFP2,HFP01SC,16/10/2014 09:00,,,1,3681,
NWYKE,HMP,HMP155,11/05/2022 09:00,,,1,T4721226,installed on PPM 2022
NWYKE,IMKO1,IMKO,16/10/2014 09:00,02/11/2015 07:30,,1,36376,Removed due to flooded access tube
NWYKE,IMKO2,IMKO,16/10/2014 09:00,02/11/2015 07:30,,1,36377,Removed due to flooded access tube
NWYKE,IMKO3,IMKO,16/10/2014 09:00,02/11/2015 07:30,,1,36378,Removed due to flooded access tube
NWYKE,LOGGER,LOGGER_CR3000,16/10/2014 09:00,28/08/2020 00:00,,1,9059,Removed by CSL at PPM
NWYKE,LOGGER,LOGGER_CR3000,28/08/2020 00:00,,,3,11256,Cal date: 05/08/2021
NWYKE,LOGGER,LOGGER_CR3000,11/05/2022 09:00,11/05/2022 09:00,,2,10260,Installed by CSL at PPM. Cal date 23/10/2019.
NWYKE,MODEM,MODEM,16/10/2014 00:00,,,2,WP90140121021003,
NWYKE,MODEM,MODEM_LX60,21/04/2021 12:00,02/02/2021 10:00,,1,3.60E+14,"COM110, SN first logged by CSL at 2020 PPM. Unknown start date, no log in issue tracker."
NWYKE,MODEM,MODEM_LX60,20/04/2022 10:00,21/04/2021 12:00,,2,8.94E+18,installed on RM
NWYKE,MODEM,MODEM_PRO,02/02/2021 10:00,20/04/2022 10:00,,1,WP85140132011003,IMEI: 356048090126441
NWYKE,PA,CS106,11/05/2022 09:00,,,1,T4650712,installed on PPM 2022
NWYKE,PHENOCAM,PHENOCAM,05/12/2018 00:00,,,1,10.12.108.124,S14
NWYKE,PHENOCAM_LENS1,PHENOCAM_LENS,16/10/2014 09:00,05/12/2018 12:00,,1,5920304,IP:10.12.91.71
NWYKE,PHENOCAM_LENS1,PHENOCAM_LENS,05/12/2018 12:00,,,2,5921978,IP:10.12.108.124 Replaced during CSL PPM
NWYKE,PHENOCAM_LENS2,PHENOCAM_LENS,16/10/2014 09:00,05/12/2018 12:00,,1,5913580,IP:10.12.91.71
NWYKE,PHENOCAM_LENS2,PHENOCAM_LENS,05/12/2018 12:00,,,2,5915072,IP:10.12.108.124 Replaced during CSL PPM
NWYKE,PLUVIO,PLUVIO_2,16/10/2014 09:00,19/10/2016 10:00,,1,340988,
NWYKE,PLUVIO,PLUVIO_2,19/10/2016 11:00,12/12/2019 09:00,,3,PL2L-451532,New insulated unit
NWYKE,PLUVIO,PLUVIO_2L,20/11/2019 00:00,28/08/2020 00:00,,4,PL2L-451506,Replaced during CSL PPM
NWYKE,PLUVIO,PLUVIO_2L,12/12/2019 14:30,20/11/2019 00:00,,2,340997,Noisy data
NWYKE,PLUVIO,PLUVIO_2L,28/08/2020 00:00,,,5,PL2L-451585,
NWYKE,SI,SDMSI01,16/10/2014 09:00,08/02/2017 10:30,,1,,
NWYKE,SI,SDMSI01,08/02/2017 10:30,,,2,E3773,Replaced during CSL PPM
NWYKE,STP,STP,16/10/2014 09:00,,,1,2225,
NWYKE,TDT1,TDT,16/10/2014 09:00,,,1,6501118,
NWYKE,TDT2,TDT,16/10/2014 09:00,,,1,6501124,
NWYKE,,GPRS,16/10/2014 09:00,01/01/2020 00:00,,1,3.06E+11,Unsure of removal date
PLYNL,4CR,NR01,05/11/2014 12:30,19/09/2019 08:30,,1,2133,
PLYNL,4CR,NR01,19/09/2019 13:00,,,2,2318,Replaced during CSL PPM
PLYNL,HYGROCLIP,HYGROCLIP_HC2,05/11/2014 12:30,19/09/2019 09:00,,1,14080007,
PLYNL,HYGROCLIP,HYGROCLIP_HC2,17/02/2017 15:30,11/08/2021 09:00,,2,19060004,Replaced during CSL PPM
PLYNL,HYGROCLIP,HYGROCLIP_HC2,17/10/2017 13:30,22/10/2020 00:00,,8,20064845,Replaced during CSL PPM
PLYNL,HYGROCLIP,HYGROCLIP_HC2A,16/11/2017 16:00,25/06/2018 12:00,,4,20134473,Replaced at 16:04 by ET on site visit
PLYNL,HYGROCLIP,HYGROCLIP_HC2A,25/06/2018 12:00,13/09/2018 12:00,,5,20134472,Replaced by MB during RM
PLYNL,HYGROCLIP,HYGROCLIP_HC2A,13/09/2018 12:00,,,6,20135079,Unknown end date
PLYNL,HYGROCLIP,HYGROCLIP_HC2A,19/09/2019 12:00,17/02/2017 15:30,,1,61212012,
PLYNL,HYGROCLIP,HYGROCLIP_HC2A,22/10/2020 00:00,17/10/2017 13:30,,2,61019118,Replaced during CSL PPM. Datetime of replacement is approximate as sensor faulty around the time of replacement.
PLYNL,HYGROCLIP,HYGROCLIP_HC2A,11/08/2021 09:00,16/11/2017 16:00,,3,61018824,Replaced by site host after sensor failure.
PLYNL,HYGROCLIP,HYGROCLIP_HC2A,14/01/2022 09:30,11/08/2021 09:00,,9,20134993,Cal date 17/08/20
PLYNL,HYGROCLIP,HYGROCLIP_HC2A,,14/01/2022 09:30,,10,20134429,Replaced during CSL PPM.
PLYNL,AWS,METPAK,05/11/2014 12:30,03/08/2022 09:00,,3,14040012,Replaced during CSL PPM.
PLYNL,AWS,METPAK,19/09/2019 12:00,19/09/2019 12:00,,7,20269333,Unknown start date
PLYNL,AWS,METPAK,11/08/2021 09:00,03/08/2022 09:00,,11,20269289,Replaced during area visit.
PLYNL,AWS_ANEM,WIND_ANEM,05/11/2014 12:30,16/11/2017 16:00,2.6,2,144206,
PLYNL,AWS_ANEM,WIND_ANEM,03/12/2015 12:00,03/12/2015 12:00,2.6,1,140804,
PLYNL,AWS_ANEM,WIND_ANEM,16/11/2017 16:00,22/10/2020 00:00,2.6,4,140809,Replaced during CSL PPM
PLYNL,AWS_ANEM,WIND_ANEM,19/09/2019 11:00,19/09/2019 09:00,2.6,3,140315,
PLYNL,AWS_ANEM,WIND_ANEM,22/10/2020 00:00,,2.6,5,193703,Installed by CSL at PPM
PLYNL,CRNS,CRNS_2000,05/11/2014 12:30,,,1,HI-TC02-2044,
PLYNL,CRNS_SNOW,SNOWFOX,05/11/2014 12:30,,,1,HI-TC02-2034,
PLYNL,ETHERNET,ETHERNET_115,05/11/2014 12:30,07/03/2016 15:30,,1,13305,THEFT
PLYNL,ETHERNET,ETHERNET_115,07/03/2016 15:30,01/05/2018 12:00,,3,13630,End time is approximate (date is correct)
PLYNL,ETHERNET,ETHERNET_115,12/12/2016 12:00,12/12/2016 12:00,,2,,
PLYNL,ETHERNET,ETHERNET_115,01/05/2018 12:00,,,4,13329,Start time is approximate (date is correct)
PLYNL,HFP1,HFP01SC,05/11/2014 12:30,,,1,3660,
PLYNL,HFP2,HFP01SC,05/11/2014 12:30,,,1,3661,
PLYNL,HMP,HMP155,03/08/2022 09:00,,,1,T4741137,
PLYNL,IMKO1,IMKO,05/11/2014 12:30,19/09/2019 11:00,,1,35889,Removed during CSL PPM
PLYNL,IMKO2,IMKO,05/11/2014 12:30,19/09/2019 11:00,,1,35890,Removed during CSL PPM
PLYNL,IMKO3,IMKO,05/11/2014 12:30,19/09/2019 11:00,,1,35891,Removed during CSL PPM
PLYNL,LOGGER,LOGGER_CR3000,05/11/2014 12:30,19/09/2019 09:00,,1,9575,
PLYNL,LOGGER,LOGGER_CR3000,19/09/2019 12:00,11/08/2021 09:00,,2,12798,Replaced during CSL PPM. Cal date 19/11/18
PLYNL,LOGGER,LOGGER_CR3000,11/08/2021 09:00,,,3,12977,Replaced during CSL PPM. Cal date 02/07/2021
PLYNL,MODEM,MODEM,05/11/2014 12:30,15/11/2019 10:00,,1,3.60E+14,
PLYNL,MODEM,MODEM_LX60,25/03/2021 11:00,25/03/2021 11:00,,1,8.64E+14,Installed with high gain antenna. 111909160067
PLYNL,MODEM,MODEM_PRO,15/11/2019 10:00,,,1,WP92137451011003,IMEI: 356048090132720
PLYNL,PA,CS106,03/08/2022 09:00,,,1,T4710747,
PLYNL,PHENOCAM_LENS1,PHENOCAM_LENS,05/11/2014 12:30,09/04/2016 00:00,,1,5914223,"IP:10.12.77.243, stolen"
PLYNL,PHENOCAM_LENS2,PHENOCAM_LENS,05/11/2014 12:30,09/04/2016 00:00,,1,5919424,"IP:10.12.77.243, stolen"
PLYNL,PLUVIO_CHAIN,CHAIN,13/09/2018 12:00,,,1,342254,
PLYNL,PLUVIO,PLUVIO_2,05/11/2014 12:30,,,1,,
PLYNL,SI,SDMSI01,16/02/2017 10:30,,,2,E3768,
PLYNL,SNOW_DEPTH,SR05A,05/11/2014 12:30,09/04/2016 09:30,,1,5693,
PLYNL,STP,STP,05/11/2014 12:30,,,1,2235,
PLYNL,TBR2,TBR,05/11/2014 12:30,,,1,,
PLYNL,TDT1,TDT,05/11/2014 12:30,,,1,6501110,
PLYNL,TDT2,TDT,05/11/2014 12:30,,,1,6501120,
PLYNL,,GPRS,05/11/2014 12:30,15/11/2019 10:00,,1,3.06E+11,
PORTN,4CR,NR01,18/12/2014 10:30,28/01/2020 00:00,,1,2154,"4 components= 3454, 3465,3425,3426. No infor from CSL on which is which"
PORTN,4CR,NR01,28/01/2020 00:00,,,2,2144,Installed by CSL at PPM. No info from CSL on components.
PORTN,HYGROCLIP,HYGROCLIP_HC2,18/12/2014 10:30,07/11/2018 10:30,,2,61019529,
PORTN,HYGROCLIP,HYGROCLIP_HC2,27/04/2017 08:30,27/04/2017 08:30,,1,61211924,
PORTN,HYGROCLIP,HYGROCLIP_HC2A,07/11/2018 11:30,06/07/2021 00:00,,1,14040027,
PORTN,HYGROCLIP,HYGROCLIP_HC2A,28/01/2020 00:00,06/07/2021 00:00,,4,20135066,Installed by CSL during PPM
PORTN,HYGROCLIP,HYGROCLIP_HC2A,06/07/2021 00:00,28/01/2020 00:00,,3,20269339,Replaced during CSL PPM
PORTN,AWS,METPAK,18/12/2014 11:00,08/11/2022 00:00,,5,20333096,Installed on PPM
PORTN,AWS,METPAK,06/07/2021 00:00,08/11/2022 00:00,,2,15190013,
PORTN,AWS_ANEM,WIND_ANEM,18/12/2014 10:30,08/08/2017 10:00,2.6,1,140802,
PORTN,AWS_ANEM,WIND_ANEM,08/08/2017 10:00,08/11/2022 00:00,2.6,2,144210,Replaced by BW on RM
PORTN,AWS_ANEM,WIND_ANEM,08/11/2022 00:00,,2.6,3,160818,Replaced by CSL during PPM
PORTN,CRNS,CRNS_2000,18/12/2014 11:00,,,1,HI-TC02-2029,
PORTN,ETHERNET,ETHERNET_115,18/12/2014 10:30,21/03/2019 00:00,,1,13330,
PORTN,ETHERNET,ETHERNET_115,21/03/2019 00:00,08/11/2022 14:13,,2,11042,
PORTN,ETHERNET,ETHERNET_115,08/11/2022 00:00,,,3,13329,Replaced during CSL PPM
PORTN,HFP1,HFP01SC,18/12/2014 10:30,,,2,3682,
PORTN,HFP1,HFP01SC,27/04/2017 08:30,27/04/2017 08:30,,1,3629,
PORTN,HFP2,HFP01SC,18/12/2014 10:30,,,1,3640,
PORTN,HMP,HMP155,08/11/2022 00:00,,,1,M2920123,Installed at PPM
PORTN,IMKO1,IMKO,18/12/2014 10:30,28/01/2020 00:00,,1,36364,
PORTN,IMKO2,IMKO,18/12/2014 10:30,28/01/2020 00:00,,1,36365,
PORTN,IMKO3,IMKO,18/12/2014 10:30,28/01/2020 00:00,,1,36366,
PORTN,LOGGER,LOGGER_CR3000,18/12/2014 10:30,21/03/2019 00:00,,1,9680,
PORTN,LOGGER,LOGGER_CR3000,21/03/2019 00:00,06/07/2021 00:00,,2,12799,
PORTN,LOGGER,LOGGER_CR3000,06/07/2021 00:00,,,4,12802,Replaced during CSL PPM
PORTN,LOGGER,LOGGER_CR3000,08/11/2022 00:00,08/11/2022 00:00,,3,8899,No cal date given
PORTN,MODEM,MODEM,18/12/2014 10:30,12/07/2017 12:00,,1,3.60E+14,
PORTN,MODEM,MODEM_LX60,06/07/2021 00:00,06/07/2021 00:00,,1,8.67E+14,
PORTN,MODEM,MODEM_LX60,08/11/2022 00:00,,,2,WP85140270011003,IMEI:356048090133702
PORTN,MODEM,MODEM_PRO,12/07/2017 12:00,08/11/2022 00:00,,1,WP90140084021003,IMEI: 356048090138388
PORTN,PA,CS106,08/11/2022 00:00,,,1,M1050343,Installed at PPM
PORTN,PHENOCAM,PHENOCAM,07/11/2018 12:00,,,1,10.16.58.159,assumed installed with lens
PORTN,PHENOCAM_LENS1,PHENOCAM_LENS,18/12/2014 10:30,07/11/2018 12:00,,1,5918276,IP:10.12.108.167 (changed on 12/08/2017 12:00 from 10.12.154.167)
PORTN,PHENOCAM_LENS1,PHENOCAM_LENS,07/11/2018 12:00,,,2,5392952,IP:10.16.58.159 Replaced during CSL PPM
PORTN,PHENOCAM_LENS2,PHENOCAM_LENS,18/12/2014 10:30,07/11/2018 12:00,,1,5918289,IP:10.12.108.167 (changed on 12/08/2017 12:00 from 10.12.154.167)
PORTN,PHENOCAM_LENS2,PHENOCAM_LENS,07/11/2018 12:00,,,2,5392946,IP:10.16.58.159 Replaced during CSL PPM
PORTN,PLUVIO,PLUVIO_2,18/12/2014 10:30,,,1,340993,
PORTN,STP,STP,18/12/2014 10:30,06/07/2021 00:00,,1,2242,
PORTN,STP,STP,06/07/2021 00:00,,,3,2275,
PORTN,STP,STP,08/11/2022 00:00,08/11/2022 00:00,,2,2276,
PORTN,TDT1,TDT,18/12/2014 10:30,,,1,6501055,
PORTN,TDT2,TDT,03/01/2015 08:00,07/11/2018 10:30,,3,6504140,
PORTN,TDT2,TDT,25/01/2016 13:30,27/04/2017 08:30,,2,6501288,
PORTN,TDT2,TDT,27/04/2017 08:30,25/01/2016 13:30,,1,6501066,
PORTN,TDT2,TDT,07/11/2018 11:30,06/07/2021 00:00,,4,6503274,Replaced during CSL PPM
PORTN,TDT2,TDT,06/07/2021 00:00,,,5,6503227,Installed on PPM
RDMER,4CR,NR01,10/02/2015 10:30,19/09/2018 08:00,,1,2129,
RDMER,HYGROCLIP,HYGROCLIP_HC2,10/02/2015 10:30,19/09/2018 08:00,,1,14040009,
RDMER,HYGROCLIP,HYGROCLIP_HC2,03/11/2016 14:30,03/11/2016 14:30,,1,61212085,
RDMER,HYGROCLIP,HYGROCLIP_HC2A,10/05/2018 12:00,10/05/2018 12:00,,2,61211945,Installed by CSL during PPM
RDMER,AWS,METPAK,10/02/2015 10:30,19/09/2018 08:00,,3,20134480,Installed by JT on site visit after fault with previous sensor.
RDMER,AWS_ANEM,WIND_ANEM,10/02/2015 10:30,19/09/2018 08:00,2.6,1,140401,
RDMER,CRNS,CRNS_2000,10/02/2015 10:30,19/09/2018 08:00,,1,HI-TC02-2011,
RDMER,ETHERNET,ETHERNET_115,10/02/2015 10:30,19/09/2018 08:00,,1,13473,
RDMER,HFP1,HFP01SC,10/02/2015 10:30,19/09/2018 08:00,,1,3654,
RDMER,HFP2,HFP01SC,10/02/2015 10:30,19/09/2018 08:00,,1,3657,
RDMER,IMKO1,IMKO,10/02/2015 10:30,19/09/2018 08:00,,1,35880,
RDMER,IMKO2,IMKO,10/02/2015 10:30,19/09/2018 08:00,,1,35881,
RDMER,IMKO3,IMKO,10/02/2015 10:30,19/09/2018 08:00,,1,35882,
RDMER,LOGGER,LOGGER_CR3000,10/02/2015 10:30,19/09/2018 08:00,,1,9476,
RDMER,MODEM,MODEM_PRO,03/08/2017 10:00,19/09/2018 08:00,,1,8.67E+14,
RDMER,PHENOCAM_LENS1,PHENOCAM_LENS,10/02/2015 10:30,19/09/2018 08:00,,1,5918531,IP:10.12.179.143
RDMER,PHENOCAM_LENS2,PHENOCAM_LENS,10/02/2015 10:30,19/09/2018 08:00,,1,5922292,IP:10.12.179.143
RDMER,PLUVIO_CHAIN,CHAIN,20/10/2017 08:36,19/09/2018 08:00,,1,340995,
RDMER,PLUVIO,PLUVIO_2,10/02/2015 10:30,19/09/2018 08:00,,1,,Stainless steel chain added to pluvio to improve wind interference problem
RDMER,STP,STP,10/02/2015 10:30,19/09/2018 08:00,,1,2241,
RDMER,TDT1,TDT,10/02/2015 10:30,19/09/2018 08:00,,1,6501061,
RDMER,TDT2,TDT,10/02/2015 10:30,19/09/2018 08:00,,1,6501051,
REDHL,4CR,NR01,18/02/2016 16:00,20/08/2020 08:30,,1,2128,Removed during CSL PPM
REDHL,4CR,NR01,20/08/2020 08:30,24/08/2022 00:00,,2,2143,Installed during CSL PPM
REDHL,4CR,NR01,24/08/2022 00:00,,,3,3686,Installed by CSL at PPM
REDHL,HYGROCLIP,HYGROCLIP_HC2,18/02/2016 16:00,20/08/2020 08:30,,4,20135125,Replaced during CSL PPM
REDHL,HYGROCLIP,HYGROCLIP_HC2,23/03/2017 09:30,20/08/2020 08:30,,1,15190011,Removed during CSL PPM
REDHL,HYGROCLIP,HYGROCLIP_HC2A,24/10/2018 14:30,24/08/2022 00:00,,2,140390002,Installed during CSL PPM
REDHL,HYGROCLIP,HYGROCLIP_HC2A,30/01/2020 00:00,24/08/2022 00:00,,5,20269339,Installed by CSL during PPM
REDHL,HYGROCLIP,HYGROCLIP_HC2A,20/08/2020 08:30,24/10/2018 09:00,,2,61212073,Replaced during CSL PPM
REDHL,AWS,METPAK,18/02/2016 16:00,30/01/2020 00:00,,3,20269337,Replaced during CSL PPM
REDHL,AWS,METPAK,20/08/2020 08:30,23/03/2017 09:00,,1,61222886,
REDHL,AWS_ANEM,WIND_ANEM,18/02/2016 16:00,20/07/2021 09:00,2.6,1,140320,
REDHL,AWS_ANEM,WIND_ANEM,20/07/2021 09:00,,2.6,1,140802,
REDHL,CRNS,CRNS_2000,18/02/2016 16:00,,,1,HI-TC02-2041,
REDHL,ETHERNET,ETHERNET_115,18/02/2016 16:00,29/09/2020 10:00,,2,14165,Replaced during CSL PPM
REDHL,ETHERNET,ETHERNET_115,24/10/2018 12:00,24/10/2018 12:00,,1,13805,
REDHL,ETHERNET,ETHERNET_116,29/09/2020 20:00,,,4,1111111,"Installed on RM, no record of serial number"
REDHL,ETHERNET,ETHERNET_116,11/08/2021 09:00,11/08/2021 09:00,,3,4727,installed on RM due to card error
REDHL,HFP1,HFP01SC,18/02/2016 16:00,,,1,3677,
REDHL,HFP2,HFP01SC,18/02/2016 16:00,,,1,3678,
REDHL,HMP,HMP155,20/07/2021 09:00,,,3,N5050074,HMP155
REDHL,HMP,HMP155,24/08/2022 00:00,24/08/2022 00:00,,2,20135120,
REDHL,IMKO1,IMKO,18/02/2016 16:00,30/01/2020 00:00,,1,36155,
REDHL,IMKO2,IMKO,18/02/2016 16:00,30/01/2020 00:00,,1,36156,
REDHL,IMKO3,IMKO,18/02/2016 16:00,30/01/2020 00:00,,1,36157,
REDHL,LOGGER,LOGGER_CR3000,18/02/2016 16:00,29/09/2020 10:00,,1,10065,cal date 09/01/2015
REDHL,LOGGER,LOGGER_CR3000,29/09/2020 10:00,,,3,9893,Installed on RM due to card error
REDHL,LOGGER,LOGGER_CR3000,11/08/2021 09:00,11/08/2021 09:00,,2,9897,Installed on RM due to card error
REDHL,MODEM,MODEM_LX60,20/07/2021 09:00,20/07/2021 09:00,,1,8.64E+14,
REDHL,MODEM,MODEM_PRO,04/10/2019 08:00,,,1,WP90140034021003,IMEI: 356048090146381
REDHL,PA,CS106,24/08/2022 00:00,,,1,M1050346,PTB110
REDHL,PHENOCAM,PHENOCAM,01/01/2020 00:00,,,1,10.12.106.248,
REDHL,PHENOCAM_LENS1,PHENOCAM_LENS,18/02/2016 16:00,,,1,5913254,IP:10.12.106.248
REDHL,PHENOCAM_LENS2,PHENOCAM_LENS,18/02/2016 16:00,,,1,5913491,IP:10.12.106.248
REDHL,PLUVIO_CHAIN,CHAIN,02/11/2017 12:30,04/10/2019 07:44,,1,358375,
REDHL,PLUVIO,PLUVIO_2,18/02/2016 16:00,,,3,329001,Installed by CSL during PPM
REDHL,PLUVIO,PLUVIO_2,04/10/2019 08:20,30/01/2020 00:00,,2,387940,Replaced by CSL during PPM
REDHL,PLUVIO,PLUVIO_2,30/01/2020 00:00,,,1,,
REDHL,STP,STP,18/02/2016 16:00,,,1,2215,
REDHL,TDT1,TDT,18/02/2016 16:00,,,1,6501290,
REDHL,TDT2,TDT,18/02/2016 16:00,,,1,6501261,
RISEH,4CR,NR01,04/05/2016 16:00,04/11/2020 00:00,,1,2460,
RISEH,4CR,NR01,04/11/2020 00:00,,,3,2759,
RISEH,4CR,NR01,12/07/2022 09:00,12/07/2022 09:00,,2,2311,Cal date 22/09/20. Installed by CSL at PPM.
RISEH,AWS_ANEM,WIND_ANEM,04/05/2016 16:00,12/07/2022 09:00,2.6,1,160818,
RISEH,AWS_ANEM,WIND_ANEM,12/07/2022 09:00,,2.6,2,160906,
RISEH,CRNS,CRNS_2000,04/05/2016 16:00,,,1,HI-TC02-2021,
RISEH,ETHERNET,ETHERNET_115,04/05/2016 16:00,06/08/2020 10:30,,2,6580,Removed during RM due to Ethernet failure.
RISEH,ETHERNET,ETHERNET_116,14/11/2019 12:00,,,3,4725,
RISEH,ETHERNET,ETHERNET_116,06/08/2020 10:30,14/11/2019 12:00,,1,14164,Removed during PPM revisit due to fault.
RISEH,HFP1,HFP01SC,04/05/2016 16:00,,,1,3962,
RISEH,HFP2,HFP01SC,04/05/2016 16:00,04/11/2020 00:00,,1,4025,Removed by CSL at 2020 PPM due to fault
RISEH,HFP2,HFP01SC,04/11/2020 00:00,,,2,36670,Installed by CSL at 2020 PPM. Incorrect SN
RISEH,HMP,HMP155,04/05/2016 16:00,17/08/2018 08:00,,1,L1320540,
RISEH,HMP,HMP155,10/10/2019 00:00,04/11/2020 00:00,,3,L1320542,
RISEH,HMP,HMP155,04/11/2020 00:00,,,6,L1320538,
RISEH,HMP,HMP155,14/04/2021 12:00,14/04/2021 12:00,,4,M2920120,
RISEH,HMP,HMP155,12/07/2022 09:00,12/07/2022 09:00,,5,N5050078,
RISEH,LOGGER,LOGGER_CR3000,04/05/2016 16:00,06/08/2020 10:30,,1,10259,Replaced due to comms issues
RISEH,LOGGER,LOGGER_CR3000,06/08/2020 10:30,04/11/2020 00:00,,2,12804,Cal date 19/11/2018
RISEH,LOGGER,LOGGER_CR3000,04/11/2020 00:00,,,4,9866,Cal date: 12/08/2021
RISEH,LOGGER,LOGGER_CR3000,12/07/2022 09:00,12/07/2022 09:00,,3,9059,"Cal date 11/09/2020, installed at PPM."
RISEH,MODEM,MODEM_LX60,14/04/2021 12:00,06/08/2020 10:40,,1,8.67E+14,Replaced due to comms issues
RISEH,MODEM,MODEM_PRO,10/07/2020 08:05,14/04/2021 12:00,,2,8.70E+14,1.12E+11
RISEH,MODEM,MODEM_PRO,06/08/2020 10:40,,,1,WP90140104011003,IMEI: 356048090143206
RISEH,PA,CS106,04/05/2016 16:00,10/10/2019 00:00,,1,L1710068,
RISEH,PA,CS106,10/10/2019 00:00,12/07/2022 09:00,,2,R1030766,
RISEH,PA,CS106,12/07/2022 09:00,,,3,T4650756,
RISEH,PHENOCAM,PHENOCAM,26/06/2019 00:00,,,1,10.11.115.44,"S14, first noted at 04/11/2020 PPM."
RISEH,PHENOCAM_LENS1,PHENOCAM_LENS,04/05/2016 16:00,17/08/2018 11:00,,1,5375252,IP:10.16.106.236
RISEH,PHENOCAM_LENS1,PHENOCAM_LENS,17/08/2018 11:00,26/06/2019 12:00,,2,5920807,IP:10.12.139.239 Replaced during CSL PPM
RISEH,PHENOCAM_LENS1,PHENOCAM_LENS,26/06/2019 12:00,,,3,5911352,IP:10.11.115.44 Replaced during RM
RISEH,PHENOCAM_LENS2,PHENOCAM_LENS,04/05/2016 16:00,26/06/2019 12:00,,2,5920820,IP:10.12.139.239 Replaced during CSL PPM
RISEH,PHENOCAM_LENS2,PHENOCAM_LENS,17/08/2018 11:00,17/08/2018 11:00,,1,5375146,IP:10.16.106.236
RISEH,PHENOCAM_LENS2,PHENOCAM_LENS,26/06/2019 12:00,,,3,5918273,IP:10.11.115.44 Replaced during RM
RISEH,PLUVIO,PLUVIO_2,04/05/2016 16:00,10/07/2020 08:50,,2,340988,Removed during RM due to suspected false measurements
RISEH,PLUVIO,PLUVIO_2,22/12/2016 12:00,22/12/2016 12:00,,1,387939,
RISEH,PLUVIO,PLUVIO_2L,10/07/2020 09:11,,,3,PL2L-451530,
RISEH,SI,SDMSI01,04/11/2020 00:00,,,1,E6116,First rcorded by CSL at 04/11/20 PPM.
RISEH,STP,STP,04/05/2016 16:00,,,1,2264,
RISEH,TDT1,TDT,04/05/2016 16:00,,,1,6504125,
RISEH,TDT10,TDT,04/05/2016 16:00,,,1,6504075,
RISEH,TDT2,TDT,04/05/2016 16:00,,,1,6504066,
RISEH,TDT3,TDT,04/05/2016 16:00,07/08/2019 10:00,,1,6504123,Replaced during RM due to cable damage
RISEH,TDT3,TDT,07/08/2019 12:00,,,2,6503303,
RISEH,TDT4,TDT,04/05/2016 16:00,,,1,6504065,
RISEH,TDT5,TDT,04/05/2016 16:00,,,1,6504058,
RISEH,TDT6,TDT,04/05/2016 16:00,,,1,6504124,
RISEH,TDT7,TDT,04/05/2016 16:00,,,1,6504076,
RISEH,TDT8,TDT,04/05/2016 16:00,,,1,6504070,
RISEH,TDT9,TDT,04/05/2016 16:00,,,1,6504122,
ROTHD,4CR,NR01,25/07/2014 08:00,03/10/2018 12:00,,1,2148,
ROTHD,4CR,NR01,03/10/2018 12:00,,,4,1940,Replaced during RM due to previous sensor LWin being smashed
ROTHD,4CR,NR01,23/10/2019 17:30,23/10/2019 08:00,,2,2147,Replaced during CSL PPM
ROTHD,4CR,NR01,05/08/2020 11:30,05/08/2020 11:01,,3,2159,Replaced during CSL PPM
ROTHD,HYGROCLIP,HYGROCLIP_HC2,25/07/2014 08:00,23/10/2019 08:00,,1,14080009,
ROTHD,HYGROCLIP,HYGROCLIP_HC2A,03/10/2018 12:00,03/10/2018 12:00,,1,61223044,
ROTHD,HYGROCLIP,HYGROCLIP_HC2A,23/10/2019 17:30,23/10/2019 08:00,,2,20135092,Replaced during CSL PPM
ROTHD,HYGROCLIP,HYGROCLIP_HC2A,28/10/2020 00:00,02/06/2021 09:30,,2,19100003,Replaced during CSL PPM
ROTHD,HYGROCLIP,HYGROCLIP_HC2A,02/06/2021 09:30,28/10/2020 00:00,,3,20064977,Replaced during CSL PPM
ROTHD,AWS,METPAK,25/07/2014 08:00,,,5,20269353,
ROTHD,AWS,METPAK,23/10/2019 17:30,10/08/2022 10:00,,3,14040011,
ROTHD,AWS,METPAK,02/06/2021 09:30,02/06/2021 09:30,,4,20064852,Installed by CSL at PPM
ROTHD,AWS_ANEM,WIND_ANEM,25/07/2014 08:00,23/10/2019 08:00,2.6,1,140808,
ROTHD,AWS_ANEM,WIND_ANEM,23/10/2019 17:30,,2.6,2,191202,Replaced during CSL PPM
ROTHD,CRNS,CRNS_2000,25/07/2014 08:00,,,1,HI-TC02-2043,
ROTHD,ETHERNET,ETHERNET_115,25/07/2014 08:00,,,1,12018,
ROTHD,HFP1,HFP01SC,25/07/2014 08:00,,,1,3646,
ROTHD,HFP2,HFP01SC,25/07/2014 08:00,,,1,3647,
ROTHD,HMP,HMP155,10/08/2022 10:00,,,1,T4741136,Replaced during CSL PPM
ROTHD,IMKO1,IMKO,25/07/2014 08:00,23/10/2019 09:00,,1,36379,Removed during CSL PPM
ROTHD,IMKO2,IMKO,25/07/2014 08:00,23/10/2019 09:00,,1,36380,Removed during CSL PPM
ROTHD,IMKO3,IMKO,25/07/2014 08:00,23/10/2019 09:00,,1,336381,Removed during CSL PPM
ROTHD,LOGGER,LOGGER_CR3000,25/07/2014 08:00,23/10/2019 08:00,,1,8969,
ROTHD,LOGGER,LOGGER_CR3000,23/10/2019 17:30,02/06/2021 09:30,,2,12977,Replaced during CSL PPM. Cal date 30/05/2019.
ROTHD,LOGGER,LOGGER_CR3000,02/06/2021 09:30,,,3,12865, Cal date 13/05/21
ROTHD,MODEM,MODEM,25/07/2014 08:00,23/10/2019 08:00,,1,3.60E+14,
ROTHD,MODEM,MODEM_LX60,02/06/2021 09:30,02/06/2021 09:30,,2,8.64E+14,Replaced during CSL PPM. 111909160078
ROTHD,MODEM,MODEM_PRO,23/10/2019 17:30,,,1,WP83820008021002,3.56E+14
ROTHD,PA,CS106,10/08/2022 10:00,,,1,T4650762,Replaced during CSL PPM
ROTHD,PHENOCAM,PHENOCAM,28/10/2020 00:00,,,1,10.12.140.139,S14. First recorded at 2020 PPM
ROTHD,PHENOCAM_LENS1,PHENOCAM_LENS,25/07/2014 08:00,03/10/2018 12:00,,1,5912089,IP:10.12.108.163
ROTHD,PHENOCAM_LENS1,PHENOCAM_LENS,03/10/2018 12:00,,,2,5922432,IP:10.12.140.139 Replaced during CSL PPM
ROTHD,PHENOCAM_LENS2,PHENOCAM_LENS,25/07/2014 08:00,03/10/2018 12:00,,1,5918314,IP:10.12.108.163
ROTHD,PHENOCAM_LENS2,PHENOCAM_LENS,03/10/2018 12:00,,,2,5920160,IP:10.12.140.139 Replaced during CSL PPM
ROTHD,PLUVIO_CHAIN,CHAIN,03/10/2018 12:00,11/04/2018 10:30,,1,342253,
ROTHD,PLUVIO,PLUVIO_2,25/07/2014 08:00,,,1,,Installed during CSL PPM
ROTHD,PLUVIO,PLUVIO_2,11/04/2018 10:30,,,2,358374,New pluvio bas installed in response to sensor reading NaN continuously.
ROTHD,SI,SDMSI01,28/10/2020 00:00,,,1,E3790,First recorded at PPM on 28/10/2020
ROTHD,STP,STP,25/07/2014 08:00,,,1,2227,
ROTHD,TDT1,TDT,25/07/2014 08:00,,,1,6501076,
ROTHD,TDT2,TDT,25/07/2014 08:00,,,1,6501088,
SHEEP,4CR,NR01,24/10/2013 14:30,05/12/2018 12:00,,1,1918,
SHEEP,4CR,NR01,05/12/2018 12:00,07/07/2021 09:00,,2,2756,Replaced during CSL PPM
SHEEP,4CR,NR01,07/07/2021 09:00,,,3,2128,PPM
SHEEP,HYGROCLIP,HYGROCLIP_HC2,24/08/2016 09:30,12/04/2017 11:30,,1,61222916,
SHEEP,HYGROCLIP,HYGROCLIP_HC2,12/04/2017 11:30,05/07/2018 11:00,,2,61218689,
SHEEP,HYGROCLIP,HYGROCLIP_HC2A,05/07/2018 11:00,05/12/2018 12:00,,1,20135125,HC2A-S3
SHEEP,HYGROCLIP,HYGROCLIP_HC2A,05/12/2018 12:00,11/02/2020 00:00,,2,20269340,Replaced during CSL PPM
SHEEP,AWS,METPAK,24/10/2013 14:30,11/02/2020 12:00,,1,13200012,Removed by CSL during PPM
SHEEP,AWS_ANEM,WIND_ANEM,24/10/2013 14:30,11/02/2020 00:00,2.6,1,13200043,Wind sonic (2D)
SHEEP,AWS_ANEM,WIND_ANEM,11/02/2020 00:00,,2.6,2,140810,Windmaster installed by CSL during PPM
SHEEP,CRNS,CRNS_1000B,24/10/2013 14:30,04/04/2016 15:00,,1,HI-TC01-1006,
SHEEP,CRNS,CRNS_1000B,04/04/2016 15:00,24/08/2016 08:30,,2,HI-TC01-1027,
SHEEP,CRNS,CRNS_1000B,24/08/2016 08:30,07/07/2021 09:00,,3,HI-TC01-1006,
SHEEP,CRNS_BARE,CRNS_1000B_BARE,24/10/2013 14:30,26/02/2015 13:00,,1,HI-TC01-1001,
SHEEP,CRNS2,CRNS_1000B,24/08/2016 08:30,14/12/2017 17:00,,1,HI-TC01-1027,
SHEEP,CRNS2,CRNS_2000,11/02/2020 15:00,07/07/2021 12:00,,2,HI-TC02-2049,CRS2000 Mod installed by CSL during PPM
SHEEP,ETHERNET,ETHERNET_115,24/10/2013 14:30,11/02/2020 00:00,,1,11045,Removed by CSL during PPM
SHEEP,ETHERNET,ETHERNET_116,11/02/2020 00:00,,,1,2740,Installed by CSL during PPM
SHEEP,HFP1,HFP01SC,24/10/2013 14:30,09/11/2017 13:30,,1,3229,
SHEEP,HFP1,HFP01SC,09/11/2017 13:30,,,2,3229,HFP reinstalled after being unearthed by rabbits. Moved to 0.03m east of original pit.
SHEEP,HFP2,HFP01SC,24/10/2013 14:30,,,1,3230,
SHEEP,HMP,HMP155,11/02/2020 12:00,27/10/2020 00:00,,1,P4010599,HMP155 installed by CSL during PPM
SHEEP,HMP,HMP155,27/10/2020 00:00,03/02/2021 16:00,,2,N5050077,"Installed badly by CSL, fell out of shield and removed."
SHEEP,HMP,HMP155,03/02/2021 16:00,13/09/2022 00:00,,3,P4020597,Installed on RM
SHEEP,HMP,HMP155,13/09/2022 00:00,,,4,L1320544 ,
SHEEP,IMKO1,IMKO,24/10/2013 14:30,11/02/2020 08:30,,1,35492,Removed during CSL PPM upgrade
SHEEP,IMKO2,IMKO,24/10/2013 14:30,11/02/2020 08:30,,1,35493,Removed during CSL PPM upgrade
SHEEP,IMKO3,IMKO,24/10/2013 14:30,11/02/2020 08:30,,1,35494,Removed during CSL PPM upgrade
SHEEP,LOGGER,LOGGER_CR3000,24/10/2013 14:30,11/02/2020 00:00,,1,8473,Removed by CSL during PPM
SHEEP,LOGGER,LOGGER_CR3000,11/02/2020 00:00,13/09/2022 00:00,,2,11010,Installed by CSL during PPM
SHEEP,LOGGER,LOGGER_CR3000,13/09/2022 00:00,,,3,12862,Cal date: 29/07/2022
SHEEP,MODEM,MODEM,24/10/2013 14:30,13/02/2020 00:00,,1,3.60E+14,Removed by CSL during PPM
SHEEP,MODEM,MODEM_LX60,07/07/2021 09:00,23/09/2020 11:26,,1,8.64E+14,Removed in RM due to loosing its settings twice
SHEEP,MODEM,MODEM_PRO,13/02/2020 00:00,,,1,WP90140021021003,IMEI:356048090146027
SHEEP,MODEM,MODEM_PRO,23/09/2020 11:26,07/07/2021 09:00,,2,8.67E+14,Installed during RM
SHEEP,PA,CS106,11/02/2020 12:00,27/10/2020 00:00,,1,M1050346,PTB110 installed by CSL during PPM
SHEEP,PA,CS106,27/10/2020 00:00,13/09/2022 00:00,,2,K442008,Installed by CSL
SHEEP,PA,CS106,13/09/2022 00:00,,,3,K442011,
SHEEP,PHENOCAM,PHENOCAM,01/01/2020 00:00,,,1,10.16.46.240,"s15, date of install unknown"
SHEEP,PHENOCAM_LENS1,PHENOCAM_LENS,24/10/2013 14:30,05/12/2018 12:00,,1,,IP: 10.12.148.168
SHEEP,PHENOCAM_LENS1,PHENOCAM_LENS,05/12/2018 12:00,,,2,5050964,IP: 10.16.46.240
SHEEP,PHENOCAM_LENS2,PHENOCAM_LENS,24/10/2013 14:30,05/12/2018 12:00,,1,,IP: 10.12.148.168
SHEEP,PHENOCAM_LENS2,PHENOCAM_LENS,05/12/2018 12:00,,,2,5376285,IP: 10.16.46.240
SHEEP,PLUVIO,PLUVIO_2,24/10/2013 14:30,24/06/2019 13:50,,1,329003,
SHEEP,PLUVIO,PLUVIO_2,24/06/2019 14:25,,,4,PL2L 451659,
SHEEP,PLUVIO,PLUVIO_2,03/10/2019 08:50,03/10/2019 08:34,,2,342192,
SHEEP,PLUVIO,PLUVIO_2L,18/08/2020 11:00,18/08/2020 10:19,,3,358381,
SHEEP,RH_INT,RH_INT,13/01/2022 12:00,,,1,,
SHEEP,STP,STP,24/10/2013 14:30,,,1,2210,
SHEEP,TBR,TBR,13/02/2020 00:00,,,1,195044,SBS50 RG installed by CSL during PPM
SHEEP,TDT1,TDT,24/10/2013 14:30,09/11/2017 13:00,,2,6501252,
SHEEP,TDT1,TDT,12/04/2017 11:30,12/04/2017 11:30,,1,6501036,
SHEEP,TDT1,TDT,09/11/2017 13:00,07/07/2021 09:00,,3,6501202,Installed 0.4m west of original sensor. Previous sensor removed due to cable damage.
SHEEP,TDT1,TDT,07/07/2021 09:00,13/09/2022 00:00,,4,6501109,PPM
SHEEP,TDT1,TDT,13/09/2022 00:00,,,5,6504101,
SHEEP,TDT10,TDT,13/02/2020 00:00,,,1,6503312,Installed by CSL during PPM
SHEEP,TDT2,TDT,24/10/2013 14:30,,,1,6501034,
SHEEP,TDT3,TDT,13/02/2020 00:00,,,1,6503285,Installed by CSL during PPM
SHEEP,TDT4,TDT,13/02/2020 00:00,,,1,6503290,Installed by CSL during PPM
SHEEP,TDT5,TDT,13/02/2020 00:00,,,1,6503316,Installed by CSL during PPM
SHEEP,TDT6,TDT,13/02/2020 00:00,,,1,6503298,Installed by CSL during PPM
SHEEP,TDT7,TDT,13/02/2020 00:00,,,1,6503314,Installed by CSL during PPM
SHEEP,TDT8,TDT,13/02/2020 00:00,,,1,6503317,Installed by CSL during PPM
SHEEP,TDT9,TDT,13/02/2020 00:00,,,1,6503287,Installed by CSL during PPM
SOURH,4CR,NR01,19/11/2014 11:00,30/10/2019 11:30,,1,2130,
SOURH,4CR,NR01,30/10/2019 12:30,18/08/2022 09:00,,2,2896,Replaced during CSL PPM
SOURH,4CR,NR01,18/08/2022 09:00,,,3,2453,
SOURH,HYGROCLIP,HYGROCLIP_HC2,19/11/2014 00:00,01/01/2019 00:00,,1,14080004,End date unknown - False end date entered
SOURH,HYGROCLIP,HYGROCLIP_HC2A,02/08/2018 10:00,26/08/2021 09:00,,2,15190012,Start date unknown - False start date entered
SOURH,HYGROCLIP,HYGROCLIP_HC2A,16/10/2018 12:00,30/10/2019 11:30,,3,20135124,Replaced during CSL PPM
SOURH,HYGROCLIP,HYGROCLIP_HC2A,30/10/2019 12:30,02/08/2018 08:30,,1,,
SOURH,HYGROCLIP,HYGROCLIP_HC2A,07/10/2020 00:00,16/10/2018 12:00,,2,20134557,Replaced by JT during RM
SOURH,HYGROCLIP,HYGROCLIP_HC2A,26/08/2021 09:00,07/10/2020 00:00,,4,20134429,Replaced during CSL PPM
SOURH,AWS,METPAK,19/11/2014 11:00,18/08/2022 09:00,,6,20064977,
SOURH,AWS,METPAK,01/01/2019 00:00,18/08/2022 09:00,,3,119060001,
SOURH,AWS,METPAK,26/08/2021 09:00,26/08/2021 09:00,,5,20269340,Replaced by CSL at PPM.
SOURH,AWS_ANEM,WIND_ANEM,19/11/2014 11:00,07/10/2020 00:00,2.6,1,140303,
SOURH,AWS_ANEM,WIND_ANEM,07/10/2020 00:00,,2.6,2,144201,Installed by CSL at 07/10/20 PPM.
SOURH,CRNS,CRNS_2000,19/11/2014 11:00,,,1,HI-TC02-2037,
SOURH,CRNS_SNOW,SNOWFOX,19/11/2014 11:00,,,1,HI-TC02-2032,
SOURH,ETHERNET,ETHERNET_115,19/11/2014 11:00,11/01/2017 00:00,,1,13304,
SOURH,ETHERNET,ETHERNET_116,11/01/2017 00:00,,,2,4724,
SOURH,HFP1,HFP01SC,19/11/2014 11:00,,,1,3685,
SOURH,HFP2,HFP01SC,19/11/2014 11:00,,,1,3684,
SOURH,HMP,HMP155,18/08/2022 09:00,,,1,T4750900,
SOURH,IMKO1,IMKO,19/11/2014 11:00,30/10/2019 11:30,,1,35910,Removed during CSL PPM
SOURH,IMKO2,IMKO,19/11/2014 11:00,30/10/2019 11:30,,1,35911,Removed during CSL PPM
SOURH,IMKO3,IMKO,19/11/2014 11:00,30/10/2019 11:30,,1,35912,Removed during CSL PPM
SOURH,LOGGER,LOGGER_CR3000,19/11/2014 11:00,07/12/2015 12:00,,1,9579,
SOURH,LOGGER,LOGGER_CR3000,07/12/2015 12:00,07/10/2020 00:00,,2,9087,
SOURH,LOGGER,LOGGER_CR3000,07/10/2020 00:00,,,4,9087,Cal date: 13/05/2022
SOURH,LOGGER,LOGGER_CR3000,18/08/2022 09:00,18/08/2022 09:00,,3,9576,Cal date 15/09/20
SOURH,MODEM,MODEM_BGAN,19/11/2014 11:00,,,1,30050763,"Info recorded PPM07/10/2020: 3500753-0021, IMEI 353938-03-005076-3"
SOURH,PA,CS106,18/08/2022 09:00,,,1,T4710740,
SOURH,PHENOCAM,PHENOCAM,01/01/2020 00:00,,,1,10.20.177.245,S15. First recorded by CSL at PPM
SOURH,PHENOCAM_LENS1,PHENOCAM_LENS,19/11/2014 11:00,01/02/2018 12:00,,1,5918583,IP:10.12.112.239
SOURH,PHENOCAM_LENS1,PHENOCAM_LENS,01/02/2018 12:00,,,2,5375256,IP: 10.20.177.245. Time of change is approximate
SOURH,PHENOCAM_LENS2,PHENOCAM_LENS,19/11/2014 11:00,01/02/2018 12:00,,1,5914348,IP:10.12.112.239
SOURH,PHENOCAM_LENS2,PHENOCAM_LENS,01/02/2018 12:00,,,2,5404997,IP: 10.20.177.245. Time of change is approximate
SOURH,PLUVIO_CHAIN,CHAIN,02/08/2018 08:30,,,1,342248,
SOURH,PLUVIO,PLUVIO_2,19/11/2014 11:00,,,1,,Installed by JT during RM
SOURH,SI,SDMSI01,,,,1,E3786,First recorded by CSL at 07/10/20 PPM
SOURH,SNOW_DEPTH,SR05A,19/11/2014 11:00,16/10/2018 12:00,,1,5688,
SOURH,SNOW_DEPTH,SR05A,16/10/2018 12:00,30/10/2019 11:30,,2,5689,Replaced during CSL PPM
SOURH,SNOW_DEPTH,SR05A,30/10/2019 12:30,07/10/2020 00:00,,3,6258,Replaced during CSL PPM
SOURH,SNOW_DEPTH,SR05A,07/10/2020 00:00,18/08/2022 09:00,,5,6077,
SOURH,SNOW_DEPTH,SR05A,26/08/2021 09:00,,,6,7220,
SOURH,SNOW_DEPTH,SR05A,18/08/2022 09:00,26/08/2021 09:00,,4,11153,
SOURH,STP,STP,19/11/2014 11:00,,,1,2230,
SOURH,TDT1,TDT,19/11/2014 11:00,,,1,6000136,
SOURH,TDT2,TDT,19/11/2014 11:00,,,1,6501106,
SPENF,4CR,NR01,23/11/2016 10:00,15/07/2020 00:00,,1,2320,Swapped by CSL at PPM
SPENF,4CR,NR01,15/07/2020 00:00,,,2,2157,Installed by CSL at PPM
SPENF,AWS_ANEM,WIND_ANEM,23/11/2016 10:00,18/05/2021 09:00,2.6,1,144204,PPM states this is still onsite 16-Jul-2020
SPENF,AWS_ANEM,WIND_ANEM,18/05/2021 09:00,01/09/2022 14:00,2.6,2,140303,Installed on PPM
SPENF,AWS_ANEM,WIND_ANEM,01/09/2022 14:00,,2.6,3,140807,
SPENF,CRNS,CRNS_2000,23/11/2016 10:00,,,1,HI-TC02-1080,
SPENF,ETHERNET,ETHERNET_115,23/11/2016 10:00,16/06/2021 09:00,,1,13625,
SPENF,ETHERNET,ETHERNET_115,11/10/2022 12:00,11/10/2022 12:00,,2,2745,
SPENF,ETHERNET,ETHERNET_116,16/06/2021 09:00,,,3,13630,
SPENF,HFP1,HFP01SC,23/11/2016 10:00,,,1,3964,
SPENF,HFP2,HFP01SC,23/11/2016 10:00,,,1,4018,
SPENF,HMP,HMP155,23/11/2016 10:00,16/10/2018 12:00,,1,M290119,Not enough digits sn?
SPENF,HMP,HMP155,16/10/2018 12:00,16/06/2021 09:00,,4,N5050078,"CSL SN issue, not at site"
SPENF,HMP,HMP155,05/09/2019 00:00,15/07/2020 00:00,,3,L1320539,PPM
SPENF,HMP,HMP155,15/07/2020 00:00,05/09/2019 00:00,,2,N5050078,
SPENF,HMP,HMP155,18/05/2021 09:00,,,7,T4721228,
SPENF,HMP,HMP155,16/06/2021 09:00,16/06/2021 09:00,,5,N5050076,Issue with noisy data
SPENF,HMP,HMP155,04/05/2022 09:00,04/05/2022 09:00,,6,M2920124,installed by CSL PPM revisit
SPENF,LOGGER,LOGGER_CR3000,23/11/2016 10:00,18/05/2021 09:00,,1,9896,Cal date 16-Oct-2014
SPENF,LOGGER,LOGGER_CR3000,18/05/2021 09:00,16/06/2021 09:00,,2,9971,Removed due to USR drive error
SPENF,LOGGER,LOGGER_CR3000,16/06/2021 09:00,11/10/2022 12:00,,3,9680,"installed on PPM revisit, cal date 14/5/21"
SPENF,LOGGER,LOGGER_CR3000,11/10/2022 12:00,,,4,12803,Cal Date 10/06/21
SPENF,MODEM,MODEM_LX60,18/05/2021 09:00,18/05/2021 09:00,,1,8.67E+14,
SPENF,MODEM,MODEM_PRO,01/08/2017 10:30,,,1,WP85140002021003,IMEI:356048090130963
SPENF,PA,CS106,23/11/2016 10:00,15/07/2020 00:00,,1,K4840004,Swapped by CSL at PPM
SPENF,PA,CS106,15/07/2020 00:00,04/05/2022 09:00,,2,R1030765,Installed by CSL at PPM
SPENF,PA,CS106,04/05/2022 09:00,,,3,T4740221,
SPENF,PHENOCAM,PHENOCAM,16/10/2018 12:00,,,1,10.16.46.222,s15
SPENF,PHENOCAM_LENS1,PHENOCAM_LENS,23/11/2016 10:00,16/10/2018 12:00,,1,,IP:10.16.46.235
SPENF,PHENOCAM_LENS1,PHENOCAM_LENS,16/10/2018 12:00,,,2,5971136,IP:10.16.46.222 Replaced during CSL PPM
SPENF,PHENOCAM_LENS2,PHENOCAM_LENS,23/11/2016 10:00,16/10/2018 12:00,,1,,IP:10.16.46.235
SPENF,PHENOCAM_LENS2,PHENOCAM_LENS,16/10/2018 12:00,,,2,5401612,IP:10.16.46.222 Replaced during CSL PPM
SPENF,PLUVIO_CHAIN,CHAIN,16/10/2018 12:00,19/09/2019 00:00,,1,368537,Noisy
SPENF,PLUVIO,PLUVIO_2,23/11/2016 10:00,17/12/2020 00:00,,2,368536,removed due to spurious precip
SPENF,PLUVIO,PLUVIO_2,19/09/2019 00:00,,,1,,
SPENF,PLUVIO,PLUVIO_2L,17/12/2020 00:00,,,3,PL2L-419084,
SPENF,SI,SDMSI01,,,,,E5896,"16-JUL-2020 PPM confirms SNon site, unknown when installed"
SPENF,STP,STP,23/11/2016 10:00,,,1,2249,
SPENF,TDT1,TDT,23/11/2016 10:00,,,1,6504163,
SPENF,TDT10,TDT,23/11/2016 10:00,,,1,6503263,
SPENF,TDT2,TDT,23/11/2016 10:00,,,1,6504158,
SPENF,TDT3,TDT,23/11/2016 10:00,,,1,6504178,
SPENF,TDT4,TDT,23/11/2016 10:00,,,1,6503271,
SPENF,TDT5,TDT,23/11/2016 10:00,,,1,6503223,
SPENF,TDT6,TDT,23/11/2016 10:00,,,1,6504168,
SPENF,TDT7,TDT,23/11/2016 10:00,,,1,6503199,
SPENF,TDT8,TDT,23/11/2016 10:00,,,1,6504177,
SPENF,TDT9,TDT,23/11/2016 10:00,,,1,6503281,
STGHT,4CR,NR01,19/08/2015 06:30,21/07/2020 00:00,,1,2149,Swapped by CSL at PPM
STGHT,4CR,NR01,21/07/2020 00:00,,,2,2156,Installed by CSL at PPM
STGHT,4CR,NR01,27/04/2022 12:00,,,3,2304,
STGHT,HYGROCLIP,HYGROCLIP_HC2,19/08/2015 06:30,21/07/2020 00:00,,1,14040019,Swapped by CSL at PPM
STGHT,HYGROCLIP,HYGROCLIP_HC2A,01/08/2018 09:00,09/03/2022 12:00,,2,14080009,Installed by CSL at PPM
STGHT,HYGROCLIP,HYGROCLIP_HC2A,12/09/2019 13:00,15/04/2021 12:00,,4,20269333,Installed by CSL at PPM
STGHT,HYGROCLIP,HYGROCLIP_HC2A,21/07/2020 00:00,21/07/2020 00:00,,3,20134443,Replaced during CSL PPM
STGHT,HYGROCLIP,HYGROCLIP_HC2A,15/04/2021 12:00,01/08/2018 08:30,,1,,
STGHT,AWS,METPAK,19/08/2015 06:30,12/09/2019 12:00,,2,20134979,Replaced by PS during RM visit
STGHT,AWS,METPAK,21/07/2020 00:00,,,5,20269344,
STGHT,AWS_ANEM,WIND_ANEM,19/08/2015 06:30,22/10/2020 12:00,2.6,1,140319,Confirmed at 21-JUL-20 PPM - Removed by JA at RM due to fault
STGHT,AWS_ANEM,WIND_ANEM,22/10/2020 12:00,,2.6,2,193705,
STGHT,CRNS,CRNS_2000,19/08/2015 06:30,,,1,HI-TC02-2026,Confirmed at 21-JUL-20 PPM
STGHT,ETHERNET,ETHERNET_115,19/08/2015 06:30,23/10/2020 00:00,,1,13803,Confirmed at 21-JUL-20 PPM
STGHT,ETHERNET,ETHERNET_115,23/10/2020 00:00,09/09/2021 13:00,,2,13931,
STGHT,ETHERNET,ETHERNET_116,09/09/2021 13:00,,,3,6574,
STGHT,HFP1,HFP01SC,19/08/2015 06:30,,,1,3671,
STGHT,HFP2,HFP01SC,19/08/2015 06:30,,,1,3672,
STGHT,HMP,HMP155,09/03/2022 12:00,,,1,T4721224,
STGHT,IMKO1,IMKO,19/08/2015 06:30,12/09/2019 12:00,,1,35886,Removed during CSL PPM
STGHT,IMKO2,IMKO,19/08/2015 06:30,12/09/2019 12:00,,1,35887,Removed during CSL PPM
STGHT,IMKO3,IMKO,19/08/2015 06:30,12/09/2019 12:00,,1,35888,Removed during CSL PPM
STGHT,LOGGER,LOGGER_CR3000,19/08/2015 06:30,23/10/2020 00:00,,2,13073,Installed by CSL at PPM. Cal date 03/09/2019
STGHT,LOGGER,LOGGER_CR3000,21/07/2020 00:00,21/07/2020 00:00,,1,10060,Swapped by CSL at PPM
STGHT,LOGGER,LOGGER_CR3000,23/10/2020 00:00,09/09/2021 13:00,,3,9476,Cal date: JUL 2020
STGHT,LOGGER,LOGGER_CR3000,09/09/2021 13:00,,,4,10259,
STGHT,MODEM,MODEM_LX60,15/04/2021 12:00,15/04/2021 12:00,,1,8.64E+14,21-JUL-20 PPM recorded 111909160065
STGHT,MODEM,MODEM_PRO,02/10/2019 11:00,,,1,WP85140390011003,IMEI: 356048090134601
STGHT,PA,CS106,09/03/2022 12:00,,,1,T4740220,
STGHT,PHENOCAM,PHENOCAM,21/07/2020 00:00,,,1,10.11.119.42,S14
STGHT,PHENOCAM_LENS1,PHENOCAM_LENS,19/08/2015 06:30,23/08/2018 12:00,,1,5376288,IP:10.16.65.218
STGHT,PHENOCAM_LENS1,PHENOCAM_LENS,23/08/2018 12:00,,,3,55919378,IP: 10.11.119.42 Installed by CSL during PPM
STGHT,PHENOCAM_LENS1,PHENOCAM_LENS,21/07/2020 00:00,21/07/2020 00:00,,2,5925750,IP:10.22.79.195 Replaced during CSL PPM
STGHT,PHENOCAM_LENS2,PHENOCAM_LENS,19/08/2015 06:30,23/08/2018 12:00,,1,5355965,IP:10.16.65.218
STGHT,PHENOCAM_LENS2,PHENOCAM_LENS,23/08/2018 12:00,,,3,5913798,IP: 10.11.119.42 Installed by CSL during PPM
STGHT,PHENOCAM_LENS2,PHENOCAM_LENS,21/07/2020 00:00,21/07/2020 00:00,,2,5886843,IP:10.22.79.195 Replaced during CSL PPM
STGHT,PLUVIO_CHAIN,CHAIN,01/08/2018 08:30,,,1,,Installed by PS during RM visit
STGHT,PLUVIO,PLUVIO_2,19/08/2015 06:30,21/11/2022 00:00,,1,341002,Confirmed at 21-JUL-20 PPM
STGHT,PLUVIO,PLUVIO_2L,21/11/2022 00:00,,,2,411407,Old PL base replaced with PL2 base
STGHT,RAINE,RAINE,09/03/2022 12:00,,,1,881821.0023,
STGHT,RH_INT,RH_INT,09/03/2022 12:00,,,1,,
STGHT,SI,SDMSI01,21/07/2020 00:00,,,1,E3775,SDM-IO1 SN 1st recorded by CSL at PPM 21-JUL-20
STGHT,STP,STP,19/08/2015 06:30,,,1,2244,
STGHT,TDT1,TDT,19/08/2015 06:30,07/07/2021 09:00,,1,6501303,
STGHT,TDT1,TDT,07/07/2021 09:00,,,2,601323,
STGHT,TDT2,TDT,19/08/2015 06:30,09/09/2021 13:00,,1,6501293,
STGHT,TDT2,TDT,09/09/2021 13:00,,,2,6013244,
STIPS,4CR,NR01,06/11/2014 15:00,20/09/2019 00:00,,1,2146,Recovered for cal
STIPS,4CR,NR01,20/09/2019 00:00,25/05/2022 09:00,,2,1918,
STIPS,4CR,NR01,25/05/2022 09:00,,,3,2134,
STIPS,HYGROCLIP,HYGROCLIP_HC2,06/11/2014 15:00,20/09/2019 00:00,,1,14040025,Recoverd for cal
STIPS,HYGROCLIP,HYGROCLIP_HC2A,02/08/2018 10:00,05/05/2021 08:00,,4,20135124,Installed during PPM
STIPS,HYGROCLIP,HYGROCLIP_HC2A,20/09/2019 00:00,25/05/2022 09:00,,3,19100006,Installed during PPM
STIPS,HYGROCLIP,HYGROCLIP_HC2A,06/08/2020 00:00,06/08/2020 00:00,,2,1906003,Removed during ppm for failing Pressure spot check
STIPS,HYGROCLIP,HYGROCLIP_HC2A,05/05/2021 08:00,06/08/2020 00:00,,3,20064852,Replaced during PPM
STIPS,AWS,METPAK,06/11/2014 15:00,02/08/2018 09:30,,1,,
STIPS,AWS,METPAK,20/09/2019 00:00,20/09/2019 00:00,,2,20134977,Replaced by SC (site host)
STIPS,AWS,METPAK,06/08/2020 00:00,25/05/2022 09:00,,5,20134640,
STIPS,AWS_ANEM,WIND_ANEM,06/11/2014 15:00,12/07/2018 11:30,2.6,1,140403,
STIPS,AWS_ANEM,WIND_ANEM,12/07/2018 11:30,,2.6,1,140316,
STIPS,CRNS,CRNS_2000,06/11/2014 15:00,06/01/2023 00:00,,1,HI-TC02-2025,
STIPS,CRNS,CRNS_2000,06/01/2023 00:00,,,3,HI-TC02-2025,Reinstalled after ethernet connector repaired
STIPS,CRNS,CRNS_2000,31/01/2023 00:00,,,2,HI-TC02-2025,Replaced after water ingress corroded connectors
STIPS,CRNS2,CRNS_2000,06/01/2023 15:30,,,1,HI-TC02-1302,Installed as a secondary CRS primary CRS stopped working and in for repair
STIPS,ETHERNET,ETHERNET_115,06/11/2014 15:00,,,2,4726,
STIPS,ETHERNET,ETHERNET_116,23/01/2020 00:00,23/01/2020 00:00,,1,12095,Faulty?
STIPS,HFP1,HFP01SC,06/11/2014 15:00,,,1,3655,
STIPS,HFP2,HFP01SC,06/11/2014 15:00,,,1,3656,
STIPS,HMP,HMP155,25/05/2022 09:00,,,1,T4731074,
STIPS,IMKO1,IMKO,06/11/2014 15:00,08/03/2016 13:30,,1,35895,Removed due to flooded access tube
STIPS,IMKO2,IMKO,06/11/2014 15:00,08/03/2016 13:30,,1,35896,Removed due to flooded access tube
STIPS,IMKO3,IMKO,06/11/2014 15:00,08/03/2016 13:30,,1,35897,Removed due to flooded access tube
STIPS,LOGGER,LOGGER_CR3000,06/11/2014 15:00,20/09/2019 00:00,,1,8943,Recovered for cal
STIPS,LOGGER,LOGGER_CR3000,20/09/2019 00:00,05/05/2021 08:00,,2,8899,
STIPS,LOGGER,LOGGER_CR3000,05/05/2021 08:00,,,3,9083,Cal date: 07/01/21
STIPS,MODEM,MODEM,06/11/2014 15:00,23/01/2020 12:00,,1,3.06E+11,
STIPS,MODEM,MODEM_LX60,05/05/2021 08:00,05/05/2021 08:00,,1,8.64E+14,
STIPS,MODEM,MODEM_PRO,23/01/2020 12:00,,,1,WP85140117021003,IMEI: 356048090113829
STIPS,PA,CS106,25/05/2022 09:00,,,1,T4650716,
STIPS,PHENOCAM,PHENOCAM,06/11/2014 15:00,,,1,10.12.77.172,"S14, first started to be recorded on 6/08/2020 so will have been at site before that"
STIPS,PHENOCAM_LENS1,PHENOCAM_LENS,06/11/2014 15:00,12/07/2018 12:00,,1,5915480,IP:10.12.77.172
STIPS,PHENOCAM_LENS1,PHENOCAM_LENS,12/07/2018 12:00,,,2,5368223,Replaced during RM - JT
STIPS,PHENOCAM_LENS2,PHENOCAM_LENS,06/11/2014 15:00,12/07/2018 12:00,,1,5919717,IP:10.12.77.172
STIPS,PHENOCAM_LENS2,PHENOCAM_LENS,12/07/2018 12:00,,,2,5411062,Replaced during RM - JT
STIPS,PLUVIO_CHAIN,CHAIN,12/07/2018 11:30,17/06/2020 09:16,,1,340990,Removed due to false measurements
STIPS,PLUVIO,PLUVIO_2,06/11/2014 15:00,,,2,PL2L-451658,
STIPS,PLUVIO,PLUVIO_2L,17/06/2020 09:47,,,1,,Installed by JT to improve wind interference issue
STIPS,STP,STP,06/11/2014 15:00,,,1,2237,
STIPS,TDT1,TDT,06/11/2014 15:00,,,1,6501121,
STIPS,TDT2,TDT,06/11/2014 15:00,,,1,6501105,
SYDLG,4CR,NR01,28/11/2018 12:30,26/05/2021 09:00,,1,2545,
SYDLG,4CR,NR01,26/05/2021 09:00,,,2,2125,
SYDLG,AWS_ANEM,WIND_ANEM,28/11/2018 12:30,,2.6,1,180903,
SYDLG,CRNS,CRNS_2000,28/11/2018 12:30,,,1,HI-TC02-2050,
SYDLG,ETHERNET,ETHERNET_115,08/09/2020 08:55,08/09/2020 08:50,,1,2743,
SYDLG,ETHERNET,ETHERNET_116,28/11/2018 12:30,,,2,12017,
SYDLG,HFP1,HFP01SC,28/11/2018 12:30,,,1,4663,
SYDLG,HFP2,HFP01SC,28/11/2018 12:30,26/05/2021 09:00,,1,4665,
SYDLG,HFP2,HFP01SC,26/05/2021 09:00,,,2,4676,
SYDLG,HMP,HMP155,28/11/2018 12:30,25/08/2020 00:00,,2,N5050075,Replaced during CSL PPM
SYDLG,HMP,HMP155,10/12/2019 13:00,10/12/2019 12:30,,1,M2920125,2019 PPM doc states M2920123
SYDLG,HMP,HMP155,25/08/2020 00:00,,,5,P4010607,
SYDLG,HMP,HMP155,26/05/2021 09:00,07/06/2022 12:00,,4,L1320545,
SYDLG,HMP,HMP155,07/06/2022 12:00,26/05/2021 09:00,,3,M2920116,
SYDLG,LOGGER,LOGGER_CR3000,28/11/2018 12:30,08/09/2020 08:50,,1,11249,Date of calibration 22/02/16
SYDLG,LOGGER,LOGGER_CR3000,08/09/2020 08:55,,,3,9889,cal date 28/05/2021
SYDLG,LOGGER,LOGGER_CR3000,10/06/2021 09:00,10/06/2021 09:00,,2,10258,"Date of calibration 31/10/19, removed due to failed 5v port"
SYDLG,MODEM,MODEM_LX60,26/05/2021 09:00,08/09/2020 09:10,,1,8.67E+14,1.12E+11
SYDLG,MODEM,MODEM_PRO,28/11/2018 12:30,,,1,WP85140423011003,IMEI: 356048090125930
SYDLG,MODEM,MODEM_PRO,08/09/2020 09:15,26/05/2021 09:00,,2,8.67E+14,
SYDLG,PA,CS106,28/11/2018 12:30,25/08/2020 00:00,,1,M1050343,
SYDLG,PA,CS106,25/08/2020 00:00,,,3,T4650719,
SYDLG,PA,CS106,07/06/2022 12:00,07/06/2022 12:00,,2,M1050345,
SYDLG,PHENOCAM,PHENOCAM,28/11/2018 00:00,,,1,10.16.46.68,"S15, IP 192.168.1.193"
SYDLG,PHENOCAM_LENS1,PHENOCAM_LENS,28/11/2018 12:30,,,1,5368314,IP 192.168.1.193
SYDLG,PHENOCAM_LENS2,PHENOCAM_LENS,28/11/2018 12:30,,,1,5410218,IP 192.168.1.193
SYDLG,PLUVIO_CHAIN,CHAIN,28/11/2018 12:30,,,2,342253,
SYDLG,PLUVIO,PLUVIO_2,28/11/2018 12:30,,,1,,
SYDLG,PLUVIO,PLUVIO_2,25/07/2019 08:15,25/07/2019 08:05,,1,387934,Replaced due to noisy data
SYDLG,RAINE,RAINE,07/06/2022 12:00,,,1,881821.0011,
SYDLG,SI,SDMSI01,28/11/2018 12:30,,,1,E3723,
SYDLG,STP,STP,28/11/2018 12:30,26/05/2021 09:00,,1,2273,
SYDLG,STP,STP,26/05/2021 09:00,,,2,2229,
SYDLG,TDT1,TDT,28/11/2018 12:30,07/06/2022 12:00,,1,6503262,
SYDLG,TDT1,TDT,07/06/2022 12:00,,,2,6504111,
SYDLG,TDT10,TDT,28/11/2018 12:30,07/06/2022 12:00,,1,6504112,
SYDLG,TDT10,TDT,07/06/2022 12:00,,,2,6503226,
SYDLG,TDT2,TDT,28/11/2018 12:30,26/05/2021 09:00,,1,6503200,
SYDLG,TDT2,TDT,26/05/2021 09:00,,,3,6503206,
SYDLG,TDT2,TDT,07/06/2022 12:00,07/06/2022 12:00,,2,6013229,
SYDLG,TDT3,TDT,28/11/2018 12:30,07/06/2022 12:00,,1,6503237,
SYDLG,TDT3,TDT,07/06/2022 12:00,,,2,6503266,
SYDLG,TDT4,TDT,28/11/2018 12:30,07/06/2022 12:00,,1,6504119,
SYDLG,TDT4,TDT,07/06/2022 12:00,,,2,6503325,
SYDLG,TDT5,TDT,28/11/2018 12:30,07/06/2022 12:00,,1,6503220,
SYDLG,TDT5,TDT,07/06/2022 12:00,,,2,6013243,
SYDLG,TDT6,TDT,28/11/2018 12:30,07/06/2022 12:00,,1,6503258,
SYDLG,TDT6,TDT,07/06/2022 12:00,,,2,6013248,
SYDLG,TDT7,TDT,28/11/2018 12:30,07/06/2022 12:00,,1,6504108,
SYDLG,TDT7,TDT,07/06/2022 12:00,,,2,6013235,
SYDLG,TDT8,TDT,28/11/2018 12:30,07/06/2022 12:00,,1,6504105,
SYDLG,TDT8,TDT,07/06/2022 12:00,,,2,6503221,
SYDLG,TDT9,TDT,28/11/2018 12:30,26/05/2021 09:00,,1,6504107,
SYDLG,TDT9,TDT,26/05/2021 09:00,,,3,6503227,
SYDLG,TDT9,TDT,07/06/2022 12:00,07/06/2022 12:00,,2,6504107,
TADHM,4CR,NR01,14/10/2014 00:00,,,2,2133,PPM
TADHM,4CR,NR01,11/12/2019 00:00,11/12/2019 00:00,,1,2155,
TADHM,HYGROCLIP,HYGROCLIP_HC2,14/10/2014 12:00,29/08/2018 12:00,,1,13200015,
TADHM,HYGROCLIP,HYGROCLIP_HC2,09/02/2017 11:30,26/06/2020 13:55,,5,20134979,Replaced during RM due to wetting out
TADHM,HYGROCLIP,HYGROCLIP_HC2A,26/04/2018 12:00,17/08/2021 09:00,,3,14040020,PPM
TADHM,HYGROCLIP,HYGROCLIP_HC2A,04/12/2018 12:00,17/08/2021 09:00,,6,20269145,
TADHM,HYGROCLIP,HYGROCLIP_HC2A,11/12/2019 00:00,26/04/2018 12:00,,2,61019485,Replacement installed during PPM
TADHM,HYGROCLIP,HYGROCLIP_HC2A,26/06/2020 13:55,09/02/2017 11:30,,1,61211208,
TADHM,HYGROCLIP,HYGROCLIP_HC2A,17/08/2021 09:00,04/12/2018 12:00,,3,20134443,Replacement after previous sensor failed.
TADHM,AWS,METPAK,14/10/2014 12:00,11/12/2019 00:00,,2,14040013,
TADHM,AWS,METPAK,29/08/2018 12:00,11/12/2019 00:00,,4,20269305,Replaced during CSL PPM
TADHM,AWS,METPAK,11/12/2019 00:00,12/05/2022 09:00,,7,20269164,
TADHM,AWS,METPAK,17/08/2021 09:00,12/05/2022 09:00,,4,14080006,
TADHM,AWS_ANEM,WIND_ANEM,14/10/2014 12:00,11/12/2019 00:00,2.6,1,140302,PPM
TADHM,AWS_ANEM,WIND_ANEM,11/12/2019 00:00,,2.6,2,193706,Replcaed @ PPM due to intermittent fault
TADHM,CRNS,CRNS_2000,14/10/2014 12:00,,,1,HI-TC02-2039,"Installed higher than standard installation due to likelihood of flooding. Base of tube 105cm above ground, mid-point 112cm above ground."
TADHM,ETHERNET,ETHERNET_115,14/10/2014 12:00,,,1,12098,
TADHM,HFP1,HFP01SC,14/10/2014 12:00,,,1,3228,
TADHM,HFP2,HFP01SC,14/10/2014 12:00,,,1,3231,
TADHM,HMP,HMP155,12/05/2022 09:00,,,1,T4731072,
TADHM,IMKO1,IMKO,14/10/2014 12:00,11/11/2015 09:30,,1,36367,Removed due to flooded access tube
TADHM,IMKO2,IMKO,14/10/2014 12:00,11/11/2015 09:30,,1,36368,Removed due to flooded access tube
TADHM,IMKO3,IMKO,14/10/2014 12:00,11/11/2015 09:30,,1,36369,Removed due to flooded access tube
TADHM,LOGGER,LOGGER_CR3000,14/10/2014 12:00,26/08/2020 08:15,,1,8939,Replaced during PPM
TADHM,LOGGER,LOGGER_CR3000,26/08/2020 08:15,,,3,12799,Cal Date: 12/8/21
TADHM,LOGGER,LOGGER_CR3000,12/05/2022 09:00,12/05/2022 09:00,,2,9969,Cal date 31/7/20
TADHM,MODEM,MODEM,14/10/2014 12:00,17/08/2021 09:00,,1,8.67E+14,
TADHM,MODEM,MODEM_LX60,17/08/2021 09:00,05/04/2018 12:30,,1,3.06E+11,
TADHM,MODEM,MODEM_PRO,05/04/2018 12:30,,,1,WP85140110021003,IMEI: 356048090137711
TADHM,PA,CS106,12/05/2022 09:00,,,1,T4650714,
TADHM,PHENOCAM,PHENOCAM,04/12/2018 12:00,,,1,10.12.148.170,S14
TADHM,PHENOCAM_LENS1,PHENOCAM_LENS,14/10/2014 12:00,04/12/2018 12:00,,1,5918919,IP:10.11.113.37
TADHM,PHENOCAM_LENS1,PHENOCAM_LENS,04/12/2018 12:00,,,2,5919223,IP:10.12.148.170 Replaced during CSL PPM
TADHM,PHENOCAM_LENS2,PHENOCAM_LENS,14/10/2014 12:00,04/12/2018 12:00,,1,5913655,IP:10.11.113.37
TADHM,PHENOCAM_LENS2,PHENOCAM_LENS,04/12/2018 12:00,,,2,5920680,IP:10.12.148.170 Replaced during CSL PPM
TADHM,PLUVIO,PLUVIO_2,14/10/2014 12:00,,,1,342246,Installed on raised plinth due to likelihood of flooding.Base plate 101cm above ground.
TADHM,STP,STP,14/10/2014 12:00,,,1,2211,
TADHM,TDT1,TDT,14/10/2014 12:00,,,1,6501035,
TADHM,TDT2,TDT,14/10/2014 12:00,,,2,6501251,Replacement installed by CSL during PPM
TADHM,TDT2,TDT,09/02/2017 12:00,27/08/2016 17:00,,1,6501002,TDT faulty - unplugged
TADHM,,GPRS,14/10/2014 12:00,01/01/2016 00:00,,1,3.06E+11,Unsure of removal date
WADDN,4CR,NR01,04/11/2013 18:30,04/10/2018 12:00,,1,1938,
WADDN,4CR,NR01,04/10/2018 12:00,03/06/2021 09:30,,2,2134,Replaced during CSL PPM
WADDN,4CR,NR01,03/06/2021 09:30,,,3,2130,Installed PPM
WADDN,HYGROCLIP,HYGROCLIP_HC2,04/11/2013 18:30,30/09/2014 16:30,,1,13210003,
WADDN,HYGROCLIP,HYGROCLIP_HC2,27/07/2016 10:30,13/02/2020 00:00,,2,13210004,Removed during CSL PPM - removed SN recorded 13200012
WADDN,HYGROCLIP,HYGROCLIP_HC2A,18/07/2018 15:00,27/07/2016 10:30,,1,60884040,
WADDN,HYGROCLIP,HYGROCLIP_HC2A,04/10/2018 12:00,18/07/2018 15:00,,2,61222913,
WADDN,AWS,METPAK,04/11/2013 18:30,04/10/2018 12:00,,3,20134470,Installed by JT on site visit
WADDN,AWS,METPAK,30/09/2014 16:30,13/02/2020 00:00,,4,20134993,Replaced during CSL PPM - removed SN recorded as 20134470
WADDN,AWS_ANEM,WIND_ANEM,13/02/2020 00:00,,2.6,1,140317,Windmaster installed by CSL during PPM
WADDN,CRNS,CRNS_1000B,04/11/2013 18:30,03/06/2021 09:00,,1,HI-TC01-1026,
WADDN,CRNS,CRNS_2000,03/06/2021 09:00,,,2,HI-TC02-2011,Moved from mod2 to mod1 pn PPM
WADDN,CRNS2,CRNS_2000,13/02/2020 12:00,03/06/2021 09:00,,1,HI-TC02-2011,"Installed by CSL during PPM. Missing SN. Confirmed at 23-07-2020 PPM as HI-TC02-2011, previously -2016"
WADDN,ETHERNET,ETHERNET_115,04/11/2013 18:30,27/01/2014 12:00,,1,11041,
WADDN,ETHERNET,ETHERNET_115,27/01/2014 12:00,23/07/2020 00:00,,2,11044,Incorrect end date - checked at PPM and SN of installed confirmed as 2744
WADDN,ETHERNET,ETHERNET_116,23/01/2020 00:00,,,3,2744,Incorrect start date - checked at PPM and SN of installed confirmed as 2744
WADDN,HFP1,HFP01SC,04/11/2013 18:30,,,1,3232,
WADDN,HFP2,HFP01SC,04/11/2013 18:30,,,1,3233,
WADDN,HMP,HMP155,13/02/2020 00:00,03/06/2021 09:30,,2,R1030191,Installed by CSL at PPM
WADDN,HMP,HMP155,23/07/2020 00:00,23/07/2020 00:00,,1,P4020596,HMP155 installed by CSL during PPM
WADDN,HMP,HMP155,03/06/2021 09:30,,,3,L1320542 ,Installed by CSL at PPM
WADDN,IMKO1,IMKO,04/11/2013 18:30,13/02/2020 00:00,,1,35883,
WADDN,IMKO2,IMKO,04/11/2013 18:30,13/02/2020 00:00,,1,35884,
WADDN,IMKO3,IMKO,04/11/2013 18:30,13/02/2020 00:00,,1,35885,
WADDN,LOGGER,LOGGER_CR3000,04/11/2013 12:00,27/01/2014 12:00,,1,8479,Short circuit in HFP01 shunt resistor wiring in main logger loom - whole logger box (except SIM card) returned to Campbell for repair
WADDN,LOGGER,LOGGER_CR3000,27/01/2014 12:00,13/02/2020 00:00,,2,8475,Removed during CSL PPM
WADDN,LOGGER,LOGGER_CR3000,13/02/2020 00:00,,,3,11022,"Installed by CSL during PPM, Cal date: 13/01/16 "
WADDN,MODEM,MODEM_LX60,03/06/2021 09:30,03/02/2021 14:30,,1,8.64E+14,Installed by CSL during PPM. 111909160080 Removed as lost settings
WADDN,MODEM,MODEM_PRO,13/02/2020 00:00,03/06/2021 09:30,,2,8.67E+14,
WADDN,MODEM,MODEM_PRO,03/02/2021 14:30,,,1,WP90140014011003,"Installed PPM, IMEI:356048090137240"
WADDN,PA,CS106,13/02/2020 00:00,,,2,K442012,Installed by CSL at PPM
WADDN,PA,CS106,23/07/2020 00:00,23/07/2020 00:00,,1,M1050344,PTB110 installed by CSL during PPM
WADDN,PHENOCAM,PHENOCAM,23/07/2020 00:00,,,1,10.22.81.21,S16
WADDN,PHENOCAM_LENS1,PHENOCAM_LENS,04/11/2013 18:30,04/10/2018 12:00,,1,5918595,IP:10.12.150.105
WADDN,PHENOCAM_LENS1,PHENOCAM_LENS,04/10/2018 12:00,,,3,5887484,"S16, IP: 10.22.81.21"
WADDN,PHENOCAM_LENS1,PHENOCAM_LENS,23/07/2020 00:00,23/07/2020 00:00,,2,5492351,IP:10.22.79.196 Replaced during CSL PPM
WADDN,PHENOCAM_LENS2,PHENOCAM_LENS,04/11/2013 18:30,04/10/2018 12:00,,1,5922444,IP:10.12.150.105
WADDN,PHENOCAM_LENS2,PHENOCAM_LENS,04/10/2018 12:00,,,3,5888540,"S16, IP: 10.22.81.21"
WADDN,PHENOCAM_LENS2,PHENOCAM_LENS,23/07/2020 00:00,23/07/2020 00:00,,2,6011694,IP:10.22.79.196 Replaced during CSL PPM
WADDN,PLUVIO_CHAIN,CHAIN,18/07/2018 15:00,30/09/2019 00:00,,1,329000,Recovered due to 'noisy data'
WADDN,PLUVIO,PLUVIO_2,04/11/2013 18:30,,,1,342255,
WADDN,PLUVIO,PLUVIO_2,30/09/2019 00:00,,,1,,Installed by JT on site visit to combat wind interference issue
WADDN,SI,SDMSI01,23/07/2020 00:00,,,1,E4866,"Incorrect start date, not previously recorded. Installed SN recorded at 23-07-2020 PPM."
WADDN,STP,STP,04/11/2013 18:30,,,1,2212,
WADDN,TBR,TBR,13/02/2020 00:00,,,1,195046,Installed by CSL during PPM. Missing SN. Update field name when SBS RG added to Instrumentation db table.
WADDN,TDT1,TDT,04/11/2013 18:30,04/10/2018 12:00,,1,6501040,
WADDN,TDT1,TDT,04/10/2018 12:00,,,2,6504165,Replaced during CSL PPM
WADDN,TDT10,TDT,13/02/2020 00:00,,,1,6504160,Installed by CSL during PPM. Missing SN.
WADDN,TDT2,TDT,04/11/2013 18:30,04/10/2018 12:00,,1,6501032,
WADDN,TDT2,TDT,04/10/2018 12:00,,,2,6504162,Replaced during CSL PPM
WADDN,TDT3,TDT,13/02/2020 00:00,,,1,6504187,Installed by CSL during PPM. Missing SN.
WADDN,TDT4,TDT,13/02/2020 00:00,,,1,6504190,Installed by CSL during PPM. Missing SN.
WADDN,TDT5,TDT,13/02/2020 00:00,,,1,6503321,Installed by CSL during PPM. Missing SN.
WADDN,TDT6,TDT,13/02/2020 00:00,,,1,6504159,Installed by CSL during PPM. Missing SN.
WADDN,TDT7,TDT,13/02/2020 00:00,,,1,6503318,Installed by CSL during PPM. Missing SN.
WADDN,TDT8,TDT,13/02/2020 00:00,,,1,6503330,Installed by CSL during PPM. Missing SN.
WADDN,TDT9,TDT,13/02/2020 00:00,,,1,6503284,Installed by CSL during PPM. Missing SN.
WADDN,,GPRS,04/11/2013 18:30,13/02/2020 00:00,,1,3.54E+14,Removed during CSL PPM
WIMPL,4CR,NR01,10/09/2019 00:00,13/07/2022 09:00,,1,2550,Site installation
WIMPL,4CR,NR01,13/07/2022 09:00,,,2,2150,PPM
WIMPL,AWS_ANEM,WIND_ANEM,10/09/2019 00:00,,2.6,1,191204,Site installation
WIMPL,CRNS,CRNS_2000,10/09/2019 00:00,,,1,HI-TC02-2009,Site installation
WIMPL,ETHERNET,ETHERNET_116,10/09/2019 00:00,,,1,2742,Site installation
WIMPL,HFP1,HFP01SC,10/09/2019 00:00,,,1,4664,Site installation
WIMPL,HFP2,HFP01SC,10/09/2019 00:00,,,1,4671,Site installation
WIMPL,HMP,HMP155,10/09/2019 00:00,10/11/2020 00:00,,1,P4010608,Site installation
WIMPL,HMP,HMP155,10/11/2020 00:00,13/07/2021 09:00,,2,P4020591,Installed on PPM
WIMPL,HMP,HMP155,13/07/2021 09:00,,,4,P4020595,PPM
WIMPL,HMP,HMP155,13/07/2022 09:00,13/07/2022 09:00,,3,M2920122,PPM
WIMPL,LOGGER,LOGGER_CR3000,10/09/2019 00:00,13/07/2021 09:00,,1,11256,Site installation (cal date23/02/2016)
WIMPL,LOGGER,LOGGER_CR3000,13/07/2021 09:00,,,2,10060,PPM 14/5/21
WIMPL,MODEM,MODEM_LX60,13/07/2021 09:00,13/07/2021 09:00,,1,8.67E+14,Site installation
WIMPL,MODEM,MODEM_PRO,10/09/2019 00:00,,,1,WP85140164011003,IMEI:356048090130005
WIMPL,PA,CS106,10/09/2019 00:00,13/07/2021 09:00,,1,M1120820,Site installation
WIMPL,PA,CS106,13/07/2021 09:00,,,3,T4710744,PPM
WIMPL,PA,CS106,13/07/2022 09:00,13/07/2022 09:00,,2,M1050346,PPM
WIMPL,PHENOCAM,PHENOCAM,10/09/2019 00:00,,,1,10.12.139.239,S14
WIMPL,PHENOCAM_LENS1,PHENOCAM_LENS,10/09/2019 00:00,,,1,5920807,Site installation
WIMPL,PHENOCAM_LENS2,PHENOCAM_LENS,10/09/2019 00:00,,,1,5920820,Site installation
WIMPL,PLUVIO,PLUVIO_2,10/09/2019 00:00,10/11/2020 00:00,,1,329003,Site installation
WIMPL,PLUVIO,PLUVIO_2L,10/11/2020 00:00,,,2,PL2L-411427,2L
WIMPL,SI,SDMSI01,10/09/2019 00:00,,,1,E2726,Site installation
WIMPL,STP,STP,10/09/2019 00:00,,,1,2271,Site installation
WIMPL,TDT1,TDT,10/09/2019 00:00,,,1,6503252,Site installation
WIMPL,TDT10,TDT,10/09/2019 00:00,,,1,6503203,Site installation
WIMPL,TDT2,TDT,10/09/2019 00:00,,,1,6503210,Site installation
WIMPL,TDT3,TDT,10/09/2019 00:00,,,1,6504196,Site installation
WIMPL,TDT4,TDT,10/09/2019 00:00,,,1,6504169,Site installation
WIMPL,TDT5,TDT,10/09/2019 00:00,,,1,6504176,Site installation
WIMPL,TDT6,TDT,10/09/2019 00:00,,,1,6504193,Site installation
WIMPL,TDT7,TDT,10/09/2019 00:00,,,1,6504173,Site installation
WIMPL,TDT8,TDT,10/09/2019 00:00,,,1,6504135,Site installation
WIMPL,TDT9,TDT,10/09/2019 00:00,,,1,6504191,Site installation
WRTTL,4CR,NR01,04/07/2017 00:00,15/07/2021 00:00,,1,1937,
WRTTL,4CR,NR01,15/07/2021 00:00,,,2,2158,
WRTTL,AWS_ANEM,WIND_ANEM,04/07/2017 00:00,,2.6,1,144302,
WRTTL,CRNS,CRNS_2000,04/07/2017 00:00,,,1,HI-TC02-2046,
WRTTL,ETHERNET,ETHERNET_115,04/07/2017 00:00,16/10/2020 10:00,,1,13624,
WRTTL,ETHERNET,ETHERNET_115,16/10/2020 10:00,,,1,13331,"Awaiting confirmation of SN, please see Issue tracker NO:2638"
WRTTL,HFP1,HFP01SC,04/07/2017 00:00,23/10/2018 12:00,,1,3963,
WRTTL,HFP1,HFP01SC,23/10/2018 12:00,,,2,4373,Replaced during CSL PPM
WRTTL,HFP2,HFP01SC,04/07/2017 00:00,,,1,3967,
WRTTL,HMP,HMP155,04/07/2017 00:00,19/06/2019 08:35,,1,M2920116,Replaced by DR during RM as not done during PPM
WRTTL,HMP,HMP155,19/06/2019 08:40,21/08/2020 00:00,,3,N5050077,removed on CSL PPM
WRTTL,HMP,HMP155,20/11/2019 00:00,20/11/2019 00:00,,2,P4020594,Fitted by DR during RM as not done during PPM
WRTTL,HMP,HMP155,21/08/2020 00:00,,,4,M2920117,installed on CSL PPM
WRTTL,LOGGER,LOGGER_CR3000,04/07/2017 00:00,16/10/2020 10:00,,1,9891,
WRTTL,LOGGER,LOGGER_CR3000,16/10/2020 10:00,,,2,9470,Installed by JA on RM
WRTTL,MODEM,MODEM_LX60,15/07/2021 00:00,15/07/2021 00:00,,1,8.67E+14,
WRTTL,MODEM,MODEM_PRO,04/07/2017 00:00,,,1,WP90140108021003,IMEI 356048090145615
WRTTL,PA,CS106,04/07/2017 00:00,20/11/2019 00:00,,1,K4840003,PPM
WRTTL,PA,CS106,20/11/2019 00:00,21/08/2020 00:00,,2,L1520472,removed on PPM
WRTTL,PA,CS106,21/08/2020 00:00,,,3,R3510591,installed on PPM
WRTTL,PHENOCAM,PHENOCAM,23/10/2018 12:00,,,1,10.12.108.163,S14
WRTTL,PHENOCAM_LENS1,PHENOCAM_LENS,04/07/2017 00:00,23/10/2018 12:00,,1,5410218,IP:10.16.46.68
WRTTL,PHENOCAM_LENS1,PHENOCAM_LENS,23/10/2018 12:00,,,2,5918314,IP:10.12.108.163 Replaced during CSL PPM
WRTTL,PHENOCAM_LENS2,PHENOCAM_LENS,04/07/2017 00:00,23/10/2018 12:00,,1,5368314,IP:10.16.46.68
WRTTL,PHENOCAM_LENS2,PHENOCAM_LENS,23/10/2018 12:00,,,2,5912089,IP:10.12.108.163 Replaced during CSL PPM
WRTTL,PLUVIO_CHAIN,CHAIN,23/10/2018 12:00,,,1,358379,
WRTTL,PLUVIO,PLUVIO_2,04/07/2017 00:00,,,1,,
WRTTL,SI,SDMSI01,04/07/2017 00:00,,,1,E5888,
WRTTL,STP,STP,04/07/2017 00:00,,,1,2256,
WRTTL,TDT1,TDT,04/07/2017 00:00,,,1,6504155,
WRTTL,TDT10,TDT,04/07/2017 00:00,,,1,6503261,
WRTTL,TDT2,TDT,04/07/2017 00:00,,,1,6504153,
WRTTL,TDT3,TDT,04/07/2017 00:00,,,1,6503238,
WRTTL,TDT4,TDT,04/07/2017 00:00,,,1,6503197,
WRTTL,TDT5,TDT,04/07/2017 00:00,,,1,6503268,
WRTTL,TDT6,TDT,04/07/2017 00:00,,,1,6504166,
WRTTL,TDT7,TDT,04/07/2017 00:00,,,1,6503204,
WRTTL,TDT8,TDT,04/07/2017 00:00,,,1,6504172,
WRTTL,TDT9,TDT,04/07/2017 00:00,,,1,6504167,
WYTH1,4CR,NR01,26/11/2013 00:30,30/09/2016 09:00,,1,1939,
WYTH1,AWS,METPAK,26/11/2013 00:30,30/09/2016 09:00,,1,13200014,
WYTH1,CRNS,CRNS_1000B,26/11/2013 00:30,30/09/2016 09:00,,1,HI-TC01-1004,
WYTH1,CRNS_BARE,CRNS_1000B_BARE,26/11/2013 00:30,30/09/2016 09:00,,1,HI-TC01-1003,
WYTH1,ETHERNET,ETHERNET_115,26/11/2013 00:30,30/09/2016 09:00,,1,11042,
WYTH1,HFP1,HFP01SC,26/11/2013 00:30,30/09/2016 09:00,,1,3234,
WYTH1,HFP2,HFP01SC,26/11/2013 00:30,30/09/2016 09:00,,1,3235,
WYTH1,IMKO1,IMKO,26/11/2013 00:30,30/09/2016 09:00,,1,35898,
WYTH1,IMKO2,IMKO,26/11/2013 00:30,30/09/2016 09:00,,1,35899,
WYTH1,IMKO3,IMKO,26/11/2013 00:30,30/09/2016 09:00,,1,35900,
WYTH1,PHENOCAM_LENS1,PHENOCAM_LENS,26/11/2013 00:30,30/09/2016 09:00,,1,5901058,IP:10.12.147.232
WYTH1,PHENOCAM_LENS2,PHENOCAM_LENS,26/11/2013 00:30,30/09/2016 09:00,,1,5921837,IP:10.12.147.232
WYTH1,PLUVIO,PLUVIO_2,26/11/2013 00:30,30/09/2016 09:00,,1,328998,
WYTH1,STP,STP,26/11/2013 00:30,30/09/2016 09:00,,1,2213,
WYTH1,TDT1,TDT,26/11/2013 00:30,30/09/2016 09:00,,1,6501041,
WYTH1,TDT2,TDT,26/11/2013 00:30,28/01/2014 12:00,,1,6501037,Installed 1.5 m from end of rain gauge sleeper. Acclima probe badly in line with North edge of sleeper
WYTH1,TDT2,TDT,28/01/2014 12:00,30/09/2016 09:00,,2,6501037,"Moved to 1m North of RG sleeper, 0.6 East of sleeper"
WYTH1,,GPRS,26/11/2013 00:30,30/09/2016 09:00,,1,3.60E+14,
